solid OpenSCAD_Model
  facet normal 0.972943 0.231045 0
    outer loop
      vertex 78.9787 7.71882 2.4
      vertex 78.9606 7.79504 0
      vertex 78.9606 7.79504 2.4
    endloop
  endfacet
  facet normal 0.972943 0.231045 0
    outer loop
      vertex 78.9606 7.79504 0
      vertex 78.9787 7.71882 2.4
      vertex 78.9787 7.71882 0
    endloop
  endfacet
  facet normal -0.0665186 0.997785 0
    outer loop
      vertex -0.0796197 23.1395 0
      vertex -9.05718 22.541 2.4
      vertex -0.0796197 23.1395 2.4
    endloop
  endfacet
  facet normal -0.0665186 0.997785 0
    outer loop
      vertex -9.05718 22.541 2.4
      vertex -0.0796197 23.1395 0
      vertex -9.05718 22.541 0
    endloop
  endfacet
  facet normal 0.979445 -0.201711 0
    outer loop
      vertex 79.9667 -7.26296 2.4
      vertex 79.9825 -7.18624 0
      vertex 79.9825 -7.18624 2.4
    endloop
  endfacet
  facet normal 0.979445 -0.201711 0
    outer loop
      vertex 79.9825 -7.18624 0
      vertex 79.9667 -7.26296 2.4
      vertex 79.9667 -7.26296 0
    endloop
  endfacet
  facet normal -0.99763 0.0688017 0
    outer loop
      vertex -79.9972 -6.90018 0
      vertex -78.9997 7.56366 2.4
      vertex -78.9997 7.56366 0
    endloop
  endfacet
  facet normal -0.99763 0.0688017 0
    outer loop
      vertex -78.9997 7.56366 2.4
      vertex -79.9972 -6.90018 0
      vertex -79.9972 -6.90018 2.4
    endloop
  endfacet
  facet normal 0.0320984 -0.999485 0
    outer loop
      vertex -0.00133942 -22.7431 0
      vertex 0.0796197 -22.7405 2.4
      vertex -0.00133942 -22.7431 2.4
    endloop
  endfacet
  facet normal 0.0320984 -0.999485 0
    outer loop
      vertex 0.0796197 -22.7405 2.4
      vertex -0.00133942 -22.7431 0
      vertex 0.0796197 -22.7405 0
    endloop
  endfacet
  facet normal 0.244936 -0.969539 0
    outer loop
      vertex 77.0628 -16.4314 0
      vertex 77.1388 -16.4122 2.4
      vertex 77.0628 -16.4314 2.4
    endloop
  endfacet
  facet normal 0.244936 -0.969539 0
    outer loop
      vertex 77.1388 -16.4122 2.4
      vertex 77.0628 -16.4314 0
      vertex 77.1388 -16.4122 0
    endloop
  endfacet
  facet normal 0.0331957 0.999449 -0
    outer loop
      vertex 0.0796197 23.1395 0
      vertex 0.00133942 23.1421 2.4
      vertex 0.0796197 23.1395 2.4
    endloop
  endfacet
  facet normal 0.0331957 0.999449 0
    outer loop
      vertex 0.00133942 23.1421 2.4
      vertex 0.0796197 23.1395 0
      vertex 0.00133942 23.1421 0
    endloop
  endfacet
  facet normal -0.977291 0.2119 0
    outer loop
      vertex -78.9831 7.69591 0
      vertex -78.9665 7.77247 2.4
      vertex -78.9665 7.77247 0
    endloop
  endfacet
  facet normal -0.977291 0.2119 0
    outer loop
      vertex -78.9665 7.77247 2.4
      vertex -78.9831 7.69591 0
      vertex -78.9831 7.69591 2.4
    endloop
  endfacet
  facet normal -0.995694 0.0926988 0
    outer loop
      vertex -78.9997 7.56366 0
      vertex -78.9946 7.61844 2.4
      vertex -78.9946 7.61844 0
    endloop
  endfacet
  facet normal -0.995694 0.0926988 0
    outer loop
      vertex -78.9946 7.61844 2.4
      vertex -78.9997 7.56366 0
      vertex -78.9997 7.56366 2.4
    endloop
  endfacet
  facet normal 0.986127 0.165993 0
    outer loop
      vertex 78.9917 7.64159 2.4
      vertex 78.9787 7.71882 0
      vertex 78.9787 7.71882 2.4
    endloop
  endfacet
  facet normal 0.986127 0.165993 0
    outer loop
      vertex 78.9787 7.71882 0
      vertex 78.9917 7.64159 2.4
      vertex 78.9917 7.64159 0
    endloop
  endfacet
  facet normal 0.994772 0.10212 0
    outer loop
      vertex 78.9997 7.56366 2.4
      vertex 78.9917 7.64159 0
      vertex 78.9917 7.64159 2.4
    endloop
  endfacet
  facet normal 0.994772 0.10212 0
    outer loop
      vertex 78.9917 7.64159 0
      vertex 78.9997 7.56366 2.4
      vertex 78.9997 7.56366 0
    endloop
  endfacet
  facet normal -0.701983 -0.712194 0
    outer loop
      vertex -77.6756 -16.0865 0
      vertex -77.6198 -16.1415 2.4
      vertex -77.6756 -16.0865 2.4
    endloop
  endfacet
  facet normal -0.701983 -0.712194 -0
    outer loop
      vertex -77.6198 -16.1415 2.4
      vertex -77.6756 -16.0865 0
      vertex -77.6198 -16.1415 0
    endloop
  endfacet
  facet normal 0.164542 0.98637 -0
    outer loop
      vertex 74.0678 14.8359 0
      vertex 73.9563 14.8545 2.4
      vertex 74.0678 14.8359 2.4
    endloop
  endfacet
  facet normal 0.164542 0.98637 0
    outer loop
      vertex 73.9563 14.8545 2.4
      vertex 74.0678 14.8359 0
      vertex 73.9563 14.8545 0
    endloop
  endfacet
  facet normal 0.852207 0.523205 0
    outer loop
      vertex 78.8401 8.08332 2.4
      vertex 78.8113 8.13023 0
      vertex 78.8113 8.13023 2.4
    endloop
  endfacet
  facet normal 0.852207 0.523205 0
    outer loop
      vertex 78.8113 8.13023 0
      vertex 78.8401 8.08332 2.4
      vertex 78.8401 8.08332 0
    endloop
  endfacet
  facet normal 0.918484 -0.395458 0
    outer loop
      vertex 77.891 -15.7717 2.4
      vertex 77.922 -15.6997 0
      vertex 77.922 -15.6997 2.4
    endloop
  endfacet
  facet normal 0.918484 -0.395458 0
    outer loop
      vertex 77.922 -15.6997 0
      vertex 77.891 -15.7717 2.4
      vertex 77.891 -15.7717 0
    endloop
  endfacet
  facet normal 0.242536 0.970143 -0
    outer loop
      vertex 74.1438 14.8169 0
      vertex 74.0678 14.8359 2.4
      vertex 74.1438 14.8169 2.4
    endloop
  endfacet
  facet normal 0.242536 0.970143 0
    outer loop
      vertex 74.0678 14.8359 2.4
      vertex 74.1438 14.8169 0
      vertex 74.0678 14.8359 0
    endloop
  endfacet
  facet normal -0.0927359 0.995691 0
    outer loop
      vertex -9.05718 22.541 0
      vertex -9.11838 22.5353 2.4
      vertex -9.05718 22.541 2.4
    endloop
  endfacet
  facet normal -0.0927359 0.995691 0
    outer loop
      vertex -9.11838 22.5353 2.4
      vertex -9.05718 22.541 0
      vertex -9.11838 22.5353 0
    endloop
  endfacet
  facet normal -0.987186 -0.159574 0
    outer loop
      vertex -79.9778 -7.21207 0
      vertex -79.9903 -7.13474 2.4
      vertex -79.9903 -7.13474 0
    endloop
  endfacet
  facet normal -0.987186 -0.159574 0
    outer loop
      vertex -79.9903 -7.13474 2.4
      vertex -79.9778 -7.21207 0
      vertex -79.9778 -7.21207 2.4
    endloop
  endfacet
  facet normal -0.252734 -0.967536 0
    outer loop
      vertex -77.147 -16.4098 0
      vertex -77.0712 -16.4296 2.4
      vertex -77.147 -16.4098 2.4
    endloop
  endfacet
  facet normal -0.252734 -0.967536 -0
    outer loop
      vertex -77.0712 -16.4296 2.4
      vertex -77.147 -16.4098 0
      vertex -77.0712 -16.4296 0
    endloop
  endfacet
  facet normal 0.0783439 -0.996926 0
    outer loop
      vertex 9.05718 -22.142 0
      vertex 9.07754 -22.1404 2.4
      vertex 9.05718 -22.142 2.4
    endloop
  endfacet
  facet normal 0.0783439 -0.996926 0
    outer loop
      vertex 9.07754 -22.1404 2.4
      vertex 9.05718 -22.142 0
      vertex 9.07754 -22.1404 0
    endloop
  endfacet
  facet normal -0.517311 0.855798 0
    outer loop
      vertex -74.4005 14.7102 0
      vertex -74.4675 14.6697 2.4
      vertex -74.4005 14.7102 2.4
    endloop
  endfacet
  facet normal -0.517311 0.855798 0
    outer loop
      vertex -74.4675 14.6697 2.4
      vertex -74.4005 14.7102 0
      vertex -74.4675 14.6697 0
    endloop
  endfacet
  facet normal 0.99763 0.0688017 0
    outer loop
      vertex 79.9972 -6.90018 2.4
      vertex 78.9997 7.56366 0
      vertex 78.9997 7.56366 2.4
    endloop
  endfacet
  facet normal 0.99763 0.0688017 0
    outer loop
      vertex 78.9997 7.56366 0
      vertex 79.9972 -6.90018 2.4
      vertex 79.9972 -6.90018 0
    endloop
  endfacet
  facet normal -0.117639 0.993056 0
    outer loop
      vertex -9.11838 22.5353 0
      vertex -58.4221 16.6947 2.4
      vertex -9.11838 22.5353 2.4
    endloop
  endfacet
  facet normal -0.117639 0.993056 2.18876e-06
    outer loop
      vertex -73.9563 14.8545 0
      vertex -58.4221 16.6947 2.4
      vertex -9.11838 22.5353 0
    endloop
  endfacet
  facet normal -0.117636 0.993057 -1.93386e-05
    outer loop
      vertex -58.4221 16.6947 2.4
      vertex -73.9563 14.8545 0
      vertex -67.9875 15.5616 2.4
    endloop
  endfacet
  facet normal -0.117643 0.993056 0
    outer loop
      vertex -67.9875 15.5616 2.4
      vertex -73.9563 14.8545 0
      vertex -73.9563 14.8545 2.4
    endloop
  endfacet
  facet normal 0.0927359 0.995691 -0
    outer loop
      vertex 9.11838 22.5353 0
      vertex 9.05718 22.541 2.4
      vertex 9.11838 22.5353 2.4
    endloop
  endfacet
  facet normal 0.0927359 0.995691 0
    outer loop
      vertex 9.05718 22.541 2.4
      vertex 9.11838 22.5353 0
      vertex 9.05718 22.541 0
    endloop
  endfacet
  facet normal -0.840299 0.542123 0
    outer loop
      vertex -78.8113 8.13023 0
      vertex -74.8213 14.3148 2.4
      vertex -74.8213 14.3148 0
    endloop
  endfacet
  facet normal -0.840299 0.542123 0
    outer loop
      vertex -74.8213 14.3148 2.4
      vertex -78.8113 8.13023 0
      vertex -78.8113 8.13023 2.4
    endloop
  endfacet
  facet normal -0.972174 -0.234259 0
    outer loop
      vertex -77.9717 -15.5422 0
      vertex -79.9667 -7.26296 2.4
      vertex -79.9667 -7.26296 0
    endloop
  endfacet
  facet normal -0.972174 -0.234259 0
    outer loop
      vertex -79.9667 -7.26296 2.4
      vertex -77.9717 -15.5422 0
      vertex -77.9717 -15.5422 2.4
    endloop
  endfacet
  facet normal -0.963846 -0.26646 0
    outer loop
      vertex -77.9508 -15.6178 0
      vertex -77.9717 -15.5422 2.4
      vertex -77.9717 -15.5422 0
    endloop
  endfacet
  facet normal -0.963846 -0.26646 0
    outer loop
      vertex -77.9717 -15.5422 2.4
      vertex -77.9508 -15.6178 0
      vertex -77.9508 -15.6178 2.4
    endloop
  endfacet
  facet normal 0.485101 0.874458 -0
    outer loop
      vertex 74.4306 14.6927 0
      vertex 74.3621 14.7307 2.4
      vertex 74.4306 14.6927 2.4
    endloop
  endfacet
  facet normal 0.485101 0.874458 0
    outer loop
      vertex 74.3621 14.7307 2.4
      vertex 74.4306 14.6927 0
      vertex 74.3621 14.7307 0
    endloop
  endfacet
  facet normal 0.695528 0.718499 -0
    outer loop
      vertex 74.6754 14.4985 0
      vertex 74.6191 14.553 2.4
      vertex 74.6754 14.4985 2.4
    endloop
  endfacet
  facet normal 0.695528 0.718499 0
    outer loop
      vertex 74.6191 14.553 2.4
      vertex 74.6754 14.4985 0
      vertex 74.6191 14.553 0
    endloop
  endfacet
  facet normal -0.977029 -0.213107 0
    outer loop
      vertex -79.9667 -7.26296 0
      vertex -79.9778 -7.21207 2.4
      vertex -79.9778 -7.21207 0
    endloop
  endfacet
  facet normal -0.977029 -0.213107 0
    outer loop
      vertex -79.9778 -7.21207 2.4
      vertex -79.9667 -7.26296 0
      vertex -79.9667 -7.26296 2.4
    endloop
  endfacet
  facet normal -0.893916 -0.448235 0
    outer loop
      vertex -77.8595 -15.8339 0
      vertex -77.8946 -15.7639 2.4
      vertex -77.8946 -15.7639 0
    endloop
  endfacet
  facet normal -0.893916 -0.448235 0
    outer loop
      vertex -77.8946 -15.7639 2.4
      vertex -77.8595 -15.8339 0
      vertex -77.8595 -15.8339 2.4
    endloop
  endfacet
  facet normal 0.307786 -0.951456 0
    outer loop
      vertex 77.1388 -16.4122 0
      vertex 77.2133 -16.3881 2.4
      vertex 77.1388 -16.4122 2.4
    endloop
  endfacet
  facet normal 0.307786 -0.951456 0
    outer loop
      vertex 77.2133 -16.3881 2.4
      vertex 77.1388 -16.4122 0
      vertex 77.2133 -16.3881 0
    endloop
  endfacet
  facet normal 0.116175 -0.993229 0
    outer loop
      vertex 76.908 -16.4547 0
      vertex 76.9858 -16.4456 2.4
      vertex 76.908 -16.4547 2.4
    endloop
  endfacet
  facet normal 0.116175 -0.993229 0
    outer loop
      vertex 76.9858 -16.4456 2.4
      vertex 76.908 -16.4547 0
      vertex 76.9858 -16.4456 0
    endloop
  endfacet
  facet normal 0.0835293 -0.996505 0
    outer loop
      vertex 9.07754 -22.1404 0
      vertex 76.908 -16.4547 2.4
      vertex 9.07754 -22.1404 2.4
    endloop
  endfacet
  facet normal 0.0835293 -0.996505 0
    outer loop
      vertex 76.908 -16.4547 2.4
      vertex 9.07754 -22.1404 0
      vertex 76.908 -16.4547 0
    endloop
  endfacet
  facet normal -0.119781 -0.9928 0
    outer loop
      vertex -76.9942 -16.4443 0
      vertex -76.908 -16.4547 2.4
      vertex -76.9942 -16.4443 2.4
    endloop
  endfacet
  facet normal -0.119781 -0.9928 -0
    outer loop
      vertex -76.908 -16.4547 2.4
      vertex -76.9942 -16.4443 0
      vertex -76.908 -16.4547 0
    endloop
  endfacet
  facet normal 0.596112 0.802901 -0
    outer loop
      vertex 74.5593 14.6036 0
      vertex 74.4964 14.6503 2.4
      vertex 74.5593 14.6036 2.4
    endloop
  endfacet
  facet normal 0.596112 0.802901 0
    outer loop
      vertex 74.4964 14.6503 2.4
      vertex 74.5593 14.6036 0
      vertex 74.4964 14.6503 0
    endloop
  endfacet
  facet normal 0.487592 -0.873071 0
    outer loop
      vertex 77.3568 -16.3256 0
      vertex 77.4252 -16.2874 2.4
      vertex 77.3568 -16.3256 2.4
    endloop
  endfacet
  facet normal 0.487592 -0.873071 0
    outer loop
      vertex 77.4252 -16.2874 2.4
      vertex 77.3568 -16.3256 0
      vertex 77.4252 -16.2874 0
    endloop
  endfacet
  facet normal -0.0320984 0.999485 0
    outer loop
      vertex 0.00133942 23.1421 0
      vertex -0.0796197 23.1395 2.4
      vertex 0.00133942 23.1421 2.4
    endloop
  endfacet
  facet normal -0.0320984 0.999485 0
    outer loop
      vertex -0.0796197 23.1395 2.4
      vertex 0.00133942 23.1421 0
      vertex -0.0796197 23.1395 0
    endloop
  endfacet
  facet normal 0.645942 0.763386 -0
    outer loop
      vertex 74.6191 14.553 0
      vertex 74.5593 14.6036 2.4
      vertex 74.6191 14.553 2.4
    endloop
  endfacet
  facet normal 0.645942 0.763386 0
    outer loop
      vertex 74.5593 14.6036 2.4
      vertex 74.6191 14.553 0
      vertex 74.5593 14.6036 0
    endloop
  endfacet
  facet normal -0.602652 -0.798004 0
    outer loop
      vertex -77.5605 -16.1927 0
      vertex -77.498 -16.2399 2.4
      vertex -77.5605 -16.1927 2.4
    endloop
  endfacet
  facet normal -0.602652 -0.798004 -0
    outer loop
      vertex -77.498 -16.2399 2.4
      vertex -77.5605 -16.1927 0
      vertex -77.498 -16.2399 0
    endloop
  endfacet
  facet normal -0.999569 -0.0293615 0
    outer loop
      vertex -79.9977 -7.05676 0
      vertex -80 -6.97846 2.4
      vertex -80 -6.97846 0
    endloop
  endfacet
  facet normal -0.999569 -0.0293615 0
    outer loop
      vertex -80 -6.97846 2.4
      vertex -79.9977 -7.05676 0
      vertex -79.9977 -7.05676 2.4
    endloop
  endfacet
  facet normal 0.963071 -0.269246 0
    outer loop
      vertex 77.9483 -15.6259 2.4
      vertex 77.9717 -15.5422 0
      vertex 77.9717 -15.5422 2.4
    endloop
  endfacet
  facet normal 0.963071 -0.269246 0
    outer loop
      vertex 77.9717 -15.5422 0
      vertex 77.9483 -15.6259 2.4
      vertex 77.9483 -15.6259 0
    endloop
  endfacet
  facet normal 0.972174 -0.234259 0
    outer loop
      vertex 77.9717 -15.5422 2.4
      vertex 79.9667 -7.26296 0
      vertex 79.9667 -7.26296 2.4
    endloop
  endfacet
  facet normal 0.972174 -0.234259 0
    outer loop
      vertex 79.9667 -7.26296 0
      vertex 77.9717 -15.5422 2.4
      vertex 77.9717 -15.5422 0
    endloop
  endfacet
  facet normal 0.890043 -0.455876 0
    outer loop
      vertex 77.8553 -15.8414 2.4
      vertex 77.891 -15.7717 0
      vertex 77.891 -15.7717 2.4
    endloop
  endfacet
  facet normal 0.890043 -0.455876 0
    outer loop
      vertex 77.891 -15.7717 0
      vertex 77.8553 -15.8414 2.4
      vertex 77.8553 -15.8414 0
    endloop
  endfacet
  facet normal 0.0665186 0.997785 -0
    outer loop
      vertex 9.05718 22.541 0
      vertex 0.0796197 23.1395 2.4
      vertex 9.05718 22.541 2.4
    endloop
  endfacet
  facet normal 0.0665186 0.997785 0
    outer loop
      vertex 0.0796197 23.1395 2.4
      vertex 9.05718 22.541 0
      vertex 0.0796197 23.1395 0
    endloop
  endfacet
  facet normal 0.427702 0.90392 -0
    outer loop
      vertex 74.3621 14.7307 0
      vertex 74.2913 14.7642 2.4
      vertex 74.3621 14.7307 2.4
    endloop
  endfacet
  facet normal 0.427702 0.90392 0
    outer loop
      vertex 74.2913 14.7642 2.4
      vertex 74.3621 14.7307 0
      vertex 74.2913 14.7642 0
    endloop
  endfacet
  facet normal 0.990449 -0.137881 0
    outer loop
      vertex 79.9825 -7.18624 2.4
      vertex 79.9933 -7.10866 0
      vertex 79.9933 -7.10866 2.4
    endloop
  endfacet
  facet normal 0.990449 -0.137881 0
    outer loop
      vertex 79.9933 -7.10866 0
      vertex 79.9825 -7.18624 2.4
      vertex 79.9825 -7.18624 0
    endloop
  endfacet
  facet normal -0.999361 0.0357462 0
    outer loop
      vertex -80 -6.97846 0
      vertex -79.9972 -6.90018 2.4
      vertex -79.9972 -6.90018 0
    endloop
  endfacet
  facet normal -0.999361 0.0357462 0
    outer loop
      vertex -79.9972 -6.90018 2.4
      vertex -80 -6.97846 0
      vertex -80 -6.97846 2.4
    endloop
  endfacet
  facet normal 0.648686 -0.761056 0
    outer loop
      vertex 77.5538 -16.1981 0
      vertex 77.6134 -16.1473 2.4
      vertex 77.5538 -16.1981 2.4
    endloop
  endfacet
  facet normal 0.648686 -0.761056 0
    outer loop
      vertex 77.6134 -16.1473 2.4
      vertex 77.5538 -16.1981 0
      vertex 77.6134 -16.1473 0
    endloop
  endfacet
  facet normal -0.995528 -0.0944717 0
    outer loop
      vertex -79.9903 -7.13474 0
      vertex -79.9977 -7.05676 2.4
      vertex -79.9977 -7.05676 0
    endloop
  endfacet
  facet normal -0.995528 -0.0944717 0
    outer loop
      vertex -79.9977 -7.05676 2.4
      vertex -79.9903 -7.13474 0
      vertex -79.9903 -7.13474 2.4
    endloop
  endfacet
  facet normal -0.989161 0.146836 0
    outer loop
      vertex -78.9946 7.61844 0
      vertex -78.9831 7.69591 2.4
      vertex -78.9831 7.69591 0
    endloop
  endfacet
  facet normal -0.989161 0.146836 0
    outer loop
      vertex -78.9831 7.69591 2.4
      vertex -78.9946 7.61844 0
      vertex -78.9946 7.61844 2.4
    endloop
  endfacet
  facet normal 0.999971 -0.00766065 0
    outer loop
      vertex 79.999 -7.03053 2.4
      vertex 79.9996 -6.95221 0
      vertex 79.9996 -6.95221 2.4
    endloop
  endfacet
  facet normal 0.999971 -0.00766065 0
    outer loop
      vertex 79.9996 -6.95221 0
      vertex 79.999 -7.03053 2.4
      vertex 79.999 -7.03053 0
    endloop
  endfacet
  facet normal 0.941973 -0.335689 0
    outer loop
      vertex 77.922 -15.6997 2.4
      vertex 77.9483 -15.6259 0
      vertex 77.9483 -15.6259 2.4
    endloop
  endfacet
  facet normal 0.941973 -0.335689 0
    outer loop
      vertex 77.9483 -15.6259 0
      vertex 77.922 -15.6997 2.4
      vertex 77.922 -15.6997 0
    endloop
  endfacet
  facet normal 0.997349 -0.072762 0
    outer loop
      vertex 79.9933 -7.10866 2.4
      vertex 79.999 -7.03053 0
      vertex 79.999 -7.03053 2.4
    endloop
  endfacet
  facet normal 0.997349 -0.072762 0
    outer loop
      vertex 79.999 -7.03053 0
      vertex 79.9933 -7.10866 2.4
      vertex 79.9933 -7.10866 0
    endloop
  endfacet
  facet normal 0.956291 0.292416 0
    outer loop
      vertex 78.9606 7.79504 2.4
      vertex 78.9377 7.86993 0
      vertex 78.9377 7.86993 2.4
    endloop
  endfacet
  facet normal 0.956291 0.292416 0
    outer loop
      vertex 78.9377 7.86993 0
      vertex 78.9606 7.79504 2.4
      vertex 78.9606 7.79504 0
    endloop
  endfacet
  facet normal 0.429239 -0.903191 0
    outer loop
      vertex 77.2861 -16.3592 0
      vertex 77.3568 -16.3256 2.4
      vertex 77.2861 -16.3592 2.4
    endloop
  endfacet
  facet normal 0.429239 -0.903191 0
    outer loop
      vertex 77.3568 -16.3256 2.4
      vertex 77.2861 -16.3592 0
      vertex 77.3568 -16.3256 0
    endloop
  endfacet
  facet normal -0.149465 0.988767 0
    outer loop
      vertex -73.9563 14.8545 0
      vertex -74.0337 14.8428 2.4
      vertex -73.9563 14.8545 2.4
    endloop
  endfacet
  facet normal -0.149465 0.988767 0
    outer loop
      vertex -74.0337 14.8428 2.4
      vertex -73.9563 14.8545 0
      vertex -74.0337 14.8428 0
    endloop
  endfacet
  facet normal 0.741959 -0.670445 0
    outer loop
      vertex 77.6696 -16.0927 2.4
      vertex 77.7221 -16.0346 0
      vertex 77.7221 -16.0346 2.4
    endloop
  endfacet
  facet normal 0.741959 -0.670445 0
    outer loop
      vertex 77.7221 -16.0346 0
      vertex 77.6696 -16.0927 2.4
      vertex 77.6696 -16.0927 0
    endloop
  endfacet
  facet normal -0.375349 -0.926883 0
    outer loop
      vertex -77.2939 -16.3558 0
      vertex -77.2213 -16.3852 2.4
      vertex -77.2939 -16.3558 2.4
    endloop
  endfacet
  facet normal -0.375349 -0.926883 -0
    outer loop
      vertex -77.2213 -16.3852 2.4
      vertex -77.2939 -16.3558 0
      vertex -77.2213 -16.3852 0
    endloop
  endfacet
  facet normal -0.214496 0.976725 0
    outer loop
      vertex -74.0337 14.8428 0
      vertex -74.1102 14.826 2.4
      vertex -74.0337 14.8428 2.4
    endloop
  endfacet
  facet normal -0.214496 0.976725 0
    outer loop
      vertex -74.1102 14.826 2.4
      vertex -74.0337 14.8428 0
      vertex -74.1102 14.826 0
    endloop
  endfacet
  facet normal 0.8221 0.569343 0
    outer loop
      vertex 74.8213 14.3148 2.4
      vertex 74.7767 14.3792 0
      vertex 74.7767 14.3792 2.4
    endloop
  endfacet
  facet normal 0.8221 0.569343 0
    outer loop
      vertex 74.7767 14.3792 0
      vertex 74.8213 14.3148 2.4
      vertex 74.8213 14.3148 0
    endloop
  endfacet
  facet normal 0.117639 0.993056 -0
    outer loop
      vertex 73.9563 14.8545 0
      vertex 65.5603 15.8491 2.4
      vertex 73.9563 14.8545 2.4
    endloop
  endfacet
  facet normal 0.117641 0.993056 6.71845e-06
    outer loop
      vertex 65.5603 15.8491 2.4
      vertex 73.9563 14.8545 0
      vertex 58.3952 16.6979 2.4
    endloop
  endfacet
  facet normal 0.117639 0.993056 -3.3494e-06
    outer loop
      vertex 9.11838 22.5353 0
      vertex 58.3952 16.6979 2.4
      vertex 73.9563 14.8545 0
    endloop
  endfacet
  facet normal 0.117639 0.993056 0
    outer loop
      vertex 58.3952 16.6979 2.4
      vertex 9.11838 22.5353 0
      vertex 9.11838 22.5353 2.4
    endloop
  endfacet
  facet normal 0.181357 -0.983417 0
    outer loop
      vertex 76.9858 -16.4456 0
      vertex 77.0628 -16.4314 2.4
      vertex 76.9858 -16.4456 2.4
    endloop
  endfacet
  facet normal 0.181357 -0.983417 0
    outer loop
      vertex 77.0628 -16.4314 2.4
      vertex 76.9858 -16.4456 0
      vertex 77.0628 -16.4314 0
    endloop
  endfacet
  facet normal 0.0665186 -0.997785 0
    outer loop
      vertex 0.0796197 -22.7405 0
      vertex 9.05718 -22.142 2.4
      vertex 0.0796197 -22.7405 2.4
    endloop
  endfacet
  facet normal 0.0665186 -0.997785 0
    outer loop
      vertex 9.05718 -22.142 2.4
      vertex 0.0796197 -22.7405 0
      vertex 9.05718 -22.142 0
    endloop
  endfacet
  facet normal -0.857538 0.514421 0
    outer loop
      vertex -78.8516 8.06305 0
      vertex -78.8113 8.13023 2.4
      vertex -78.8113 8.13023 0
    endloop
  endfacet
  facet normal -0.857538 0.514421 0
    outer loop
      vertex -78.8113 8.13023 2.4
      vertex -78.8516 8.06305 0
      vertex -78.8516 8.06305 2.4
    endloop
  endfacet
  facet normal -0.65352 -0.756909 0
    outer loop
      vertex -77.6198 -16.1415 0
      vertex -77.5605 -16.1927 2.4
      vertex -77.6198 -16.1415 2.4
    endloop
  endfacet
  facet normal -0.65352 -0.756909 -0
    outer loop
      vertex -77.5605 -16.1927 2.4
      vertex -77.6198 -16.1415 0
      vertex -77.5605 -16.1927 0
    endloop
  endfacet
  facet normal -0.921178 -0.38914 0
    outer loop
      vertex -77.8946 -15.7639 0
      vertex -77.9251 -15.6917 2.4
      vertex -77.9251 -15.6917 0
    endloop
  endfacet
  facet normal -0.921178 -0.38914 0
    outer loop
      vertex -77.9251 -15.6917 2.4
      vertex -77.8946 -15.7639 0
      vertex -77.8946 -15.7639 2.4
    endloop
  endfacet
  facet normal -0.827306 -0.561751 0
    outer loop
      vertex -77.7758 -15.9662 0
      vertex -77.8198 -15.9014 2.4
      vertex -77.8198 -15.9014 0
    endloop
  endfacet
  facet normal -0.827306 -0.561751 0
    outer loop
      vertex -77.8198 -15.9014 2.4
      vertex -77.7758 -15.9662 0
      vertex -77.7758 -15.9662 2.4
    endloop
  endfacet
  facet normal -0.0835293 -0.996505 0
    outer loop
      vertex -76.908 -16.4547 0
      vertex -9.07754 -22.1404 2.4
      vertex -76.908 -16.4547 2.4
    endloop
  endfacet
  facet normal -0.0835293 -0.996505 -0
    outer loop
      vertex -9.07754 -22.1404 2.4
      vertex -76.908 -16.4547 0
      vertex -9.07754 -22.1404 0
    endloop
  endfacet
  facet normal 0.3051 0.95232 -0
    outer loop
      vertex 74.2184 14.793 0
      vertex 74.1438 14.8169 2.4
      vertex 74.2184 14.793 2.4
    endloop
  endfacet
  facet normal 0.3051 0.95232 0
    outer loop
      vertex 74.1438 14.8169 2.4
      vertex 74.2184 14.793 0
      vertex 74.1438 14.8169 0
    endloop
  endfacet
  facet normal 0 0 -1
    outer loop
      vertex 79.9972 -6.90018 0
      vertex 75.2574 -0.137004 0
      vertex 75.2618 0 0
    endloop
  endfacet
  facet normal 0 0 -1
    outer loop
      vertex 79.9667 -7.26296 0
      vertex 75.2439 -0.273421 0
      vertex 75.2574 -0.137004 0
    endloop
  endfacet
  facet normal 0 0 -1
    outer loop
      vertex 79.9667 -7.26296 0
      vertex 75.2216 -0.408667 0
      vertex 75.2439 -0.273421 0
    endloop
  endfacet
  facet normal 0 0 -1
    outer loop
      vertex 79.9667 -7.26296 0
      vertex 75.1905 -0.542165 0
      vertex 75.2216 -0.408667 0
    endloop
  endfacet
  facet normal 0 0 -1
    outer loop
      vertex 79.9667 -7.26296 0
      vertex 75.1507 -0.673339 0
      vertex 75.1905 -0.542165 0
    endloop
  endfacet
  facet normal 0 0 -1
    outer loop
      vertex 79.9667 -7.26296 0
      vertex 75.1024 -0.801631 0
      vertex 75.1507 -0.673339 0
    endloop
  endfacet
  facet normal 0 0 -1
    outer loop
      vertex 79.9667 -7.26296 0
      vertex 75.0458 -0.926489 0
      vertex 75.1024 -0.801631 0
    endloop
  endfacet
  facet normal 0 0 -1
    outer loop
      vertex 79.9667 -7.26296 0
      vertex 74.9812 -1.04738 0
      vertex 75.0458 -0.926489 0
    endloop
  endfacet
  facet normal 0 0 -1
    outer loop
      vertex 79.9667 -7.26296 0
      vertex 74.9088 -1.16379 0
      vertex 74.9812 -1.04738 0
    endloop
  endfacet
  facet normal 0 0 -1
    outer loop
      vertex 79.9667 -7.26296 0
      vertex 74.829 -1.27521 0
      vertex 74.9088 -1.16379 0
    endloop
  endfacet
  facet normal 0 0 -1
    outer loop
      vertex 79.9667 -7.26296 0
      vertex 74.742 -1.38117 0
      vertex 74.829 -1.27521 0
    endloop
  endfacet
  facet normal 0 0 -1
    outer loop
      vertex 79.9667 -7.26296 0
      vertex 74.6483 -1.48122 0
      vertex 74.742 -1.38117 0
    endloop
  endfacet
  facet normal 0 0 -1
    outer loop
      vertex 79.9667 -7.26296 0
      vertex 74.5483 -1.57493 0
      vertex 74.6483 -1.48122 0
    endloop
  endfacet
  facet normal 0 0 -1
    outer loop
      vertex 79.9667 -7.26296 0
      vertex 74.4423 -1.66189 0
      vertex 74.5483 -1.57493 0
    endloop
  endfacet
  facet normal 0 0 -1
    outer loop
      vertex 79.9667 -7.26296 0
      vertex 74.3309 -1.74173 0
      vertex 74.4423 -1.66189 0
    endloop
  endfacet
  facet normal 0 0 -1
    outer loop
      vertex 79.9667 -7.26296 0
      vertex 74.2145 -1.81412 0
      vertex 74.3309 -1.74173 0
    endloop
  endfacet
  facet normal 0 0 -1
    outer loop
      vertex 79.9667 -7.26296 0
      vertex 74.0936 -1.87874 0
      vertex 74.2145 -1.81412 0
    endloop
  endfacet
  facet normal 0 0 -1
    outer loop
      vertex 79.9667 -7.26296 0
      vertex 73.9687 -1.93531 0
      vertex 74.0936 -1.87874 0
    endloop
  endfacet
  facet normal 0 0 -1
    outer loop
      vertex 79.9667 -7.26296 0
      vertex 73.8404 -1.98359 0
      vertex 73.9687 -1.93531 0
    endloop
  endfacet
  facet normal 0 0 -1
    outer loop
      vertex 79.9667 -7.26296 0
      vertex 73.7092 -2.02338 0
      vertex 73.8404 -1.98359 0
    endloop
  endfacet
  facet normal 0 0 -1
    outer loop
      vertex 79.9667 -7.26296 0
      vertex 73.5758 -2.05451 0
      vertex 73.7092 -2.02338 0
    endloop
  endfacet
  facet normal 0 0 -1
    outer loop
      vertex 79.9667 -7.26296 0
      vertex 73.4405 -2.07684 0
      vertex 73.5758 -2.05451 0
    endloop
  endfacet
  facet normal 0 0 -1
    outer loop
      vertex 79.9667 -7.26296 0
      vertex 73.3041 -2.09028 0
      vertex 73.4405 -2.07684 0
    endloop
  endfacet
  facet normal 0 0 -1
    outer loop
      vertex 79.9667 -7.26296 0
      vertex 73.1671 -2.09476 0
      vertex 73.3041 -2.09028 0
    endloop
  endfacet
  facet normal 0 0 -1
    outer loop
      vertex 79.9667 -7.26296 0
      vertex 73.0301 -2.09028 0
      vertex 73.1671 -2.09476 0
    endloop
  endfacet
  facet normal 0 0 -1
    outer loop
      vertex 76.908 -16.4547 0
      vertex 72.8937 -2.07684 0
      vertex 73.0301 -2.09028 0
    endloop
  endfacet
  facet normal 0 0 -1
    outer loop
      vertex 76.908 -16.4547 0
      vertex 72.7584 -2.05451 0
      vertex 72.8937 -2.07684 0
    endloop
  endfacet
  facet normal 0 0 -1
    outer loop
      vertex 76.908 -16.4547 0
      vertex 72.6249 -2.02338 0
      vertex 72.7584 -2.05451 0
    endloop
  endfacet
  facet normal 0 0 -1
    outer loop
      vertex 76.908 -16.4547 0
      vertex 72.4937 -1.98359 0
      vertex 72.6249 -2.02338 0
    endloop
  endfacet
  facet normal 0 0 -1
    outer loop
      vertex 76.908 -16.4547 0
      vertex 72.3654 -1.93531 0
      vertex 72.4937 -1.98359 0
    endloop
  endfacet
  facet normal 0 0 -1
    outer loop
      vertex 76.908 -16.4547 0
      vertex 72.2406 -1.87874 0
      vertex 72.3654 -1.93531 0
    endloop
  endfacet
  facet normal 0 0 -1
    outer loop
      vertex 76.908 -16.4547 0
      vertex 72.1197 -1.81412 0
      vertex 72.2406 -1.87874 0
    endloop
  endfacet
  facet normal 0 0 -1
    outer loop
      vertex 76.908 -16.4547 0
      vertex 72.0033 -1.74173 0
      vertex 72.1197 -1.81412 0
    endloop
  endfacet
  facet normal 0 0 -1
    outer loop
      vertex 76.908 -16.4547 0
      vertex 71.8919 -1.66189 0
      vertex 72.0033 -1.74173 0
    endloop
  endfacet
  facet normal 0 0 -1
    outer loop
      vertex 76.908 -16.4547 0
      vertex 71.7859 -1.57493 0
      vertex 71.8919 -1.66189 0
    endloop
  endfacet
  facet normal 0 0 -1
    outer loop
      vertex 76.908 -16.4547 0
      vertex 71.6859 -1.48122 0
      vertex 71.7859 -1.57493 0
    endloop
  endfacet
  facet normal 0 0 -1
    outer loop
      vertex 76.908 -16.4547 0
      vertex 71.5922 -1.38117 0
      vertex 71.6859 -1.48122 0
    endloop
  endfacet
  facet normal 0 0 -1
    outer loop
      vertex 76.908 -16.4547 0
      vertex 71.5052 -1.27521 0
      vertex 71.5922 -1.38117 0
    endloop
  endfacet
  facet normal 0 0 -1
    outer loop
      vertex 76.908 -16.4547 0
      vertex 71.4253 -1.16379 0
      vertex 71.5052 -1.27521 0
    endloop
  endfacet
  facet normal 0 0 -1
    outer loop
      vertex 9.07754 -22.1404 0
      vertex 71.4253 -1.16379 0
      vertex 76.908 -16.4547 0
    endloop
  endfacet
  facet normal -0 0 -1
    outer loop
      vertex 71.4253 -1.16379 0
      vertex 9.07754 -22.1404 0
      vertex 71.353 -1.04738 0
    endloop
  endfacet
  facet normal -0 0 -1
    outer loop
      vertex 71.353 -1.04738 0
      vertex 9.07754 -22.1404 0
      vertex 71.2883 -0.926489 0
    endloop
  endfacet
  facet normal -0 0 -1
    outer loop
      vertex 71.2883 -0.926489 0
      vertex 9.07754 -22.1404 0
      vertex 71.2318 -0.801631 0
    endloop
  endfacet
  facet normal 0 0 -1
    outer loop
      vertex 9.07754 -22.1404 0
      vertex 71.0723 0 0
      vertex 71.0768 -0.137004 0
    endloop
  endfacet
  facet normal 0 0 -1
    outer loop
      vertex 9.07754 -22.1404 0
      vertex 71.0768 -0.137004 0
      vertex 71.0902 -0.273421 0
    endloop
  endfacet
  facet normal 0 0 -1
    outer loop
      vertex 9.07754 -22.1404 0
      vertex 71.0902 -0.273421 0
      vertex 71.1126 -0.408667 0
    endloop
  endfacet
  facet normal 0 0 -1
    outer loop
      vertex 9.07754 -22.1404 0
      vertex 71.1126 -0.408667 0
      vertex 71.1437 -0.542165 0
    endloop
  endfacet
  facet normal 0 0 -1
    outer loop
      vertex 9.07754 -22.1404 0
      vertex 71.1437 -0.542165 0
      vertex 71.1835 -0.673339 0
    endloop
  endfacet
  facet normal -0 0 -1
    outer loop
      vertex 71.2318 -0.801631 0
      vertex 9.07754 -22.1404 0
      vertex 71.1835 -0.673339 0
    endloop
  endfacet
  facet normal -0 0 -1
    outer loop
      vertex 71.0723 0 0
      vertex 9.07754 -22.1404 0
      vertex 9.11838 22.5353 0
    endloop
  endfacet
  facet normal 0 0 -1
    outer loop
      vertex 9.05718 -22.142 0
      vertex 9.11838 22.5353 0
      vertex 9.07754 -22.1404 0
    endloop
  endfacet
  facet normal 0 0 -1
    outer loop
      vertex 9.05718 -22.142 0
      vertex 9.05718 22.541 0
      vertex 9.11838 22.5353 0
    endloop
  endfacet
  facet normal 0 0 -1
    outer loop
      vertex 0.0796197 -22.7405 0
      vertex 9.05718 22.541 0
      vertex 9.05718 -22.142 0
    endloop
  endfacet
  facet normal 0 0 -1
    outer loop
      vertex 0.0796197 -22.7405 0
      vertex 0.0796197 23.1395 0
      vertex 9.05718 22.541 0
    endloop
  endfacet
  facet normal 0 0 -1
    outer loop
      vertex -0.0796197 23.1395 0
      vertex 0.0796197 23.1395 0
      vertex 0.0796197 -22.7405 0
    endloop
  endfacet
  facet normal 0 0 -1
    outer loop
      vertex -0.0796197 -22.7405 0
      vertex 0.0796197 -22.7405 0
      vertex -0.00133942 -22.7431 0
    endloop
  endfacet
  facet normal 0 0 -1
    outer loop
      vertex -0.0796197 23.1395 0
      vertex 0.0796197 -22.7405 0
      vertex -0.0796197 -22.7405 0
    endloop
  endfacet
  facet normal 0 0 -1
    outer loop
      vertex 0.0796197 23.1395 0
      vertex -0.0796197 23.1395 0
      vertex 0.00133942 23.1421 0
    endloop
  endfacet
  facet normal 0 0 -1
    outer loop
      vertex -9.05718 -22.142 0
      vertex -0.0796197 23.1395 0
      vertex -0.0796197 -22.7405 0
    endloop
  endfacet
  facet normal 0 0 -1
    outer loop
      vertex -9.05718 -22.142 0
      vertex -9.05718 22.541 0
      vertex -0.0796197 23.1395 0
    endloop
  endfacet
  facet normal 0 0 -1
    outer loop
      vertex -9.11838 22.5353 0
      vertex -9.05718 -22.142 0
      vertex -9.07754 -22.1404 0
    endloop
  endfacet
  facet normal 0 0 -1
    outer loop
      vertex -9.05718 -22.142 0
      vertex -9.11838 22.5353 0
      vertex -9.05718 22.541 0
    endloop
  endfacet
  facet normal 0 0 -1
    outer loop
      vertex -9.07754 -22.1404 0
      vertex -71.0723 0 0
      vertex -9.11838 22.5353 0
    endloop
  endfacet
  facet normal 0 0 -1
    outer loop
      vertex -9.07754 -22.1404 0
      vertex -71.0768 -0.137004 0
      vertex -71.0723 0 0
    endloop
  endfacet
  facet normal 0 0 -1
    outer loop
      vertex -9.07754 -22.1404 0
      vertex -71.0902 -0.273421 0
      vertex -71.0768 -0.137004 0
    endloop
  endfacet
  facet normal 0 0 -1
    outer loop
      vertex -9.07754 -22.1404 0
      vertex -71.1126 -0.408667 0
      vertex -71.0902 -0.273421 0
    endloop
  endfacet
  facet normal 0 0 -1
    outer loop
      vertex -9.07754 -22.1404 0
      vertex -71.1437 -0.542165 0
      vertex -71.1126 -0.408667 0
    endloop
  endfacet
  facet normal 0 0 -1
    outer loop
      vertex -9.07754 -22.1404 0
      vertex -71.1835 -0.673339 0
      vertex -71.1437 -0.542165 0
    endloop
  endfacet
  facet normal 0 0 -1
    outer loop
      vertex -9.07754 -22.1404 0
      vertex -71.2318 -0.801631 0
      vertex -71.1835 -0.673339 0
    endloop
  endfacet
  facet normal 0 0 -1
    outer loop
      vertex -9.07754 -22.1404 0
      vertex -71.2883 -0.926489 0
      vertex -71.2318 -0.801631 0
    endloop
  endfacet
  facet normal 0 0 -1
    outer loop
      vertex -9.07754 -22.1404 0
      vertex -71.353 -1.04738 0
      vertex -71.2883 -0.926489 0
    endloop
  endfacet
  facet normal 0 0 -1
    outer loop
      vertex -9.07754 -22.1404 0
      vertex -71.4253 -1.16379 0
      vertex -71.353 -1.04738 0
    endloop
  endfacet
  facet normal 0 0 -1
    outer loop
      vertex -76.908 -16.4547 0
      vertex -71.4253 -1.16379 0
      vertex -9.07754 -22.1404 0
    endloop
  endfacet
  facet normal 0 0 -1
    outer loop
      vertex -71.4253 -1.16379 0
      vertex -76.908 -16.4547 0
      vertex -71.5052 -1.27521 0
    endloop
  endfacet
  facet normal 0 0 -1
    outer loop
      vertex -71.5052 -1.27521 0
      vertex -76.908 -16.4547 0
      vertex -71.5922 -1.38117 0
    endloop
  endfacet
  facet normal 0 0 -1
    outer loop
      vertex -71.5922 -1.38117 0
      vertex -76.908 -16.4547 0
      vertex -71.6859 -1.48122 0
    endloop
  endfacet
  facet normal 0 0 -1
    outer loop
      vertex -71.6859 -1.48122 0
      vertex -76.908 -16.4547 0
      vertex -71.7859 -1.57493 0
    endloop
  endfacet
  facet normal 0 0 -1
    outer loop
      vertex -71.7859 -1.57493 0
      vertex -76.908 -16.4547 0
      vertex -71.8919 -1.66189 0
    endloop
  endfacet
  facet normal 0 0 -1
    outer loop
      vertex -71.8919 -1.66189 0
      vertex -76.908 -16.4547 0
      vertex -72.0033 -1.74173 0
    endloop
  endfacet
  facet normal 0 0 -1
    outer loop
      vertex -72.0033 -1.74173 0
      vertex -76.908 -16.4547 0
      vertex -72.1197 -1.81412 0
    endloop
  endfacet
  facet normal 0 0 -1
    outer loop
      vertex -72.1197 -1.81412 0
      vertex -76.908 -16.4547 0
      vertex -72.2406 -1.87874 0
    endloop
  endfacet
  facet normal 0 0 -1
    outer loop
      vertex -72.2406 -1.87874 0
      vertex -76.908 -16.4547 0
      vertex -72.3654 -1.93531 0
    endloop
  endfacet
  facet normal 0 0 -1
    outer loop
      vertex -72.3654 -1.93531 0
      vertex -76.908 -16.4547 0
      vertex -72.4937 -1.98359 0
    endloop
  endfacet
  facet normal 0 0 -1
    outer loop
      vertex -72.4937 -1.98359 0
      vertex -76.908 -16.4547 0
      vertex -72.6249 -2.02338 0
    endloop
  endfacet
  facet normal 0 0 -1
    outer loop
      vertex -72.6249 -2.02338 0
      vertex -76.908 -16.4547 0
      vertex -72.7584 -2.05451 0
    endloop
  endfacet
  facet normal 0 0 -1
    outer loop
      vertex -72.7584 -2.05451 0
      vertex -76.908 -16.4547 0
      vertex -72.8937 -2.07684 0
    endloop
  endfacet
  facet normal 0 0 -1
    outer loop
      vertex -72.8937 -2.07684 0
      vertex -76.908 -16.4547 0
      vertex -73.0301 -2.09028 0
    endloop
  endfacet
  facet normal 0 0 -1
    outer loop
      vertex -77.9717 -15.5422 0
      vertex -73.0301 -2.09028 0
      vertex -76.908 -16.4547 0
    endloop
  endfacet
  facet normal 0 0 -1
    outer loop
      vertex -79.9667 -7.26296 0
      vertex -73.0301 -2.09028 0
      vertex -77.9717 -15.5422 0
    endloop
  endfacet
  facet normal 0 0 -1
    outer loop
      vertex -73.0301 -2.09028 0
      vertex -79.9667 -7.26296 0
      vertex -73.1671 -2.09476 0
    endloop
  endfacet
  facet normal -0 0 -1
    outer loop
      vertex -73.1671 -2.09476 0
      vertex -79.9667 -7.26296 0
      vertex -73.3041 -2.09028 0
    endloop
  endfacet
  facet normal -0 0 -1
    outer loop
      vertex -73.3041 -2.09028 0
      vertex -79.9667 -7.26296 0
      vertex -73.4405 -2.07684 0
    endloop
  endfacet
  facet normal -0 0 -1
    outer loop
      vertex -75.2216 -0.408667 0
      vertex -79.9972 -6.90018 0
      vertex -75.2439 -0.273421 0
    endloop
  endfacet
  facet normal -0 0 -1
    outer loop
      vertex -75.1905 -0.542165 0
      vertex -79.9972 -6.90018 0
      vertex -75.2216 -0.408667 0
    endloop
  endfacet
  facet normal -0 0 -1
    outer loop
      vertex -75.1507 -0.673339 0
      vertex -79.9972 -6.90018 0
      vertex -75.1905 -0.542165 0
    endloop
  endfacet
  facet normal -0 0 -1
    outer loop
      vertex -75.1024 -0.801631 0
      vertex -79.9972 -6.90018 0
      vertex -75.1507 -0.673339 0
    endloop
  endfacet
  facet normal -0 0 -1
    outer loop
      vertex -75.0458 -0.926489 0
      vertex -79.9972 -6.90018 0
      vertex -75.1024 -0.801631 0
    endloop
  endfacet
  facet normal -0 0 -1
    outer loop
      vertex -74.9812 -1.04738 0
      vertex -79.9972 -6.90018 0
      vertex -75.0458 -0.926489 0
    endloop
  endfacet
  facet normal -0 0 -1
    outer loop
      vertex -74.9088 -1.16379 0
      vertex -79.9972 -6.90018 0
      vertex -74.9812 -1.04738 0
    endloop
  endfacet
  facet normal -0 0 -1
    outer loop
      vertex -74.829 -1.27521 0
      vertex -79.9972 -6.90018 0
      vertex -74.9088 -1.16379 0
    endloop
  endfacet
  facet normal -0 0 -1
    outer loop
      vertex -74.742 -1.38117 0
      vertex -79.9972 -6.90018 0
      vertex -74.829 -1.27521 0
    endloop
  endfacet
  facet normal -0 0 -1
    outer loop
      vertex -74.6483 -1.48122 0
      vertex -79.9972 -6.90018 0
      vertex -74.742 -1.38117 0
    endloop
  endfacet
  facet normal -0 0 -1
    outer loop
      vertex -74.5483 -1.57493 0
      vertex -79.9972 -6.90018 0
      vertex -74.6483 -1.48122 0
    endloop
  endfacet
  facet normal -0 0 -1
    outer loop
      vertex -74.4423 -1.66189 0
      vertex -79.9972 -6.90018 0
      vertex -74.5483 -1.57493 0
    endloop
  endfacet
  facet normal -0 0 -1
    outer loop
      vertex -74.3309 -1.74173 0
      vertex -79.9972 -6.90018 0
      vertex -74.4423 -1.66189 0
    endloop
  endfacet
  facet normal -0 0 -1
    outer loop
      vertex -74.2145 -1.81412 0
      vertex -79.9972 -6.90018 0
      vertex -74.3309 -1.74173 0
    endloop
  endfacet
  facet normal -0 0 -1
    outer loop
      vertex -74.0936 -1.87874 0
      vertex -79.9972 -6.90018 0
      vertex -74.2145 -1.81412 0
    endloop
  endfacet
  facet normal -0 0 -1
    outer loop
      vertex -73.9687 -1.93531 0
      vertex -79.9972 -6.90018 0
      vertex -74.0936 -1.87874 0
    endloop
  endfacet
  facet normal -0 0 -1
    outer loop
      vertex -73.8404 -1.98359 0
      vertex -79.9972 -6.90018 0
      vertex -73.9687 -1.93531 0
    endloop
  endfacet
  facet normal -0 0 -1
    outer loop
      vertex -73.7092 -2.02338 0
      vertex -79.9972 -6.90018 0
      vertex -73.8404 -1.98359 0
    endloop
  endfacet
  facet normal 0 0 -1
    outer loop
      vertex -79.9972 -6.90018 0
      vertex -73.7092 -2.02338 0
      vertex -79.9667 -7.26296 0
    endloop
  endfacet
  facet normal -0 0 -1
    outer loop
      vertex -73.4405 -2.07684 0
      vertex -79.9667 -7.26296 0
      vertex -73.5758 -2.05451 0
    endloop
  endfacet
  facet normal 0 0 -1
    outer loop
      vertex 79.999 -7.03053 0
      vertex 79.9972 -6.90018 0
      vertex 79.9996 -6.95221 0
    endloop
  endfacet
  facet normal 0 0 -1
    outer loop
      vertex 79.9933 -7.10866 0
      vertex 79.9972 -6.90018 0
      vertex 79.999 -7.03053 0
    endloop
  endfacet
  facet normal 0 0 -1
    outer loop
      vertex 79.9825 -7.18624 0
      vertex 79.9972 -6.90018 0
      vertex 79.9933 -7.10866 0
    endloop
  endfacet
  facet normal 0 0 -1
    outer loop
      vertex 79.9667 -7.26296 0
      vertex 79.9972 -6.90018 0
      vertex 79.9825 -7.18624 0
    endloop
  endfacet
  facet normal 0 0 -1
    outer loop
      vertex 75.2574 -0.137004 0
      vertex 79.9972 -6.90018 0
      vertex 79.9667 -7.26296 0
    endloop
  endfacet
  facet normal 0 0 -1
    outer loop
      vertex 79.9972 -6.90018 0
      vertex 75.2574 0.137004 0
      vertex 78.9997 7.56366 0
    endloop
  endfacet
  facet normal 0 0 -1
    outer loop
      vertex 75.2439 0.273421 0
      vertex 78.9997 7.56366 0
      vertex 75.2574 0.137004 0
    endloop
  endfacet
  facet normal 0 0 -1
    outer loop
      vertex 75.2216 0.408667 0
      vertex 78.9997 7.56366 0
      vertex 75.2439 0.273421 0
    endloop
  endfacet
  facet normal 0 0 -1
    outer loop
      vertex 75.1905 0.542165 0
      vertex 78.9997 7.56366 0
      vertex 75.2216 0.408667 0
    endloop
  endfacet
  facet normal 0 0 -1
    outer loop
      vertex 75.1507 0.673339 0
      vertex 78.9997 7.56366 0
      vertex 75.1905 0.542165 0
    endloop
  endfacet
  facet normal 0 0 -1
    outer loop
      vertex 75.1024 0.801631 0
      vertex 78.9997 7.56366 0
      vertex 75.1507 0.673339 0
    endloop
  endfacet
  facet normal 0 0 -1
    outer loop
      vertex 75.0458 0.926489 0
      vertex 78.9997 7.56366 0
      vertex 75.1024 0.801631 0
    endloop
  endfacet
  facet normal 0 0 -1
    outer loop
      vertex 74.9812 1.04738 0
      vertex 78.9997 7.56366 0
      vertex 75.0458 0.926489 0
    endloop
  endfacet
  facet normal 0 0 -1
    outer loop
      vertex 73.0301 -2.09028 0
      vertex 77.9717 -15.5422 0
      vertex 76.908 -16.4547 0
    endloop
  endfacet
  facet normal 0 0 -1
    outer loop
      vertex 76.908 -16.4547 0
      vertex 77.9717 -15.5422 0
      vertex 77.9483 -15.6259 0
    endloop
  endfacet
  facet normal 0 0 -1
    outer loop
      vertex 76.908 -16.4547 0
      vertex 77.9483 -15.6259 0
      vertex 77.922 -15.6997 0
    endloop
  endfacet
  facet normal 0 0 -1
    outer loop
      vertex 76.908 -16.4547 0
      vertex 77.922 -15.6997 0
      vertex 77.891 -15.7717 0
    endloop
  endfacet
  facet normal 0 0 -1
    outer loop
      vertex 76.908 -16.4547 0
      vertex 77.891 -15.7717 0
      vertex 77.8553 -15.8414 0
    endloop
  endfacet
  facet normal 0 0 -1
    outer loop
      vertex 76.908 -16.4547 0
      vertex 77.8553 -15.8414 0
      vertex 77.8152 -15.9087 0
    endloop
  endfacet
  facet normal 0 0 -1
    outer loop
      vertex 76.908 -16.4547 0
      vertex 77.8152 -15.9087 0
      vertex 77.7707 -15.9731 0
    endloop
  endfacet
  facet normal 0 0 -1
    outer loop
      vertex 76.908 -16.4547 0
      vertex 77.7707 -15.9731 0
      vertex 77.7221 -16.0346 0
    endloop
  endfacet
  facet normal 0 0 -1
    outer loop
      vertex 76.908 -16.4547 0
      vertex 77.7221 -16.0346 0
      vertex 77.6696 -16.0927 0
    endloop
  endfacet
  facet normal 0 0 -1
    outer loop
      vertex 76.908 -16.4547 0
      vertex 77.6696 -16.0927 0
      vertex 77.6134 -16.1473 0
    endloop
  endfacet
  facet normal 0 0 -1
    outer loop
      vertex 76.908 -16.4547 0
      vertex 77.6134 -16.1473 0
      vertex 77.5538 -16.1981 0
    endloop
  endfacet
  facet normal 0 0 -1
    outer loop
      vertex 76.908 -16.4547 0
      vertex 77.5538 -16.1981 0
      vertex 77.491 -16.2449 0
    endloop
  endfacet
  facet normal 0 0 -1
    outer loop
      vertex 76.908 -16.4547 0
      vertex 77.491 -16.2449 0
      vertex 77.4252 -16.2874 0
    endloop
  endfacet
  facet normal 0 0 -1
    outer loop
      vertex 76.908 -16.4547 0
      vertex 77.4252 -16.2874 0
      vertex 77.3568 -16.3256 0
    endloop
  endfacet
  facet normal 0 0 -1
    outer loop
      vertex 76.908 -16.4547 0
      vertex 77.3568 -16.3256 0
      vertex 77.2861 -16.3592 0
    endloop
  endfacet
  facet normal 0 0 -1
    outer loop
      vertex 76.908 -16.4547 0
      vertex 77.2861 -16.3592 0
      vertex 77.2133 -16.3881 0
    endloop
  endfacet
  facet normal 0 0 -1
    outer loop
      vertex 76.908 -16.4547 0
      vertex 77.2133 -16.3881 0
      vertex 77.1388 -16.4122 0
    endloop
  endfacet
  facet normal 0 0 -1
    outer loop
      vertex 76.908 -16.4547 0
      vertex 77.1388 -16.4122 0
      vertex 77.0628 -16.4314 0
    endloop
  endfacet
  facet normal 0 0 -1
    outer loop
      vertex 76.908 -16.4547 0
      vertex 77.0628 -16.4314 0
      vertex 76.9858 -16.4456 0
    endloop
  endfacet
  facet normal 0 0 -1
    outer loop
      vertex 77.9717 -15.5422 0
      vertex 73.0301 -2.09028 0
      vertex 79.9667 -7.26296 0
    endloop
  endfacet
  facet normal 0 0 -1
    outer loop
      vertex 79.9972 -6.90018 0
      vertex 75.2618 0 0
      vertex 75.2574 0.137004 0
    endloop
  endfacet
  facet normal 0 0 -1
    outer loop
      vertex 74.9088 1.16379 0
      vertex 78.9997 7.56366 0
      vertex 74.9812 1.04738 0
    endloop
  endfacet
  facet normal 0 0 -1
    outer loop
      vertex 74.829 1.27521 0
      vertex 78.9997 7.56366 0
      vertex 74.9088 1.16379 0
    endloop
  endfacet
  facet normal 0 0 -1
    outer loop
      vertex 74.742 1.38117 0
      vertex 78.9997 7.56366 0
      vertex 74.829 1.27521 0
    endloop
  endfacet
  facet normal 0 0 -1
    outer loop
      vertex 74.6483 1.48122 0
      vertex 78.9997 7.56366 0
      vertex 74.742 1.38117 0
    endloop
  endfacet
  facet normal 0 0 -1
    outer loop
      vertex 74.5483 1.57493 0
      vertex 78.9997 7.56366 0
      vertex 74.6483 1.48122 0
    endloop
  endfacet
  facet normal 0 0 -1
    outer loop
      vertex 74.4423 1.66189 0
      vertex 78.9997 7.56366 0
      vertex 74.5483 1.57493 0
    endloop
  endfacet
  facet normal 0 0 -1
    outer loop
      vertex 74.3309 1.74173 0
      vertex 78.9997 7.56366 0
      vertex 74.4423 1.66189 0
    endloop
  endfacet
  facet normal 0 0 -1
    outer loop
      vertex 74.2145 1.81412 0
      vertex 78.9997 7.56366 0
      vertex 74.3309 1.74173 0
    endloop
  endfacet
  facet normal 0 0 -1
    outer loop
      vertex 74.0936 1.87874 0
      vertex 78.9997 7.56366 0
      vertex 74.2145 1.81412 0
    endloop
  endfacet
  facet normal 0 0 -1
    outer loop
      vertex 73.9687 1.93531 0
      vertex 78.9997 7.56366 0
      vertex 74.0936 1.87874 0
    endloop
  endfacet
  facet normal 0 0 -1
    outer loop
      vertex 73.8404 1.98359 0
      vertex 78.9997 7.56366 0
      vertex 73.9687 1.93531 0
    endloop
  endfacet
  facet normal 0 0 -1
    outer loop
      vertex 73.7092 2.02338 0
      vertex 78.9997 7.56366 0
      vertex 73.8404 1.98359 0
    endloop
  endfacet
  facet normal 0 -0 -1
    outer loop
      vertex 78.8113 8.13023 0
      vertex 78.9997 7.56366 0
      vertex 73.7092 2.02338 0
    endloop
  endfacet
  facet normal 0 0 -1
    outer loop
      vertex 78.9997 7.56366 0
      vertex 78.8113 8.13023 0
      vertex 78.9917 7.64159 0
    endloop
  endfacet
  facet normal 0 0 -1
    outer loop
      vertex 78.9917 7.64159 0
      vertex 78.8113 8.13023 0
      vertex 78.9787 7.71882 0
    endloop
  endfacet
  facet normal 0 0 -1
    outer loop
      vertex 78.9606 7.79504 0
      vertex 78.8113 8.13023 0
      vertex 78.9377 7.86993 0
    endloop
  endfacet
  facet normal 0 0 -1
    outer loop
      vertex 78.9377 7.86993 0
      vertex 78.8113 8.13023 0
      vertex 78.9098 7.94314 0
    endloop
  endfacet
  facet normal 0 0 -1
    outer loop
      vertex 78.9098 7.94314 0
      vertex 78.8113 8.13023 0
      vertex 78.8772 8.01437 0
    endloop
  endfacet
  facet normal 0 0 -1
    outer loop
      vertex 78.8772 8.01437 0
      vertex 78.8113 8.13023 0
      vertex 78.8401 8.08332 0
    endloop
  endfacet
  facet normal 0 0 -1
    outer loop
      vertex 78.9787 7.71882 0
      vertex 78.8113 8.13023 0
      vertex 78.9606 7.79504 0
    endloop
  endfacet
  facet normal 0 0 -1
    outer loop
      vertex 73.5758 2.05451 0
      vertex 78.8113 8.13023 0
      vertex 73.7092 2.02338 0
    endloop
  endfacet
  facet normal 0 0 -1
    outer loop
      vertex 73.4405 2.07684 0
      vertex 78.8113 8.13023 0
      vertex 73.5758 2.05451 0
    endloop
  endfacet
  facet normal 0 0 -1
    outer loop
      vertex 73.3041 2.09028 0
      vertex 78.8113 8.13023 0
      vertex 73.4405 2.07684 0
    endloop
  endfacet
  facet normal 0 0 -1
    outer loop
      vertex 73.1671 2.09476 0
      vertex 78.8113 8.13023 0
      vertex 73.3041 2.09028 0
    endloop
  endfacet
  facet normal 0 0 -1
    outer loop
      vertex 73.0301 2.09028 0
      vertex 78.8113 8.13023 0
      vertex 73.1671 2.09476 0
    endloop
  endfacet
  facet normal -0 0 -1
    outer loop
      vertex 78.8113 8.13023 0
      vertex 73.0301 2.09028 0
      vertex 74.8213 14.3148 0
    endloop
  endfacet
  facet normal 0 0 -1
    outer loop
      vertex 72.8937 2.07684 0
      vertex 74.8213 14.3148 0
      vertex 73.0301 2.09028 0
    endloop
  endfacet
  facet normal 0 0 -1
    outer loop
      vertex 72.7584 2.05451 0
      vertex 74.8213 14.3148 0
      vertex 72.8937 2.07684 0
    endloop
  endfacet
  facet normal 0 0 -1
    outer loop
      vertex 72.6249 2.02338 0
      vertex 74.8213 14.3148 0
      vertex 72.7584 2.05451 0
    endloop
  endfacet
  facet normal 0 -0 -1
    outer loop
      vertex 73.9563 14.8545 0
      vertex 74.8213 14.3148 0
      vertex 72.6249 2.02338 0
    endloop
  endfacet
  facet normal 0 0 -1
    outer loop
      vertex 74.7767 14.3792 0
      vertex 73.9563 14.8545 0
      vertex 74.728 14.4405 0
    endloop
  endfacet
  facet normal 0 0 -1
    outer loop
      vertex 74.728 14.4405 0
      vertex 73.9563 14.8545 0
      vertex 74.6754 14.4985 0
    endloop
  endfacet
  facet normal 0 0 -1
    outer loop
      vertex 74.6191 14.553 0
      vertex 73.9563 14.8545 0
      vertex 74.5593 14.6036 0
    endloop
  endfacet
  facet normal 0 0 -1
    outer loop
      vertex 74.5593 14.6036 0
      vertex 73.9563 14.8545 0
      vertex 74.4964 14.6503 0
    endloop
  endfacet
  facet normal 0 0 -1
    outer loop
      vertex 74.4306 14.6927 0
      vertex 73.9563 14.8545 0
      vertex 74.3621 14.7307 0
    endloop
  endfacet
  facet normal 0 0 -1
    outer loop
      vertex 74.3621 14.7307 0
      vertex 73.9563 14.8545 0
      vertex 74.2913 14.7642 0
    endloop
  endfacet
  facet normal 0 0 -1
    outer loop
      vertex 74.2913 14.7642 0
      vertex 73.9563 14.8545 0
      vertex 74.2184 14.793 0
    endloop
  endfacet
  facet normal 0 0 -1
    outer loop
      vertex 74.1438 14.8169 0
      vertex 73.9563 14.8545 0
      vertex 74.0678 14.8359 0
    endloop
  endfacet
  facet normal 0 0 -1
    outer loop
      vertex 74.2184 14.793 0
      vertex 73.9563 14.8545 0
      vertex 74.1438 14.8169 0
    endloop
  endfacet
  facet normal 0 0 -1
    outer loop
      vertex 74.4964 14.6503 0
      vertex 73.9563 14.8545 0
      vertex 74.4306 14.6927 0
    endloop
  endfacet
  facet normal 0 0 -1
    outer loop
      vertex 74.6754 14.4985 0
      vertex 73.9563 14.8545 0
      vertex 74.6191 14.553 0
    endloop
  endfacet
  facet normal 0 0 -1
    outer loop
      vertex 74.8213 14.3148 0
      vertex 73.9563 14.8545 0
      vertex 74.7767 14.3792 0
    endloop
  endfacet
  facet normal 0 0 -1
    outer loop
      vertex 72.4937 1.98359 0
      vertex 73.9563 14.8545 0
      vertex 72.6249 2.02338 0
    endloop
  endfacet
  facet normal 0 0 -1
    outer loop
      vertex 72.3654 1.93531 0
      vertex 73.9563 14.8545 0
      vertex 72.4937 1.98359 0
    endloop
  endfacet
  facet normal 0 0 -1
    outer loop
      vertex 72.2406 1.87874 0
      vertex 73.9563 14.8545 0
      vertex 72.3654 1.93531 0
    endloop
  endfacet
  facet normal 0 0 -1
    outer loop
      vertex 72.1197 1.81412 0
      vertex 73.9563 14.8545 0
      vertex 72.2406 1.87874 0
    endloop
  endfacet
  facet normal 0 0 -1
    outer loop
      vertex 72.0033 1.74173 0
      vertex 73.9563 14.8545 0
      vertex 72.1197 1.81412 0
    endloop
  endfacet
  facet normal 0 0 -1
    outer loop
      vertex 71.8919 1.66189 0
      vertex 73.9563 14.8545 0
      vertex 72.0033 1.74173 0
    endloop
  endfacet
  facet normal 0 0 -1
    outer loop
      vertex 71.7859 1.57493 0
      vertex 73.9563 14.8545 0
      vertex 71.8919 1.66189 0
    endloop
  endfacet
  facet normal 0 0 -1
    outer loop
      vertex 71.6859 1.48122 0
      vertex 73.9563 14.8545 0
      vertex 71.7859 1.57493 0
    endloop
  endfacet
  facet normal 0 0 -1
    outer loop
      vertex 71.5922 1.38117 0
      vertex 73.9563 14.8545 0
      vertex 71.6859 1.48122 0
    endloop
  endfacet
  facet normal 0 0 -1
    outer loop
      vertex 71.5052 1.27521 0
      vertex 73.9563 14.8545 0
      vertex 71.5922 1.38117 0
    endloop
  endfacet
  facet normal 0 0 -1
    outer loop
      vertex 71.4253 1.16379 0
      vertex 73.9563 14.8545 0
      vertex 71.5052 1.27521 0
    endloop
  endfacet
  facet normal 0 0 -1
    outer loop
      vertex 71.353 1.04738 0
      vertex 73.9563 14.8545 0
      vertex 71.4253 1.16379 0
    endloop
  endfacet
  facet normal 0 0 -1
    outer loop
      vertex 71.2883 0.926489 0
      vertex 73.9563 14.8545 0
      vertex 71.353 1.04738 0
    endloop
  endfacet
  facet normal 0 0 -1
    outer loop
      vertex 71.2318 0.801631 0
      vertex 73.9563 14.8545 0
      vertex 71.2883 0.926489 0
    endloop
  endfacet
  facet normal 0 0 -1
    outer loop
      vertex 9.11838 22.5353 0
      vertex 71.2318 0.801631 0
      vertex 71.1835 0.673339 0
    endloop
  endfacet
  facet normal 0 0 -1
    outer loop
      vertex 9.11838 22.5353 0
      vertex 71.1835 0.673339 0
      vertex 71.1437 0.542165 0
    endloop
  endfacet
  facet normal 0 0 -1
    outer loop
      vertex 9.11838 22.5353 0
      vertex 71.1437 0.542165 0
      vertex 71.1126 0.408667 0
    endloop
  endfacet
  facet normal 0 0 -1
    outer loop
      vertex 71.2318 0.801631 0
      vertex 9.11838 22.5353 0
      vertex 73.9563 14.8545 0
    endloop
  endfacet
  facet normal 0 0 -1
    outer loop
      vertex 71.0902 0.273421 0
      vertex 9.11838 22.5353 0
      vertex 71.1126 0.408667 0
    endloop
  endfacet
  facet normal 0 0 -1
    outer loop
      vertex 71.0768 0.137004 0
      vertex 9.11838 22.5353 0
      vertex 71.0902 0.273421 0
    endloop
  endfacet
  facet normal 0 0 -1
    outer loop
      vertex 9.11838 22.5353 0
      vertex 71.0768 0.137004 0
      vertex 71.0723 0 0
    endloop
  endfacet
  facet normal 0 0 -1
    outer loop
      vertex -71.0768 0.137004 0
      vertex -9.11838 22.5353 0
      vertex -71.0723 0 0
    endloop
  endfacet
  facet normal 0 0 -1
    outer loop
      vertex -71.0902 0.273421 0
      vertex -9.11838 22.5353 0
      vertex -71.0768 0.137004 0
    endloop
  endfacet
  facet normal 0 0 -1
    outer loop
      vertex -71.1126 0.408667 0
      vertex -9.11838 22.5353 0
      vertex -71.0902 0.273421 0
    endloop
  endfacet
  facet normal 0 0 -1
    outer loop
      vertex -71.1437 0.542165 0
      vertex -9.11838 22.5353 0
      vertex -71.1126 0.408667 0
    endloop
  endfacet
  facet normal 0 0 -1
    outer loop
      vertex -71.1835 0.673339 0
      vertex -9.11838 22.5353 0
      vertex -71.1437 0.542165 0
    endloop
  endfacet
  facet normal 0 0 -1
    outer loop
      vertex -71.2318 0.801631 0
      vertex -9.11838 22.5353 0
      vertex -71.1835 0.673339 0
    endloop
  endfacet
  facet normal 0 0 -1
    outer loop
      vertex -73.9563 14.8545 0
      vertex -71.2318 0.801631 0
      vertex -71.2883 0.926489 0
    endloop
  endfacet
  facet normal 0 0 -1
    outer loop
      vertex -73.9563 14.8545 0
      vertex -71.2883 0.926489 0
      vertex -71.353 1.04738 0
    endloop
  endfacet
  facet normal 0 0 -1
    outer loop
      vertex -73.9563 14.8545 0
      vertex -71.353 1.04738 0
      vertex -71.4253 1.16379 0
    endloop
  endfacet
  facet normal 0 0 -1
    outer loop
      vertex -73.9563 14.8545 0
      vertex -71.4253 1.16379 0
      vertex -71.5052 1.27521 0
    endloop
  endfacet
  facet normal 0 0 -1
    outer loop
      vertex -73.9563 14.8545 0
      vertex -71.5052 1.27521 0
      vertex -71.5922 1.38117 0
    endloop
  endfacet
  facet normal 0 0 -1
    outer loop
      vertex -73.9563 14.8545 0
      vertex -71.5922 1.38117 0
      vertex -71.6859 1.48122 0
    endloop
  endfacet
  facet normal 0 0 -1
    outer loop
      vertex -73.9563 14.8545 0
      vertex -71.6859 1.48122 0
      vertex -71.7859 1.57493 0
    endloop
  endfacet
  facet normal 0 0 -1
    outer loop
      vertex -73.9563 14.8545 0
      vertex -71.7859 1.57493 0
      vertex -71.8919 1.66189 0
    endloop
  endfacet
  facet normal 0 0 -1
    outer loop
      vertex -73.9563 14.8545 0
      vertex -71.8919 1.66189 0
      vertex -72.0033 1.74173 0
    endloop
  endfacet
  facet normal 0 0 -1
    outer loop
      vertex -73.9563 14.8545 0
      vertex -72.0033 1.74173 0
      vertex -72.1197 1.81412 0
    endloop
  endfacet
  facet normal 0 0 -1
    outer loop
      vertex -73.9563 14.8545 0
      vertex -72.1197 1.81412 0
      vertex -72.2406 1.87874 0
    endloop
  endfacet
  facet normal 0 0 -1
    outer loop
      vertex -73.9563 14.8545 0
      vertex -72.2406 1.87874 0
      vertex -72.3654 1.93531 0
    endloop
  endfacet
  facet normal 0 0 -1
    outer loop
      vertex -73.9563 14.8545 0
      vertex -72.3654 1.93531 0
      vertex -72.4937 1.98359 0
    endloop
  endfacet
  facet normal 0 0 -1
    outer loop
      vertex -73.9563 14.8545 0
      vertex -72.4937 1.98359 0
      vertex -72.6249 2.02338 0
    endloop
  endfacet
  facet normal 0 0 -1
    outer loop
      vertex -74.8213 14.3148 0
      vertex -72.6249 2.02338 0
      vertex -72.7584 2.05451 0
    endloop
  endfacet
  facet normal 0 0 -1
    outer loop
      vertex -74.8213 14.3148 0
      vertex -72.7584 2.05451 0
      vertex -72.8937 2.07684 0
    endloop
  endfacet
  facet normal 0 0 -1
    outer loop
      vertex -74.8213 14.3148 0
      vertex -72.8937 2.07684 0
      vertex -73.0301 2.09028 0
    endloop
  endfacet
  facet normal 0 0 -1
    outer loop
      vertex -78.8113 8.13023 0
      vertex -73.0301 2.09028 0
      vertex -73.1671 2.09476 0
    endloop
  endfacet
  facet normal 0 0 -1
    outer loop
      vertex -78.8113 8.13023 0
      vertex -73.1671 2.09476 0
      vertex -73.3041 2.09028 0
    endloop
  endfacet
  facet normal 0 0 -1
    outer loop
      vertex -78.8113 8.13023 0
      vertex -73.3041 2.09028 0
      vertex -73.4405 2.07684 0
    endloop
  endfacet
  facet normal 0 0 -1
    outer loop
      vertex -78.8113 8.13023 0
      vertex -73.4405 2.07684 0
      vertex -73.5758 2.05451 0
    endloop
  endfacet
  facet normal 0 0 -1
    outer loop
      vertex -78.8113 8.13023 0
      vertex -73.5758 2.05451 0
      vertex -73.7092 2.02338 0
    endloop
  endfacet
  facet normal 0 0 -1
    outer loop
      vertex -78.9997 7.56366 0
      vertex -73.7092 2.02338 0
      vertex -73.8404 1.98359 0
    endloop
  endfacet
  facet normal 0 0 -1
    outer loop
      vertex -71.2318 0.801631 0
      vertex -73.9563 14.8545 0
      vertex -9.11838 22.5353 0
    endloop
  endfacet
  facet normal 0 0 -1
    outer loop
      vertex -78.9997 7.56366 0
      vertex -73.8404 1.98359 0
      vertex -73.9687 1.93531 0
    endloop
  endfacet
  facet normal 0 0 -1
    outer loop
      vertex -72.6249 2.02338 0
      vertex -74.8213 14.3148 0
      vertex -73.9563 14.8545 0
    endloop
  endfacet
  facet normal 0 0 -1
    outer loop
      vertex -78.9997 7.56366 0
      vertex -73.9687 1.93531 0
      vertex -74.0936 1.87874 0
    endloop
  endfacet
  facet normal 0 0 -1
    outer loop
      vertex -73.9563 14.8545 0
      vertex -74.8213 14.3148 0
      vertex -74.0337 14.8428 0
    endloop
  endfacet
  facet normal 0 0 -1
    outer loop
      vertex -74.0337 14.8428 0
      vertex -74.8213 14.3148 0
      vertex -74.1102 14.826 0
    endloop
  endfacet
  facet normal 0 0 -1
    outer loop
      vertex -78.9997 7.56366 0
      vertex -74.0936 1.87874 0
      vertex -74.2145 1.81412 0
    endloop
  endfacet
  facet normal 0 0 -1
    outer loop
      vertex -74.1102 14.826 0
      vertex -74.8213 14.3148 0
      vertex -74.1855 14.8042 0
    endloop
  endfacet
  facet normal 0 0 -1
    outer loop
      vertex -78.9997 7.56366 0
      vertex -74.2145 1.81412 0
      vertex -74.3309 1.74173 0
    endloop
  endfacet
  facet normal 0 0 -1
    outer loop
      vertex -74.1855 14.8042 0
      vertex -74.8213 14.3148 0
      vertex -74.2591 14.7776 0
    endloop
  endfacet
  facet normal 0 0 -1
    outer loop
      vertex -74.2591 14.7776 0
      vertex -74.8213 14.3148 0
      vertex -74.3309 14.7462 0
    endloop
  endfacet
  facet normal 0 0 -1
    outer loop
      vertex -78.9997 7.56366 0
      vertex -74.3309 1.74173 0
      vertex -74.4423 1.66189 0
    endloop
  endfacet
  facet normal 0 0 -1
    outer loop
      vertex -74.3309 14.7462 0
      vertex -74.8213 14.3148 0
      vertex -74.4005 14.7102 0
    endloop
  endfacet
  facet normal 0 0 -1
    outer loop
      vertex -74.4005 14.7102 0
      vertex -74.8213 14.3148 0
      vertex -74.4675 14.6697 0
    endloop
  endfacet
  facet normal 0 0 -1
    outer loop
      vertex -78.9997 7.56366 0
      vertex -74.4423 1.66189 0
      vertex -74.5483 1.57493 0
    endloop
  endfacet
  facet normal 0 0 -1
    outer loop
      vertex -74.4675 14.6697 0
      vertex -74.8213 14.3148 0
      vertex -74.5318 14.6249 0
    endloop
  endfacet
  facet normal 0 0 -1
    outer loop
      vertex -78.9997 7.56366 0
      vertex -74.5483 1.57493 0
      vertex -74.6483 1.48122 0
    endloop
  endfacet
  facet normal 0 0 -1
    outer loop
      vertex -74.5318 14.6249 0
      vertex -74.8213 14.3148 0
      vertex -74.5929 14.576 0
    endloop
  endfacet
  facet normal 0 0 -1
    outer loop
      vertex -74.5929 14.576 0
      vertex -74.8213 14.3148 0
      vertex -74.6508 14.5232 0
    endloop
  endfacet
  facet normal 0 0 -1
    outer loop
      vertex -78.9997 7.56366 0
      vertex -74.6483 1.48122 0
      vertex -74.742 1.38117 0
    endloop
  endfacet
  facet normal 0 0 -1
    outer loop
      vertex -74.6508 14.5232 0
      vertex -74.8213 14.3148 0
      vertex -74.7051 14.4667 0
    endloop
  endfacet
  facet normal 0 0 -1
    outer loop
      vertex -74.7051 14.4667 0
      vertex -74.8213 14.3148 0
      vertex -74.7556 14.4068 0
    endloop
  endfacet
  facet normal 0 0 -1
    outer loop
      vertex -78.9997 7.56366 0
      vertex -74.742 1.38117 0
      vertex -74.829 1.27521 0
    endloop
  endfacet
  facet normal 0 0 -1
    outer loop
      vertex -78.9997 7.56366 0
      vertex -74.829 1.27521 0
      vertex -74.9088 1.16379 0
    endloop
  endfacet
  facet normal 0 0 -1
    outer loop
      vertex -78.9997 7.56366 0
      vertex -74.9088 1.16379 0
      vertex -74.9812 1.04738 0
    endloop
  endfacet
  facet normal 0 0 -1
    outer loop
      vertex -78.9997 7.56366 0
      vertex -74.9812 1.04738 0
      vertex -75.0458 0.926489 0
    endloop
  endfacet
  facet normal 0 0 -1
    outer loop
      vertex -78.9997 7.56366 0
      vertex -75.0458 0.926489 0
      vertex -75.1024 0.801631 0
    endloop
  endfacet
  facet normal 0 0 -1
    outer loop
      vertex -78.9997 7.56366 0
      vertex -75.1024 0.801631 0
      vertex -75.1507 0.673339 0
    endloop
  endfacet
  facet normal 0 0 -1
    outer loop
      vertex -78.9997 7.56366 0
      vertex -75.1507 0.673339 0
      vertex -75.1905 0.542165 0
    endloop
  endfacet
  facet normal 0 0 -1
    outer loop
      vertex -78.9997 7.56366 0
      vertex -75.1905 0.542165 0
      vertex -75.2216 0.408667 0
    endloop
  endfacet
  facet normal 0 0 -1
    outer loop
      vertex -78.9997 7.56366 0
      vertex -75.2216 0.408667 0
      vertex -75.2439 0.273421 0
    endloop
  endfacet
  facet normal 0 0 -1
    outer loop
      vertex -78.9997 7.56366 0
      vertex -75.2439 0.273421 0
      vertex -75.2574 0.137004 0
    endloop
  endfacet
  facet normal 0 0 -1
    outer loop
      vertex -79.9972 -6.90018 0
      vertex -75.2574 0.137004 0
      vertex -75.2618 0 0
    endloop
  endfacet
  facet normal -0 0 -1
    outer loop
      vertex -75.2439 -0.273421 0
      vertex -79.9972 -6.90018 0
      vertex -75.2574 -0.137004 0
    endloop
  endfacet
  facet normal 0 0 -1
    outer loop
      vertex -77.9717 -15.5422 0
      vertex -76.908 -16.4547 0
      vertex -76.9942 -16.4443 0
    endloop
  endfacet
  facet normal 0 0 -1
    outer loop
      vertex -77.9717 -15.5422 0
      vertex -76.9942 -16.4443 0
      vertex -77.0712 -16.4296 0
    endloop
  endfacet
  facet normal 0 0 -1
    outer loop
      vertex -77.9717 -15.5422 0
      vertex -77.0712 -16.4296 0
      vertex -77.147 -16.4098 0
    endloop
  endfacet
  facet normal 0 0 -1
    outer loop
      vertex -77.9717 -15.5422 0
      vertex -77.147 -16.4098 0
      vertex -77.2213 -16.3852 0
    endloop
  endfacet
  facet normal 0 0 -1
    outer loop
      vertex -77.9717 -15.5422 0
      vertex -77.2213 -16.3852 0
      vertex -77.2939 -16.3558 0
    endloop
  endfacet
  facet normal 0 0 -1
    outer loop
      vertex -77.9717 -15.5422 0
      vertex -77.2939 -16.3558 0
      vertex -77.3644 -16.3216 0
    endloop
  endfacet
  facet normal 0 0 -1
    outer loop
      vertex -77.9717 -15.5422 0
      vertex -77.3644 -16.3216 0
      vertex -77.4326 -16.283 0
    endloop
  endfacet
  facet normal 0 0 -1
    outer loop
      vertex -77.9717 -15.5422 0
      vertex -77.4326 -16.283 0
      vertex -77.498 -16.2399 0
    endloop
  endfacet
  facet normal 0 0 -1
    outer loop
      vertex -77.9717 -15.5422 0
      vertex -77.498 -16.2399 0
      vertex -77.5605 -16.1927 0
    endloop
  endfacet
  facet normal 0 0 -1
    outer loop
      vertex -77.9717 -15.5422 0
      vertex -77.5605 -16.1927 0
      vertex -77.6198 -16.1415 0
    endloop
  endfacet
  facet normal 0 0 -1
    outer loop
      vertex -77.9717 -15.5422 0
      vertex -77.6198 -16.1415 0
      vertex -77.6756 -16.0865 0
    endloop
  endfacet
  facet normal 0 0 -1
    outer loop
      vertex -77.9717 -15.5422 0
      vertex -77.6756 -16.0865 0
      vertex -77.7276 -16.028 0
    endloop
  endfacet
  facet normal 0 0 -1
    outer loop
      vertex -77.9717 -15.5422 0
      vertex -77.7276 -16.028 0
      vertex -77.7758 -15.9662 0
    endloop
  endfacet
  facet normal 0 0 -1
    outer loop
      vertex -77.9717 -15.5422 0
      vertex -77.7758 -15.9662 0
      vertex -77.8198 -15.9014 0
    endloop
  endfacet
  facet normal 0 0 -1
    outer loop
      vertex -77.9717 -15.5422 0
      vertex -77.8198 -15.9014 0
      vertex -77.8595 -15.8339 0
    endloop
  endfacet
  facet normal 0 0 -1
    outer loop
      vertex -77.9717 -15.5422 0
      vertex -77.8595 -15.8339 0
      vertex -77.8946 -15.7639 0
    endloop
  endfacet
  facet normal 0 0 -1
    outer loop
      vertex -77.9717 -15.5422 0
      vertex -77.8946 -15.7639 0
      vertex -77.9251 -15.6917 0
    endloop
  endfacet
  facet normal 0 0 -1
    outer loop
      vertex -77.9717 -15.5422 0
      vertex -77.9251 -15.6917 0
      vertex -77.9508 -15.6178 0
    endloop
  endfacet
  facet normal -0 0 -1
    outer loop
      vertex -73.5758 -2.05451 0
      vertex -79.9667 -7.26296 0
      vertex -73.7092 -2.02338 0
    endloop
  endfacet
  facet normal -0 0 -1
    outer loop
      vertex -75.2574 0.137004 0
      vertex -79.9972 -6.90018 0
      vertex -78.9997 7.56366 0
    endloop
  endfacet
  facet normal 0 0 -1
    outer loop
      vertex -73.7092 2.02338 0
      vertex -78.9997 7.56366 0
      vertex -78.8113 8.13023 0
    endloop
  endfacet
  facet normal 0 0 -1
    outer loop
      vertex -73.0301 2.09028 0
      vertex -78.8113 8.13023 0
      vertex -74.8213 14.3148 0
    endloop
  endfacet
  facet normal 0 0 -1
    outer loop
      vertex -78.8516 8.06305 0
      vertex -78.9997 7.56366 0
      vertex -78.8874 7.99338 0
    endloop
  endfacet
  facet normal 0 0 -1
    outer loop
      vertex -78.8874 7.99338 0
      vertex -78.9997 7.56366 0
      vertex -78.9186 7.92153 0
    endloop
  endfacet
  facet normal 0 0 -1
    outer loop
      vertex -78.9186 7.92153 0
      vertex -78.9997 7.56366 0
      vertex -78.945 7.84778 0
    endloop
  endfacet
  facet normal 0 0 -1
    outer loop
      vertex -78.945 7.84778 0
      vertex -78.9997 7.56366 0
      vertex -78.9665 7.77247 0
    endloop
  endfacet
  facet normal 0 0 -1
    outer loop
      vertex -78.9665 7.77247 0
      vertex -78.9997 7.56366 0
      vertex -78.9831 7.69591 0
    endloop
  endfacet
  facet normal 0 0 -1
    outer loop
      vertex -78.9831 7.69591 0
      vertex -78.9997 7.56366 0
      vertex -78.9946 7.61844 0
    endloop
  endfacet
  facet normal -0 0 -1
    outer loop
      vertex -75.2574 -0.137004 0
      vertex -79.9972 -6.90018 0
      vertex -75.2618 0 0
    endloop
  endfacet
  facet normal 0 0 -1
    outer loop
      vertex -79.9972 -6.90018 0
      vertex -79.9667 -7.26296 0
      vertex -79.9778 -7.21207 0
    endloop
  endfacet
  facet normal 0 0 -1
    outer loop
      vertex -79.9972 -6.90018 0
      vertex -79.9778 -7.21207 0
      vertex -79.9903 -7.13474 0
    endloop
  endfacet
  facet normal 0 0 -1
    outer loop
      vertex -78.8113 8.13023 0
      vertex -78.9997 7.56366 0
      vertex -78.8516 8.06305 0
    endloop
  endfacet
  facet normal 0 0 -1
    outer loop
      vertex -79.9977 -7.05676 0
      vertex -79.9972 -6.90018 0
      vertex -79.9903 -7.13474 0
    endloop
  endfacet
  facet normal 0 0 -1
    outer loop
      vertex -79.9972 -6.90018 0
      vertex -79.9977 -7.05676 0
      vertex -80 -6.97846 0
    endloop
  endfacet
  facet normal 0.542563 -0.840015 0
    outer loop
      vertex 77.4252 -16.2874 0
      vertex 77.491 -16.2449 2.4
      vertex 77.4252 -16.2874 2.4
    endloop
  endfacet
  facet normal 0.542563 -0.840015 0
    outer loop
      vertex 77.491 -16.2449 2.4
      vertex 77.4252 -16.2874 0
      vertex 77.491 -16.2449 0
    endloop
  endfacet
  facet normal -0.0331957 -0.999449 0
    outer loop
      vertex -0.0796197 -22.7405 0
      vertex -0.00133942 -22.7431 2.4
      vertex -0.0796197 -22.7405 2.4
    endloop
  endfacet
  facet normal -0.0331957 -0.999449 -0
    outer loop
      vertex -0.00133942 -22.7431 2.4
      vertex -0.0796197 -22.7405 0
      vertex -0.00133942 -22.7431 0
    endloop
  endfacet
  facet normal -0.813793 0.581155 0
    outer loop
      vertex -74.8213 14.3148 0
      vertex -74.7556 14.4068 2.4
      vertex -74.7556 14.4068 0
    endloop
  endfacet
  facet normal -0.813793 0.581155 0
    outer loop
      vertex -74.7556 14.4068 2.4
      vertex -74.8213 14.3148 0
      vertex -74.8213 14.3148 2.4
    endloop
  endfacet
  facet normal -0.889445 0.457042 0
    outer loop
      vertex -78.8874 7.99338 0
      vertex -78.8516 8.06305 2.4
      vertex -78.8516 8.06305 0
    endloop
  endfacet
  facet normal -0.889445 0.457042 0
    outer loop
      vertex -78.8516 8.06305 2.4
      vertex -78.8874 7.99338 0
      vertex -78.8874 7.99338 2.4
    endloop
  endfacet
  facet normal -0.861967 -0.506964 0
    outer loop
      vertex -77.8198 -15.9014 0
      vertex -77.8595 -15.8339 2.4
      vertex -77.8595 -15.8339 0
    endloop
  endfacet
  facet normal -0.861967 -0.506964 0
    outer loop
      vertex -77.8595 -15.8339 2.4
      vertex -77.8198 -15.9014 0
      vertex -77.8198 -15.9014 2.4
    endloop
  endfacet
  facet normal 0.367428 0.930052 -0
    outer loop
      vertex 74.2913 14.7642 0
      vertex 74.2184 14.793 2.4
      vertex 74.2913 14.7642 2.4
    endloop
  endfacet
  facet normal 0.367428 0.930052 0
    outer loop
      vertex 74.2184 14.793 2.4
      vertex 74.2913 14.7642 0
      vertex 74.2184 14.793 0
    endloop
  endfacet
  facet normal -0.314311 -0.94932 0
    outer loop
      vertex -77.2213 -16.3852 0
      vertex -77.147 -16.4098 2.4
      vertex -77.2213 -16.3852 2.4
    endloop
  endfacet
  facet normal -0.314311 -0.94932 -0
    outer loop
      vertex -77.147 -16.4098 2.4
      vertex -77.2213 -16.3852 0
      vertex -77.147 -16.4098 0
    endloop
  endfacet
  facet normal 0.368968 -0.929442 0
    outer loop
      vertex 77.2133 -16.3881 0
      vertex 77.2861 -16.3592 2.4
      vertex 77.2133 -16.3881 2.4
    endloop
  endfacet
  facet normal 0.368968 -0.929442 0
    outer loop
      vertex 77.2861 -16.3592 2.4
      vertex 77.2133 -16.3881 0
      vertex 77.2861 -16.3592 0
    endloop
  endfacet
  facet normal 0.840299 0.542123 0
    outer loop
      vertex 78.8113 8.13023 2.4
      vertex 74.8213 14.3148 0
      vertex 74.8213 14.3148 2.4
    endloop
  endfacet
  facet normal 0.840299 0.542123 0
    outer loop
      vertex 74.8213 14.3148 0
      vertex 78.8113 8.13023 2.4
      vertex 78.8113 8.13023 0
    endloop
  endfacet
  facet normal -0.436461 -0.899723 0
    outer loop
      vertex -77.3644 -16.3216 0
      vertex -77.2939 -16.3558 2.4
      vertex -77.3644 -16.3216 2.4
    endloop
  endfacet
  facet normal -0.436461 -0.899723 -0
    outer loop
      vertex -77.2939 -16.3558 2.4
      vertex -77.3644 -16.3216 0
      vertex -77.2939 -16.3558 0
    endloop
  endfacet
  facet normal 0.998938 0.0460782 0
    outer loop
      vertex 79.9996 -6.95221 2.4
      vertex 79.9972 -6.90018 0
      vertex 79.9972 -6.90018 2.4
    endloop
  endfacet
  facet normal 0.998938 0.0460782 0
    outer loop
      vertex 79.9972 -6.90018 0
      vertex 79.9996 -6.95221 2.4
      vertex 79.9996 -6.95221 0
    endloop
  endfacet
  facet normal -0.721005 0.69293 0
    outer loop
      vertex -74.7051 14.4667 0
      vertex -74.6508 14.5232 2.4
      vertex -74.6508 14.5232 0
    endloop
  endfacet
  facet normal -0.721005 0.69293 0
    outer loop
      vertex -74.6508 14.5232 2.4
      vertex -74.7051 14.4667 0
      vertex -74.7051 14.4667 2.4
    endloop
  endfacet
  facet normal 0.909292 0.416158 0
    outer loop
      vertex 78.9098 7.94314 2.4
      vertex 78.8772 8.01437 0
      vertex 78.8772 8.01437 2.4
    endloop
  endfacet
  facet normal 0.909292 0.416158 0
    outer loop
      vertex 78.8772 8.01437 0
      vertex 78.9098 7.94314 2.4
      vertex 78.9098 7.94314 0
    endloop
  endfacet
  facet normal -0.339896 0.940463 0
    outer loop
      vertex -74.1855 14.8042 0
      vertex -74.2591 14.7776 2.4
      vertex -74.1855 14.8042 2.4
    endloop
  endfacet
  facet normal -0.339896 0.940463 0
    outer loop
      vertex -74.2591 14.7776 2.4
      vertex -74.1855 14.8042 0
      vertex -74.2591 14.7776 0
    endloop
  endfacet
  facet normal -0.961582 0.274519 0
    outer loop
      vertex -78.9665 7.77247 0
      vertex -78.945 7.84778 2.4
      vertex -78.945 7.84778 0
    endloop
  endfacet
  facet normal -0.961582 0.274519 0
    outer loop
      vertex -78.945 7.84778 2.4
      vertex -78.9665 7.77247 0
      vertex -78.9665 7.77247 2.4
    endloop
  endfacet
  facet normal -0.944514 -0.328471 0
    outer loop
      vertex -77.9251 -15.6917 0
      vertex -77.9508 -15.6178 2.4
      vertex -77.9508 -15.6178 0
    endloop
  endfacet
  facet normal -0.944514 -0.328471 0
    outer loop
      vertex -77.9508 -15.6178 2.4
      vertex -77.9251 -15.6917 0
      vertex -77.9251 -15.6917 2.4
    endloop
  endfacet
  facet normal -0.400685 0.916216 0
    outer loop
      vertex -74.2591 14.7776 0
      vertex -74.3309 14.7462 2.4
      vertex -74.2591 14.7776 2.4
    endloop
  endfacet
  facet normal -0.400685 0.916216 0
    outer loop
      vertex -74.3309 14.7462 2.4
      vertex -74.2591 14.7776 0
      vertex -74.3309 14.7462 0
    endloop
  endfacet
  facet normal -0.187522 -0.98226 0
    outer loop
      vertex -77.0712 -16.4296 0
      vertex -76.9942 -16.4443 2.4
      vertex -77.0712 -16.4296 2.4
    endloop
  endfacet
  facet normal -0.187522 -0.98226 -0
    outer loop
      vertex -76.9942 -16.4443 2.4
      vertex -77.0712 -16.4296 0
      vertex -76.9942 -16.4443 0
    endloop
  endfacet
  facet normal 0.934443 0.356112 0
    outer loop
      vertex 78.9377 7.86993 2.4
      vertex 78.9098 7.94314 0
      vertex 78.9098 7.94314 2.4
    endloop
  endfacet
  facet normal 0.934443 0.356112 0
    outer loop
      vertex 78.9098 7.94314 0
      vertex 78.9377 7.86993 2.4
      vertex 78.9377 7.86993 0
    endloop
  endfacet
  facet normal -0.0783439 -0.996926 0
    outer loop
      vertex -9.07754 -22.1404 0
      vertex -9.05718 -22.142 2.4
      vertex -9.07754 -22.1404 2.4
    endloop
  endfacet
  facet normal -0.0783439 -0.996926 -0
    outer loop
      vertex -9.05718 -22.142 2.4
      vertex -9.07754 -22.1404 0
      vertex -9.05718 -22.142 0
    endloop
  endfacet
  facet normal -0.550273 -0.834985 0
    outer loop
      vertex -77.498 -16.2399 0
      vertex -77.4326 -16.283 2.4
      vertex -77.498 -16.2399 2.4
    endloop
  endfacet
  facet normal -0.550273 -0.834985 -0
    outer loop
      vertex -77.4326 -16.283 2.4
      vertex -77.498 -16.2399 0
      vertex -77.4326 -16.283 0
    endloop
  endfacet
  facet normal -0.673815 0.7389 0
    outer loop
      vertex -74.5929 14.576 0
      vertex -74.6508 14.5232 2.4
      vertex -74.5929 14.576 2.4
    endloop
  endfacet
  facet normal -0.673815 0.7389 0
    outer loop
      vertex -74.6508 14.5232 2.4
      vertex -74.5929 14.576 0
      vertex -74.6508 14.5232 0
    endloop
  endfacet
  facet normal -0.459423 0.888218 0
    outer loop
      vertex -74.3309 14.7462 0
      vertex -74.4005 14.7102 2.4
      vertex -74.3309 14.7462 2.4
    endloop
  endfacet
  facet normal -0.459423 0.888218 0
    outer loop
      vertex -74.4005 14.7102 2.4
      vertex -74.3309 14.7462 0
      vertex -74.4005 14.7102 0
    endloop
  endfacet
  facet normal -0.278089 0.960555 0
    outer loop
      vertex -74.1102 14.826 0
      vertex -74.1855 14.8042 2.4
      vertex -74.1102 14.826 2.4
    endloop
  endfacet
  facet normal -0.278089 0.960555 0
    outer loop
      vertex -74.1855 14.8042 2.4
      vertex -74.1102 14.826 0
      vertex -74.1855 14.8042 0
    endloop
  endfacet
  facet normal 0.782983 0.622043 0
    outer loop
      vertex 74.7767 14.3792 2.4
      vertex 74.728 14.4405 0
      vertex 74.728 14.4405 2.4
    endloop
  endfacet
  facet normal 0.782983 0.622043 0
    outer loop
      vertex 74.728 14.4405 0
      vertex 74.7767 14.3792 2.4
      vertex 74.7767 14.3792 0
    endloop
  endfacet
  facet normal -0.764547 0.644568 0
    outer loop
      vertex -74.7556 14.4068 0
      vertex -74.7051 14.4667 2.4
      vertex -74.7051 14.4667 0
    endloop
  endfacet
  facet normal -0.764547 0.644568 0
    outer loop
      vertex -74.7051 14.4667 2.4
      vertex -74.7556 14.4068 0
      vertex -74.7556 14.4068 2.4
    endloop
  endfacet
  facet normal -0.0665186 -0.997785 0
    outer loop
      vertex -9.05718 -22.142 0
      vertex -0.0796197 -22.7405 2.4
      vertex -9.05718 -22.142 2.4
    endloop
  endfacet
  facet normal -0.0665186 -0.997785 -0
    outer loop
      vertex -0.0796197 -22.7405 2.4
      vertex -9.05718 -22.142 0
      vertex -0.0796197 -22.7405 0
    endloop
  endfacet
  facet normal 0.597546 -0.801835 0
    outer loop
      vertex 77.491 -16.2449 0
      vertex 77.5538 -16.1981 2.4
      vertex 77.491 -16.2449 2.4
    endloop
  endfacet
  facet normal 0.597546 -0.801835 0
    outer loop
      vertex 77.5538 -16.1981 2.4
      vertex 77.491 -16.2449 0
      vertex 77.5538 -16.1981 0
    endloop
  endfacet
  facet normal -0.624851 0.780744 0
    outer loop
      vertex -74.5318 14.6249 0
      vertex -74.5929 14.576 2.4
      vertex -74.5318 14.6249 2.4
    endloop
  endfacet
  facet normal -0.624851 0.780744 0
    outer loop
      vertex -74.5929 14.576 2.4
      vertex -74.5318 14.6249 0
      vertex -74.5929 14.576 0
    endloop
  endfacet
  facet normal -0.747409 -0.664364 0
    outer loop
      vertex -77.6756 -16.0865 0
      vertex -77.7276 -16.028 2.4
      vertex -77.7276 -16.028 0
    endloop
  endfacet
  facet normal -0.747409 -0.664364 0
    outer loop
      vertex -77.7276 -16.028 2.4
      vertex -77.6756 -16.0865 0
      vertex -77.6756 -16.0865 2.4
    endloop
  endfacet
  facet normal -0.917253 0.398306 0
    outer loop
      vertex -78.9186 7.92153 0
      vertex -78.8874 7.99338 2.4
      vertex -78.8874 7.99338 0
    endloop
  endfacet
  facet normal -0.917253 0.398306 0
    outer loop
      vertex -78.8874 7.99338 2.4
      vertex -78.9186 7.92153 0
      vertex -78.9186 7.92153 2.4
    endloop
  endfacet
  facet normal -0.941496 0.337024 0
    outer loop
      vertex -78.945 7.84778 0
      vertex -78.9186 7.92153 2.4
      vertex -78.9186 7.92153 0
    endloop
  endfacet
  facet normal -0.941496 0.337024 0
    outer loop
      vertex -78.9186 7.92153 2.4
      vertex -78.945 7.84778 0
      vertex -78.945 7.84778 2.4
    endloop
  endfacet
  facet normal 0.880615 0.473833 0
    outer loop
      vertex 78.8772 8.01437 2.4
      vertex 78.8401 8.08332 0
      vertex 78.8401 8.08332 2.4
    endloop
  endfacet
  facet normal 0.880615 0.473833 0
    outer loop
      vertex 78.8401 8.08332 0
      vertex 78.8772 8.01437 2.4
      vertex 78.8772 8.01437 0
    endloop
  endfacet
  facet normal 0.859066 -0.511865 0
    outer loop
      vertex 77.8152 -15.9087 2.4
      vertex 77.8553 -15.8414 0
      vertex 77.8553 -15.8414 2.4
    endloop
  endfacet
  facet normal 0.859066 -0.511865 0
    outer loop
      vertex 77.8553 -15.8414 0
      vertex 77.8152 -15.9087 2.4
      vertex 77.8152 -15.9087 0
    endloop
  endfacet
  facet normal 0.784589 -0.620016 0
    outer loop
      vertex 77.7221 -16.0346 2.4
      vertex 77.7707 -15.9731 0
      vertex 77.7707 -15.9731 2.4
    endloop
  endfacet
  facet normal 0.784589 -0.620016 0
    outer loop
      vertex 77.7707 -15.9731 0
      vertex 77.7221 -16.0346 2.4
      vertex 77.7221 -16.0346 0
    endloop
  endfacet
  facet normal 0.740749 0.671782 0
    outer loop
      vertex 74.728 14.4405 2.4
      vertex 74.6754 14.4985 0
      vertex 74.6754 14.4985 2.4
    endloop
  endfacet
  facet normal 0.740749 0.671782 0
    outer loop
      vertex 74.6754 14.4985 0
      vertex 74.728 14.4405 2.4
      vertex 74.728 14.4405 0
    endloop
  endfacet
  facet normal -0.492562 -0.870277 0
    outer loop
      vertex -77.4326 -16.283 0
      vertex -77.3644 -16.3216 2.4
      vertex -77.4326 -16.283 2.4
    endloop
  endfacet
  facet normal -0.492562 -0.870277 -0
    outer loop
      vertex -77.3644 -16.3216 2.4
      vertex -77.4326 -16.283 0
      vertex -77.3644 -16.3216 0
    endloop
  endfacet
  facet normal -0.571663 0.820489 0
    outer loop
      vertex -74.4675 14.6697 0
      vertex -74.5318 14.6249 2.4
      vertex -74.4675 14.6697 2.4
    endloop
  endfacet
  facet normal -0.571663 0.820489 0
    outer loop
      vertex -74.5318 14.6249 2.4
      vertex -74.4675 14.6697 0
      vertex -74.5318 14.6249 0
    endloop
  endfacet
  facet normal -0.788527 -0.615 0
    outer loop
      vertex -77.7276 -16.028 0
      vertex -77.7758 -15.9662 2.4
      vertex -77.7758 -15.9662 0
    endloop
  endfacet
  facet normal -0.788527 -0.615 0
    outer loop
      vertex -77.7758 -15.9662 2.4
      vertex -77.7276 -16.028 0
      vertex -77.7276 -16.028 2.4
    endloop
  endfacet
  facet normal 0.696823 -0.717243 0
    outer loop
      vertex 77.6134 -16.1473 0
      vertex 77.6696 -16.0927 2.4
      vertex 77.6134 -16.1473 2.4
    endloop
  endfacet
  facet normal 0.696823 -0.717243 0
    outer loop
      vertex 77.6696 -16.0927 2.4
      vertex 77.6134 -16.1473 0
      vertex 77.6696 -16.0927 0
    endloop
  endfacet
  facet normal 0.541661 0.840597 -0
    outer loop
      vertex 74.4964 14.6503 0
      vertex 74.4306 14.6927 2.4
      vertex 74.4964 14.6503 2.4
    endloop
  endfacet
  facet normal 0.541661 0.840597 0
    outer loop
      vertex 74.4306 14.6927 2.4
      vertex 74.4964 14.6503 0
      vertex 74.4306 14.6927 0
    endloop
  endfacet
  facet normal -0 0 1
    outer loop
      vertex -73.9563 14.8545 2.4
      vertex -68.0043 14.4547 2.4
      vertex -67.9875 15.5616 2.4
    endloop
  endfacet
  facet normal 0 0 1
    outer loop
      vertex -68.0043 14.4547 2.4
      vertex -73.9563 14.8545 2.4
      vertex -73.8092 13.767 2.4
    endloop
  endfacet
  facet normal 0 0 1
    outer loop
      vertex -73.8092 13.767 2.4
      vertex -73.9563 14.8545 2.4
      vertex -73.8335 13.7633 2.4
    endloop
  endfacet
  facet normal -0 0 1
    outer loop
      vertex -74.0337 14.8428 2.4
      vertex -73.8335 13.7633 2.4
      vertex -73.9563 14.8545 2.4
    endloop
  endfacet
  facet normal 0 0 1
    outer loop
      vertex -73.8335 13.7633 2.4
      vertex -74.0337 14.8428 2.4
      vertex -73.84 13.7619 2.4
    endloop
  endfacet
  facet normal -0 0 1
    outer loop
      vertex -74.1102 14.826 2.4
      vertex -73.84 13.7619 2.4
      vertex -74.0337 14.8428 2.4
    endloop
  endfacet
  facet normal 0 0 1
    outer loop
      vertex -73.84 13.7619 2.4
      vertex -74.1102 14.826 2.4
      vertex -73.8461 13.7601 2.4
    endloop
  endfacet
  facet normal -0 0 1
    outer loop
      vertex -74.1855 14.8042 2.4
      vertex -73.8461 13.7601 2.4
      vertex -74.1102 14.826 2.4
    endloop
  endfacet
  facet normal 0 0 1
    outer loop
      vertex -73.8461 13.7601 2.4
      vertex -74.1855 14.8042 2.4
      vertex -73.8524 13.7579 2.4
    endloop
  endfacet
  facet normal -0 0 1
    outer loop
      vertex -74.2591 14.7776 2.4
      vertex -73.8524 13.7579 2.4
      vertex -74.1855 14.8042 2.4
    endloop
  endfacet
  facet normal 0 0 1
    outer loop
      vertex -73.8524 13.7579 2.4
      vertex -74.2591 14.7776 2.4
      vertex -73.858 13.7554 2.4
    endloop
  endfacet
  facet normal -0 0 1
    outer loop
      vertex -74.3309 14.7462 2.4
      vertex -73.858 13.7554 2.4
      vertex -74.2591 14.7776 2.4
    endloop
  endfacet
  facet normal 0 0 1
    outer loop
      vertex -73.858 13.7554 2.4
      vertex -74.3309 14.7462 2.4
      vertex -73.8639 13.7524 2.4
    endloop
  endfacet
  facet normal -0 0 1
    outer loop
      vertex -74.4005 14.7102 2.4
      vertex -73.8639 13.7524 2.4
      vertex -74.3309 14.7462 2.4
    endloop
  endfacet
  facet normal 0 0 1
    outer loop
      vertex -73.8639 13.7524 2.4
      vertex -74.4005 14.7102 2.4
      vertex -73.8694 13.749 2.4
    endloop
  endfacet
  facet normal -0 0 1
    outer loop
      vertex -74.4675 14.6697 2.4
      vertex -73.8694 13.749 2.4
      vertex -74.4005 14.7102 2.4
    endloop
  endfacet
  facet normal 0 0 1
    outer loop
      vertex -73.8694 13.749 2.4
      vertex -74.4675 14.6697 2.4
      vertex -73.8749 13.7452 2.4
    endloop
  endfacet
  facet normal -0 0 1
    outer loop
      vertex -74.5318 14.6249 2.4
      vertex -73.8749 13.7452 2.4
      vertex -74.4675 14.6697 2.4
    endloop
  endfacet
  facet normal 0 0 1
    outer loop
      vertex -73.8749 13.7452 2.4
      vertex -74.5318 14.6249 2.4
      vertex -73.8799 13.7412 2.4
    endloop
  endfacet
  facet normal -0 0 1
    outer loop
      vertex -74.5929 14.576 2.4
      vertex -73.8799 13.7412 2.4
      vertex -74.5318 14.6249 2.4
    endloop
  endfacet
  facet normal 0 0 1
    outer loop
      vertex -73.8799 13.7412 2.4
      vertex -74.5929 14.576 2.4
      vertex -73.8846 13.7369 2.4
    endloop
  endfacet
  facet normal -0 0 1
    outer loop
      vertex -74.6508 14.5232 2.4
      vertex -73.8846 13.7369 2.4
      vertex -74.5929 14.576 2.4
    endloop
  endfacet
  facet normal 0 0 1
    outer loop
      vertex -73.8846 13.7369 2.4
      vertex -74.6508 14.5232 2.4
      vertex -73.8886 13.7328 2.4
    endloop
  endfacet
  facet normal -0 0 1
    outer loop
      vertex -74.7051 14.4667 2.4
      vertex -73.8886 13.7328 2.4
      vertex -74.6508 14.5232 2.4
    endloop
  endfacet
  facet normal -0 0 1
    outer loop
      vertex -74.7556 14.4068 2.4
      vertex -73.8886 13.7328 2.4
      vertex -74.7051 14.4667 2.4
    endloop
  endfacet
  facet normal -0 0 1
    outer loop
      vertex -74.8213 14.3148 2.4
      vertex -73.8886 13.7328 2.4
      vertex -74.7556 14.4068 2.4
    endloop
  endfacet
  facet normal 0 0 1
    outer loop
      vertex -73.8886 13.7328 2.4
      vertex -74.8213 14.3148 2.4
      vertex -73.9133 13.6981 2.4
    endloop
  endfacet
  facet normal 0 0 1
    outer loop
      vertex -74.8213 14.3148 2.4
      vertex -77.8797 7.55025 2.4
      vertex -73.9133 13.6981 2.4
    endloop
  endfacet
  facet normal -0 0 1
    outer loop
      vertex -78.8113 8.13023 2.4
      vertex -77.8797 7.55025 2.4
      vertex -74.8213 14.3148 2.4
    endloop
  endfacet
  facet normal 0 0 1
    outer loop
      vertex -77.8797 7.55025 2.4
      vertex -78.8113 8.13023 2.4
      vertex -77.8921 7.52956 2.4
    endloop
  endfacet
  facet normal -0 0 1
    outer loop
      vertex -78.8516 8.06305 2.4
      vertex -77.8921 7.52956 2.4
      vertex -78.8113 8.13023 2.4
    endloop
  endfacet
  facet normal 0 0 1
    outer loop
      vertex -77.8921 7.52956 2.4
      vertex -78.8516 8.06305 2.4
      vertex -77.895 7.52388 2.4
    endloop
  endfacet
  facet normal -0 0 1
    outer loop
      vertex -78.8874 7.99338 2.4
      vertex -77.895 7.52388 2.4
      vertex -78.8516 8.06305 2.4
    endloop
  endfacet
  facet normal 0 0 1
    outer loop
      vertex -77.895 7.52388 2.4
      vertex -78.8874 7.99338 2.4
      vertex -77.8977 7.51764 2.4
    endloop
  endfacet
  facet normal -0 0 1
    outer loop
      vertex -78.9186 7.92153 2.4
      vertex -77.8977 7.51764 2.4
      vertex -78.8874 7.99338 2.4
    endloop
  endfacet
  facet normal 0 0 1
    outer loop
      vertex -77.8977 7.51764 2.4
      vertex -78.9186 7.92153 2.4
      vertex -77.8999 7.51162 2.4
    endloop
  endfacet
  facet normal -0 0 1
    outer loop
      vertex -78.945 7.84778 2.4
      vertex -77.8999 7.51162 2.4
      vertex -78.9186 7.92153 2.4
    endloop
  endfacet
  facet normal 0 0 1
    outer loop
      vertex -77.8999 7.51162 2.4
      vertex -78.945 7.84778 2.4
      vertex -77.9017 7.50541 2.4
    endloop
  endfacet
  facet normal -0 0 1
    outer loop
      vertex -78.9665 7.77247 2.4
      vertex -77.9017 7.50541 2.4
      vertex -78.945 7.84778 2.4
    endloop
  endfacet
  facet normal 0 0 1
    outer loop
      vertex -77.9017 7.50541 2.4
      vertex -78.9665 7.77247 2.4
      vertex -77.9031 7.49904 2.4
    endloop
  endfacet
  facet normal 0 0 1
    outer loop
      vertex -77.9059 7.47553 2.4
      vertex -78.9997 7.56366 2.4
      vertex -78.9013 -6.95766 2.4
    endloop
  endfacet
  facet normal -0 0 1
    outer loop
      vertex -78.9831 7.69591 2.4
      vertex -77.9031 7.49904 2.4
      vertex -78.9665 7.77247 2.4
    endloop
  endfacet
  facet normal 0 0 1
    outer loop
      vertex 79.9972 -6.90018 2.4
      vertex 78.9017 -6.96429 2.4
      vertex 78.9022 -6.97396 2.4
    endloop
  endfacet
  facet normal 0 0 1
    outer loop
      vertex 77.897 7.5195 2.4
      vertex 78.9098 7.94314 2.4
      vertex 78.8772 8.01437 2.4
    endloop
  endfacet
  facet normal 0 0 1
    outer loop
      vertex 77.8942 7.52563 2.4
      vertex 78.8772 8.01437 2.4
      vertex 78.8401 8.08332 2.4
    endloop
  endfacet
  facet normal 0 0 1
    outer loop
      vertex 77.8886 7.53592 2.4
      vertex 78.8401 8.08332 2.4
      vertex 78.8113 8.13023 2.4
    endloop
  endfacet
  facet normal 0 0 1
    outer loop
      vertex 78.9997 7.56366 2.4
      vertex 77.9062 7.47026 2.4
      vertex 78.9017 -6.96429 2.4
    endloop
  endfacet
  facet normal 0 0 1
    outer loop
      vertex 78.9997 7.56366 2.4
      vertex 77.9037 7.4946 2.4
      vertex 77.9062 7.47026 2.4
    endloop
  endfacet
  facet normal 0 0 1
    outer loop
      vertex 78.9917 7.64159 2.4
      vertex 77.9037 7.4946 2.4
      vertex 78.9997 7.56366 2.4
    endloop
  endfacet
  facet normal 0 0 1
    outer loop
      vertex 78.9098 7.94314 2.4
      vertex 77.9012 7.50725 2.4
      vertex 77.9027 7.50102 2.4
    endloop
  endfacet
  facet normal 0 0 1
    outer loop
      vertex 78.9098 7.94314 2.4
      vertex 77.8993 7.51343 2.4
      vertex 77.9012 7.50725 2.4
    endloop
  endfacet
  facet normal 0 0 1
    outer loop
      vertex 78.9098 7.94314 2.4
      vertex 77.897 7.5195 2.4
      vertex 77.8993 7.51343 2.4
    endloop
  endfacet
  facet normal 0 0 1
    outer loop
      vertex 78.8772 8.01437 2.4
      vertex 77.8942 7.52563 2.4
      vertex 77.897 7.5195 2.4
    endloop
  endfacet
  facet normal 0 0 1
    outer loop
      vertex 78.8401 8.08332 2.4
      vertex 77.8886 7.53592 2.4
      vertex 77.8942 7.52563 2.4
    endloop
  endfacet
  facet normal 0 0 1
    outer loop
      vertex 78.8113 8.13023 2.4
      vertex 77.8827 7.54567 2.4
      vertex 77.8886 7.53592 2.4
    endloop
  endfacet
  facet normal 0 0 1
    outer loop
      vertex 74.8213 14.3148 2.4
      vertex 77.8827 7.54567 2.4
      vertex 78.8113 8.13023 2.4
    endloop
  endfacet
  facet normal 0 0 1
    outer loop
      vertex 73.8951 13.7249 2.4
      vertex 74.8213 14.3148 2.4
      vertex 74.7767 14.3792 2.4
    endloop
  endfacet
  facet normal 0 0 1
    outer loop
      vertex 73.8951 13.7249 2.4
      vertex 74.7767 14.3792 2.4
      vertex 74.728 14.4405 2.4
    endloop
  endfacet
  facet normal 0 0 1
    outer loop
      vertex 73.8911 13.73 2.4
      vertex 74.728 14.4405 2.4
      vertex 74.6754 14.4985 2.4
    endloop
  endfacet
  facet normal 0 0 1
    outer loop
      vertex 73.8867 13.7349 2.4
      vertex 74.6754 14.4985 2.4
      vertex 74.6191 14.553 2.4
    endloop
  endfacet
  facet normal 0 0 1
    outer loop
      vertex 73.8821 13.7393 2.4
      vertex 74.6191 14.553 2.4
      vertex 74.5593 14.6036 2.4
    endloop
  endfacet
  facet normal 0 0 1
    outer loop
      vertex 73.877 13.7436 2.4
      vertex 74.5593 14.6036 2.4
      vertex 74.4964 14.6503 2.4
    endloop
  endfacet
  facet normal 0 0 1
    outer loop
      vertex 73.8719 13.7474 2.4
      vertex 74.4964 14.6503 2.4
      vertex 74.4306 14.6927 2.4
    endloop
  endfacet
  facet normal 0 0 1
    outer loop
      vertex 73.8663 13.751 2.4
      vertex 74.4306 14.6927 2.4
      vertex 74.3621 14.7307 2.4
    endloop
  endfacet
  facet normal 0 0 1
    outer loop
      vertex 73.8608 13.754 2.4
      vertex 74.3621 14.7307 2.4
      vertex 74.2913 14.7642 2.4
    endloop
  endfacet
  facet normal 0 0 1
    outer loop
      vertex 73.8551 13.7567 2.4
      vertex 74.2913 14.7642 2.4
      vertex 74.2184 14.793 2.4
    endloop
  endfacet
  facet normal 0 0 1
    outer loop
      vertex 73.8489 13.7592 2.4
      vertex 74.2184 14.793 2.4
      vertex 74.1438 14.8169 2.4
    endloop
  endfacet
  facet normal 0 0 1
    outer loop
      vertex 73.8434 13.7609 2.4
      vertex 74.1438 14.8169 2.4
      vertex 74.0678 14.8359 2.4
    endloop
  endfacet
  facet normal 0 0 1
    outer loop
      vertex 73.8434 13.7609 2.4
      vertex 74.0678 14.8359 2.4
      vertex 73.9563 14.8545 2.4
    endloop
  endfacet
  facet normal 0 0 1
    outer loop
      vertex 74.8213 14.3148 2.4
      vertex 73.9089 13.705 2.4
      vertex 77.8827 7.54567 2.4
    endloop
  endfacet
  facet normal 0 0 1
    outer loop
      vertex 74.8213 14.3148 2.4
      vertex 73.8951 13.7249 2.4
      vertex 73.9089 13.705 2.4
    endloop
  endfacet
  facet normal 0 0 1
    outer loop
      vertex 74.728 14.4405 2.4
      vertex 73.8911 13.73 2.4
      vertex 73.8951 13.7249 2.4
    endloop
  endfacet
  facet normal 0 0 1
    outer loop
      vertex 74.6754 14.4985 2.4
      vertex 73.8867 13.7349 2.4
      vertex 73.8911 13.73 2.4
    endloop
  endfacet
  facet normal 0 0 1
    outer loop
      vertex 74.6191 14.553 2.4
      vertex 73.8821 13.7393 2.4
      vertex 73.8867 13.7349 2.4
    endloop
  endfacet
  facet normal 0 0 1
    outer loop
      vertex 74.5593 14.6036 2.4
      vertex 73.877 13.7436 2.4
      vertex 73.8821 13.7393 2.4
    endloop
  endfacet
  facet normal 0 0 1
    outer loop
      vertex 74.4964 14.6503 2.4
      vertex 73.8719 13.7474 2.4
      vertex 73.877 13.7436 2.4
    endloop
  endfacet
  facet normal 0 0 1
    outer loop
      vertex 74.4306 14.6927 2.4
      vertex 73.8663 13.751 2.4
      vertex 73.8719 13.7474 2.4
    endloop
  endfacet
  facet normal 0 0 1
    outer loop
      vertex 74.3621 14.7307 2.4
      vertex 73.8608 13.754 2.4
      vertex 73.8663 13.751 2.4
    endloop
  endfacet
  facet normal 0 0 1
    outer loop
      vertex 74.2913 14.7642 2.4
      vertex 73.8551 13.7567 2.4
      vertex 73.8608 13.754 2.4
    endloop
  endfacet
  facet normal 0 0 1
    outer loop
      vertex 74.2184 14.793 2.4
      vertex 73.8489 13.7592 2.4
      vertex 73.8551 13.7567 2.4
    endloop
  endfacet
  facet normal 0 0 1
    outer loop
      vertex 74.1438 14.8169 2.4
      vertex 73.8434 13.7609 2.4
      vertex 73.8489 13.7592 2.4
    endloop
  endfacet
  facet normal 0 0 1
    outer loop
      vertex 73.9563 14.8545 2.4
      vertex 73.8014 13.7679 2.4
      vertex 73.8434 13.7609 2.4
    endloop
  endfacet
  facet normal 0 0 1
    outer loop
      vertex 73.9563 14.8545 2.4
      vertex 65.5798 14.7419 2.4
      vertex 73.8014 13.7679 2.4
    endloop
  endfacet
  facet normal 0 -0 1
    outer loop
      vertex 65.5798 14.7419 2.4
      vertex 73.9563 14.8545 2.4
      vertex 65.5603 15.8491 2.4
    endloop
  endfacet
  facet normal 0 0 1
    outer loop
      vertex 78.9022 -6.97396 2.4
      vertex 79.9996 -6.95221 2.4
      vertex 79.9972 -6.90018 2.4
    endloop
  endfacet
  facet normal 0 0 1
    outer loop
      vertex 79.9996 -6.95221 2.4
      vertex 78.9022 -6.97396 2.4
      vertex 79.999 -7.03053 2.4
    endloop
  endfacet
  facet normal 0 0 1
    outer loop
      vertex 79.999 -7.03053 2.4
      vertex 78.9021 -6.98653 2.4
      vertex 79.9933 -7.10866 2.4
    endloop
  endfacet
  facet normal -0 0 1
    outer loop
      vertex 78.9016 -6.99302 2.4
      vertex 79.9933 -7.10866 2.4
      vertex 78.9021 -6.98653 2.4
    endloop
  endfacet
  facet normal 0 0 1
    outer loop
      vertex 78.9017 -6.96429 2.4
      vertex 79.9972 -6.90018 2.4
      vertex 78.9997 7.56366 2.4
    endloop
  endfacet
  facet normal 0 0 1
    outer loop
      vertex 78.9787 7.71882 2.4
      vertex 77.9027 7.50102 2.4
      vertex 78.9917 7.64159 2.4
    endloop
  endfacet
  facet normal 0 0 1
    outer loop
      vertex 78.9606 7.79504 2.4
      vertex 77.9027 7.50102 2.4
      vertex 78.9787 7.71882 2.4
    endloop
  endfacet
  facet normal 0 0 1
    outer loop
      vertex 78.9377 7.86993 2.4
      vertex 77.9027 7.50102 2.4
      vertex 78.9606 7.79504 2.4
    endloop
  endfacet
  facet normal 0 0 1
    outer loop
      vertex 77.9027 7.50102 2.4
      vertex 78.9377 7.86993 2.4
      vertex 78.9098 7.94314 2.4
    endloop
  endfacet
  facet normal 0 -0 1
    outer loop
      vertex 77.9037 7.4946 2.4
      vertex 78.9917 7.64159 2.4
      vertex 77.9027 7.50102 2.4
    endloop
  endfacet
  facet normal 0 0 1
    outer loop
      vertex 79.999 -7.03053 2.4
      vertex 78.9022 -6.97396 2.4
      vertex 78.9021 -6.98653 2.4
    endloop
  endfacet
  facet normal 0 0 1
    outer loop
      vertex 79.9933 -7.10866 2.4
      vertex 78.9016 -6.99302 2.4
      vertex 79.9825 -7.18624 2.4
    endloop
  endfacet
  facet normal -0 0 1
    outer loop
      vertex 78.9007 -6.99955 2.4
      vertex 79.9825 -7.18624 2.4
      vertex 78.9016 -6.99302 2.4
    endloop
  endfacet
  facet normal 0 0 1
    outer loop
      vertex 79.9825 -7.18624 2.4
      vertex 78.9007 -6.99955 2.4
      vertex 79.9667 -7.26296 2.4
    endloop
  endfacet
  facet normal -0 0 1
    outer loop
      vertex 78.8958 -7.02302 2.4
      vertex 79.9667 -7.26296 2.4
      vertex 78.9007 -6.99955 2.4
    endloop
  endfacet
  facet normal 0 0 1
    outer loop
      vertex 78.8958 -7.02302 2.4
      vertex 77.9717 -15.5422 2.4
      vertex 79.9667 -7.26296 2.4
    endloop
  endfacet
  facet normal -0 0 1
    outer loop
      vertex 76.9095 -15.2661 2.4
      vertex 77.9717 -15.5422 2.4
      vertex 78.8958 -7.02302 2.4
    endloop
  endfacet
  facet normal -0 0 1
    outer loop
      vertex 76.9018 -15.2938 2.4
      vertex 77.9717 -15.5422 2.4
      vertex 76.9095 -15.2661 2.4
    endloop
  endfacet
  facet normal 0 0 1
    outer loop
      vertex 77.9717 -15.5422 2.4
      vertex 76.9018 -15.2938 2.4
      vertex 77.9483 -15.6259 2.4
    endloop
  endfacet
  facet normal 0 0 1
    outer loop
      vertex 77.9483 -15.6259 2.4
      vertex 76.9018 -15.2938 2.4
      vertex 77.922 -15.6997 2.4
    endloop
  endfacet
  facet normal -0 0 1
    outer loop
      vertex 76.9003 -15.2981 2.4
      vertex 77.922 -15.6997 2.4
      vertex 76.9018 -15.2938 2.4
    endloop
  endfacet
  facet normal 0 0 1
    outer loop
      vertex 77.922 -15.6997 2.4
      vertex 76.9003 -15.2981 2.4
      vertex 77.891 -15.7717 2.4
    endloop
  endfacet
  facet normal -0 0 1
    outer loop
      vertex 76.8977 -15.3041 2.4
      vertex 77.891 -15.7717 2.4
      vertex 76.9003 -15.2981 2.4
    endloop
  endfacet
  facet normal 0 0 1
    outer loop
      vertex 77.891 -15.7717 2.4
      vertex 76.8977 -15.3041 2.4
      vertex 77.8553 -15.8414 2.4
    endloop
  endfacet
  facet normal -0 0 1
    outer loop
      vertex 76.8948 -15.3098 2.4
      vertex 77.8553 -15.8414 2.4
      vertex 76.8977 -15.3041 2.4
    endloop
  endfacet
  facet normal 0 0 1
    outer loop
      vertex 77.8553 -15.8414 2.4
      vertex 76.8948 -15.3098 2.4
      vertex 77.8152 -15.9087 2.4
    endloop
  endfacet
  facet normal -0 0 1
    outer loop
      vertex 76.8914 -15.3155 2.4
      vertex 77.8152 -15.9087 2.4
      vertex 76.8948 -15.3098 2.4
    endloop
  endfacet
  facet normal 0 0 1
    outer loop
      vertex 77.8152 -15.9087 2.4
      vertex 76.8914 -15.3155 2.4
      vertex 77.7707 -15.9731 2.4
    endloop
  endfacet
  facet normal -0 0 1
    outer loop
      vertex 76.8878 -15.3207 2.4
      vertex 77.7707 -15.9731 2.4
      vertex 76.8914 -15.3155 2.4
    endloop
  endfacet
  facet normal 0 0 1
    outer loop
      vertex 77.7707 -15.9731 2.4
      vertex 76.8878 -15.3207 2.4
      vertex 77.7221 -16.0346 2.4
    endloop
  endfacet
  facet normal -0 0 1
    outer loop
      vertex 76.8837 -15.3259 2.4
      vertex 77.7221 -16.0346 2.4
      vertex 76.8878 -15.3207 2.4
    endloop
  endfacet
  facet normal 0 0 1
    outer loop
      vertex 77.7221 -16.0346 2.4
      vertex 76.8837 -15.3259 2.4
      vertex 77.6696 -16.0927 2.4
    endloop
  endfacet
  facet normal -0 0 1
    outer loop
      vertex 76.8794 -15.3306 2.4
      vertex 77.6696 -16.0927 2.4
      vertex 76.8837 -15.3259 2.4
    endloop
  endfacet
  facet normal 0 0 1
    outer loop
      vertex 77.6696 -16.0927 2.4
      vertex 76.8794 -15.3306 2.4
      vertex 77.6134 -16.1473 2.4
    endloop
  endfacet
  facet normal -0 0 1
    outer loop
      vertex 76.8747 -15.3352 2.4
      vertex 77.6134 -16.1473 2.4
      vertex 76.8794 -15.3306 2.4
    endloop
  endfacet
  facet normal 0 0 1
    outer loop
      vertex 77.6134 -16.1473 2.4
      vertex 76.8747 -15.3352 2.4
      vertex 77.5538 -16.1981 2.4
    endloop
  endfacet
  facet normal -0 0 1
    outer loop
      vertex 76.8699 -15.3393 2.4
      vertex 77.5538 -16.1981 2.4
      vertex 76.8747 -15.3352 2.4
    endloop
  endfacet
  facet normal 0 0 1
    outer loop
      vertex 77.5538 -16.1981 2.4
      vertex 76.8699 -15.3393 2.4
      vertex 77.491 -16.2449 2.4
    endloop
  endfacet
  facet normal -0 0 1
    outer loop
      vertex 76.8645 -15.3433 2.4
      vertex 77.491 -16.2449 2.4
      vertex 76.8699 -15.3393 2.4
    endloop
  endfacet
  facet normal 0 0 1
    outer loop
      vertex 77.491 -16.2449 2.4
      vertex 76.8645 -15.3433 2.4
      vertex 77.4252 -16.2874 2.4
    endloop
  endfacet
  facet normal -0 0 1
    outer loop
      vertex 76.8591 -15.3468 2.4
      vertex 77.4252 -16.2874 2.4
      vertex 76.8645 -15.3433 2.4
    endloop
  endfacet
  facet normal 0 0 1
    outer loop
      vertex 77.4252 -16.2874 2.4
      vertex 76.8591 -15.3468 2.4
      vertex 77.3568 -16.3256 2.4
    endloop
  endfacet
  facet normal -0 0 1
    outer loop
      vertex 76.8534 -15.35 2.4
      vertex 77.3568 -16.3256 2.4
      vertex 76.8591 -15.3468 2.4
    endloop
  endfacet
  facet normal 0 0 1
    outer loop
      vertex 77.3568 -16.3256 2.4
      vertex 76.8534 -15.35 2.4
      vertex 77.2861 -16.3592 2.4
    endloop
  endfacet
  facet normal -0 0 1
    outer loop
      vertex 76.8476 -15.3527 2.4
      vertex 77.2861 -16.3592 2.4
      vertex 76.8534 -15.35 2.4
    endloop
  endfacet
  facet normal 0 0 1
    outer loop
      vertex 77.2861 -16.3592 2.4
      vertex 76.8476 -15.3527 2.4
      vertex 77.2133 -16.3881 2.4
    endloop
  endfacet
  facet normal -0 0 1
    outer loop
      vertex 76.8417 -15.3551 2.4
      vertex 77.2133 -16.3881 2.4
      vertex 76.8476 -15.3527 2.4
    endloop
  endfacet
  facet normal 0 0 1
    outer loop
      vertex 77.2133 -16.3881 2.4
      vertex 76.8417 -15.3551 2.4
      vertex 77.1388 -16.4122 2.4
    endloop
  endfacet
  facet normal -0 0 1
    outer loop
      vertex 76.8354 -15.3571 2.4
      vertex 77.1388 -16.4122 2.4
      vertex 76.8417 -15.3551 2.4
    endloop
  endfacet
  facet normal 0 0 1
    outer loop
      vertex 77.1388 -16.4122 2.4
      vertex 76.8354 -15.3571 2.4
      vertex 77.0628 -16.4314 2.4
    endloop
  endfacet
  facet normal -0 0 1
    outer loop
      vertex 76.8291 -15.3587 2.4
      vertex 77.0628 -16.4314 2.4
      vertex 76.8354 -15.3571 2.4
    endloop
  endfacet
  facet normal 0 0 1
    outer loop
      vertex 77.0628 -16.4314 2.4
      vertex 76.8291 -15.3587 2.4
      vertex 76.9858 -16.4456 2.4
    endloop
  endfacet
  facet normal -0 0 1
    outer loop
      vertex 76.8227 -15.3599 2.4
      vertex 76.9858 -16.4456 2.4
      vertex 76.8291 -15.3587 2.4
    endloop
  endfacet
  facet normal 0 0 1
    outer loop
      vertex 76.9858 -16.4456 2.4
      vertex 76.8227 -15.3599 2.4
      vertex 76.908 -16.4547 2.4
    endloop
  endfacet
  facet normal -0 0 1
    outer loop
      vertex 76.7986 -15.3627 2.4
      vertex 76.908 -16.4547 2.4
      vertex 76.8227 -15.3599 2.4
    endloop
  endfacet
  facet normal 0 0 1
    outer loop
      vertex 76.7986 -15.3627 2.4
      vertex 9.07754 -22.1404 2.4
      vertex 76.908 -16.4547 2.4
    endloop
  endfacet
  facet normal -0 0 1
    outer loop
      vertex 8.98955 -21.0467 2.4
      vertex 9.07754 -22.1404 2.4
      vertex 76.7986 -15.3627 2.4
    endloop
  endfacet
  facet normal 0 0 1
    outer loop
      vertex 9.07754 -22.1404 2.4
      vertex 8.98955 -21.0467 2.4
      vertex 9.05718 -22.142 2.4
    endloop
  endfacet
  facet normal -0 0 1
    outer loop
      vertex 8.97966 -21.0475 2.4
      vertex 9.05718 -22.142 2.4
      vertex 8.98955 -21.0467 2.4
    endloop
  endfacet
  facet normal -0 0 1
    outer loop
      vertex 0.0251294 -21.6444 2.4
      vertex 9.05718 -22.142 2.4
      vertex 8.97966 -21.0475 2.4
    endloop
  endfacet
  facet normal 0 0 1
    outer loop
      vertex 9.05718 -22.142 2.4
      vertex 0.0251294 -21.6444 2.4
      vertex 0.0796197 -22.7405 2.4
    endloop
  endfacet
  facet normal -0 0 1
    outer loop
      vertex -0.000791478 -21.6453 2.4
      vertex 0.0796197 -22.7405 2.4
      vertex 0.0251294 -21.6444 2.4
    endloop
  endfacet
  facet normal 0 0 1
    outer loop
      vertex -0.000791478 -21.6453 2.4
      vertex -0.00133942 -22.7431 2.4
      vertex 0.0796197 -22.7405 2.4
    endloop
  endfacet
  facet normal 0 0 1
    outer loop
      vertex -0.0796197 -22.7405 2.4
      vertex -0.000791478 -21.6453 2.4
      vertex -0.0243684 -21.6445 2.4
    endloop
  endfacet
  facet normal 0 0 1
    outer loop
      vertex -0.000791478 -21.6453 2.4
      vertex -0.0796197 -22.7405 2.4
      vertex -0.00133942 -22.7431 2.4
    endloop
  endfacet
  facet normal 0 0 1
    outer loop
      vertex -9.05718 -22.142 2.4
      vertex -0.0243684 -21.6445 2.4
      vertex -8.97966 -21.0475 2.4
    endloop
  endfacet
  facet normal 0 0 1
    outer loop
      vertex -9.05718 -22.142 2.4
      vertex -8.97966 -21.0475 2.4
      vertex -8.98955 -21.0467 2.4
    endloop
  endfacet
  facet normal 0 0 1
    outer loop
      vertex -0.0243684 -21.6445 2.4
      vertex -9.05718 -22.142 2.4
      vertex -0.0796197 -22.7405 2.4
    endloop
  endfacet
  facet normal 0 0 1
    outer loop
      vertex -8.98955 -21.0467 2.4
      vertex -9.07754 -22.1404 2.4
      vertex -9.05718 -22.142 2.4
    endloop
  endfacet
  facet normal 0 0 1
    outer loop
      vertex -76.7966 -15.3629 2.4
      vertex -9.07754 -22.1404 2.4
      vertex -8.98955 -21.0467 2.4
    endloop
  endfacet
  facet normal 0 0 1
    outer loop
      vertex -76.7966 -15.3629 2.4
      vertex -76.908 -16.4547 2.4
      vertex -9.07754 -22.1404 2.4
    endloop
  endfacet
  facet normal 0 0 1
    outer loop
      vertex -76.8255 -15.3594 2.4
      vertex -76.908 -16.4547 2.4
      vertex -76.7966 -15.3629 2.4
    endloop
  endfacet
  facet normal 0 0 1
    outer loop
      vertex -76.9942 -16.4443 2.4
      vertex -76.8255 -15.3594 2.4
      vertex -76.8296 -15.3586 2.4
    endloop
  endfacet
  facet normal 0 0 1
    outer loop
      vertex -77.0712 -16.4296 2.4
      vertex -76.8296 -15.3586 2.4
      vertex -76.836 -15.3569 2.4
    endloop
  endfacet
  facet normal 0 0 1
    outer loop
      vertex -77.147 -16.4098 2.4
      vertex -76.836 -15.3569 2.4
      vertex -76.8424 -15.3548 2.4
    endloop
  endfacet
  facet normal 0 0 1
    outer loop
      vertex -77.2213 -16.3852 2.4
      vertex -76.8424 -15.3548 2.4
      vertex -76.8483 -15.3524 2.4
    endloop
  endfacet
  facet normal 0 0 1
    outer loop
      vertex -77.2939 -16.3558 2.4
      vertex -76.8483 -15.3524 2.4
      vertex -76.854 -15.3497 2.4
    endloop
  endfacet
  facet normal 0 0 1
    outer loop
      vertex -77.3644 -16.3216 2.4
      vertex -76.854 -15.3497 2.4
      vertex -76.8597 -15.3464 2.4
    endloop
  endfacet
  facet normal 0 0 1
    outer loop
      vertex -77.4326 -16.283 2.4
      vertex -76.8597 -15.3464 2.4
      vertex -76.8652 -15.3429 2.4
    endloop
  endfacet
  facet normal 0 0 1
    outer loop
      vertex -77.498 -16.2399 2.4
      vertex -76.8652 -15.3429 2.4
      vertex -76.8703 -15.3389 2.4
    endloop
  endfacet
  facet normal 0 0 1
    outer loop
      vertex -77.5605 -16.1927 2.4
      vertex -76.8703 -15.3389 2.4
      vertex -76.8752 -15.3348 2.4
    endloop
  endfacet
  facet normal 0 0 1
    outer loop
      vertex -77.6198 -16.1415 2.4
      vertex -76.8752 -15.3348 2.4
      vertex -76.8797 -15.3303 2.4
    endloop
  endfacet
  facet normal 0 0 1
    outer loop
      vertex -77.6756 -16.0865 2.4
      vertex -76.8797 -15.3303 2.4
      vertex -76.8843 -15.3251 2.4
    endloop
  endfacet
  facet normal 0 0 1
    outer loop
      vertex -77.7276 -16.028 2.4
      vertex -76.8843 -15.3251 2.4
      vertex -76.8881 -15.3202 2.4
    endloop
  endfacet
  facet normal 0 0 1
    outer loop
      vertex -77.7758 -15.9662 2.4
      vertex -76.8881 -15.3202 2.4
      vertex -76.8918 -15.3148 2.4
    endloop
  endfacet
  facet normal 0 0 1
    outer loop
      vertex -77.8198 -15.9014 2.4
      vertex -76.8918 -15.3148 2.4
      vertex -76.8951 -15.3092 2.4
    endloop
  endfacet
  facet normal 0 0 1
    outer loop
      vertex -77.8595 -15.8339 2.4
      vertex -76.8951 -15.3092 2.4
      vertex -76.898 -15.3035 2.4
    endloop
  endfacet
  facet normal 0 0 1
    outer loop
      vertex -77.8946 -15.7639 2.4
      vertex -76.898 -15.3035 2.4
      vertex -76.9005 -15.2975 2.4
    endloop
  endfacet
  facet normal 0 0 1
    outer loop
      vertex -77.9251 -15.6917 2.4
      vertex -76.9005 -15.2975 2.4
      vertex -76.9027 -15.2913 2.4
    endloop
  endfacet
  facet normal 0 0 1
    outer loop
      vertex -77.9717 -15.5422 2.4
      vertex -76.9027 -15.2913 2.4
      vertex -76.9091 -15.268 2.4
    endloop
  endfacet
  facet normal 0 0 1
    outer loop
      vertex -76.8255 -15.3594 2.4
      vertex -76.9942 -16.4443 2.4
      vertex -76.908 -16.4547 2.4
    endloop
  endfacet
  facet normal 0 0 1
    outer loop
      vertex -76.8296 -15.3586 2.4
      vertex -77.0712 -16.4296 2.4
      vertex -76.9942 -16.4443 2.4
    endloop
  endfacet
  facet normal 0 0 1
    outer loop
      vertex -76.836 -15.3569 2.4
      vertex -77.147 -16.4098 2.4
      vertex -77.0712 -16.4296 2.4
    endloop
  endfacet
  facet normal 0 0 1
    outer loop
      vertex -76.8424 -15.3548 2.4
      vertex -77.2213 -16.3852 2.4
      vertex -77.147 -16.4098 2.4
    endloop
  endfacet
  facet normal 0 0 1
    outer loop
      vertex -76.8483 -15.3524 2.4
      vertex -77.2939 -16.3558 2.4
      vertex -77.2213 -16.3852 2.4
    endloop
  endfacet
  facet normal 0 0 1
    outer loop
      vertex -76.854 -15.3497 2.4
      vertex -77.3644 -16.3216 2.4
      vertex -77.2939 -16.3558 2.4
    endloop
  endfacet
  facet normal 0 0 1
    outer loop
      vertex -76.8597 -15.3464 2.4
      vertex -77.4326 -16.283 2.4
      vertex -77.3644 -16.3216 2.4
    endloop
  endfacet
  facet normal 0 0 1
    outer loop
      vertex -76.8652 -15.3429 2.4
      vertex -77.498 -16.2399 2.4
      vertex -77.4326 -16.283 2.4
    endloop
  endfacet
  facet normal 0 0 1
    outer loop
      vertex -76.8703 -15.3389 2.4
      vertex -77.5605 -16.1927 2.4
      vertex -77.498 -16.2399 2.4
    endloop
  endfacet
  facet normal 0 0 1
    outer loop
      vertex -76.8752 -15.3348 2.4
      vertex -77.6198 -16.1415 2.4
      vertex -77.5605 -16.1927 2.4
    endloop
  endfacet
  facet normal 0 0 1
    outer loop
      vertex -76.8797 -15.3303 2.4
      vertex -77.6756 -16.0865 2.4
      vertex -77.6198 -16.1415 2.4
    endloop
  endfacet
  facet normal 0 0 1
    outer loop
      vertex -76.8843 -15.3251 2.4
      vertex -77.7276 -16.028 2.4
      vertex -77.6756 -16.0865 2.4
    endloop
  endfacet
  facet normal 0 0 1
    outer loop
      vertex -76.8881 -15.3202 2.4
      vertex -77.7758 -15.9662 2.4
      vertex -77.7276 -16.028 2.4
    endloop
  endfacet
  facet normal 0 0 1
    outer loop
      vertex -76.8918 -15.3148 2.4
      vertex -77.8198 -15.9014 2.4
      vertex -77.7758 -15.9662 2.4
    endloop
  endfacet
  facet normal 0 0 1
    outer loop
      vertex -76.8951 -15.3092 2.4
      vertex -77.8595 -15.8339 2.4
      vertex -77.8198 -15.9014 2.4
    endloop
  endfacet
  facet normal 0 0 1
    outer loop
      vertex -76.898 -15.3035 2.4
      vertex -77.8946 -15.7639 2.4
      vertex -77.8595 -15.8339 2.4
    endloop
  endfacet
  facet normal 0 0 1
    outer loop
      vertex -76.9005 -15.2975 2.4
      vertex -77.9251 -15.6917 2.4
      vertex -77.8946 -15.7639 2.4
    endloop
  endfacet
  facet normal 0 0 1
    outer loop
      vertex -76.9027 -15.2913 2.4
      vertex -77.9508 -15.6178 2.4
      vertex -77.9251 -15.6917 2.4
    endloop
  endfacet
  facet normal 0 0 1
    outer loop
      vertex -76.9027 -15.2913 2.4
      vertex -77.9717 -15.5422 2.4
      vertex -77.9508 -15.6178 2.4
    endloop
  endfacet
  facet normal 0 0 1
    outer loop
      vertex -78.8973 -7.01693 2.4
      vertex -77.9717 -15.5422 2.4
      vertex -76.9091 -15.268 2.4
    endloop
  endfacet
  facet normal 0 0 1
    outer loop
      vertex -79.9667 -7.26296 2.4
      vertex -78.8973 -7.01693 2.4
      vertex -78.8993 -7.00775 2.4
    endloop
  endfacet
  facet normal 0 0 1
    outer loop
      vertex -79.9778 -7.21207 2.4
      vertex -78.8993 -7.00775 2.4
      vertex -78.9014 -6.99504 2.4
    endloop
  endfacet
  facet normal 0 0 1
    outer loop
      vertex -77.9031 7.49904 2.4
      vertex -78.9831 7.69591 2.4
      vertex -77.9048 7.48749 2.4
    endloop
  endfacet
  facet normal -0 0 1
    outer loop
      vertex -78.9946 7.61844 2.4
      vertex -77.9048 7.48749 2.4
      vertex -78.9831 7.69591 2.4
    endloop
  endfacet
  facet normal -0 0 1
    outer loop
      vertex -78.9997 7.56366 2.4
      vertex -77.9048 7.48749 2.4
      vertex -78.9946 7.61844 2.4
    endloop
  endfacet
  facet normal 0 0 1
    outer loop
      vertex -77.9048 7.48749 2.4
      vertex -78.9997 7.56366 2.4
      vertex -77.9059 7.47553 2.4
    endloop
  endfacet
  facet normal -0 0 1
    outer loop
      vertex -79.9972 -6.90018 2.4
      vertex -78.9013 -6.95766 2.4
      vertex -78.9997 7.56366 2.4
    endloop
  endfacet
  facet normal 0 0 1
    outer loop
      vertex -78.8973 -7.01693 2.4
      vertex -79.9667 -7.26296 2.4
      vertex -77.9717 -15.5422 2.4
    endloop
  endfacet
  facet normal 0 0 1
    outer loop
      vertex -79.9903 -7.13474 2.4
      vertex -78.9014 -6.99504 2.4
      vertex -78.902 -6.98878 2.4
    endloop
  endfacet
  facet normal 0 0 1
    outer loop
      vertex -79.9977 -7.05676 2.4
      vertex -78.902 -6.98878 2.4
      vertex -78.9022 -6.98221 2.4
    endloop
  endfacet
  facet normal 0 0 1
    outer loop
      vertex -78.9013 -6.95766 2.4
      vertex -79.9972 -6.90018 2.4
      vertex -78.9022 -6.98221 2.4
    endloop
  endfacet
  facet normal -0 0 1
    outer loop
      vertex -80 -6.97846 2.4
      vertex -78.9022 -6.98221 2.4
      vertex -79.9972 -6.90018 2.4
    endloop
  endfacet
  facet normal 0 0 1
    outer loop
      vertex -78.8993 -7.00775 2.4
      vertex -79.9778 -7.21207 2.4
      vertex -79.9667 -7.26296 2.4
    endloop
  endfacet
  facet normal 0 0 1
    outer loop
      vertex -78.9014 -6.99504 2.4
      vertex -79.9903 -7.13474 2.4
      vertex -79.9778 -7.21207 2.4
    endloop
  endfacet
  facet normal 0 0 1
    outer loop
      vertex -78.902 -6.98878 2.4
      vertex -79.9977 -7.05676 2.4
      vertex -79.9903 -7.13474 2.4
    endloop
  endfacet
  facet normal 0 0 1
    outer loop
      vertex -78.9022 -6.98221 2.4
      vertex -80 -6.97846 2.4
      vertex -79.9977 -7.05676 2.4
    endloop
  endfacet
  facet normal 0 0 1
    outer loop
      vertex 9.11838 22.5353 2.4
      vertex 49.2366 16.6779 2.4
      vertex 58.3952 16.6979 2.4
    endloop
  endfacet
  facet normal 0 0 1
    outer loop
      vertex 9.00323 21.444 2.4
      vertex 9.11838 22.5353 2.4
      vertex 9.05718 22.541 2.4
    endloop
  endfacet
  facet normal 0 0 1
    outer loop
      vertex 9.11838 22.5353 2.4
      vertex 9.00323 21.444 2.4
      vertex 49.2366 16.6779 2.4
    endloop
  endfacet
  facet normal 0 0 1
    outer loop
      vertex 9.05718 22.541 2.4
      vertex 8.97019 21.4471 2.4
      vertex 9.00323 21.444 2.4
    endloop
  endfacet
  facet normal 0 0 1
    outer loop
      vertex 0.0796197 23.1395 2.4
      vertex 8.97019 21.4471 2.4
      vertex 9.05718 22.541 2.4
    endloop
  endfacet
  facet normal 0 0 1
    outer loop
      vertex 0.0796197 23.1395 2.4
      vertex 0.0243684 22.0435 2.4
      vertex 8.97019 21.4471 2.4
    endloop
  endfacet
  facet normal 0 0 1
    outer loop
      vertex 0.000791478 22.0443 2.4
      vertex 0.0796197 23.1395 2.4
      vertex 0.00133942 23.1421 2.4
    endloop
  endfacet
  facet normal 0 0 1
    outer loop
      vertex 0.0796197 23.1395 2.4
      vertex 0.000791478 22.0443 2.4
      vertex 0.0243684 22.0435 2.4
    endloop
  endfacet
  facet normal -0 0 1
    outer loop
      vertex -0.0796197 23.1395 2.4
      vertex 0.000791478 22.0443 2.4
      vertex 0.00133942 23.1421 2.4
    endloop
  endfacet
  facet normal 0 0 1
    outer loop
      vertex 0.000791478 22.0443 2.4
      vertex -0.0796197 23.1395 2.4
      vertex -0.0251294 22.0434 2.4
    endloop
  endfacet
  facet normal 0 0 1
    outer loop
      vertex -0.0796197 23.1395 2.4
      vertex -8.97019 21.4471 2.4
      vertex -0.0251294 22.0434 2.4
    endloop
  endfacet
  facet normal -0 0 1
    outer loop
      vertex -9.05718 22.541 2.4
      vertex -8.97019 21.4471 2.4
      vertex -0.0796197 23.1395 2.4
    endloop
  endfacet
  facet normal 0 0 1
    outer loop
      vertex -8.97019 21.4471 2.4
      vertex -9.05718 22.541 2.4
      vertex -9.00323 21.444 2.4
    endloop
  endfacet
  facet normal -0 0 1
    outer loop
      vertex -9.11838 22.5353 2.4
      vertex -9.00323 21.444 2.4
      vertex -9.05718 22.541 2.4
    endloop
  endfacet
  facet normal 0 0 1
    outer loop
      vertex -9.11838 22.5353 2.4
      vertex -49.2471 16.6767 2.4
      vertex -9.00323 21.444 2.4
    endloop
  endfacet
  facet normal 0 -0 1
    outer loop
      vertex -49.2471 16.6767 2.4
      vertex -9.11838 22.5353 2.4
      vertex -58.4221 16.6947 2.4
    endloop
  endfacet
  facet normal -0 0 1
    outer loop
      vertex -71.0902 -0.273421 2.4
      vertex -66.133 -2.24071 2.4
      vertex -71.0768 -0.137004 2.4
    endloop
  endfacet
  facet normal -0 0 1
    outer loop
      vertex -71.1126 -0.408667 2.4
      vertex -66.133 -2.24071 2.4
      vertex -71.0902 -0.273421 2.4
    endloop
  endfacet
  facet normal -0 0 1
    outer loop
      vertex -72.7649 11.9822 2.4
      vertex -68.0435 11.8647 2.4
      vertex -68.0332 12.5427 2.4
    endloop
  endfacet
  facet normal 0 0 1
    outer loop
      vertex -68.0435 11.8647 2.4
      vertex -71.0768 0.137004 2.4
      vertex -71.0723 0 2.4
    endloop
  endfacet
  facet normal 0 0 1
    outer loop
      vertex -68.0435 11.8647 2.4
      vertex -71.0902 0.273421 2.4
      vertex -71.0768 0.137004 2.4
    endloop
  endfacet
  facet normal 0 0 1
    outer loop
      vertex -68.0435 11.8647 2.4
      vertex -71.1126 0.408667 2.4
      vertex -71.0902 0.273421 2.4
    endloop
  endfacet
  facet normal 0 0 1
    outer loop
      vertex -68.0435 11.8647 2.4
      vertex -71.1437 0.542165 2.4
      vertex -71.1126 0.408667 2.4
    endloop
  endfacet
  facet normal 0 0 1
    outer loop
      vertex -68.0435 11.8647 2.4
      vertex -71.1835 0.673339 2.4
      vertex -71.1437 0.542165 2.4
    endloop
  endfacet
  facet normal 0 0 1
    outer loop
      vertex -68.0435 11.8647 2.4
      vertex -71.2318 0.801631 2.4
      vertex -71.1835 0.673339 2.4
    endloop
  endfacet
  facet normal 0 0 1
    outer loop
      vertex -68.0435 11.8647 2.4
      vertex -71.2883 0.926489 2.4
      vertex -71.2318 0.801631 2.4
    endloop
  endfacet
  facet normal 0 0 1
    outer loop
      vertex -68.0435 11.8647 2.4
      vertex -71.353 1.04738 2.4
      vertex -71.2883 0.926489 2.4
    endloop
  endfacet
  facet normal 0 0 1
    outer loop
      vertex -68.0435 11.8647 2.4
      vertex -71.4253 1.16379 2.4
      vertex -71.353 1.04738 2.4
    endloop
  endfacet
  facet normal 0 0 1
    outer loop
      vertex -68.0435 11.8647 2.4
      vertex -71.5052 1.27521 2.4
      vertex -71.4253 1.16379 2.4
    endloop
  endfacet
  facet normal 0 0 1
    outer loop
      vertex -68.0435 11.8647 2.4
      vertex -71.5922 1.38117 2.4
      vertex -71.5052 1.27521 2.4
    endloop
  endfacet
  facet normal 0 0 1
    outer loop
      vertex -68.0435 11.8647 2.4
      vertex -71.6859 1.48122 2.4
      vertex -71.5922 1.38117 2.4
    endloop
  endfacet
  facet normal 0 0 1
    outer loop
      vertex -68.0435 11.8647 2.4
      vertex -71.7859 1.57493 2.4
      vertex -71.6859 1.48122 2.4
    endloop
  endfacet
  facet normal 0 0 1
    outer loop
      vertex -68.0435 11.8647 2.4
      vertex -71.8919 1.66189 2.4
      vertex -71.7859 1.57493 2.4
    endloop
  endfacet
  facet normal 0 0 1
    outer loop
      vertex -68.0435 11.8647 2.4
      vertex -72.0033 1.74173 2.4
      vertex -71.8919 1.66189 2.4
    endloop
  endfacet
  facet normal 0 0 1
    outer loop
      vertex -68.0435 11.8647 2.4
      vertex -72.1197 1.81412 2.4
      vertex -72.0033 1.74173 2.4
    endloop
  endfacet
  facet normal 0 0 1
    outer loop
      vertex -68.0435 11.8647 2.4
      vertex -72.2406 1.87874 2.4
      vertex -72.1197 1.81412 2.4
    endloop
  endfacet
  facet normal 0 -0 1
    outer loop
      vertex -72.3654 1.93531 2.4
      vertex -68.0435 11.8647 2.4
      vertex -72.7649 11.9822 2.4
    endloop
  endfacet
  facet normal 0 0 1
    outer loop
      vertex -68.0435 11.8647 2.4
      vertex -72.3654 1.93531 2.4
      vertex -72.2406 1.87874 2.4
    endloop
  endfacet
  facet normal 0 0 1
    outer loop
      vertex -72.3654 1.93531 2.4
      vertex -72.7649 11.9822 2.4
      vertex -72.4937 1.98359 2.4
    endloop
  endfacet
  facet normal -0 0 1
    outer loop
      vertex -76.046 6.89646 2.4
      vertex -72.4937 1.98359 2.4
      vertex -72.7649 11.9822 2.4
    endloop
  endfacet
  facet normal 0 0 1
    outer loop
      vertex -72.4937 1.98359 2.4
      vertex -76.046 6.89646 2.4
      vertex -72.6249 2.02338 2.4
    endloop
  endfacet
  facet normal 0 0 1
    outer loop
      vertex -72.6249 2.02338 2.4
      vertex -76.046 6.89646 2.4
      vertex -72.7584 2.05451 2.4
    endloop
  endfacet
  facet normal 0 0 1
    outer loop
      vertex -72.7584 2.05451 2.4
      vertex -76.046 6.89646 2.4
      vertex -72.8937 2.07684 2.4
    endloop
  endfacet
  facet normal 0 0 1
    outer loop
      vertex -72.8937 2.07684 2.4
      vertex -76.046 6.89646 2.4
      vertex -73.0301 2.09028 2.4
    endloop
  endfacet
  facet normal 0 0 1
    outer loop
      vertex -73.0301 2.09028 2.4
      vertex -76.046 6.89646 2.4
      vertex -73.1671 2.09476 2.4
    endloop
  endfacet
  facet normal 0 0 1
    outer loop
      vertex -73.1671 2.09476 2.4
      vertex -76.046 6.89646 2.4
      vertex -73.3041 2.09028 2.4
    endloop
  endfacet
  facet normal 0 0 1
    outer loop
      vertex -73.3041 2.09028 2.4
      vertex -76.046 6.89646 2.4
      vertex -73.4405 2.07684 2.4
    endloop
  endfacet
  facet normal 0 0 1
    outer loop
      vertex -73.4405 2.07684 2.4
      vertex -76.046 6.89646 2.4
      vertex -73.5758 2.05451 2.4
    endloop
  endfacet
  facet normal 0 0 1
    outer loop
      vertex -73.5758 2.05451 2.4
      vertex -76.046 6.89646 2.4
      vertex -73.7092 2.02338 2.4
    endloop
  endfacet
  facet normal 0 0 1
    outer loop
      vertex -73.7092 2.02338 2.4
      vertex -76.046 6.89646 2.4
      vertex -73.8404 1.98359 2.4
    endloop
  endfacet
  facet normal 0 0 1
    outer loop
      vertex -73.8404 1.98359 2.4
      vertex -76.046 6.89646 2.4
      vertex -73.9687 1.93531 2.4
    endloop
  endfacet
  facet normal 0 0 1
    outer loop
      vertex -73.9687 1.93531 2.4
      vertex -76.046 6.89646 2.4
      vertex -74.0936 1.87874 2.4
    endloop
  endfacet
  facet normal 0 0 1
    outer loop
      vertex -74.0936 1.87874 2.4
      vertex -76.046 6.89646 2.4
      vertex -74.2145 1.81412 2.4
    endloop
  endfacet
  facet normal 0 0 1
    outer loop
      vertex -74.2145 1.81412 2.4
      vertex -76.046 6.89646 2.4
      vertex -74.3309 1.74173 2.4
    endloop
  endfacet
  facet normal 0 0 1
    outer loop
      vertex -74.3309 1.74173 2.4
      vertex -76.046 6.89646 2.4
      vertex -74.4423 1.66189 2.4
    endloop
  endfacet
  facet normal 0 0 1
    outer loop
      vertex -74.4423 1.66189 2.4
      vertex -76.046 6.89646 2.4
      vertex -74.5483 1.57493 2.4
    endloop
  endfacet
  facet normal 0 0 1
    outer loop
      vertex -74.5483 1.57493 2.4
      vertex -76.046 6.89646 2.4
      vertex -74.6483 1.48122 2.4
    endloop
  endfacet
  facet normal 0 0 1
    outer loop
      vertex -74.6483 1.48122 2.4
      vertex -76.046 6.89646 2.4
      vertex -74.742 1.38117 2.4
    endloop
  endfacet
  facet normal 0 0 1
    outer loop
      vertex -74.742 1.38117 2.4
      vertex -76.046 6.89646 2.4
      vertex -74.829 1.27521 2.4
    endloop
  endfacet
  facet normal 0 0 1
    outer loop
      vertex -74.829 1.27521 2.4
      vertex -76.046 6.89646 2.4
      vertex -74.9088 1.16379 2.4
    endloop
  endfacet
  facet normal 0 0 1
    outer loop
      vertex -74.9088 1.16379 2.4
      vertex -76.046 6.89646 2.4
      vertex -74.9812 1.04738 2.4
    endloop
  endfacet
  facet normal 0 0 1
    outer loop
      vertex -74.9812 1.04738 2.4
      vertex -76.046 6.89646 2.4
      vertex -75.0458 0.926489 2.4
    endloop
  endfacet
  facet normal 0 0 1
    outer loop
      vertex -75.0458 0.926489 2.4
      vertex -76.046 6.89646 2.4
      vertex -75.1024 0.801631 2.4
    endloop
  endfacet
  facet normal 0 0 1
    outer loop
      vertex -75.1024 0.801631 2.4
      vertex -76.046 6.89646 2.4
      vertex -75.1507 0.673339 2.4
    endloop
  endfacet
  facet normal 0 0 1
    outer loop
      vertex -75.1507 0.673339 2.4
      vertex -76.046 6.89646 2.4
      vertex -75.1905 0.542165 2.4
    endloop
  endfacet
  facet normal 0 0 1
    outer loop
      vertex -75.1905 0.542165 2.4
      vertex -76.046 6.89646 2.4
      vertex -75.2216 0.408667 2.4
    endloop
  endfacet
  facet normal 0 0 1
    outer loop
      vertex -76.046 6.89646 2.4
      vertex -75.2439 0.273421 2.4
      vertex -75.2216 0.408667 2.4
    endloop
  endfacet
  facet normal 0 0 1
    outer loop
      vertex -76.046 6.89646 2.4
      vertex -75.2574 0.137004 2.4
      vertex -75.2439 0.273421 2.4
    endloop
  endfacet
  facet normal 0 0 1
    outer loop
      vertex -76.9927 -6.83049 2.4
      vertex -75.2574 0.137004 2.4
      vertex -76.046 6.89646 2.4
    endloop
  endfacet
  facet normal 0 0 1
    outer loop
      vertex -75.2618 0 2.4
      vertex -76.9927 -6.83049 2.4
      vertex -75.2574 -0.137004 2.4
    endloop
  endfacet
  facet normal 0 0 1
    outer loop
      vertex -75.2574 -0.137004 2.4
      vertex -76.9927 -6.83049 2.4
      vertex -75.3661 -13.5809 2.4
    endloop
  endfacet
  facet normal 0 0 1
    outer loop
      vertex 54.5965 -2.82844 2.4
      vertex 52.392 -2.1673 2.4
      vertex 52.6125 -2.53457 2.4
    endloop
  endfacet
  facet normal -0 0 1
    outer loop
      vertex 50.9224 1.65296 2.4
      vertex 52.392 -2.1673 2.4
      vertex 53.0534 1.7999 2.4
    endloop
  endfacet
  facet normal -0 0 1
    outer loop
      vertex 50.1876 1.43261 2.4
      vertex 52.392 -2.1673 2.4
      vertex 50.9224 1.65296 2.4
    endloop
  endfacet
  facet normal 0 0 1
    outer loop
      vertex 49.1589 1.35909 2.4
      vertex 50.1876 1.43261 2.4
      vertex 49.4528 1.57955 2.4
    endloop
  endfacet
  facet normal 0 0 1
    outer loop
      vertex 50.1876 1.43261 2.4
      vertex 49.1589 1.35909 2.4
      vertex 48.9384 -0.47752 2.4
    endloop
  endfacet
  facet normal 0 0 1
    outer loop
      vertex 50.1876 1.43261 2.4
      vertex 48.9384 -0.47752 2.4
      vertex 52.392 -2.1673 2.4
    endloop
  endfacet
  facet normal 0 0 1
    outer loop
      vertex 48.9384 -0.47752 2.4
      vertex 48.8649 -2.09378 2.4
      vertex 52.392 -2.1673 2.4
    endloop
  endfacet
  facet normal 0 -0 1
    outer loop
      vertex 48.8649 -2.09378 2.4
      vertex 48.9384 -0.47752 2.4
      vertex 48.571 -1.72649 2.4
    endloop
  endfacet
  facet normal 0 0 1
    outer loop
      vertex 55.9926 4.29774 2.4
      vertex 53.3473 3.85695 2.4
      vertex 53.4943 3.71002 2.4
    endloop
  endfacet
  facet normal -0 0 1
    outer loop
      vertex 52.6125 6.72219 2.4
      vertex 53.3473 3.85695 2.4
      vertex 54.1556 6.72219 2.4
    endloop
  endfacet
  facet normal -0 0 1
    outer loop
      vertex 51.8777 6.57525 2.4
      vertex 53.3473 3.85695 2.4
      vertex 52.6125 6.72219 2.4
    endloop
  endfacet
  facet normal 0 0 1
    outer loop
      vertex 49.9672 5.25286 2.4
      vertex 51.8777 6.57525 2.4
      vertex 50.4815 6.64868 2.4
    endloop
  endfacet
  facet normal 0 0 1
    outer loop
      vertex 49.9672 5.25286 2.4
      vertex 50.4815 6.64868 2.4
      vertex 50.1141 6.35481 2.4
    endloop
  endfacet
  facet normal 0 0 1
    outer loop
      vertex 51.8777 6.57525 2.4
      vertex 49.9672 5.25286 2.4
      vertex 53.3473 3.85695 2.4
    endloop
  endfacet
  facet normal 0 0 1
    outer loop
      vertex 49.9672 5.25286 2.4
      vertex 49.9672 3.85695 2.4
      vertex 53.3473 3.85695 2.4
    endloop
  endfacet
  facet normal -0 0 1
    outer loop
      vertex 49.6732 4.59161 2.4
      vertex 49.9672 3.85695 2.4
      vertex 49.9672 5.25286 2.4
    endloop
  endfacet
  facet normal 0 0 1
    outer loop
      vertex 49.9672 3.85695 2.4
      vertex 49.6732 4.59161 2.4
      vertex 49.6732 4.07739 2.4
    endloop
  endfacet
  facet normal -0 0 1
    outer loop
      vertex 49.8202 -12.3791 2.4
      vertex 52.0246 -13.7749 2.4
      vertex 51.5102 -10.3954 2.4
    endloop
  endfacet
  facet normal 0 0 1
    outer loop
      vertex 50.7019 -13.9953 2.4
      vertex 52.0246 -13.7749 2.4
      vertex 50.7755 -13.7749 2.4
    endloop
  endfacet
  facet normal 0 0 1
    outer loop
      vertex 52.0246 -13.7749 2.4
      vertex 51.4368 -15.0238 2.4
      vertex 52.0246 -15.0973 2.4
    endloop
  endfacet
  facet normal 0 0 1
    outer loop
      vertex 52.0246 -13.7749 2.4
      vertex 49.8202 -12.3791 2.4
      vertex 50.7755 -13.7749 2.4
    endloop
  endfacet
  facet normal 0 -0 1
    outer loop
      vertex 49.8202 -12.3791 2.4
      vertex 51.5102 -10.3954 2.4
      vertex 49.7467 -11.9383 2.4
    endloop
  endfacet
  facet normal 0 0 1
    outer loop
      vertex 52.0246 -13.7749 2.4
      vertex 50.7019 -13.9953 2.4
      vertex 51.4368 -15.0238 2.4
    endloop
  endfacet
  facet normal 0 0 1
    outer loop
      vertex 50.7019 -13.9953 2.4
      vertex 49.9672 -15.3911 2.4
      vertex 51.4368 -15.0238 2.4
    endloop
  endfacet
  facet normal -0 0 1
    outer loop
      vertex 49.6732 -13.9953 2.4
      vertex 49.9672 -15.3911 2.4
      vertex 50.7019 -13.9953 2.4
    endloop
  endfacet
  facet normal -0 0 1
    outer loop
      vertex 47.9097 -13.7014 2.4
      vertex 49.6732 -13.9953 2.4
      vertex 48.9384 -12.6729 2.4
    endloop
  endfacet
  facet normal 0 0 1
    outer loop
      vertex 48.1302 -12.7463 2.4
      vertex 48.9384 -12.6729 2.4
      vertex 48.6445 -12.4525 2.4
    endloop
  endfacet
  facet normal 0 -0 1
    outer loop
      vertex 48.3506 -15.3911 2.4
      vertex 49.6732 -13.9953 2.4
      vertex 47.9097 -13.7014 2.4
    endloop
  endfacet
  facet normal 0 0 1
    outer loop
      vertex 48.9384 -12.6729 2.4
      vertex 48.1302 -12.7463 2.4
      vertex 47.9097 -13.7014 2.4
    endloop
  endfacet
  facet normal 0 0 1
    outer loop
      vertex 49.6732 -13.9953 2.4
      vertex 48.3506 -15.3911 2.4
      vertex 49.9672 -15.3911 2.4
    endloop
  endfacet
  facet normal -0 0 1
    outer loop
      vertex 47.6893 -13.9218 2.4
      vertex 48.3506 -15.3911 2.4
      vertex 47.9097 -13.7014 2.4
    endloop
  endfacet
  facet normal 0 0 1
    outer loop
      vertex 48.3506 -15.3911 2.4
      vertex 47.6893 -13.9218 2.4
      vertex 47.9831 -15.6116 2.4
    endloop
  endfacet
  facet normal -0 0 1
    outer loop
      vertex 46.9544 -13.9953 2.4
      vertex 47.9831 -15.6116 2.4
      vertex 47.6893 -13.9218 2.4
    endloop
  endfacet
  facet normal 0 0 1
    outer loop
      vertex 46.9544 -13.9953 2.4
      vertex 46.0726 -15.8319 2.4
      vertex 47.9831 -15.6116 2.4
    endloop
  endfacet
  facet normal -0 0 1
    outer loop
      vertex 45.3378 -13.6279 2.4
      vertex 46.9544 -13.9953 2.4
      vertex 46.734 -13.5545 2.4
    endloop
  endfacet
  facet normal 0 0 1
    outer loop
      vertex 45.3378 -13.6279 2.4
      vertex 46.734 -13.5545 2.4
      vertex 46.0726 -10.5424 2.4
    endloop
  endfacet
  facet normal 0 0 1
    outer loop
      vertex 46.9544 -13.9953 2.4
      vertex 45.3378 -13.6279 2.4
      vertex 45.0439 -13.9953 2.4
    endloop
  endfacet
  facet normal 0 0 1
    outer loop
      vertex 48.8649 -11.5709 2.4
      vertex 48.6445 -10.322 2.4
      vertex 48.571 -11.3505 2.4
    endloop
  endfacet
  facet normal 0 0 1
    outer loop
      vertex 46.9544 -13.9953 2.4
      vertex 45.0439 -13.9953 2.4
      vertex 46.0726 -15.8319 2.4
    endloop
  endfacet
  facet normal 0 0 1
    outer loop
      vertex 44.1622 -13.9218 2.4
      vertex 46.0726 -15.8319 2.4
      vertex 45.0439 -13.9953 2.4
    endloop
  endfacet
  facet normal -0 0 1
    outer loop
      vertex 42.4721 -13.8484 2.4
      vertex 44.1622 -13.9218 2.4
      vertex 43.7213 -11.1301 2.4
    endloop
  endfacet
  facet normal 0 0 1
    outer loop
      vertex 42.1782 -14.0687 2.4
      vertex 44.1622 -13.9218 2.4
      vertex 42.4721 -13.8484 2.4
    endloop
  endfacet
  facet normal 0 0 1
    outer loop
      vertex 44.1622 -13.9218 2.4
      vertex 42.1782 -14.0687 2.4
      vertex 46.0726 -15.8319 2.4
    endloop
  endfacet
  facet normal 0 0 1
    outer loop
      vertex 41.2964 -13.9953 2.4
      vertex 46.0726 -15.8319 2.4
      vertex 42.1782 -14.0687 2.4
    endloop
  endfacet
  facet normal 0 0 1
    outer loop
      vertex 41.8843 -12.8933 2.4
      vertex 40.1207 -12.0852 2.4
      vertex 41.1494 -13.481 2.4
    endloop
  endfacet
  facet normal -0 0 1
    outer loop
      vertex 39.9738 -13.3341 2.4
      vertex 41.1494 -13.481 2.4
      vertex 40.1207 -12.0852 2.4
    endloop
  endfacet
  facet normal 0 -0 1
    outer loop
      vertex 40.0472 -13.6279 2.4
      vertex 41.1494 -13.481 2.4
      vertex 39.9738 -13.3341 2.4
    endloop
  endfacet
  facet normal 0 0 1
    outer loop
      vertex 39.8267 -13.9953 2.4
      vertex 41.1494 -13.8484 2.4
      vertex 40.0472 -13.6279 2.4
    endloop
  endfacet
  facet normal 0 0 1
    outer loop
      vertex 41.1494 -13.8484 2.4
      vertex 39.8267 -13.9953 2.4
      vertex 41.2964 -13.9953 2.4
    endloop
  endfacet
  facet normal 0 0 1
    outer loop
      vertex 41.2964 -13.9953 2.4
      vertex 39.8267 -13.9953 2.4
      vertex 46.0726 -15.8319 2.4
    endloop
  endfacet
  facet normal 0 0 1
    outer loop
      vertex 37.255 -13.9953 2.4
      vertex 39.8267 -13.9953 2.4
      vertex 37.4754 -13.8484 2.4
    endloop
  endfacet
  facet normal 0 0 1
    outer loop
      vertex 34.9771 -14.8034 2.4
      vertex 39.8267 -13.9953 2.4
      vertex 37.255 -13.9953 2.4
    endloop
  endfacet
  facet normal 0 0 1
    outer loop
      vertex 34.9771 -14.8034 2.4
      vertex 37.255 -13.9953 2.4
      vertex 36.7405 -13.9953 2.4
    endloop
  endfacet
  facet normal 0 0 1
    outer loop
      vertex 34.9035 -12.8933 2.4
      vertex 36.8141 -12.1586 2.4
      vertex 35.4179 -11.3505 2.4
    endloop
  endfacet
  facet normal 0 0 1
    outer loop
      vertex 36.8141 -12.1586 2.4
      vertex 35.3444 -13.481 2.4
      vertex 36.5201 -13.7749 2.4
    endloop
  endfacet
  facet normal 0 0 1
    outer loop
      vertex 35.2709 -14.2157 2.4
      vertex 36.5201 -13.7749 2.4
      vertex 35.3444 -13.481 2.4
    endloop
  endfacet
  facet normal 0 0 1
    outer loop
      vertex 36.5201 -13.7749 2.4
      vertex 35.2709 -14.2157 2.4
      vertex 36.7405 -13.9953 2.4
    endloop
  endfacet
  facet normal 0 0 1
    outer loop
      vertex 34.9771 -14.8034 2.4
      vertex 36.7405 -13.9953 2.4
      vertex 35.2709 -14.2157 2.4
    endloop
  endfacet
  facet normal 0 0 1
    outer loop
      vertex 39.8267 -13.9953 2.4
      vertex 34.9771 -14.8034 2.4
      vertex 46.0726 -15.8319 2.4
    endloop
  endfacet
  facet normal -0 0 1
    outer loop
      vertex 34.0953 -14.8034 2.4
      vertex 46.0726 -15.8319 2.4
      vertex 34.9771 -14.8034 2.4
    endloop
  endfacet
  facet normal 0 0 1
    outer loop
      vertex 33.7279 -13.9953 2.4
      vertex 34.0953 -14.8034 2.4
      vertex 34.0217 -14.2157 2.4
    endloop
  endfacet
  facet normal -0 0 1
    outer loop
      vertex 31.8174 -13.9953 2.4
      vertex 34.0953 -14.8034 2.4
      vertex 33.7279 -13.9953 2.4
    endloop
  endfacet
  facet normal 0 0 1
    outer loop
      vertex 31.156 -14.8034 2.4
      vertex 31.8174 -13.9953 2.4
      vertex 31.3029 -14.2892 2.4
    endloop
  endfacet
  facet normal 0 0 1
    outer loop
      vertex 31.8174 -13.9953 2.4
      vertex 31.156 -14.8034 2.4
      vertex 34.0953 -14.8034 2.4
    endloop
  endfacet
  facet normal 0 0 1
    outer loop
      vertex 8.84284 -19.1571 2.4
      vertex 34.0953 -14.8034 2.4
      vertex 31.156 -14.8034 2.4
    endloop
  endfacet
  facet normal 0 0 1
    outer loop
      vertex 8.84284 -19.1571 2.4
      vertex 31.156 -14.8034 2.4
      vertex 30.3477 -14.8034 2.4
    endloop
  endfacet
  facet normal 0 0 1
    outer loop
      vertex 30.3477 -13.481 2.4
      vertex 29.3924 -13.6279 2.4
      vertex 30.2007 -14.6565 2.4
    endloop
  endfacet
  facet normal -0 0 1
    outer loop
      vertex 29.025 -13.9953 2.4
      vertex 30.2007 -14.6565 2.4
      vertex 29.3924 -13.6279 2.4
    endloop
  endfacet
  facet normal -0 0 1
    outer loop
      vertex 28.6576 -14.1423 2.4
      vertex 30.2007 -14.6565 2.4
      vertex 29.025 -13.9953 2.4
    endloop
  endfacet
  facet normal 0 0 1
    outer loop
      vertex 30.2007 -14.6565 2.4
      vertex 28.6576 -14.1423 2.4
      vertex 30.3477 -14.8034 2.4
    endloop
  endfacet
  facet normal -0 0 1
    outer loop
      vertex 25.8653 -14.1423 2.4
      vertex 30.3477 -14.8034 2.4
      vertex 28.6576 -14.1423 2.4
    endloop
  endfacet
  facet normal 0 0 1
    outer loop
      vertex 23.9548 -13.7749 2.4
      vertex 25.4244 -13.0402 2.4
      vertex 24.8366 -10.5424 2.4
    endloop
  endfacet
  facet normal -0 0 1
    outer loop
      vertex 23.9548 -13.7749 2.4
      vertex 25.7184 -13.9953 2.4
      vertex 25.4244 -13.0402 2.4
    endloop
  endfacet
  facet normal 0 0 1
    outer loop
      vertex 23.6609 -14.0687 2.4
      vertex 25.7184 -13.9953 2.4
      vertex 23.9548 -13.7749 2.4
    endloop
  endfacet
  facet normal 0 0 1
    outer loop
      vertex 25.7184 -13.9953 2.4
      vertex 23.6609 -14.0687 2.4
      vertex 25.8653 -14.1423 2.4
    endloop
  endfacet
  facet normal 0 0 1
    outer loop
      vertex 8.84284 -19.1571 2.4
      vertex 25.8653 -14.1423 2.4
      vertex 23.6609 -14.0687 2.4
    endloop
  endfacet
  facet normal 0 0 1
    outer loop
      vertex 22.9996 -14.0687 2.4
      vertex 23.6609 -14.0687 2.4
      vertex 23.367 -13.9218 2.4
    endloop
  endfacet
  facet normal 0 0 1
    outer loop
      vertex 8.84284 -19.1571 2.4
      vertex 23.6609 -14.0687 2.4
      vertex 22.9996 -14.0687 2.4
    endloop
  endfacet
  facet normal 0 0 1
    outer loop
      vertex 21.8973 -13.9218 2.4
      vertex 22.7791 -13.9218 2.4
      vertex 22.4852 -13.3341 2.4
    endloop
  endfacet
  facet normal -0 0 1
    outer loop
      vertex 21.8973 -13.9218 2.4
      vertex 22.9996 -14.0687 2.4
      vertex 22.7791 -13.9218 2.4
    endloop
  endfacet
  facet normal 0 0 1
    outer loop
      vertex 20.5748 -13.9953 2.4
      vertex 21.8973 -13.9218 2.4
      vertex 21.1626 -13.7749 2.4
    endloop
  endfacet
  facet normal -0 0 1
    outer loop
      vertex 20.5748 -13.9953 2.4
      vertex 22.9996 -14.0687 2.4
      vertex 21.8973 -13.9218 2.4
    endloop
  endfacet
  facet normal 0 0 1
    outer loop
      vertex 19.3255 -14.1423 2.4
      vertex 22.9996 -14.0687 2.4
      vertex 20.5748 -13.9953 2.4
    endloop
  endfacet
  facet normal 0 0 1
    outer loop
      vertex 19.693 -13.6279 2.4
      vertex 20.3543 -13.5545 2.4
      vertex 20.0603 -13.3341 2.4
    endloop
  endfacet
  facet normal 0 0 1
    outer loop
      vertex 20.3543 -13.5545 2.4
      vertex 19.693 -13.6279 2.4
      vertex 20.5748 -13.9953 2.4
    endloop
  endfacet
  facet normal 0 0 1
    outer loop
      vertex 19.5459 -14.0687 2.4
      vertex 20.5748 -13.9953 2.4
      vertex 19.693 -13.6279 2.4
    endloop
  endfacet
  facet normal 0 0 1
    outer loop
      vertex 19.3255 -14.1423 2.4
      vertex 20.5748 -13.9953 2.4
      vertex 19.5459 -14.0687 2.4
    endloop
  endfacet
  facet normal 0 0 1
    outer loop
      vertex 22.9996 -14.0687 2.4
      vertex 19.3255 -14.1423 2.4
      vertex 8.84284 -19.1571 2.4
    endloop
  endfacet
  facet normal 0 0 1
    outer loop
      vertex 25.8653 -14.1423 2.4
      vertex 8.84284 -19.1571 2.4
      vertex 30.3477 -14.8034 2.4
    endloop
  endfacet
  facet normal 0 0 1
    outer loop
      vertex 18.6642 -14.1423 2.4
      vertex 19.3255 -14.1423 2.4
      vertex 18.9581 -13.9953 2.4
    endloop
  endfacet
  facet normal 0 0 1
    outer loop
      vertex 8.84284 -19.1571 2.4
      vertex 19.3255 -14.1423 2.4
      vertex 18.6642 -14.1423 2.4
    endloop
  endfacet
  facet normal -0 0 1
    outer loop
      vertex 17.1211 -13.7749 2.4
      vertex 18.6642 -14.1423 2.4
      vertex 18.5172 -13.6279 2.4
    endloop
  endfacet
  facet normal -0 0 1
    outer loop
      vertex 16.9006 -14.0687 2.4
      vertex 18.6642 -14.1423 2.4
      vertex 17.1211 -13.7749 2.4
    endloop
  endfacet
  facet normal 0 0 1
    outer loop
      vertex 16.1659 -14.1423 2.4
      vertex 18.6642 -14.1423 2.4
      vertex 16.9006 -14.0687 2.4
    endloop
  endfacet
  facet normal 0 0 1
    outer loop
      vertex 16.1659 -14.1423 2.4
      vertex 16.9006 -14.0687 2.4
      vertex 16.6802 -13.9218 2.4
    endloop
  endfacet
  facet normal 0 0 1
    outer loop
      vertex 18.6642 -14.1423 2.4
      vertex 16.1659 -14.1423 2.4
      vertex 8.84284 -19.1571 2.4
    endloop
  endfacet
  facet normal 0 0 1
    outer loop
      vertex 15.0636 -13.1871 2.4
      vertex 16.1659 -14.1423 2.4
      vertex 15.8719 -13.3341 2.4
    endloop
  endfacet
  facet normal 0 0 1
    outer loop
      vertex 13.888 -14.1423 2.4
      vertex 15.0636 -13.1871 2.4
      vertex 14.3288 -13.4076 2.4
    endloop
  endfacet
  facet normal 0 0 1
    outer loop
      vertex 15.0636 -13.1871 2.4
      vertex 13.888 -14.1423 2.4
      vertex 16.1659 -14.1423 2.4
    endloop
  endfacet
  facet normal 0 0 1
    outer loop
      vertex 8.84284 -19.1571 2.4
      vertex 16.1659 -14.1423 2.4
      vertex 13.888 -14.1423 2.4
    endloop
  endfacet
  facet normal 0 0 1
    outer loop
      vertex 8.84284 -19.1571 2.4
      vertex 13.888 -14.1423 2.4
      vertex 12.9327 -14.2157 2.4
    endloop
  endfacet
  facet normal 0 0 1
    outer loop
      vertex 11.463 -13.3341 2.4
      vertex 13.1531 -13.1137 2.4
      vertex 12.2713 -10.7628 2.4
    endloop
  endfacet
  facet normal 0 -0 1
    outer loop
      vertex 11.61 -13.7014 2.4
      vertex 13.1531 -13.1137 2.4
      vertex 11.463 -13.3341 2.4
    endloop
  endfacet
  facet normal 0 0 1
    outer loop
      vertex 11.3161 -14.1423 2.4
      vertex 12.7857 -14.0687 2.4
      vertex 11.61 -13.7014 2.4
    endloop
  endfacet
  facet normal 0 0 1
    outer loop
      vertex 12.7857 -14.0687 2.4
      vertex 11.3161 -14.1423 2.4
      vertex 12.9327 -14.2157 2.4
    endloop
  endfacet
  facet normal 0 0 1
    outer loop
      vertex 8.84284 -19.1571 2.4
      vertex 12.9327 -14.2157 2.4
      vertex 11.3161 -14.1423 2.4
    endloop
  endfacet
  facet normal 0 0 1
    outer loop
      vertex 46.0726 -15.8319 2.4
      vertex 8.84284 -19.1571 2.4
      vertex 48.3423 -15.8461 2.4
    endloop
  endfacet
  facet normal 0 0 1
    outer loop
      vertex 34.0953 -14.8034 2.4
      vertex 8.84284 -19.1571 2.4
      vertex 46.0726 -15.8319 2.4
    endloop
  endfacet
  facet normal -0 0 1
    outer loop
      vertex 8.52378 -14.2157 2.4
      vertex 8.84284 -19.1571 2.4
      vertex 11.3161 -14.1423 2.4
    endloop
  endfacet
  facet normal 0 0 1
    outer loop
      vertex 7.93596 -13.7014 2.4
      vertex 8.84284 -19.1571 2.4
      vertex 8.52378 -14.2157 2.4
    endloop
  endfacet
  facet normal -0 0 1
    outer loop
      vertex -0.220457 -8.19144 2.4
      vertex 7.86244 -13.0402 2.4
      vertex 6.46633 -7.82414 2.4
    endloop
  endfacet
  facet normal 0 -0 1
    outer loop
      vertex 0 -19.7466 2.4
      vertex 7.86244 -13.0402 2.4
      vertex -0.220457 -8.19144 2.4
    endloop
  endfacet
  facet normal 0 0 1
    outer loop
      vertex 7.93596 -13.7014 2.4
      vertex 0 -19.7466 2.4
      vertex 8.84284 -19.1571 2.4
    endloop
  endfacet
  facet normal 0 0 1
    outer loop
      vertex 7.86244 -13.0402 2.4
      vertex 0 -19.7466 2.4
      vertex 7.93596 -13.7014 2.4
    endloop
  endfacet
  facet normal -0 0 1
    outer loop
      vertex -4.70275 -8.19144 2.4
      vertex 0 -19.7466 2.4
      vertex -0.220457 -8.19144 2.4
    endloop
  endfacet
  facet normal 0 0 1
    outer loop
      vertex -8.84284 -19.1571 2.4
      vertex -4.70275 -8.19144 2.4
      vertex -6.39283 -7.89757 2.4
    endloop
  endfacet
  facet normal 0 0 1
    outer loop
      vertex -4.70275 -8.19144 2.4
      vertex -8.84284 -19.1571 2.4
      vertex 0 -19.7466 2.4
    endloop
  endfacet
  facet normal -0 0 1
    outer loop
      vertex -10.2874 -8.19144 2.4
      vertex -8.84284 -19.1571 2.4
      vertex -6.39283 -7.89757 2.4
    endloop
  endfacet
  facet normal -0 0 1
    outer loop
      vertex -17.4151 -8.19144 2.4
      vertex -8.84284 -19.1571 2.4
      vertex -10.2874 -8.19144 2.4
    endloop
  endfacet
  facet normal 0 0 1
    outer loop
      vertex -19.9868 -8.19144 2.4
      vertex -17.4151 -8.19144 2.4
      vertex -19.6195 -8.04449 2.4
    endloop
  endfacet
  facet normal 0 0 1
    outer loop
      vertex -17.4151 -8.19144 2.4
      vertex -19.9868 -8.19144 2.4
      vertex -8.84284 -19.1571 2.4
    endloop
  endfacet
  facet normal 0 0 1
    outer loop
      vertex -27.8494 -10.5424 2.4
      vertex -19.9868 -8.19144 2.4
      vertex -24.4692 -8.19144 2.4
    endloop
  endfacet
  facet normal 0 0 1
    outer loop
      vertex -22.9996 -1.94684 2.4
      vertex -29.0986 0.624431 2.4
      vertex -23.4405 -2.90196 2.4
    endloop
  endfacet
  facet normal 0 0 1
    outer loop
      vertex -23.4405 -2.90196 2.4
      vertex -29.0986 0.624431 2.4
      vertex -23.661 -4.00389 2.4
    endloop
  endfacet
  facet normal 0 0 1
    outer loop
      vertex -27.7759 -10.2485 2.4
      vertex -24.4692 -8.19144 2.4
      vertex -24.8366 -7.89757 2.4
    endloop
  endfacet
  facet normal 0 0 1
    outer loop
      vertex -27.8494 -10.5424 2.4
      vertex -24.4692 -8.19144 2.4
      vertex -27.7759 -10.2485 2.4
    endloop
  endfacet
  facet normal 0 0 1
    outer loop
      vertex -19.9868 -8.19144 2.4
      vertex -27.8494 -10.5424 2.4
      vertex -30.3477 -15.8319 2.4
    endloop
  endfacet
  facet normal 0 0 1
    outer loop
      vertex -30.3477 -15.8319 2.4
      vertex -27.8494 -10.5424 2.4
      vertex -28.9515 -10.6893 2.4
    endloop
  endfacet
  facet normal 0 0 1
    outer loop
      vertex -30.8621 -9.29348 2.4
      vertex -29.9068 -10.1751 2.4
      vertex -30.3477 -9.4404 2.4
    endloop
  endfacet
  facet normal 0 0 1
    outer loop
      vertex -30.3477 -15.8319 2.4
      vertex -28.9515 -10.6893 2.4
      vertex -29.9068 -10.1751 2.4
    endloop
  endfacet
  facet normal 0 0 1
    outer loop
      vertex -19.9868 -8.19144 2.4
      vertex -30.3477 -15.8319 2.4
      vertex -8.84284 -19.1571 2.4
    endloop
  endfacet
  facet normal 0 0 1
    outer loop
      vertex -8.84284 -19.1571 2.4
      vertex -30.3477 -15.8319 2.4
      vertex -47.7936 -15.8921 2.4
    endloop
  endfacet
  facet normal 0 0 1
    outer loop
      vertex -68.0435 -13.7749 2.4
      vertex -67.8231 -14.2132 2.4
      vertex -67.8231 -13.9953 2.4
    endloop
  endfacet
  facet normal -0 0 1
    outer loop
      vertex -71.1437 -0.542165 2.4
      vertex -66.133 -2.24071 2.4
      vertex -71.1126 -0.408667 2.4
    endloop
  endfacet
  facet normal -0 0 1
    outer loop
      vertex -71.1835 -0.673339 2.4
      vertex -66.133 -2.24071 2.4
      vertex -71.1437 -0.542165 2.4
    endloop
  endfacet
  facet normal -0 0 1
    outer loop
      vertex -71.2318 -0.801631 2.4
      vertex -66.133 -2.24071 2.4
      vertex -71.1835 -0.673339 2.4
    endloop
  endfacet
  facet normal -0 0 1
    outer loop
      vertex -71.2883 -0.926489 2.4
      vertex -66.133 -2.24071 2.4
      vertex -71.2318 -0.801631 2.4
    endloop
  endfacet
  facet normal -0 0 1
    outer loop
      vertex -71.353 -1.04738 2.4
      vertex -66.133 -2.24071 2.4
      vertex -71.2883 -0.926489 2.4
    endloop
  endfacet
  facet normal -0 0 1
    outer loop
      vertex -71.4253 -1.16379 2.4
      vertex -66.133 -2.24071 2.4
      vertex -71.353 -1.04738 2.4
    endloop
  endfacet
  facet normal -0 0 1
    outer loop
      vertex -71.5052 -1.27521 2.4
      vertex -66.133 -2.24071 2.4
      vertex -71.4253 -1.16379 2.4
    endloop
  endfacet
  facet normal 0 0 1
    outer loop
      vertex -66.133 -2.24071 2.4
      vertex -71.5052 -1.27521 2.4
      vertex -66.0596 -3.5631 2.4
    endloop
  endfacet
  facet normal -0 0 1
    outer loop
      vertex -71.5922 -1.38117 2.4
      vertex -66.0596 -3.5631 2.4
      vertex -71.5052 -1.27521 2.4
    endloop
  endfacet
  facet normal -0 0 1
    outer loop
      vertex -71.6859 -1.48122 2.4
      vertex -66.0596 -3.5631 2.4
      vertex -71.5922 -1.38117 2.4
    endloop
  endfacet
  facet normal -0 0 1
    outer loop
      vertex -71.7859 -1.57493 2.4
      vertex -66.0596 -3.5631 2.4
      vertex -71.6859 -1.48122 2.4
    endloop
  endfacet
  facet normal -0 0 1
    outer loop
      vertex -71.8919 -1.66189 2.4
      vertex -66.0596 -3.5631 2.4
      vertex -71.7859 -1.57493 2.4
    endloop
  endfacet
  facet normal -0 0 1
    outer loop
      vertex -72.0033 -1.74173 2.4
      vertex -66.0596 -3.5631 2.4
      vertex -71.8919 -1.66189 2.4
    endloop
  endfacet
  facet normal -0 0 1
    outer loop
      vertex -72.1197 -1.81412 2.4
      vertex -66.0596 -3.5631 2.4
      vertex -72.0033 -1.74173 2.4
    endloop
  endfacet
  facet normal -0 0 1
    outer loop
      vertex -72.2406 -1.87874 2.4
      vertex -66.0596 -3.5631 2.4
      vertex -72.1197 -1.81412 2.4
    endloop
  endfacet
  facet normal -0 0 1
    outer loop
      vertex -72.3654 -1.93531 2.4
      vertex -66.0596 -3.5631 2.4
      vertex -72.2406 -1.87874 2.4
    endloop
  endfacet
  facet normal 0 0 1
    outer loop
      vertex -66.0596 -3.5631 2.4
      vertex -72.3654 -1.93531 2.4
      vertex -68.0435 -11.5709 2.4
    endloop
  endfacet
  facet normal -0 0 1
    outer loop
      vertex -72.4937 -1.98359 2.4
      vertex -68.0435 -11.5709 2.4
      vertex -72.3654 -1.93531 2.4
    endloop
  endfacet
  facet normal -0 0 1
    outer loop
      vertex -72.6249 -2.02338 2.4
      vertex -68.0435 -11.5709 2.4
      vertex -72.4937 -1.98359 2.4
    endloop
  endfacet
  facet normal -0 0 1
    outer loop
      vertex -72.7584 -2.05451 2.4
      vertex -68.0435 -11.5709 2.4
      vertex -72.6249 -2.02338 2.4
    endloop
  endfacet
  facet normal -0 0 1
    outer loop
      vertex -72.8937 -2.07684 2.4
      vertex -68.0435 -11.5709 2.4
      vertex -72.7584 -2.05451 2.4
    endloop
  endfacet
  facet normal -0 0 1
    outer loop
      vertex -73.0301 -2.09028 2.4
      vertex -68.0435 -11.5709 2.4
      vertex -72.8937 -2.07684 2.4
    endloop
  endfacet
  facet normal 0 0 1
    outer loop
      vertex -68.0435 -11.5709 2.4
      vertex -73.0301 -2.09028 2.4
      vertex -75.3661 -13.5809 2.4
    endloop
  endfacet
  facet normal 0 0 1
    outer loop
      vertex -75.3661 -13.5809 2.4
      vertex -73.0301 -2.09028 2.4
      vertex -73.1671 -2.09476 2.4
    endloop
  endfacet
  facet normal 0 0 1
    outer loop
      vertex -75.3661 -13.5809 2.4
      vertex -73.1671 -2.09476 2.4
      vertex -73.3041 -2.09028 2.4
    endloop
  endfacet
  facet normal 0 0 1
    outer loop
      vertex -75.3661 -13.5809 2.4
      vertex -73.3041 -2.09028 2.4
      vertex -73.4405 -2.07684 2.4
    endloop
  endfacet
  facet normal 0 0 1
    outer loop
      vertex -75.3661 -13.5809 2.4
      vertex -73.4405 -2.07684 2.4
      vertex -73.5758 -2.05451 2.4
    endloop
  endfacet
  facet normal 0 0 1
    outer loop
      vertex -75.3661 -13.5809 2.4
      vertex -73.5758 -2.05451 2.4
      vertex -73.7092 -2.02338 2.4
    endloop
  endfacet
  facet normal 0 0 1
    outer loop
      vertex -75.3661 -13.5809 2.4
      vertex -73.7092 -2.02338 2.4
      vertex -73.8404 -1.98359 2.4
    endloop
  endfacet
  facet normal 0 0 1
    outer loop
      vertex -75.3661 -13.5809 2.4
      vertex -73.8404 -1.98359 2.4
      vertex -73.9687 -1.93531 2.4
    endloop
  endfacet
  facet normal 0 0 1
    outer loop
      vertex -75.3661 -13.5809 2.4
      vertex -73.9687 -1.93531 2.4
      vertex -74.0936 -1.87874 2.4
    endloop
  endfacet
  facet normal 0 0 1
    outer loop
      vertex -68.0435 -11.5709 2.4
      vertex -75.3661 -13.5809 2.4
      vertex -68.0435 -13.7749 2.4
    endloop
  endfacet
  facet normal 0 0 1
    outer loop
      vertex -75.3661 -13.5809 2.4
      vertex -74.0936 -1.87874 2.4
      vertex -74.2145 -1.81412 2.4
    endloop
  endfacet
  facet normal 0 0 1
    outer loop
      vertex -75.3661 -13.5809 2.4
      vertex -74.2145 -1.81412 2.4
      vertex -74.3309 -1.74173 2.4
    endloop
  endfacet
  facet normal 0 0 1
    outer loop
      vertex -75.3661 -13.5809 2.4
      vertex -74.3309 -1.74173 2.4
      vertex -74.4423 -1.66189 2.4
    endloop
  endfacet
  facet normal 0 0 1
    outer loop
      vertex -75.3661 -13.5809 2.4
      vertex -74.4423 -1.66189 2.4
      vertex -74.5483 -1.57493 2.4
    endloop
  endfacet
  facet normal 0 0 1
    outer loop
      vertex -75.3661 -13.5809 2.4
      vertex -74.5483 -1.57493 2.4
      vertex -74.6483 -1.48122 2.4
    endloop
  endfacet
  facet normal 0 0 1
    outer loop
      vertex -75.3661 -13.5809 2.4
      vertex -74.6483 -1.48122 2.4
      vertex -74.742 -1.38117 2.4
    endloop
  endfacet
  facet normal 0 0 1
    outer loop
      vertex -75.3661 -13.5809 2.4
      vertex -74.742 -1.38117 2.4
      vertex -74.829 -1.27521 2.4
    endloop
  endfacet
  facet normal 0 0 1
    outer loop
      vertex -75.3661 -13.5809 2.4
      vertex -74.829 -1.27521 2.4
      vertex -74.9088 -1.16379 2.4
    endloop
  endfacet
  facet normal 0 0 1
    outer loop
      vertex -75.3661 -13.5809 2.4
      vertex -74.9088 -1.16379 2.4
      vertex -74.9812 -1.04738 2.4
    endloop
  endfacet
  facet normal 0 0 1
    outer loop
      vertex -68.0435 -13.7749 2.4
      vertex -75.3661 -13.5809 2.4
      vertex -67.8231 -14.2132 2.4
    endloop
  endfacet
  facet normal 0 0 1
    outer loop
      vertex -75.0458 -0.926489 2.4
      vertex -75.3661 -13.5809 2.4
      vertex -74.9812 -1.04738 2.4
    endloop
  endfacet
  facet normal 0 0 1
    outer loop
      vertex -75.1024 -0.801631 2.4
      vertex -75.3661 -13.5809 2.4
      vertex -75.0458 -0.926489 2.4
    endloop
  endfacet
  facet normal 0 0 1
    outer loop
      vertex -75.1507 -0.673339 2.4
      vertex -75.3661 -13.5809 2.4
      vertex -75.1024 -0.801631 2.4
    endloop
  endfacet
  facet normal 0 0 1
    outer loop
      vertex -75.1905 -0.542165 2.4
      vertex -75.3661 -13.5809 2.4
      vertex -75.1507 -0.673339 2.4
    endloop
  endfacet
  facet normal 0 0 1
    outer loop
      vertex -75.2216 -0.408667 2.4
      vertex -75.3661 -13.5809 2.4
      vertex -75.1905 -0.542165 2.4
    endloop
  endfacet
  facet normal 0 0 1
    outer loop
      vertex -75.2439 -0.273421 2.4
      vertex -75.3661 -13.5809 2.4
      vertex -75.2216 -0.408667 2.4
    endloop
  endfacet
  facet normal 0 0 1
    outer loop
      vertex -75.2574 -0.137004 2.4
      vertex -75.3661 -13.5809 2.4
      vertex -75.2439 -0.273421 2.4
    endloop
  endfacet
  facet normal 0 0 1
    outer loop
      vertex -75.2574 0.137004 2.4
      vertex -76.9927 -6.83049 2.4
      vertex -75.2618 0 2.4
    endloop
  endfacet
  facet normal 0 0 1
    outer loop
      vertex -54.3026 -0.110229 2.4
      vertex -53.7147 -0.110229 2.4
      vertex -54.0086 0.110213 2.4
    endloop
  endfacet
  facet normal 0 0 1
    outer loop
      vertex -53.7147 -0.110229 2.4
      vertex -54.3026 -0.110229 2.4
      vertex -53.8617 -0.624446 2.4
    endloop
  endfacet
  facet normal 0 0 1
    outer loop
      vertex -55.3313 -1.50605 2.4
      vertex -53.8617 -0.624446 2.4
      vertex -54.3026 -0.110229 2.4
    endloop
  endfacet
  facet normal 0 0 1
    outer loop
      vertex -55.5517 -2.02035 2.4
      vertex -53.8617 -0.624446 2.4
      vertex -55.3313 -1.50605 2.4
    endloop
  endfacet
  facet normal 0 0 1
    outer loop
      vertex -57.0949 -5.98753 2.4
      vertex -55.5517 -2.02035 2.4
      vertex -56.2866 -2.6815 2.4
    endloop
  endfacet
  facet normal -0 0 1
    outer loop
      vertex -55.5517 -2.02035 2.4
      vertex -57.0949 -5.98753 2.4
      vertex -53.8617 -0.624446 2.4
    endloop
  endfacet
  facet normal -0 0 1
    outer loop
      vertex -58.7114 -3.78356 2.4
      vertex -57.0949 -5.98753 2.4
      vertex -56.2866 -2.6815 2.4
    endloop
  endfacet
  facet normal -0 0 1
    outer loop
      vertex -59.5197 -3.93048 2.4
      vertex -57.0949 -5.98753 2.4
      vertex -58.7114 -3.78356 2.4
    endloop
  endfacet
  facet normal 0 0 1
    outer loop
      vertex -57.0949 -5.98753 2.4
      vertex -59.5197 -3.93048 2.4
      vertex -57.3887 -6.64869 2.4
    endloop
  endfacet
  facet normal -0 0 1
    outer loop
      vertex -60.4015 -4.07741 2.4
      vertex -57.3887 -6.64869 2.4
      vertex -59.5197 -3.93048 2.4
    endloop
  endfacet
  facet normal 0 -0 1
    outer loop
      vertex -59.0054 -8.70574 2.4
      vertex -57.3887 -6.64869 2.4
      vertex -60.4015 -4.07741 2.4
    endloop
  endfacet
  facet normal 0 0 1
    outer loop
      vertex -60.4015 -4.07741 2.4
      vertex -59.5197 -3.93048 2.4
      vertex -59.8137 -3.71004 2.4
    endloop
  endfacet
  facet normal 0 0 1
    outer loop
      vertex -57.3887 -6.64869 2.4
      vertex -59.0054 -8.70574 2.4
      vertex -57.3887 -7.23641 2.4
    endloop
  endfacet
  facet normal -0 0 1
    outer loop
      vertex -61.5772 -4.29776 2.4
      vertex -59.0054 -8.70574 2.4
      vertex -60.4015 -4.07741 2.4
    endloop
  endfacet
  facet normal 0 -0 1
    outer loop
      vertex -60.9893 -10.1751 2.4
      vertex -59.0054 -8.70574 2.4
      vertex -61.5772 -4.29776 2.4
    endloop
  endfacet
  facet normal 0 0 1
    outer loop
      vertex -59.0054 -8.70574 2.4
      vertex -60.9893 -10.1751 2.4
      vertex -59.8871 -9.8077 2.4
    endloop
  endfacet
  facet normal -0 0 1
    outer loop
      vertex -63.7081 -4.29776 2.4
      vertex -60.9893 -10.1751 2.4
      vertex -61.5772 -4.29776 2.4
    endloop
  endfacet
  facet normal 0 0 1
    outer loop
      vertex -63.2672 -12.0117 2.4
      vertex -61.8711 -10.9097 2.4
      vertex -61.8711 -10.6893 2.4
    endloop
  endfacet
  facet normal 0 0 1
    outer loop
      vertex -60.9893 -10.1751 2.4
      vertex -63.7081 -4.29776 2.4
      vertex -61.8711 -10.6893 2.4
    endloop
  endfacet
  facet normal 0 0 1
    outer loop
      vertex -61.8711 -10.9097 2.4
      vertex -63.2672 -12.0117 2.4
      vertex -62.0181 -12.3055 2.4
    endloop
  endfacet
  facet normal 0 0 1
    outer loop
      vertex -68.0435 -11.5709 2.4
      vertex -61.8711 -10.6893 2.4
      vertex -63.7081 -4.29776 2.4
    endloop
  endfacet
  facet normal 0 0 1
    outer loop
      vertex -68.0435 -11.5709 2.4
      vertex -63.7081 -4.29776 2.4
      vertex -65.5452 -3.93048 2.4
    endloop
  endfacet
  facet normal 0 0 1
    outer loop
      vertex -68.0435 -11.5709 2.4
      vertex -65.5452 -3.93048 2.4
      vertex -66.0596 -3.5631 2.4
    endloop
  endfacet
  facet normal 0 0 1
    outer loop
      vertex -71.0768 -0.137004 2.4
      vertex -65.5452 0.0366972 2.4
      vertex -71.0723 0 2.4
    endloop
  endfacet
  facet normal 0 0 1
    outer loop
      vertex -61.8711 -10.6893 2.4
      vertex -68.0435 -11.5709 2.4
      vertex -63.2672 -12.0117 2.4
    endloop
  endfacet
  facet normal 0 0 1
    outer loop
      vertex -65.5452 0.0366972 2.4
      vertex -71.0768 -0.137004 2.4
      vertex -66.133 -2.24071 2.4
    endloop
  endfacet
  facet normal -0 0 1
    outer loop
      vertex -45.9257 0.0366972 2.4
      vertex -45.1909 -0.183653 2.4
      vertex -45.3379 0.110213 2.4
    endloop
  endfacet
  facet normal 0 0 1
    outer loop
      vertex -45.1909 -0.183653 2.4
      vertex -45.9257 0.0366972 2.4
      vertex -45.7052 -0.844888 2.4
    endloop
  endfacet
  facet normal -0 0 1
    outer loop
      vertex -46.4401 -0.47752 2.4
      vertex -45.7052 -0.844888 2.4
      vertex -45.9257 0.0366972 2.4
    endloop
  endfacet
  facet normal 0 0 1
    outer loop
      vertex -46.4401 -0.47752 2.4
      vertex -46.6606 -1.43262 2.4
      vertex -45.7052 -0.844888 2.4
    endloop
  endfacet
  facet normal -0 0 1
    outer loop
      vertex -47.0279 -0.697962 2.4
      vertex -46.6606 -1.43262 2.4
      vertex -46.4401 -0.47752 2.4
    endloop
  endfacet
  facet normal -0 0 1
    outer loop
      vertex -47.2484 -0.918313 2.4
      vertex -46.6606 -1.43262 2.4
      vertex -47.0279 -0.697962 2.4
    endloop
  endfacet
  facet normal 0 0 1
    outer loop
      vertex -47.6893 -2.02035 2.4
      vertex -46.6606 -1.43262 2.4
      vertex -47.2484 -0.918313 2.4
    endloop
  endfacet
  facet normal 0 0 1
    outer loop
      vertex -46.6606 -1.43262 2.4
      vertex -47.6893 -2.02035 2.4
      vertex -46.9544 -2.1673 2.4
    endloop
  endfacet
  facet normal 0 0 1
    outer loop
      vertex -46.9544 -2.1673 2.4
      vertex -47.6893 -2.02035 2.4
      vertex -46.9544 -2.60809 2.4
    endloop
  endfacet
  facet normal 0 0 1
    outer loop
      vertex -46.9544 -2.60809 2.4
      vertex -47.6893 -2.02035 2.4
      vertex -47.4688 -3.26923 2.4
    endloop
  endfacet
  facet normal -0 0 1
    outer loop
      vertex -48.9385 -2.75501 2.4
      vertex -47.4688 -3.26923 2.4
      vertex -47.6893 -2.02035 2.4
    endloop
  endfacet
  facet normal 0 0 1
    outer loop
      vertex -48.9385 -2.75501 2.4
      vertex -49.3794 -7.163 2.4
      vertex -47.4688 -3.26923 2.4
    endloop
  endfacet
  facet normal -0 0 1
    outer loop
      vertex -49.8937 -2.75501 2.4
      vertex -49.3794 -7.163 2.4
      vertex -48.9385 -2.75501 2.4
    endloop
  endfacet
  facet normal 0 0 1
    outer loop
      vertex -50.4815 -2.53457 2.4
      vertex -49.3794 -7.163 2.4
      vertex -49.8937 -2.75501 2.4
    endloop
  endfacet
  facet normal -0 0 1
    outer loop
      vertex -53.7147 -2.97536 2.4
      vertex -49.3794 -7.163 2.4
      vertex -50.4815 -2.53457 2.4
    endloop
  endfacet
  facet normal -0 0 1
    outer loop
      vertex -55.4782 -6.35483 2.4
      vertex -49.3794 -7.163 2.4
      vertex -53.7147 -2.97536 2.4
    endloop
  endfacet
  facet normal 0 0 1
    outer loop
      vertex -49.3794 -7.163 2.4
      vertex -50.2611 -8.63223 2.4
      vertex -49.3794 -7.75063 2.4
    endloop
  endfacet
  facet normal 0 0 1
    outer loop
      vertex -53.7147 -2.97536 2.4
      vertex -50.4815 -2.53457 2.4
      vertex -52.0246 -1.65297 2.4
    endloop
  endfacet
  facet normal 0 0 1
    outer loop
      vertex -53.3473 -2.02035 2.4
      vertex -52.0246 -1.65297 2.4
      vertex -52.6125 -0.991829 2.4
    endloop
  endfacet
  facet normal 0 0 1
    outer loop
      vertex -49.3794 -7.163 2.4
      vertex -55.4782 -6.35483 2.4
      vertex -50.2611 -8.63223 2.4
    endloop
  endfacet
  facet normal 0 0 1
    outer loop
      vertex -50.2611 -8.63223 2.4
      vertex -55.4782 -6.35483 2.4
      vertex -51.4368 -10.1751 2.4
    endloop
  endfacet
  facet normal 0 0 1
    outer loop
      vertex -53.3473 -1.21218 2.4
      vertex -52.6125 -0.991829 2.4
      vertex -53.1269 -0.991829 2.4
    endloop
  endfacet
  facet normal 0 0 1
    outer loop
      vertex -43.1335 0.551021 2.4
      vertex -44.603 0.697947 2.4
      vertex -44.5296 0.0366972 2.4
    endloop
  endfacet
  facet normal -0 0 1
    outer loop
      vertex -45.1909 1.28568 2.4
      vertex -44.1622 1.21216 2.4
      vertex -44.897 2.53456 2.4
    endloop
  endfacet
  facet normal 0 0 1
    outer loop
      vertex -44.1622 1.21216 2.4
      vertex -45.1909 1.28568 2.4
      vertex -44.603 0.697947 2.4
    endloop
  endfacet
  facet normal 0 0 1
    outer loop
      vertex -44.603 0.697947 2.4
      vertex -45.1909 1.28568 2.4
      vertex -44.897 0.697947 2.4
    endloop
  endfacet
  facet normal 0 0 1
    outer loop
      vertex -45.5583 2.09376 2.4
      vertex -44.897 2.53456 2.4
      vertex -45.3379 2.53456 2.4
    endloop
  endfacet
  facet normal 0 0 1
    outer loop
      vertex -45.5583 2.09376 2.4
      vertex -45.3379 2.53456 2.4
      vertex -45.5583 2.31421 2.4
    endloop
  endfacet
  facet normal 0 0 1
    outer loop
      vertex -44.897 2.53456 2.4
      vertex -45.5583 2.09376 2.4
      vertex -45.1909 1.28568 2.4
    endloop
  endfacet
  facet normal 0 0 1
    outer loop
      vertex -44.897 0.697947 2.4
      vertex -45.1909 1.28568 2.4
      vertex -45.1909 0.918298 2.4
    endloop
  endfacet
  facet normal 0 0 1
    outer loop
      vertex -40.635 -8.33836 2.4
      vertex -41.4434 -7.82414 2.4
      vertex -40.7085 -8.99961 2.4
    endloop
  endfacet
  facet normal -0 0 1
    outer loop
      vertex -41.9577 -1.72649 2.4
      vertex -39.9738 -1.94684 2.4
      vertex -41.2964 -0.991829 2.4
    endloop
  endfacet
  facet normal 0 0 1
    outer loop
      vertex -39.9738 -1.94684 2.4
      vertex -41.5168 -3.26923 2.4
      vertex -40.3411 -7.6037 2.4
    endloop
  endfacet
  facet normal 0 0 1
    outer loop
      vertex -42.3986 -1.21218 2.4
      vertex -41.2964 -0.991829 2.4
      vertex -41.8108 0.110213 2.4
    endloop
  endfacet
  facet normal 0 0 1
    outer loop
      vertex -39.9738 -1.94684 2.4
      vertex -41.9577 -1.72649 2.4
      vertex -41.8843 -2.75501 2.4
    endloop
  endfacet
  facet normal 0 0 1
    outer loop
      vertex -37.7693 -11.5709 2.4
      vertex -39.5329 -9.4404 2.4
      vertex -39.092 -10.3954 2.4
    endloop
  endfacet
  facet normal 0 0 1
    outer loop
      vertex -40.3411 -7.6037 2.4
      vertex -38.8715 -1.87343 2.4
      vertex -39.9738 -1.94684 2.4
    endloop
  endfacet
  facet normal 0 0 1
    outer loop
      vertex -34.7566 -3.63661 2.4
      vertex -40.3411 -7.6037 2.4
      vertex -39.5329 -9.4404 2.4
    endloop
  endfacet
  facet normal 0 0 1
    outer loop
      vertex -39.5329 -9.4404 2.4
      vertex -40.3411 -7.6037 2.4
      vertex -40.4881 -8.19144 2.4
    endloop
  endfacet
  facet normal 0 0 1
    outer loop
      vertex -37.1079 5.914 2.4
      vertex -37.6959 5.914 2.4
      vertex -37.6223 5.10593 2.4
    endloop
  endfacet
  facet normal 0 0 1
    outer loop
      vertex -32.4052 -7.01608 2.4
      vertex -37.7693 -11.5709 2.4
      vertex -37.4754 -11.9383 2.4
    endloop
  endfacet
  facet normal 0 0 1
    outer loop
      vertex -40.3411 -7.6037 2.4
      vertex -34.7566 -3.63661 2.4
      vertex -38.8715 -1.87343 2.4
    endloop
  endfacet
  facet normal 0 0 1
    outer loop
      vertex -33.7279 -5.62015 2.4
      vertex -39.5329 -9.4404 2.4
      vertex -37.7693 -11.5709 2.4
    endloop
  endfacet
  facet normal 0 0 1
    outer loop
      vertex -37.7693 -11.5709 2.4
      vertex -39.092 -10.3954 2.4
      vertex -39.092 -10.6893 2.4
    endloop
  endfacet
  facet normal 0 0 1
    outer loop
      vertex -38.0632 6.35481 2.4
      vertex -37.3284 6.42833 2.4
      vertex -37.4019 7.23639 2.4
    endloop
  endfacet
  facet normal 0 0 1
    outer loop
      vertex -37.255 1.21216 2.4
      vertex -38.5776 2.53456 2.4
      vertex -37.6223 0.844873 2.4
    endloop
  endfacet
  facet normal 0 0 1
    outer loop
      vertex -37.6223 0.844873 2.4
      vertex -38.5776 2.53456 2.4
      vertex -38.5041 0.477505 2.4
    endloop
  endfacet
  facet normal -0 0 1
    outer loop
      vertex -39.6798 1.35909 2.4
      vertex -38.5041 0.477505 2.4
      vertex -38.5776 2.53456 2.4
    endloop
  endfacet
  facet normal -0 0 1
    outer loop
      vertex -40.0472 0.551021 2.4
      vertex -38.5041 0.477505 2.4
      vertex -39.6798 1.35909 2.4
    endloop
  endfacet
  facet normal 0 0 1
    outer loop
      vertex -38.5041 0.477505 2.4
      vertex -40.0472 0.551021 2.4
      vertex -39.6063 -0.330579 2.4
    endloop
  endfacet
  facet normal 0 0 1
    outer loop
      vertex -39.6063 -0.330579 2.4
      vertex -40.0472 0.551021 2.4
      vertex -39.9002 -0.110229 2.4
    endloop
  endfacet
  facet normal 0 0 1
    outer loop
      vertex -39.6798 1.35909 2.4
      vertex -40.4147 0.991814 2.4
      vertex -40.0472 0.551021 2.4
    endloop
  endfacet
  facet normal 0 0 1
    outer loop
      vertex -40.5616 1.87341 2.4
      vertex -40.4147 0.991814 2.4
      vertex -39.6798 1.35909 2.4
    endloop
  endfacet
  facet normal 0 0 1
    outer loop
      vertex -40.5616 1.87341 2.4
      vertex -41.3699 1.13874 2.4
      vertex -40.4147 0.991814 2.4
    endloop
  endfacet
  facet normal -0 0 1
    outer loop
      vertex -41.4434 1.87341 2.4
      vertex -41.3699 1.13874 2.4
      vertex -40.5616 1.87341 2.4
    endloop
  endfacet
  facet normal -0 0 1
    outer loop
      vertex -41.9577 1.65296 2.4
      vertex -41.3699 1.13874 2.4
      vertex -41.4434 1.87341 2.4
    endloop
  endfacet
  facet normal 0 0 1
    outer loop
      vertex -41.3699 1.13874 2.4
      vertex -41.9577 1.65296 2.4
      vertex -41.7373 0.771357 2.4
    endloop
  endfacet
  facet normal -0 0 1
    outer loop
      vertex -42.3251 1.28568 2.4
      vertex -41.7373 0.771357 2.4
      vertex -41.9577 1.65296 2.4
    endloop
  endfacet
  facet normal 0 0 1
    outer loop
      vertex -42.6191 0.624431 2.4
      vertex -41.7373 0.771357 2.4
      vertex -42.3251 1.28568 2.4
    endloop
  endfacet
  facet normal 0 0 1
    outer loop
      vertex -39.9738 -1.94684 2.4
      vertex -41.8843 -2.75501 2.4
      vertex -41.5168 -3.26923 2.4
    endloop
  endfacet
  facet normal 0 0 1
    outer loop
      vertex -41.7373 0.771357 2.4
      vertex -42.6191 0.624431 2.4
      vertex -41.8108 0.110213 2.4
    endloop
  endfacet
  facet normal 0 0 1
    outer loop
      vertex -42.913 -0.991829 2.4
      vertex -41.8108 0.110213 2.4
      vertex -42.6191 0.624431 2.4
    endloop
  endfacet
  facet normal 0 0 1
    outer loop
      vertex -41.2964 -0.991829 2.4
      vertex -42.3986 -1.21218 2.4
      vertex -41.9577 -1.72649 2.4
    endloop
  endfacet
  facet normal 0 0 1
    outer loop
      vertex -41.8108 0.110213 2.4
      vertex -42.913 -0.991829 2.4
      vertex -42.3986 -1.21218 2.4
    endloop
  endfacet
  facet normal -0 0 1
    outer loop
      vertex -43.1335 0.551021 2.4
      vertex -42.913 -0.991829 2.4
      vertex -42.6191 0.624431 2.4
    endloop
  endfacet
  facet normal -0 0 1
    outer loop
      vertex -44.5296 0.0366972 2.4
      vertex -42.913 -0.991829 2.4
      vertex -43.1335 0.551021 2.4
    endloop
  endfacet
  facet normal 0 0 1
    outer loop
      vertex -42.913 -0.991829 2.4
      vertex -44.5296 0.0366972 2.4
      vertex -43.4273 -1.50605 2.4
    endloop
  endfacet
  facet normal -0 0 1
    outer loop
      vertex -44.603 0.697947 2.4
      vertex -43.1335 0.551021 2.4
      vertex -44.1622 1.21216 2.4
    endloop
  endfacet
  facet normal 0 0 1
    outer loop
      vertex -31.5234 2.38762 2.4
      vertex -34.4627 0.0366972 2.4
      vertex -29.6129 0.551021 2.4
    endloop
  endfacet
  facet normal 0 0 1
    outer loop
      vertex -29.6129 0.551021 2.4
      vertex -34.4627 0.0366972 2.4
      vertex -32.2583 -5.17936 2.4
    endloop
  endfacet
  facet normal -0 0 1
    outer loop
      vertex -35.0505 0.844873 2.4
      vertex -34.4627 0.0366972 2.4
      vertex -32.7726 2.53456 2.4
    endloop
  endfacet
  facet normal 0 0 1
    outer loop
      vertex -34.4627 0.0366972 2.4
      vertex -35.0505 0.844873 2.4
      vertex -34.83 0.183638 2.4
    endloop
  endfacet
  facet normal 0 0 1
    outer loop
      vertex -32.7726 2.53456 2.4
      vertex -35.1975 1.13874 2.4
      vertex -35.0505 0.844873 2.4
    endloop
  endfacet
  facet normal 0 0 1
    outer loop
      vertex -35.7118 3.71002 2.4
      vertex -35.1975 1.13874 2.4
      vertex -32.7726 2.53456 2.4
    endloop
  endfacet
  facet normal 0 0 1
    outer loop
      vertex -35.7118 3.71002 2.4
      vertex -35.7853 1.57955 2.4
      vertex -35.1975 1.13874 2.4
    endloop
  endfacet
  facet normal 0 0 1
    outer loop
      vertex -38.1367 3.71002 2.4
      vertex -35.7118 3.71002 2.4
      vertex -36.3732 4.37126 2.4
    endloop
  endfacet
  facet normal 0 0 1
    outer loop
      vertex -35.7118 3.71002 2.4
      vertex -36.4467 1.50603 2.4
      vertex -35.7853 1.57955 2.4
    endloop
  endfacet
  facet normal 0 0 1
    outer loop
      vertex -35.7118 3.71002 2.4
      vertex -38.1367 3.71002 2.4
      vertex -36.4467 1.50603 2.4
    endloop
  endfacet
  facet normal -0 0 1
    outer loop
      vertex -37.6223 5.10593 2.4
      vertex -36.3732 4.37126 2.4
      vertex -37.1079 5.914 2.4
    endloop
  endfacet
  facet normal 0 0 1
    outer loop
      vertex -38.1367 3.71002 2.4
      vertex -36.3732 4.37126 2.4
      vertex -37.6223 5.10593 2.4
    endloop
  endfacet
  facet normal 0 0 1
    outer loop
      vertex -37.6959 5.914 2.4
      vertex -37.1079 5.914 2.4
      vertex -37.4019 6.13446 2.4
    endloop
  endfacet
  facet normal -0 0 1
    outer loop
      vertex -38.5776 2.53456 2.4
      vertex -36.4467 1.50603 2.4
      vertex -38.1367 3.71002 2.4
    endloop
  endfacet
  facet normal 0 0 1
    outer loop
      vertex -36.4467 1.50603 2.4
      vertex -37.255 1.21216 2.4
      vertex -36.961 1.21216 2.4
    endloop
  endfacet
  facet normal 0 0 1
    outer loop
      vertex -36.4467 1.50603 2.4
      vertex -38.5776 2.53456 2.4
      vertex -37.255 1.21216 2.4
    endloop
  endfacet
  facet normal 0 -0 1
    outer loop
      vertex -38.1367 3.71002 2.4
      vertex -37.6223 5.10593 2.4
      vertex -38.2102 4.73855 2.4
    endloop
  endfacet
  facet normal 0 0 1
    outer loop
      vertex -29.9068 -10.1751 2.4
      vertex -30.8621 -9.29348 2.4
      vertex -32.7726 -15.3911 2.4
    endloop
  endfacet
  facet normal 0 0 1
    outer loop
      vertex -32.7726 -15.3911 2.4
      vertex -30.8621 -9.29348 2.4
      vertex -31.303 -8.85267 2.4
    endloop
  endfacet
  facet normal 0 0 1
    outer loop
      vertex -37.4754 -11.9383 2.4
      vertex -31.303 -8.85267 2.4
      vertex -32.4052 -7.01608 2.4
    endloop
  endfacet
  facet normal 0 0 1
    outer loop
      vertex -29.9068 -10.1751 2.4
      vertex -32.7726 -15.3911 2.4
      vertex -30.3477 -15.8319 2.4
    endloop
  endfacet
  facet normal 0 0 1
    outer loop
      vertex -33.7279 -5.62015 2.4
      vertex -32.4052 -7.01608 2.4
      vertex -32.5521 -6.2814 2.4
    endloop
  endfacet
  facet normal 0 0 1
    outer loop
      vertex -37.7693 -11.5709 2.4
      vertex -32.4052 -7.01608 2.4
      vertex -33.7279 -5.62015 2.4
    endloop
  endfacet
  facet normal 0 0 1
    outer loop
      vertex -39.5329 -9.4404 2.4
      vertex -33.7279 -5.62015 2.4
      vertex -34.7566 -3.63661 2.4
    endloop
  endfacet
  facet normal 0 0 1
    outer loop
      vertex -38.8715 -1.87343 2.4
      vertex -34.83 -3.12231 2.4
      vertex -35.2709 -2.1673 2.4
    endloop
  endfacet
  facet normal -0 0 1
    outer loop
      vertex -38.8715 -1.87343 2.4
      vertex -35.2709 -2.1673 2.4
      vertex -37.1815 -0.991829 2.4
    endloop
  endfacet
  facet normal -0 0 1
    outer loop
      vertex -37.1815 -0.991829 2.4
      vertex -35.2709 -2.1673 2.4
      vertex -35.5649 -0.991829 2.4
    endloop
  endfacet
  facet normal 0 0 1
    outer loop
      vertex -31.303 -8.85267 2.4
      vertex -37.4754 -11.9383 2.4
      vertex -32.7726 -15.3911 2.4
    endloop
  endfacet
  facet normal 0 0 1
    outer loop
      vertex -35.5649 -0.183653 2.4
      vertex -37.1815 -0.991829 2.4
      vertex -35.5649 -0.991829 2.4
    endloop
  endfacet
  facet normal 0 0 1
    outer loop
      vertex -34.83 -3.12231 2.4
      vertex -38.8715 -1.87343 2.4
      vertex -34.7566 -3.63661 2.4
    endloop
  endfacet
  facet normal -0 0 1
    outer loop
      vertex -37.5488 -12.1586 2.4
      vertex -32.7726 -15.3911 2.4
      vertex -37.4754 -11.9383 2.4
    endloop
  endfacet
  facet normal 0 0 1
    outer loop
      vertex -32.7726 -15.3911 2.4
      vertex -37.5488 -12.1586 2.4
      vertex -36.8141 -15.1708 2.4
    endloop
  endfacet
  facet normal -0 0 1
    outer loop
      vertex -38.3571 -12.3055 2.4
      vertex -36.8141 -15.1708 2.4
      vertex -37.5488 -12.1586 2.4
    endloop
  endfacet
  facet normal 0 0 1
    outer loop
      vertex -39.3124 -14.73 2.4
      vertex -38.3571 -12.3055 2.4
      vertex -39.092 -11.8647 2.4
    endloop
  endfacet
  facet normal 0 0 1
    outer loop
      vertex -38.3571 -12.3055 2.4
      vertex -39.3124 -14.73 2.4
      vertex -36.8141 -15.1708 2.4
    endloop
  endfacet
  facet normal 0 0 1
    outer loop
      vertex -39.9002 -10.9097 2.4
      vertex -39.092 -11.8647 2.4
      vertex -39.3124 -11.3505 2.4
    endloop
  endfacet
  facet normal 0 0 1
    outer loop
      vertex -39.092 -11.8647 2.4
      vertex -39.9002 -10.9097 2.4
      vertex -42.1782 -14.5095 2.4
    endloop
  endfacet
  facet normal 0 0 1
    outer loop
      vertex -42.1782 -14.5095 2.4
      vertex -39.9002 -10.9097 2.4
      vertex -40.7085 -8.99961 2.4
    endloop
  endfacet
  facet normal 0 0 1
    outer loop
      vertex -46.9544 -13.8484 2.4
      vertex -40.7085 -8.99961 2.4
      vertex -41.4434 -7.82414 2.4
    endloop
  endfacet
  facet normal -0 0 1
    outer loop
      vertex -48.0567 -7.38335 2.4
      vertex -41.4434 -7.82414 2.4
      vertex -41.8108 -7.30993 2.4
    endloop
  endfacet
  facet normal 0 0 1
    outer loop
      vertex -39.092 -11.8647 2.4
      vertex -42.1782 -14.5095 2.4
      vertex -39.3124 -14.73 2.4
    endloop
  endfacet
  facet normal 0 0 1
    outer loop
      vertex -46.587 -4.22435 2.4
      vertex -41.8108 -7.30993 2.4
      vertex -42.3986 -4.81208 2.4
    endloop
  endfacet
  facet normal 0 0 1
    outer loop
      vertex -43.2069 -2.75501 2.4
      vertex -42.3986 -4.81208 2.4
      vertex -42.5455 -3.12231 2.4
    endloop
  endfacet
  facet normal 0 0 1
    outer loop
      vertex -43.2069 -2.75501 2.4
      vertex -42.5455 -3.12231 2.4
      vertex -42.766 -2.82844 2.4
    endloop
  endfacet
  facet normal -0 0 1
    outer loop
      vertex -45.5583 -2.75501 2.4
      vertex -42.3986 -4.81208 2.4
      vertex -43.2069 -2.75501 2.4
    endloop
  endfacet
  facet normal 0 0 1
    outer loop
      vertex -45.5583 -2.75501 2.4
      vertex -43.2069 -2.75501 2.4
      vertex -43.4273 -2.46115 2.4
    endloop
  endfacet
  facet normal 0 0 1
    outer loop
      vertex -45.2643 -1.50605 2.4
      vertex -43.4273 -1.50605 2.4
      vertex -44.5296 0.0366972 2.4
    endloop
  endfacet
  facet normal 0 0 1
    outer loop
      vertex -43.4273 -1.50605 2.4
      vertex -45.2643 -1.50605 2.4
      vertex -43.4273 -2.46115 2.4
    endloop
  endfacet
  facet normal 0 0 1
    outer loop
      vertex -43.4273 -2.46115 2.4
      vertex -45.2643 -1.50605 2.4
      vertex -45.3379 -2.46115 2.4
    endloop
  endfacet
  facet normal 0 0 1
    outer loop
      vertex -45.5583 -2.75501 2.4
      vertex -43.4273 -2.46115 2.4
      vertex -45.3379 -2.46115 2.4
    endloop
  endfacet
  facet normal 0 0 1
    outer loop
      vertex -42.3986 -4.81208 2.4
      vertex -45.5583 -2.75501 2.4
      vertex -46.587 -4.22435 2.4
    endloop
  endfacet
  facet normal 0 0 1
    outer loop
      vertex -46.3666 -2.90196 2.4
      vertex -45.5583 -2.75501 2.4
      vertex -46.0726 -2.6815 2.4
    endloop
  endfacet
  facet normal 0 0 1
    outer loop
      vertex -45.5583 -2.75501 2.4
      vertex -46.3666 -2.90196 2.4
      vertex -46.587 -4.22435 2.4
    endloop
  endfacet
  facet normal 0 0 1
    outer loop
      vertex -41.8108 -7.30993 2.4
      vertex -46.587 -4.22435 2.4
      vertex -48.0567 -7.38335 2.4
    endloop
  endfacet
  facet normal 0 0 1
    outer loop
      vertex -41.4434 -7.82414 2.4
      vertex -48.0567 -7.38335 2.4
      vertex -46.9544 -13.8484 2.4
    endloop
  endfacet
  facet normal 0 0 1
    outer loop
      vertex -40.7085 -8.99961 2.4
      vertex -46.9544 -13.8484 2.4
      vertex -42.1782 -14.5095 2.4
    endloop
  endfacet
  facet normal -0 0 1
    outer loop
      vertex -49.1589 -8.48529 2.4
      vertex -46.9544 -13.8484 2.4
      vertex -48.0567 -7.38335 2.4
    endloop
  endfacet
  facet normal -0 0 1
    outer loop
      vertex -49.5998 -9.36689 2.4
      vertex -46.9544 -13.8484 2.4
      vertex -49.1589 -8.48529 2.4
    endloop
  endfacet
  facet normal 0 0 1
    outer loop
      vertex -49.1589 -8.48529 2.4
      vertex -48.0567 -7.38335 2.4
      vertex -49.1589 -8.04449 2.4
    endloop
  endfacet
  facet normal 0 0 1
    outer loop
      vertex -46.9544 -13.8484 2.4
      vertex -49.5998 -9.36689 2.4
      vertex -47.5422 -13.9218 2.4
    endloop
  endfacet
  facet normal 0 0 1
    outer loop
      vertex -47.5422 -13.9218 2.4
      vertex -49.5998 -9.36689 2.4
      vertex -49.0854 -13.6279 2.4
    endloop
  endfacet
  facet normal -0 0 1
    outer loop
      vertex -50.4081 -10.322 2.4
      vertex -49.0854 -13.6279 2.4
      vertex -49.5998 -9.36689 2.4
    endloop
  endfacet
  facet normal 0 0 1
    outer loop
      vertex -51.3633 -11.0567 2.4
      vertex -50.4081 -10.322 2.4
      vertex -50.849 -10.3954 2.4
    endloop
  endfacet
  facet normal 0 0 1
    outer loop
      vertex -50.4081 -10.322 2.4
      vertex -51.3633 -11.0567 2.4
      vertex -49.0854 -13.6279 2.4
    endloop
  endfacet
  facet normal -0 0 1
    outer loop
      vertex -52.0246 -11.3505 2.4
      vertex -49.0854 -13.6279 2.4
      vertex -51.3633 -11.0567 2.4
    endloop
  endfacet
  facet normal -0 0 1
    outer loop
      vertex -52.8329 -11.3505 2.4
      vertex -49.0854 -13.6279 2.4
      vertex -52.0246 -11.3505 2.4
    endloop
  endfacet
  facet normal 0 0 1
    outer loop
      vertex -52.6125 -0.991829 2.4
      vertex -53.3473 -1.21218 2.4
      vertex -53.3473 -2.02035 2.4
    endloop
  endfacet
  facet normal 0 0 1
    outer loop
      vertex -52.0246 -1.65297 2.4
      vertex -53.3473 -2.02035 2.4
      vertex -53.7147 -2.97536 2.4
    endloop
  endfacet
  facet normal 0 0 1
    outer loop
      vertex -51.4368 -10.1751 2.4
      vertex -55.4782 -6.35483 2.4
      vertex -52.7594 -10.6893 2.4
    endloop
  endfacet
  facet normal -0 0 1
    outer loop
      vertex -55.9926 -6.94256 2.4
      vertex -52.7594 -10.6893 2.4
      vertex -55.4782 -6.35483 2.4
    endloop
  endfacet
  facet normal -0 0 1
    outer loop
      vertex -57.3153 -8.11801 2.4
      vertex -52.7594 -10.6893 2.4
      vertex -55.9926 -6.94256 2.4
    endloop
  endfacet
  facet normal 0 0 1
    outer loop
      vertex -52.8329 -11.3505 2.4
      vertex -55.9191 -13.0402 2.4
      vertex -49.0854 -13.6279 2.4
    endloop
  endfacet
  facet normal 0 0 1
    outer loop
      vertex -52.7594 -10.6893 2.4
      vertex -57.3153 -8.11801 2.4
      vertex -52.9799 -11.0567 2.4
    endloop
  endfacet
  facet normal -0 0 1
    outer loop
      vertex -57.6827 -8.70574 2.4
      vertex -52.9799 -11.0567 2.4
      vertex -57.3153 -8.11801 2.4
    endloop
  endfacet
  facet normal 0 0 1
    outer loop
      vertex -57.3153 -8.11801 2.4
      vertex -55.9926 -6.94256 2.4
      vertex -56.8744 -7.23641 2.4
    endloop
  endfacet
  facet normal 0 0 1
    outer loop
      vertex -57.3153 -8.11801 2.4
      vertex -56.8744 -7.23641 2.4
      vertex -57.2418 -7.53028 2.4
    endloop
  endfacet
  facet normal 0 -0 1
    outer loop
      vertex -55.9191 -13.0402 2.4
      vertex -52.9799 -11.0567 2.4
      vertex -57.6827 -8.70574 2.4
    endloop
  endfacet
  facet normal 0 0 1
    outer loop
      vertex -52.9799 -11.0567 2.4
      vertex -55.9191 -13.0402 2.4
      vertex -52.8329 -11.3505 2.4
    endloop
  endfacet
  facet normal -0 0 1
    outer loop
      vertex -58.8584 -10.0281 2.4
      vertex -55.9191 -13.0402 2.4
      vertex -57.6827 -8.70574 2.4
    endloop
  endfacet
  facet normal 0 0 1
    outer loop
      vertex -55.9191 -13.0402 2.4
      vertex -58.8584 -10.0281 2.4
      vertex -58.5645 -12.5994 2.4
    endloop
  endfacet
  facet normal 0 0 1
    outer loop
      vertex -60.0341 -10.8362 2.4
      vertex -58.8584 -10.0281 2.4
      vertex -59.3728 -10.1015 2.4
    endloop
  endfacet
  facet normal 0 0 1
    outer loop
      vertex -58.8584 -10.0281 2.4
      vertex -60.0341 -10.8362 2.4
      vertex -58.5645 -12.5994 2.4
    endloop
  endfacet
  facet normal -0 0 1
    outer loop
      vertex -60.8424 -11.0567 2.4
      vertex -58.5645 -12.5994 2.4
      vertex -60.0341 -10.8362 2.4
    endloop
  endfacet
  facet normal 0 0 1
    outer loop
      vertex -62.0181 -12.3055 2.4
      vertex -60.8424 -11.0567 2.4
      vertex -61.6507 -11.0567 2.4
    endloop
  endfacet
  facet normal 0 0 1
    outer loop
      vertex -60.8424 -11.0567 2.4
      vertex -62.0181 -12.3055 2.4
      vertex -58.5645 -12.5994 2.4
    endloop
  endfacet
  facet normal 0 0 1
    outer loop
      vertex -62.0181 -12.3055 2.4
      vertex -61.6507 -11.0567 2.4
      vertex -61.8711 -10.9097 2.4
    endloop
  endfacet
  facet normal 0 0 1
    outer loop
      vertex -23.661 -4.00389 2.4
      vertex -32.2583 -5.17936 2.4
      vertex -24.5428 -6.57527 2.4
    endloop
  endfacet
  facet normal 0 -0 1
    outer loop
      vertex -30.1273 -8.70574 2.4
      vertex -24.5428 -6.57527 2.4
      vertex -31.303 -7.01608 2.4
    endloop
  endfacet
  facet normal 0 0 1
    outer loop
      vertex -32.2583 -5.17936 2.4
      vertex -23.661 -4.00389 2.4
      vertex -29.0986 0.624431 2.4
    endloop
  endfacet
  facet normal -0 0 1
    outer loop
      vertex -29.8333 5.10593 2.4
      vertex -29.025 2.02034 2.4
      vertex -27.7024 11.0566 2.4
    endloop
  endfacet
  facet normal 0 0 1
    outer loop
      vertex -29.8333 5.10593 2.4
      vertex -27.7024 11.0566 2.4
      vertex -29.7599 9.21995 2.4
    endloop
  endfacet
  facet normal 0 0 1
    outer loop
      vertex -29.025 2.02034 2.4
      vertex -29.8333 5.10593 2.4
      vertex -29.6864 3.41616 2.4
    endloop
  endfacet
  facet normal 0 0 1
    outer loop
      vertex -29.7599 9.21995 2.4
      vertex -30.7151 7.08947 2.4
      vertex -29.8333 5.10593 2.4
    endloop
  endfacet
  facet normal -0 0 1
    outer loop
      vertex -30.7886 8.48527 2.4
      vertex -30.7151 7.08947 2.4
      vertex -29.7599 9.21995 2.4
    endloop
  endfacet
  facet normal 0 0 1
    outer loop
      vertex -31.3765 8.33835 2.4
      vertex -30.7886 8.48527 2.4
      vertex -31.0825 8.55879 2.4
    endloop
  endfacet
  facet normal 0 0 1
    outer loop
      vertex -30.7886 8.48527 2.4
      vertex -31.3765 8.33835 2.4
      vertex -30.7151 7.08947 2.4
    endloop
  endfacet
  facet normal 0 0 1
    outer loop
      vertex -30.7151 7.08947 2.4
      vertex -31.3765 8.33835 2.4
      vertex -31.6703 7.60369 2.4
    endloop
  endfacet
  facet normal 0 0 1
    outer loop
      vertex -24.8366 -7.89757 2.4
      vertex -27.9963 -10.0281 2.4
      vertex -27.7759 -10.2485 2.4
    endloop
  endfacet
  facet normal 0 0 1
    outer loop
      vertex -32.2583 -5.17936 2.4
      vertex -29.0986 0.624431 2.4
      vertex -29.6129 0.551021 2.4
    endloop
  endfacet
  facet normal 0 0 1
    outer loop
      vertex -24.5428 -6.57527 2.4
      vertex -30.1273 -8.70574 2.4
      vertex -24.8366 -7.89757 2.4
    endloop
  endfacet
  facet normal 0 0 1
    outer loop
      vertex -27.9963 -10.0281 2.4
      vertex -30.1273 -8.70574 2.4
      vertex -29.9803 -9.14654 2.4
    endloop
  endfacet
  facet normal 0 0 1
    outer loop
      vertex -24.8366 -7.89757 2.4
      vertex -30.1273 -8.70574 2.4
      vertex -27.9963 -10.0281 2.4
    endloop
  endfacet
  facet normal 0 0 1
    outer loop
      vertex -34.4627 0.0366972 2.4
      vertex -31.5234 2.38762 2.4
      vertex -32.7726 2.53456 2.4
    endloop
  endfacet
  facet normal 0 0 1
    outer loop
      vertex -24.5428 -6.57527 2.4
      vertex -32.2583 -5.17936 2.4
      vertex -31.303 -7.01608 2.4
    endloop
  endfacet
  facet normal 0 0 1
    outer loop
      vertex -31.303 -7.01608 2.4
      vertex -32.2583 -5.17936 2.4
      vertex -32.2583 -6.13447 2.4
    endloop
  endfacet
  facet normal 0 0 1
    outer loop
      vertex -30.6416 16.6401 2.4
      vertex -31.6703 12.4525 2.4
      vertex -30.2007 14.2892 2.4
    endloop
  endfacet
  facet normal -0 0 1
    outer loop
      vertex -42.3251 15.2442 2.4
      vertex -31.6703 12.4525 2.4
      vertex -30.6416 16.6401 2.4
    endloop
  endfacet
  facet normal 0 0 1
    outer loop
      vertex -33.2135 10.0281 2.4
      vertex -33.9482 9.21995 2.4
      vertex -33.3604 9.07301 2.4
    endloop
  endfacet
  facet normal 0 0 1
    outer loop
      vertex -31.6703 12.4525 2.4
      vertex -35.3444 9.29346 2.4
      vertex -33.2135 10.0281 2.4
    endloop
  endfacet
  facet normal 0 0 1
    outer loop
      vertex -33.2135 10.0281 2.4
      vertex -35.3444 9.29346 2.4
      vertex -33.9482 9.21995 2.4
    endloop
  endfacet
  facet normal 0 -0 1
    outer loop
      vertex -36.4467 9.14652 2.4
      vertex -31.6703 12.4525 2.4
      vertex -42.3251 15.2442 2.4
    endloop
  endfacet
  facet normal 0 0 1
    outer loop
      vertex -35.3444 9.29346 2.4
      vertex -36.4467 9.14652 2.4
      vertex -35.6383 9.14652 2.4
    endloop
  endfacet
  facet normal 0 0 1
    outer loop
      vertex -31.6703 12.4525 2.4
      vertex -36.4467 9.14652 2.4
      vertex -35.3444 9.29346 2.4
    endloop
  endfacet
  facet normal 0 0 1
    outer loop
      vertex -39.4594 7.01606 2.4
      vertex -36.8875 8.41186 2.4
      vertex -36.8875 8.92608 2.4
    endloop
  endfacet
  facet normal 0 0 1
    outer loop
      vertex -37.3284 6.42833 2.4
      vertex -38.0632 6.35481 2.4
      vertex -37.6223 6.20787 2.4
    endloop
  endfacet
  facet normal 0 0 1
    outer loop
      vertex -36.8875 8.41186 2.4
      vertex -39.4594 7.01606 2.4
      vertex -37.4019 7.23639 2.4
    endloop
  endfacet
  facet normal 0 0 1
    outer loop
      vertex -37.4019 7.23639 2.4
      vertex -39.4594 7.01606 2.4
      vertex -38.0632 6.35481 2.4
    endloop
  endfacet
  facet normal 0 0 1
    outer loop
      vertex -38.0632 6.35481 2.4
      vertex -39.4594 7.01606 2.4
      vertex -38.4306 6.06094 2.4
    endloop
  endfacet
  facet normal 0 0 1
    outer loop
      vertex -36.4467 9.14652 2.4
      vertex -42.3251 15.2442 2.4
      vertex -36.8875 8.92608 2.4
    endloop
  endfacet
  facet normal 0 -0 1
    outer loop
      vertex -41.2229 7.38334 2.4
      vertex -36.8875 8.92608 2.4
      vertex -42.3251 15.2442 2.4
    endloop
  endfacet
  facet normal 0 0 1
    outer loop
      vertex -36.8875 8.92608 2.4
      vertex -39.9738 7.23639 2.4
      vertex -39.4594 7.01606 2.4
    endloop
  endfacet
  facet normal 0 0 1
    outer loop
      vertex -36.8875 8.92608 2.4
      vertex -41.2229 7.38334 2.4
      vertex -39.9738 7.23639 2.4
    endloop
  endfacet
  facet normal 0 0 1
    outer loop
      vertex -41.2229 7.38334 2.4
      vertex -42.3251 15.2442 2.4
      vertex -42.2517 7.16299 2.4
    endloop
  endfacet
  facet normal 0 0 1
    outer loop
      vertex -42.3251 15.2442 2.4
      vertex -43.5009 6.50174 2.4
      vertex -42.2517 7.16299 2.4
    endloop
  endfacet
  facet normal -0 0 1
    outer loop
      vertex -52.3186 6.64868 2.4
      vertex -43.5009 6.50174 2.4
      vertex -42.3251 15.2442 2.4
    endloop
  endfacet
  facet normal 0 0 1
    outer loop
      vertex -43.5009 6.50174 2.4
      vertex -52.3186 6.64868 2.4
      vertex -44.3091 5.84059 2.4
    endloop
  endfacet
  facet normal -0 0 1
    outer loop
      vertex -46.2931 4.00388 2.4
      vertex -45.0439 3.56308 2.4
      vertex -44.897 4.88548 2.4
    endloop
  endfacet
  facet normal 0 -0 1
    outer loop
      vertex -45.7788 3.12229 2.4
      vertex -45.0439 3.56308 2.4
      vertex -46.2931 4.00388 2.4
    endloop
  endfacet
  facet normal 0 -0 1
    outer loop
      vertex -51.2164 5.62014 2.4
      vertex -44.3091 5.84059 2.4
      vertex -52.3186 6.64868 2.4
    endloop
  endfacet
  facet normal 0 0 1
    outer loop
      vertex -45.0439 3.56308 2.4
      vertex -45.7788 3.12229 2.4
      vertex -45.2643 3.19581 2.4
    endloop
  endfacet
  facet normal 0 0 1
    outer loop
      vertex -44.897 4.88548 2.4
      vertex -47.3953 4.15082 2.4
      vertex -46.2931 4.00388 2.4
    endloop
  endfacet
  facet normal 0 0 1
    outer loop
      vertex -44.3091 5.84059 2.4
      vertex -47.3953 4.15082 2.4
      vertex -44.897 4.88548 2.4
    endloop
  endfacet
  facet normal 0 0 1
    outer loop
      vertex -47.3953 4.15082 2.4
      vertex -51.2164 5.62014 2.4
      vertex -47.9831 3.85695 2.4
    endloop
  endfacet
  facet normal 0 0 1
    outer loop
      vertex -48.3506 3.48967 2.4
      vertex -48.8649 2.68148 2.4
      vertex -48.571 2.90194 2.4
    endloop
  endfacet
  facet normal 0 -0 1
    outer loop
      vertex -50.7755 3.85695 2.4
      vertex -47.9831 3.85695 2.4
      vertex -51.2164 5.62014 2.4
    endloop
  endfacet
  facet normal 0 0 1
    outer loop
      vertex -47.9831 3.85695 2.4
      vertex -50.7755 3.85695 2.4
      vertex -48.3506 3.48967 2.4
    endloop
  endfacet
  facet normal 0 0 1
    outer loop
      vertex -48.3506 3.48967 2.4
      vertex -50.1141 3.26922 2.4
      vertex -48.8649 2.68148 2.4
    endloop
  endfacet
  facet normal 0 0 1
    outer loop
      vertex -48.3506 3.48967 2.4
      vertex -50.7755 3.85695 2.4
      vertex -50.1141 3.26922 2.4
    endloop
  endfacet
  facet normal 0 -0 1
    outer loop
      vertex -47.3953 4.15082 2.4
      vertex -44.3091 5.84059 2.4
      vertex -51.2164 5.62014 2.4
    endloop
  endfacet
  facet normal 0 0 1
    outer loop
      vertex -42.3251 15.2442 2.4
      vertex -52.9064 6.94254 2.4
      vertex -52.3186 6.64868 2.4
    endloop
  endfacet
  facet normal 0 0 1
    outer loop
      vertex -42.3251 15.2442 2.4
      vertex -54.6699 7.38334 2.4
      vertex -52.9064 6.94254 2.4
    endloop
  endfacet
  facet normal -0 0 1
    outer loop
      vertex -66.133 12.0117 2.4
      vertex -54.6699 7.38334 2.4
      vertex -42.3251 15.2442 2.4
    endloop
  endfacet
  facet normal 0 0 1
    outer loop
      vertex -54.6699 7.38334 2.4
      vertex -66.133 12.0117 2.4
      vertex -57.4623 6.94254 2.4
    endloop
  endfacet
  facet normal 0 0 1
    outer loop
      vertex -57.4623 6.94254 2.4
      vertex -66.133 12.0117 2.4
      vertex -59.4462 6.28138 2.4
    endloop
  endfacet
  facet normal 0 0 1
    outer loop
      vertex -66.133 12.0117 2.4
      vertex -61.3567 5.25286 2.4
      vertex -59.4462 6.28138 2.4
    endloop
  endfacet
  facet normal 0 0 1
    outer loop
      vertex -66.133 12.0117 2.4
      vertex -63.5612 3.41616 2.4
      vertex -61.3567 5.25286 2.4
    endloop
  endfacet
  facet normal -0 0 1
    outer loop
      vertex -68.0435 11.8647 2.4
      vertex -63.5612 3.41616 2.4
      vertex -66.133 12.0117 2.4
    endloop
  endfacet
  facet normal 0 0 1
    outer loop
      vertex -63.5612 3.41616 2.4
      vertex -68.0435 11.8647 2.4
      vertex -64.6634 1.94682 2.4
    endloop
  endfacet
  facet normal 0 0 1
    outer loop
      vertex -71.0723 0 2.4
      vertex -64.6634 1.94682 2.4
      vertex -68.0435 11.8647 2.4
    endloop
  endfacet
  facet normal 0 0 1
    outer loop
      vertex -64.6634 1.94682 2.4
      vertex -71.0723 0 2.4
      vertex -65.5452 0.0366972 2.4
    endloop
  endfacet
  facet normal -0 0 1
    outer loop
      vertex -35.1975 0.551021 2.4
      vertex -34.83 0.183638 2.4
      vertex -35.0505 0.844873 2.4
    endloop
  endfacet
  facet normal 0 0 1
    outer loop
      vertex -35.1975 0.551021 2.4
      vertex -35.2709 -0.183653 2.4
      vertex -34.83 0.183638 2.4
    endloop
  endfacet
  facet normal -0 0 1
    outer loop
      vertex -35.7118 0.40408 2.4
      vertex -35.2709 -0.183653 2.4
      vertex -35.1975 0.551021 2.4
    endloop
  endfacet
  facet normal 0 0 1
    outer loop
      vertex -37.1815 -0.991829 2.4
      vertex -35.5649 -0.183653 2.4
      vertex -35.7118 0.40408 2.4
    endloop
  endfacet
  facet normal 0 0 1
    outer loop
      vertex -35.2709 -0.183653 2.4
      vertex -35.7118 0.40408 2.4
      vertex -35.5649 -0.183653 2.4
    endloop
  endfacet
  facet normal 0 0 1
    outer loop
      vertex -11.0957 1.72647 2.4
      vertex -10.8017 0.991814 2.4
      vertex -10.8017 1.50603 2.4
    endloop
  endfacet
  facet normal 0 0 1
    outer loop
      vertex -11.8304 0.844873 2.4
      vertex -10.8017 0.991814 2.4
      vertex -11.0957 1.72647 2.4
    endloop
  endfacet
  facet normal 0 0 1
    outer loop
      vertex -10.8017 0.991814 2.4
      vertex -11.8304 0.844873 2.4
      vertex -11.3161 -1.57956 2.4
    endloop
  endfacet
  facet normal -0 0 1
    outer loop
      vertex -13.1531 -1.43262 2.4
      vertex -11.3161 -1.57956 2.4
      vertex -12.6387 -0.697962 2.4
    endloop
  endfacet
  facet normal -0 0 1
    outer loop
      vertex -12.6387 -0.697962 2.4
      vertex -11.3161 -1.57956 2.4
      vertex -11.8304 0.844873 2.4
    endloop
  endfacet
  facet normal 0 0 1
    outer loop
      vertex 6.17236 0.771357 2.4
      vertex 5.80498 -0.110229 2.4
      vertex 5.87849 -0.330579 2.4
    endloop
  endfacet
  facet normal -0 0 1
    outer loop
      vertex 0.808267 5.54673 2.4
      vertex 1.98533 4.02585 2.4
      vertex 0.881783 6.57525 2.4
    endloop
  endfacet
  facet normal 0 0 1
    outer loop
      vertex 1.98533 4.02585 2.4
      vertex 0.808267 5.54673 2.4
      vertex 1.71777 4.14709 2.4
    endloop
  endfacet
  facet normal 0 0 1
    outer loop
      vertex 1.71777 4.14709 2.4
      vertex 0.808267 5.54673 2.4
      vertex 1.44287 4.25056 2.4
    endloop
  endfacet
  facet normal 0 0 1
    outer loop
      vertex 1.44287 4.25056 2.4
      vertex 0.808267 5.54673 2.4
      vertex 1.16177 4.33582 2.4
    endloop
  endfacet
  facet normal 0 0 1
    outer loop
      vertex 1.16177 4.33582 2.4
      vertex 0.808267 5.54673 2.4
      vertex 0.87571 4.40252 2.4
    endloop
  endfacet
  facet normal 0 0 1
    outer loop
      vertex 0.808267 5.54673 2.4
      vertex 0.585892 4.45036 2.4
      vertex 0.87571 4.40252 2.4
    endloop
  endfacet
  facet normal 0 -0 1
    outer loop
      vertex 0.585892 4.45036 2.4
      vertex 0.808267 5.54673 2.4
      vertex 0.447277 4.46401 2.4
    endloop
  endfacet
  facet normal 0 0 1
    outer loop
      vertex -3.74754 3.78354 2.4
      vertex -3.73228 2.49383 2.4
      vertex -3.59136 2.69048 2.4
    endloop
  endfacet
  facet normal -0 0 1
    outer loop
      vertex -6.17237 3.12229 2.4
      vertex -3.73228 2.49383 2.4
      vertex -3.74754 3.78354 2.4
    endloop
  endfacet
  facet normal 0 0 1
    outer loop
      vertex -4.02585 -1.98533 2.4
      vertex -3.96799 -2.24071 2.4
      vertex -3.88739 -2.24439 2.4
    endloop
  endfacet
  facet normal 0 0 1
    outer loop
      vertex -4.26196 -2.1673 2.4
      vertex -4.02585 -1.98533 2.4
      vertex -4.14709 -1.71777 2.4
    endloop
  endfacet
  facet normal 0 0 1
    outer loop
      vertex -4.26196 -2.1673 2.4
      vertex -4.14709 -1.71777 2.4
      vertex -4.25056 -1.44287 2.4
    endloop
  endfacet
  facet normal 0 0 1
    outer loop
      vertex -4.02585 -1.98533 2.4
      vertex -4.26196 -2.1673 2.4
      vertex -3.96799 -2.24071 2.4
    endloop
  endfacet
  facet normal 0 0 1
    outer loop
      vertex -4.55583 -2.60809 2.4
      vertex -4.25056 -1.44287 2.4
      vertex -4.33582 -1.16177 2.4
    endloop
  endfacet
  facet normal 0 0 1
    outer loop
      vertex -4.55583 -2.60809 2.4
      vertex -4.33582 -1.16177 2.4
      vertex -4.40252 -0.87571 2.4
    endloop
  endfacet
  facet normal 0 0 1
    outer loop
      vertex -4.55583 -2.60809 2.4
      vertex -4.40252 -0.87571 2.4
      vertex -4.45036 -0.585892 2.4
    endloop
  endfacet
  facet normal 0 0 1
    outer loop
      vertex -4.25056 -1.44287 2.4
      vertex -4.55583 -2.60809 2.4
      vertex -4.26196 -2.1673 2.4
    endloop
  endfacet
  facet normal 0 0 1
    outer loop
      vertex -4.47916 -0.293578 2.4
      vertex -4.55583 -2.60809 2.4
      vertex -4.45036 -0.585892 2.4
    endloop
  endfacet
  facet normal 0 0 1
    outer loop
      vertex -6.83373 0.110213 2.4
      vertex -4.47916 -0.293578 2.4
      vertex -4.48878 0 2.4
    endloop
  endfacet
  facet normal 0 0 1
    outer loop
      vertex -3.56118 -2.73259 2.4
      vertex -3.67403 -2.82844 2.4
      vertex -3.49477 -2.81351 2.4
    endloop
  endfacet
  facet normal 0 0 1
    outer loop
      vertex -3.73228 -2.49383 2.4
      vertex -3.67403 -2.82844 2.4
      vertex -3.56118 -2.73259 2.4
    endloop
  endfacet
  facet normal 0 0 1
    outer loop
      vertex -3.96799 -2.24071 2.4
      vertex -3.73228 -2.49383 2.4
      vertex -3.88739 -2.24439 2.4
    endloop
  endfacet
  facet normal 0 0 1
    outer loop
      vertex -4.40888 -2.75501 2.4
      vertex -3.73228 -2.49383 2.4
      vertex -3.96799 -2.24071 2.4
    endloop
  endfacet
  facet normal 0 0 1
    outer loop
      vertex -3.73228 -2.49383 2.4
      vertex -4.40888 -2.75501 2.4
      vertex -3.67403 -2.82844 2.4
    endloop
  endfacet
  facet normal 0 0 1
    outer loop
      vertex -3.67403 -2.82844 2.4
      vertex -4.40888 -2.75501 2.4
      vertex -4.11493 -3.12231 2.4
    endloop
  endfacet
  facet normal 0 0 1
    outer loop
      vertex -11.9039 6.42833 2.4
      vertex -14.4023 8.92608 2.4
      vertex -13.741 4.81207 2.4
    endloop
  endfacet
  facet normal -0 0 1
    outer loop
      vertex -20.9422 9.73425 2.4
      vertex -19.0316 9.58733 2.4
      vertex -20.8686 9.95461 2.4
    endloop
  endfacet
  facet normal 0 0 1
    outer loop
      vertex -21.3095 9.51381 2.4
      vertex -19.0316 9.58733 2.4
      vertex -20.9422 9.73425 2.4
    endloop
  endfacet
  facet normal 0 0 1
    outer loop
      vertex -19.0316 9.58733 2.4
      vertex -21.3095 9.51381 2.4
      vertex -21.236 3.56308 2.4
    endloop
  endfacet
  facet normal 0 0 1
    outer loop
      vertex -22.1178 9.58733 2.4
      vertex -21.236 3.56308 2.4
      vertex -21.3095 9.51381 2.4
    endloop
  endfacet
  facet normal 0 0 1
    outer loop
      vertex -24.6897 10.2485 2.4
      vertex -21.236 3.56308 2.4
      vertex -22.1178 9.58733 2.4
    endloop
  endfacet
  facet normal 0 0 1
    outer loop
      vertex -29.025 2.02034 2.4
      vertex -24.6897 10.2485 2.4
      vertex -26.3062 10.5423 2.4
    endloop
  endfacet
  facet normal 0 0 1
    outer loop
      vertex -24.6897 10.2485 2.4
      vertex -29.025 2.02034 2.4
      vertex -21.236 3.56308 2.4
    endloop
  endfacet
  facet normal -0 0 1
    outer loop
      vertex -24.6897 10.2485 2.4
      vertex -22.1178 9.58733 2.4
      vertex -23.7344 10.2485 2.4
    endloop
  endfacet
  facet normal -0 0 1
    outer loop
      vertex -21.6035 12.8198 2.4
      vertex -20.8686 9.95461 2.4
      vertex -21.1626 13.3341 2.4
    endloop
  endfacet
  facet normal 0 0 1
    outer loop
      vertex -20.8686 9.95461 2.4
      vertex -21.6035 12.8198 2.4
      vertex -21.3095 10.2485 2.4
    endloop
  endfacet
  facet normal 0 0 1
    outer loop
      vertex -23.5139 10.6159 2.4
      vertex -21.6035 12.8198 2.4
      vertex -23.0731 12.9668 2.4
    endloop
  endfacet
  facet normal 0 0 1
    outer loop
      vertex -21.6035 12.8198 2.4
      vertex -23.5139 10.6159 2.4
      vertex -21.3095 10.2485 2.4
    endloop
  endfacet
  facet normal 0 0 1
    outer loop
      vertex -25.204 11.1301 2.4
      vertex -23.0731 12.9668 2.4
      vertex -24.4692 13.481 2.4
    endloop
  endfacet
  facet normal 0 0 1
    outer loop
      vertex -25.204 11.1301 2.4
      vertex -24.4692 13.481 2.4
      vertex -25.0571 13.3341 2.4
    endloop
  endfacet
  facet normal 0 0 1
    outer loop
      vertex -23.0731 12.9668 2.4
      vertex -25.204 11.1301 2.4
      vertex -23.5139 10.6159 2.4
    endloop
  endfacet
  facet normal -0 0 1
    outer loop
      vertex -26.6002 13.3341 2.4
      vertex -25.204 11.1301 2.4
      vertex -25.0571 13.3341 2.4
    endloop
  endfacet
  facet normal 0 0 1
    outer loop
      vertex -26.6002 13.3341 2.4
      vertex -27.9228 11.6444 2.4
      vertex -25.204 11.1301 2.4
    endloop
  endfacet
  facet normal 0 0 1
    outer loop
      vertex -28.0698 13.481 2.4
      vertex -27.9228 11.6444 2.4
      vertex -26.6002 13.3341 2.4
    endloop
  endfacet
  facet normal -0 0 1
    outer loop
      vertex -30.1273 13.8484 2.4
      vertex -28.0698 13.481 2.4
      vertex -29.7599 14.1422 2.4
    endloop
  endfacet
  facet normal 0 0 1
    outer loop
      vertex -28.0698 13.481 2.4
      vertex -30.4212 12.8933 2.4
      vertex -27.9228 11.6444 2.4
    endloop
  endfacet
  facet normal 0 0 1
    outer loop
      vertex -28.0698 13.481 2.4
      vertex -30.1273 13.8484 2.4
      vertex -30.4212 12.8933 2.4
    endloop
  endfacet
  facet normal 0 0 1
    outer loop
      vertex -27.9228 11.6444 2.4
      vertex -30.4212 12.8933 2.4
      vertex -29.9803 10.1015 2.4
    endloop
  endfacet
  facet normal 0 0 1
    outer loop
      vertex -32.5521 9.95461 2.4
      vertex -29.9803 10.1015 2.4
      vertex -30.4212 12.8933 2.4
    endloop
  endfacet
  facet normal 0 0 1
    outer loop
      vertex -29.9803 10.1015 2.4
      vertex -32.5521 9.95461 2.4
      vertex -32.0378 8.26494 2.4
    endloop
  endfacet
  facet normal 0 0 1
    outer loop
      vertex -33.3604 9.07301 2.4
      vertex -32.5521 9.95461 2.4
      vertex -33.2135 10.0281 2.4
    endloop
  endfacet
  facet normal 0 0 1
    outer loop
      vertex -32.5521 9.95461 2.4
      vertex -33.3604 9.07301 2.4
      vertex -32.0378 8.26494 2.4
    endloop
  endfacet
  facet normal 0 0 1
    outer loop
      vertex 13.1531 -13.1137 2.4
      vertex 11.61 -13.7014 2.4
      vertex 12.7857 -14.0687 2.4
    endloop
  endfacet
  facet normal -0 0 1
    outer loop
      vertex 11.3161 -10.9097 2.4
      vertex 11.463 -13.3341 2.4
      vertex 12.2713 -10.7628 2.4
    endloop
  endfacet
  facet normal 0 0 1
    outer loop
      vertex 9.5525 -11.277 2.4
      vertex 11.3161 -10.9097 2.4
      vertex 9.9934 -10.8362 2.4
    endloop
  endfacet
  facet normal 0 0 1
    outer loop
      vertex 11.3161 -10.9097 2.4
      vertex 9.5525 -11.277 2.4
      vertex 11.463 -13.3341 2.4
    endloop
  endfacet
  facet normal 0 0 1
    outer loop
      vertex 9.5525 -11.277 2.4
      vertex 9.47909 -13.2607 2.4
      vertex 11.463 -13.3341 2.4
    endloop
  endfacet
  facet normal 0 -0 1
    outer loop
      vertex 9.47909 -13.2607 2.4
      vertex 9.5525 -11.277 2.4
      vertex 9.18514 -13.0402 2.4
    endloop
  endfacet
  facet normal 0 0 1
    outer loop
      vertex 22.7791 -13.5545 2.4
      vertex 22.4852 -13.3341 2.4
      vertex 22.7791 -13.9218 2.4
    endloop
  endfacet
  facet normal -0 0 1
    outer loop
      vertex 7.34812 5.914 2.4
      vertex 9.47909 5.62014 2.4
      vertex 7.78901 6.94254 2.4
    endloop
  endfacet
  facet normal 0 0 1
    outer loop
      vertex 9.47909 5.62014 2.4
      vertex 7.34812 5.47321 2.4
      vertex 8.67072 1.72647 2.4
    endloop
  endfacet
  facet normal 0 0 1
    outer loop
      vertex 7.78901 6.94254 2.4
      vertex 8.22991 9.29346 2.4
      vertex 7.78901 7.60369 2.4
    endloop
  endfacet
  facet normal -0 0 1
    outer loop
      vertex 6.46633 2.53456 2.4
      vertex 8.67072 1.72647 2.4
      vertex 7.34812 5.47321 2.4
    endloop
  endfacet
  facet normal 0 0 1
    outer loop
      vertex 9.47909 5.62014 2.4
      vertex 7.34812 5.914 2.4
      vertex 7.34812 5.47321 2.4
    endloop
  endfacet
  facet normal 0 0 1
    outer loop
      vertex 8.67072 1.72647 2.4
      vertex 6.46633 2.53456 2.4
      vertex 8.22991 0.477505 2.4
    endloop
  endfacet
  facet normal -0 0 1
    outer loop
      vertex 6.17236 0.771357 2.4
      vertex 8.22991 0.477505 2.4
      vertex 6.46633 2.53456 2.4
    endloop
  endfacet
  facet normal 0 0 1
    outer loop
      vertex 8.22991 0.477505 2.4
      vertex 6.17236 0.771357 2.4
      vertex 8.22991 0.0366972 2.4
    endloop
  endfacet
  facet normal 0 0 1
    outer loop
      vertex 5.87849 -0.330579 2.4
      vertex 8.22991 0.0366972 2.4
      vertex 6.17236 0.771357 2.4
    endloop
  endfacet
  facet normal 0 0 1
    outer loop
      vertex 19.399 2.97535 2.4
      vertex 21.9709 4.5182 2.4
      vertex 20.1339 5.914 2.4
    endloop
  endfacet
  facet normal 0 0 1
    outer loop
      vertex 21.9709 4.5182 2.4
      vertex 19.399 2.97535 2.4
      vertex 20.7217 0.844873 2.4
    endloop
  endfacet
  facet normal -0 0 1
    outer loop
      vertex 18.5907 1.43261 2.4
      vertex 20.7217 0.844873 2.4
      vertex 19.399 2.97535 2.4
    endloop
  endfacet
  facet normal -0 0 1
    outer loop
      vertex 25.351 -1.13875 2.4
      vertex 26.5267 -1.2857 2.4
      vertex 26.1593 -0.991829 2.4
    endloop
  endfacet
  facet normal -0 0 1
    outer loop
      vertex 30.0538 -4.22435 2.4
      vertex 30.9356 -6.64869 2.4
      vertex 30.5682 -4.00389 2.4
    endloop
  endfacet
  facet normal 0 0 1
    outer loop
      vertex 30.0538 -4.22435 2.4
      vertex 27.7023 -6.50175 2.4
      vertex 30.9356 -6.64869 2.4
    endloop
  endfacet
  facet normal 0 0 1
    outer loop
      vertex 26.6736 -4.07741 2.4
      vertex 27.7023 -6.50175 2.4
      vertex 30.0538 -4.22435 2.4
    endloop
  endfacet
  facet normal 0 0 1
    outer loop
      vertex 26.5267 -1.2857 2.4
      vertex 25.351 -1.13875 2.4
      vertex 26.5267 -3.71004 2.4
    endloop
  endfacet
  facet normal -0 0 1
    outer loop
      vertex 24.1018 -2.97536 2.4
      vertex 26.5267 -3.71004 2.4
      vertex 25.351 -1.13875 2.4
    endloop
  endfacet
  facet normal 0 0 1
    outer loop
      vertex 23.8079 -4.00389 2.4
      vertex 26.5267 -3.71004 2.4
      vertex 24.1018 -2.97536 2.4
    endloop
  endfacet
  facet normal 0 0 1
    outer loop
      vertex 26.5267 -3.71004 2.4
      vertex 23.8079 -4.00389 2.4
      vertex 26.6736 -4.07741 2.4
    endloop
  endfacet
  facet normal 0 0 1
    outer loop
      vertex 24.2488 -1.2857 2.4
      vertex 25.351 -1.13875 2.4
      vertex 24.6161 -0.991829 2.4
    endloop
  endfacet
  facet normal 0 0 1
    outer loop
      vertex 25.351 -1.13875 2.4
      vertex 24.2488 -1.2857 2.4
      vertex 24.1018 -2.97536 2.4
    endloop
  endfacet
  facet normal 0 -0 1
    outer loop
      vertex 25.351 -6.64869 2.4
      vertex 26.6736 -4.07741 2.4
      vertex 23.8079 -4.00389 2.4
    endloop
  endfacet
  facet normal 0 0 1
    outer loop
      vertex 26.6736 -4.07741 2.4
      vertex 25.351 -6.64869 2.4
      vertex 27.7023 -6.50175 2.4
    endloop
  endfacet
  facet normal -0 0 1
    outer loop
      vertex 22.9996 -4.4447 2.4
      vertex 25.351 -6.64869 2.4
      vertex 23.8079 -4.00389 2.4
    endloop
  endfacet
  facet normal 0 0 1
    outer loop
      vertex 18.8112 -6.57527 2.4
      vertex 22.9996 -4.4447 2.4
      vertex 19.9134 -4.4447 2.4
    endloop
  endfacet
  facet normal 0 0 1
    outer loop
      vertex 22.9996 -4.4447 2.4
      vertex 18.8112 -6.57527 2.4
      vertex 25.351 -6.64869 2.4
    endloop
  endfacet
  facet normal 0 0 1
    outer loop
      vertex 19.6194 -4.07741 2.4
      vertex 18.8112 -6.57527 2.4
      vertex 19.9134 -4.4447 2.4
    endloop
  endfacet
  facet normal -0 0 1
    outer loop
      vertex 17.9294 0.918298 2.4
      vertex 20.7217 0.844873 2.4
      vertex 18.5907 1.43261 2.4
    endloop
  endfacet
  facet normal 0 0 1
    outer loop
      vertex 20.7217 0.844873 2.4
      vertex 17.9294 0.918298 2.4
      vertex 19.6194 -4.07741 2.4
    endloop
  endfacet
  facet normal -0 0 1
    outer loop
      vertex 16.3863 0.110213 2.4
      vertex 19.6194 -4.07741 2.4
      vertex 17.9294 0.918298 2.4
    endloop
  endfacet
  facet normal 0 -0 1
    outer loop
      vertex 17.9294 -6.72221 2.4
      vertex 19.6194 -4.07741 2.4
      vertex 16.3863 0.110213 2.4
    endloop
  endfacet
  facet normal 0 0 1
    outer loop
      vertex 19.6194 -4.07741 2.4
      vertex 17.9294 -6.72221 2.4
      vertex 18.8112 -6.57527 2.4
    endloop
  endfacet
  facet normal 0 0 1
    outer loop
      vertex 12.2713 -0.47752 2.4
      vertex 16.3863 0.110213 2.4
      vertex 12.5653 0.0366972 2.4
    endloop
  endfacet
  facet normal 0 0 1
    outer loop
      vertex 11.5366 -3.85697 2.4
      vertex 16.3863 0.110213 2.4
      vertex 12.2713 -0.47752 2.4
    endloop
  endfacet
  facet normal 0 0 1
    outer loop
      vertex 16.3863 0.110213 2.4
      vertex 11.5366 -3.85697 2.4
      vertex 17.9294 -6.72221 2.4
    endloop
  endfacet
  facet normal -0 0 1
    outer loop
      vertex 11.0957 -4.37127 2.4
      vertex 17.9294 -6.72221 2.4
      vertex 11.5366 -3.85697 2.4
    endloop
  endfacet
  facet normal 0 0 1
    outer loop
      vertex 3.08617 -6.64869 2.4
      vertex 11.0957 -4.37127 2.4
      vertex 9.9934 -4.29776 2.4
    endloop
  endfacet
  facet normal 0 0 1
    outer loop
      vertex 3.08617 -6.64869 2.4
      vertex 9.9934 -4.29776 2.4
      vertex 7.56857 -4.4447 2.4
    endloop
  endfacet
  facet normal 0 0 1
    outer loop
      vertex 5.58453 -1.2857 2.4
      vertex 8.22991 0.0366972 2.4
      vertex 5.87849 -0.330579 2.4
    endloop
  endfacet
  facet normal 0 0 1
    outer loop
      vertex 8.22991 0.0366972 2.4
      vertex 5.58453 -1.2857 2.4
      vertex 7.34812 -3.19582 2.4
    endloop
  endfacet
  facet normal -0 0 1
    outer loop
      vertex 5.21715 -2.38763 2.4
      vertex 7.34812 -3.19582 2.4
      vertex 5.58453 -1.2857 2.4
    endloop
  endfacet
  facet normal 0 0 1
    outer loop
      vertex 5.21715 -2.38763 2.4
      vertex 5.58453 -1.2857 2.4
      vertex 5.21715 -1.94684 2.4
    endloop
  endfacet
  facet normal 0 0 1
    outer loop
      vertex 7.34812 -3.19582 2.4
      vertex 5.21715 -2.38763 2.4
      vertex 7.2746 -4.00389 2.4
    endloop
  endfacet
  facet normal -0 0 1
    outer loop
      vertex 3.89445 -3.63661 2.4
      vertex 7.2746 -4.00389 2.4
      vertex 5.21715 -2.38763 2.4
    endloop
  endfacet
  facet normal 0 0 1
    outer loop
      vertex 7.2746 -4.00389 2.4
      vertex 3.89445 -3.63661 2.4
      vertex 7.56857 -4.4447 2.4
    endloop
  endfacet
  facet normal 0 0 1
    outer loop
      vertex 3.08617 -6.64869 2.4
      vertex 3.89445 -3.63661 2.4
      vertex 3.52707 -3.63661 2.4
    endloop
  endfacet
  facet normal 0 0 1
    outer loop
      vertex 3.89445 -3.63661 2.4
      vertex 3.08617 -6.64869 2.4
      vertex 7.56857 -4.4447 2.4
    endloop
  endfacet
  facet normal 0 0 1
    outer loop
      vertex 11.0957 -4.37127 2.4
      vertex 3.08617 -6.64869 2.4
      vertex 17.9294 -6.72221 2.4
    endloop
  endfacet
  facet normal -0 0 1
    outer loop
      vertex 2.64527 -4.00389 2.4
      vertex 3.08617 -6.64869 2.4
      vertex 3.52707 -3.63661 2.4
    endloop
  endfacet
  facet normal 0 0 1
    outer loop
      vertex 1.98533 -4.02585 2.4
      vertex 2.64527 -4.00389 2.4
      vertex 1.99523 -4.02057 2.4
    endloop
  endfacet
  facet normal 0 0 1
    outer loop
      vertex 1.71777 -4.14709 2.4
      vertex 2.64527 -4.00389 2.4
      vertex 1.98533 -4.02585 2.4
    endloop
  endfacet
  facet normal 0 0 1
    outer loop
      vertex 2.64527 -4.00389 2.4
      vertex 1.76358 -6.50175 2.4
      vertex 3.08617 -6.64869 2.4
    endloop
  endfacet
  facet normal 0 0 1
    outer loop
      vertex 2.64527 -4.00389 2.4
      vertex 1.71777 -4.14709 2.4
      vertex 1.76358 -6.50175 2.4
    endloop
  endfacet
  facet normal -0 0 1
    outer loop
      vertex 1.44287 -4.25056 2.4
      vertex 1.76358 -6.50175 2.4
      vertex 1.71777 -4.14709 2.4
    endloop
  endfacet
  facet normal -0 0 1
    outer loop
      vertex 1.16177 -4.33582 2.4
      vertex 1.76358 -6.50175 2.4
      vertex 1.44287 -4.25056 2.4
    endloop
  endfacet
  facet normal -0 0 1
    outer loop
      vertex 0.87571 -4.40252 2.4
      vertex 1.76358 -6.50175 2.4
      vertex 1.16177 -4.33582 2.4
    endloop
  endfacet
  facet normal -0 0 1
    outer loop
      vertex 0.585892 -4.45036 2.4
      vertex 1.76358 -6.50175 2.4
      vertex 0.87571 -4.40252 2.4
    endloop
  endfacet
  facet normal -0 0 1
    outer loop
      vertex 0.293578 -4.47916 2.4
      vertex 1.76358 -6.50175 2.4
      vertex 0.585892 -4.45036 2.4
    endloop
  endfacet
  facet normal -0 0 1
    outer loop
      vertex 0 -4.48878 2.4
      vertex 1.76358 -6.50175 2.4
      vertex 0.293578 -4.47916 2.4
    endloop
  endfacet
  facet normal 0 0 1
    outer loop
      vertex -0.293578 -4.47916 2.4
      vertex 1.76358 -6.50175 2.4
      vertex 0 -4.48878 2.4
    endloop
  endfacet
  facet normal 0 0 1
    outer loop
      vertex -0.585892 -4.45036 2.4
      vertex 1.76358 -6.50175 2.4
      vertex -0.293578 -4.47916 2.4
    endloop
  endfacet
  facet normal 0 0 1
    outer loop
      vertex -0.87571 -4.40252 2.4
      vertex 1.76358 -6.50175 2.4
      vertex -0.585892 -4.45036 2.4
    endloop
  endfacet
  facet normal 0 0 1
    outer loop
      vertex -1.16177 -4.33582 2.4
      vertex 1.76358 -6.50175 2.4
      vertex -0.87571 -4.40252 2.4
    endloop
  endfacet
  facet normal 0 0 1
    outer loop
      vertex -1.44287 -4.25056 2.4
      vertex 1.76358 -6.50175 2.4
      vertex -1.16177 -4.33582 2.4
    endloop
  endfacet
  facet normal 0 0 1
    outer loop
      vertex -4.26196 -4.00389 2.4
      vertex -1.44287 -4.25056 2.4
      vertex -1.71777 -4.14709 2.4
    endloop
  endfacet
  facet normal 0 0 1
    outer loop
      vertex -4.26196 -4.00389 2.4
      vertex -1.71777 -4.14709 2.4
      vertex -1.94061 -4.04611 2.4
    endloop
  endfacet
  facet normal 0 0 1
    outer loop
      vertex -1.44287 -4.25056 2.4
      vertex -4.26196 -4.00389 2.4
      vertex 1.76358 -6.50175 2.4
    endloop
  endfacet
  facet normal 0 0 1
    outer loop
      vertex -8.45039 -4.15083 2.4
      vertex -4.26196 -4.00389 2.4
      vertex -4.77627 -3.85697 2.4
    endloop
  endfacet
  facet normal 0 0 1
    outer loop
      vertex -4.40252 0.87571 2.4
      vertex -6.83373 0.110213 2.4
      vertex -4.45036 0.585892 2.4
    endloop
  endfacet
  facet normal 0 0 1
    outer loop
      vertex -4.45036 0.585892 2.4
      vertex -6.83373 0.110213 2.4
      vertex -4.47916 0.293578 2.4
    endloop
  endfacet
  facet normal 0 0 1
    outer loop
      vertex -4.47916 0.293578 2.4
      vertex -6.83373 0.110213 2.4
      vertex -4.48878 0 2.4
    endloop
  endfacet
  facet normal 0 0 1
    outer loop
      vertex -4.47916 -0.293578 2.4
      vertex -6.83373 0.110213 2.4
      vertex -7.2012 -2.53457 2.4
    endloop
  endfacet
  facet normal 0 0 1
    outer loop
      vertex -4.47916 -0.293578 2.4
      vertex -7.2012 -2.53457 2.4
      vertex -4.77627 -3.85697 2.4
    endloop
  endfacet
  facet normal 0 0 1
    outer loop
      vertex -7.642 -3.85697 2.4
      vertex -4.77627 -3.85697 2.4
      vertex -7.2012 -2.53457 2.4
    endloop
  endfacet
  facet normal 0 0 1
    outer loop
      vertex -8.45039 -4.15083 2.4
      vertex -4.77627 -3.85697 2.4
      vertex -7.642 -3.85697 2.4
    endloop
  endfacet
  facet normal 0 0 1
    outer loop
      vertex -4.26196 -4.00389 2.4
      vertex -8.45039 -4.15083 2.4
      vertex -11.9039 -6.50175 2.4
    endloop
  endfacet
  facet normal 0 0 1
    outer loop
      vertex -10.4343 -4.29776 2.4
      vertex -8.45039 -4.15083 2.4
      vertex -10.0669 -4.00389 2.4
    endloop
  endfacet
  facet normal 0 0 1
    outer loop
      vertex -8.45039 -4.15083 2.4
      vertex -10.4343 -4.29776 2.4
      vertex -11.9039 -6.50175 2.4
    endloop
  endfacet
  facet normal 0 0 1
    outer loop
      vertex -11.9039 -6.50175 2.4
      vertex -10.4343 -4.29776 2.4
      vertex -11.4631 -4.37127 2.4
    endloop
  endfacet
  facet normal 0 0 1
    outer loop
      vertex -4.26196 -4.00389 2.4
      vertex -11.9039 -6.50175 2.4
      vertex 1.76358 -6.50175 2.4
    endloop
  endfacet
  facet normal 0 0 1
    outer loop
      vertex -12.9327 -6.64869 2.4
      vertex -11.4631 -4.37127 2.4
      vertex -11.757 -4.00389 2.4
    endloop
  endfacet
  facet normal 0 0 1
    outer loop
      vertex -11.3161 -1.57956 2.4
      vertex -13.1531 -1.43262 2.4
      vertex -11.61 -2.38763 2.4
    endloop
  endfacet
  facet normal 0 0 1
    outer loop
      vertex -13.9614 -2.53457 2.4
      vertex -11.61 -2.38763 2.4
      vertex -13.1531 -1.43262 2.4
    endloop
  endfacet
  facet normal 0 0 1
    outer loop
      vertex -11.61 -2.38763 2.4
      vertex -13.9614 -2.53457 2.4
      vertex -11.757 -4.00389 2.4
    endloop
  endfacet
  facet normal 0 0 1
    outer loop
      vertex -13.1531 -1.43262 2.4
      vertex -12.6387 -0.697962 2.4
      vertex -13.0796 -1.06524 2.4
    endloop
  endfacet
  facet normal 0 0 1
    outer loop
      vertex -14.8432 -4.22435 2.4
      vertex -11.757 -4.00389 2.4
      vertex -14.1083 -3.04888 2.4
    endloop
  endfacet
  facet normal 0 0 1
    outer loop
      vertex -11.757 -4.00389 2.4
      vertex -13.9614 -2.53457 2.4
      vertex -14.1083 -3.04888 2.4
    endloop
  endfacet
  facet normal 0 0 1
    outer loop
      vertex -11.4631 -4.37127 2.4
      vertex -12.9327 -6.64869 2.4
      vertex -11.9039 -6.50175 2.4
    endloop
  endfacet
  facet normal 0 0 1
    outer loop
      vertex -11.757 -4.00389 2.4
      vertex -14.8432 -4.22435 2.4
      vertex -12.9327 -6.64869 2.4
    endloop
  endfacet
  facet normal -0 0 1
    outer loop
      vertex -15.8719 -4.07741 2.4
      vertex -14.8432 -4.22435 2.4
      vertex -15.1372 -4.07741 2.4
    endloop
  endfacet
  facet normal 0 0 1
    outer loop
      vertex -14.8432 -4.22435 2.4
      vertex -15.8719 -4.07741 2.4
      vertex -16.3128 -4.29776 2.4
    endloop
  endfacet
  facet normal 0 0 1
    outer loop
      vertex -14.8432 -4.22435 2.4
      vertex -16.3128 -4.29776 2.4
      vertex -12.9327 -6.64869 2.4
    endloop
  endfacet
  facet normal 0 0 1
    outer loop
      vertex -17.856 1.06522 2.4
      vertex -17.1946 1.21216 2.4
      vertex -17.4885 1.43261 2.4
    endloop
  endfacet
  facet normal 0 0 1
    outer loop
      vertex -18.6642 -1.87343 2.4
      vertex -17.1946 1.21216 2.4
      vertex -17.856 1.06522 2.4
    endloop
  endfacet
  facet normal 0 0 1
    outer loop
      vertex -17.1946 1.21216 2.4
      vertex -18.6642 -1.87343 2.4
      vertex -16.5333 -4.07741 2.4
    endloop
  endfacet
  facet normal 0 0 1
    outer loop
      vertex -19.6195 -4.29776 2.4
      vertex -16.5333 -4.07741 2.4
      vertex -18.6642 -1.87343 2.4
    endloop
  endfacet
  facet normal 0 0 1
    outer loop
      vertex -19.6195 -4.29776 2.4
      vertex -16.3128 -4.29776 2.4
      vertex -16.5333 -4.07741 2.4
    endloop
  endfacet
  facet normal -0 0 1
    outer loop
      vertex -19.6195 -4.29776 2.4
      vertex -12.9327 -6.64869 2.4
      vertex -16.3128 -4.29776 2.4
    endloop
  endfacet
  facet normal 0 0 1
    outer loop
      vertex -24.5428 -6.57527 2.4
      vertex -19.6195 -4.29776 2.4
      vertex -21.53 -4.15083 2.4
    endloop
  endfacet
  facet normal 0 0 1
    outer loop
      vertex -24.5428 -6.57527 2.4
      vertex -21.53 -4.15083 2.4
      vertex -23.2935 -4.37127 2.4
    endloop
  endfacet
  facet normal 0 0 1
    outer loop
      vertex -19.6195 -4.29776 2.4
      vertex -24.5428 -6.57527 2.4
      vertex -12.9327 -6.64869 2.4
    endloop
  endfacet
  facet normal 0 0 1
    outer loop
      vertex -23.661 -4.00389 2.4
      vertex -24.5428 -6.57527 2.4
      vertex -23.2935 -4.37127 2.4
    endloop
  endfacet
  facet normal 0 0 1
    outer loop
      vertex -29.025 2.02034 2.4
      vertex -26.3062 10.5423 2.4
      vertex -27.7024 11.0566 2.4
    endloop
  endfacet
  facet normal 0 0 1
    outer loop
      vertex -21.236 3.56308 2.4
      vertex -29.025 2.02034 2.4
      vertex -22.9996 -1.94684 2.4
    endloop
  endfacet
  facet normal -0 0 1
    outer loop
      vertex -29.0986 0.624431 2.4
      vertex -22.9996 -1.94684 2.4
      vertex -28.9515 0.918298 2.4
    endloop
  endfacet
  facet normal -0 -0 1
    outer loop
      vertex -28.9515 0.918298 2.4
      vertex -22.9996 -1.94684 2.4
      vertex -29.025 2.02034 2.4
    endloop
  endfacet
  facet normal 0 0 1
    outer loop
      vertex 31.8908 16.6401 2.4
      vertex 29.172 9.21995 2.4
      vertex 31.8174 9.07301 2.4
    endloop
  endfacet
  facet normal 0 0 1
    outer loop
      vertex 31.8908 16.6401 2.4
      vertex 25.351 9.14652 2.4
      vertex 29.172 9.21995 2.4
    endloop
  endfacet
  facet normal 0 0 1
    outer loop
      vertex 31.8908 16.6401 2.4
      vertex 24.3957 8.85265 2.4
      vertex 25.351 9.14652 2.4
    endloop
  endfacet
  facet normal -0 0 1
    outer loop
      vertex 18.6642 8.9996 2.4
      vertex 24.3957 8.85265 2.4
      vertex 31.8908 16.6401 2.4
    endloop
  endfacet
  facet normal -0 0 1
    outer loop
      vertex 20.1339 5.914 2.4
      vertex 21.9709 4.5182 2.4
      vertex 20.1339 7.23639 2.4
    endloop
  endfacet
  facet normal 0 0 1
    outer loop
      vertex 23.5139 8.04448 2.4
      vertex 20.1339 7.23639 2.4
      vertex 21.9709 4.5182 2.4
    endloop
  endfacet
  facet normal 0 -0 1
    outer loop
      vertex 19.8399 8.04448 2.4
      vertex 24.3957 8.85265 2.4
      vertex 18.6642 8.9996 2.4
    endloop
  endfacet
  facet normal 0 0 1
    outer loop
      vertex 23.5139 8.04448 2.4
      vertex 19.8399 8.04448 2.4
      vertex 20.1339 7.23639 2.4
    endloop
  endfacet
  facet normal 0 0 1
    outer loop
      vertex 24.3957 8.85265 2.4
      vertex 19.8399 8.04448 2.4
      vertex 23.5139 8.04448 2.4
    endloop
  endfacet
  facet normal 0 0 1
    outer loop
      vertex 31.8908 16.6401 2.4
      vertex 17.4151 9.29346 2.4
      vertex 18.6642 8.9996 2.4
    endloop
  endfacet
  facet normal 0 0 1
    outer loop
      vertex 8.81218 19.5581 2.4
      vertex 17.4151 9.29346 2.4
      vertex 31.8908 16.6401 2.4
    endloop
  endfacet
  facet normal 0 0 1
    outer loop
      vertex 17.4151 9.29346 2.4
      vertex 8.81218 19.5581 2.4
      vertex 13.0062 9.36687 2.4
    endloop
  endfacet
  facet normal 0 -0 1
    outer loop
      vertex 10.8017 9.36687 2.4
      vertex 13.0062 9.36687 2.4
      vertex 8.81218 19.5581 2.4
    endloop
  endfacet
  facet normal 0 0 1
    outer loop
      vertex 8.22991 9.29346 2.4
      vertex 10.0669 7.38334 2.4
      vertex 10.3608 9.14652 2.4
    endloop
  endfacet
  facet normal 0 0 1
    outer loop
      vertex 8.81218 19.5581 2.4
      vertex 31.8908 16.6401 2.4
      vertex 33.417 16.6434 2.4
    endloop
  endfacet
  facet normal 0 0 1
    outer loop
      vertex 13.0062 9.36687 2.4
      vertex 10.8017 9.36687 2.4
      vertex 11.9039 9.21995 2.4
    endloop
  endfacet
  facet normal -0 0 1
    outer loop
      vertex 8.00947 9.44039 2.4
      vertex 10.8017 9.36687 2.4
      vertex 8.81218 19.5581 2.4
    endloop
  endfacet
  facet normal 0 0 1
    outer loop
      vertex 10.8017 9.36687 2.4
      vertex 8.00947 9.44039 2.4
      vertex 10.3608 9.14652 2.4
    endloop
  endfacet
  facet normal 0 0 1
    outer loop
      vertex 7.78901 6.94254 2.4
      vertex 10.0669 7.38334 2.4
      vertex 8.22991 9.29346 2.4
    endloop
  endfacet
  facet normal 0 0 1
    outer loop
      vertex 10.0669 7.38334 2.4
      vertex 7.78901 6.94254 2.4
      vertex 9.47909 5.62014 2.4
    endloop
  endfacet
  facet normal 0 0 1
    outer loop
      vertex 10.3608 9.14652 2.4
      vertex 8.00947 9.44039 2.4
      vertex 8.22991 9.29346 2.4
    endloop
  endfacet
  facet normal 0 0 1
    outer loop
      vertex 8.81218 19.5581 2.4
      vertex 4.26194 9.36687 2.4
      vertex 8.00947 9.44039 2.4
    endloop
  endfacet
  facet normal 0 0 1
    outer loop
      vertex 4.26194 9.36687 2.4
      vertex 2.49383 3.73228 2.4
      vertex 2.69249 3.58992 2.4
    endloop
  endfacet
  facet normal 0 0 1
    outer loop
      vertex 4.26194 9.36687 2.4
      vertex 2.24439 3.88739 2.4
      vertex 2.49383 3.73228 2.4
    endloop
  endfacet
  facet normal -0 0 1
    outer loop
      vertex 0.881783 6.57525 2.4
      vertex 2.24439 3.88739 2.4
      vertex 4.26194 9.36687 2.4
    endloop
  endfacet
  facet normal 0 0 1
    outer loop
      vertex 2.24439 3.88739 2.4
      vertex 0.881783 6.57525 2.4
      vertex 1.98533 4.02585 2.4
    endloop
  endfacet
  facet normal 0 0 1
    outer loop
      vertex 0 20.1456 2.4
      vertex 4.26194 9.36687 2.4
      vertex 8.81218 19.5581 2.4
    endloop
  endfacet
  facet normal 0 0 1
    outer loop
      vertex 0.881783 6.57525 2.4
      vertex 4.26194 9.36687 2.4
      vertex 1.69007 9.36687 2.4
    endloop
  endfacet
  facet normal 0 0 1
    outer loop
      vertex 4.26194 9.36687 2.4
      vertex 0 20.1456 2.4
      vertex 1.69007 9.36687 2.4
    endloop
  endfacet
  facet normal 0 0 1
    outer loop
      vertex 0 20.1456 2.4
      vertex -2.27792 9.44039 2.4
      vertex 1.69007 9.36687 2.4
    endloop
  endfacet
  facet normal -0 0 1
    outer loop
      vertex -5.51112 9.58733 2.4
      vertex -2.27792 9.44039 2.4
      vertex 0 20.1456 2.4
    endloop
  endfacet
  facet normal 0 0 1
    outer loop
      vertex -6.17237 3.12229 2.4
      vertex -3.74754 3.78354 2.4
      vertex -6.17237 3.93047 2.4
    endloop
  endfacet
  facet normal 0 0 1
    outer loop
      vertex -3.73228 2.49383 2.4
      vertex -6.17237 3.12229 2.4
      vertex -3.88739 2.24439 2.4
    endloop
  endfacet
  facet normal -0 0 1
    outer loop
      vertex -6.17237 3.93047 2.4
      vertex -3.74754 3.78354 2.4
      vertex -5.14365 7.82413 2.4
    endloop
  endfacet
  facet normal 0 0 1
    outer loop
      vertex -2.27792 9.44039 2.4
      vertex -5.14365 7.82413 2.4
      vertex -3.74754 3.78354 2.4
    endloop
  endfacet
  facet normal 0 0 1
    outer loop
      vertex -3.88739 2.24439 2.4
      vertex -6.17237 3.12229 2.4
      vertex -4.02585 1.98533 2.4
    endloop
  endfacet
  facet normal 0 0 1
    outer loop
      vertex -4.47916 -0.293578 2.4
      vertex -4.77627 -3.85697 2.4
      vertex -4.55583 -2.60809 2.4
    endloop
  endfacet
  facet normal 0 0 1
    outer loop
      vertex -4.33582 1.16177 2.4
      vertex -6.83373 0.110213 2.4
      vertex -4.40252 0.87571 2.4
    endloop
  endfacet
  facet normal 0 0 1
    outer loop
      vertex -6.83373 0.110213 2.4
      vertex -4.33582 1.16177 2.4
      vertex -6.17237 3.12229 2.4
    endloop
  endfacet
  facet normal 0 0 1
    outer loop
      vertex -4.25056 1.44287 2.4
      vertex -6.17237 3.12229 2.4
      vertex -4.33582 1.16177 2.4
    endloop
  endfacet
  facet normal 0 0 1
    outer loop
      vertex -4.14709 1.71777 2.4
      vertex -6.17237 3.12229 2.4
      vertex -4.25056 1.44287 2.4
    endloop
  endfacet
  facet normal 0 0 1
    outer loop
      vertex -4.02585 1.98533 2.4
      vertex -6.17237 3.12229 2.4
      vertex -4.14709 1.71777 2.4
    endloop
  endfacet
  facet normal 0 0 1
    outer loop
      vertex -5.14365 7.82413 2.4
      vertex -2.27792 9.44039 2.4
      vertex -4.92319 9.29346 2.4
    endloop
  endfacet
  facet normal 0 0 1
    outer loop
      vertex -2.27792 9.44039 2.4
      vertex -5.51112 9.58733 2.4
      vertex -4.92319 9.29346 2.4
    endloop
  endfacet
  facet normal -0 0 1
    outer loop
      vertex -8.81218 19.5581 2.4
      vertex -5.51112 9.58733 2.4
      vertex 0 20.1456 2.4
    endloop
  endfacet
  facet normal 0 0 1
    outer loop
      vertex -8.81218 19.5581 2.4
      vertex -9.84649 9.44039 2.4
      vertex -5.51112 9.58733 2.4
    endloop
  endfacet
  facet normal -0 0 1
    outer loop
      vertex -14.4758 9.58733 2.4
      vertex -9.84649 9.44039 2.4
      vertex -8.81218 19.5581 2.4
    endloop
  endfacet
  facet normal 0 0 1
    outer loop
      vertex -14.4023 8.92608 2.4
      vertex -9.84649 9.44039 2.4
      vertex -14.3288 9.44039 2.4
    endloop
  endfacet
  facet normal 0 0 1
    outer loop
      vertex -9.84649 9.44039 2.4
      vertex -14.4023 8.92608 2.4
      vertex -11.9039 6.42833 2.4
    endloop
  endfacet
  facet normal 0 0 1
    outer loop
      vertex -11.9039 6.42833 2.4
      vertex -13.741 4.81207 2.4
      vertex -12.2713 5.62014 2.4
    endloop
  endfacet
  facet normal 0 0 1
    outer loop
      vertex -12.2713 5.62014 2.4
      vertex -13.741 4.81207 2.4
      vertex -13.0062 4.59161 2.4
    endloop
  endfacet
  facet normal 0 0 1
    outer loop
      vertex -13.0062 4.59161 2.4
      vertex -13.741 4.81207 2.4
      vertex -13.3736 4.37126 2.4
    endloop
  endfacet
  facet normal 0 0 1
    outer loop
      vertex -9.84649 9.44039 2.4
      vertex -14.4758 9.58733 2.4
      vertex -14.3288 9.44039 2.4
    endloop
  endfacet
  facet normal -0 0 1
    outer loop
      vertex -21.1626 13.3341 2.4
      vertex -14.4758 9.58733 2.4
      vertex -8.81218 19.5581 2.4
    endloop
  endfacet
  facet normal 0 0 1
    outer loop
      vertex -14.4758 9.58733 2.4
      vertex -21.1626 13.3341 2.4
      vertex -19.0316 9.58733 2.4
    endloop
  endfacet
  facet normal 0 0 1
    outer loop
      vertex -19.0316 9.58733 2.4
      vertex -21.1626 13.3341 2.4
      vertex -20.8686 9.95461 2.4
    endloop
  endfacet
  facet normal 0 0 1
    outer loop
      vertex -8.81218 19.5581 2.4
      vertex -21.53 13.5545 2.4
      vertex -21.1626 13.3341 2.4
    endloop
  endfacet
  facet normal -0 0 1
    outer loop
      vertex -30.6416 16.6401 2.4
      vertex -21.53 13.5545 2.4
      vertex -8.81218 19.5581 2.4
    endloop
  endfacet
  facet normal 0 0 1
    outer loop
      vertex -21.53 13.5545 2.4
      vertex -30.6416 16.6401 2.4
      vertex -25.498 13.9953 2.4
    endloop
  endfacet
  facet normal 0 0 1
    outer loop
      vertex -25.498 13.9953 2.4
      vertex -30.6416 16.6401 2.4
      vertex -30.2007 14.2892 2.4
    endloop
  endfacet
  facet normal 0 -0 1
    outer loop
      vertex -30.6416 16.6401 2.4
      vertex -8.81218 19.5581 2.4
      vertex -33.3993 16.6455 2.4
    endloop
  endfacet
  facet normal 0 0 1
    outer loop
      vertex 36.8141 -12.1586 2.4
      vertex 34.9035 -12.8933 2.4
      vertex 35.3444 -13.481 2.4
    endloop
  endfacet
  facet normal 0 0 1
    outer loop
      vertex 41.1494 -13.481 2.4
      vertex 40.0472 -13.6279 2.4
      vertex 41.1494 -13.8484 2.4
    endloop
  endfacet
  facet normal -0 0 1
    outer loop
      vertex 39.3858 -12.3791 2.4
      vertex 39.9738 -13.3341 2.4
      vertex 40.1207 -12.0852 2.4
    endloop
  endfacet
  facet normal 0 0 1
    outer loop
      vertex 38.0632 -13.2607 2.4
      vertex 39.3858 -12.3791 2.4
      vertex 38.2102 -12.3791 2.4
    endloop
  endfacet
  facet normal 0 0 1
    outer loop
      vertex 39.3858 -12.3791 2.4
      vertex 38.0632 -13.2607 2.4
      vertex 39.9738 -13.3341 2.4
    endloop
  endfacet
  facet normal 0 -0 1
    outer loop
      vertex 38.0632 -13.2607 2.4
      vertex 38.2102 -12.3791 2.4
      vertex 37.7693 -12.8933 2.4
    endloop
  endfacet
  facet normal 0 0 1
    outer loop
      vertex 40.7085 -10.6893 2.4
      vertex 39.9738 -11.7178 2.4
      vertex 40.1207 -12.0852 2.4
    endloop
  endfacet
  facet normal 0 0 1
    outer loop
      vertex 39.3858 -10.6159 2.4
      vertex 39.9738 -11.7178 2.4
      vertex 40.7085 -10.6893 2.4
    endloop
  endfacet
  facet normal -0 0 1
    outer loop
      vertex 39.092 -10.8362 2.4
      vertex 39.9738 -11.7178 2.4
      vertex 39.3858 -10.6159 2.4
    endloop
  endfacet
  facet normal 0 0 1
    outer loop
      vertex 38.3571 -11.6444 2.4
      vertex 39.092 -10.8362 2.4
      vertex 38.5041 -10.9097 2.4
    endloop
  endfacet
  facet normal 0 0 1
    outer loop
      vertex 39.092 -10.8362 2.4
      vertex 38.3571 -11.6444 2.4
      vertex 39.9738 -11.7178 2.4
    endloop
  endfacet
  facet normal 0 -0 1
    outer loop
      vertex 38.3571 -11.6444 2.4
      vertex 38.5041 -10.9097 2.4
      vertex 38.2102 -11.277 2.4
    endloop
  endfacet
  facet normal 0 0 1
    outer loop
      vertex 44.8969 0.551021 2.4
      vertex 42.8395 1.28568 2.4
      vertex 42.913 0.257154 2.4
    endloop
  endfacet
  facet normal 0 0 1
    outer loop
      vertex 45.6318 3.48967 2.4
      vertex 42.5455 1.87341 2.4
      vertex 42.8395 1.28568 2.4
    endloop
  endfacet
  facet normal -0 0 1
    outer loop
      vertex 42.3251 3.26922 2.4
      vertex 42.5455 1.87341 2.4
      vertex 43.4273 4.29774 2.4
    endloop
  endfacet
  facet normal 0 0 1
    outer loop
      vertex 42.3251 3.26922 2.4
      vertex 42.1046 2.31421 2.4
      vertex 42.5455 1.87341 2.4
    endloop
  endfacet
  facet normal 0 0 1
    outer loop
      vertex 42.3251 3.26922 2.4
      vertex 41.7373 2.46113 2.4
      vertex 42.1046 2.31421 2.4
    endloop
  endfacet
  facet normal 0 -0 1
    outer loop
      vertex 41.7373 2.46113 2.4
      vertex 42.3251 3.26922 2.4
      vertex 41.5168 2.82842 2.4
    endloop
  endfacet
  facet normal 0 0 1
    outer loop
      vertex 46.0726 6.72219 2.4
      vertex 43.6478 7.60369 2.4
      vertex 43.8682 6.86912 2.4
    endloop
  endfacet
  facet normal 0 0 1
    outer loop
      vertex 46.6605 8.92608 2.4
      vertex 43.1335 8.26494 2.4
      vertex 43.6478 7.60369 2.4
    endloop
  endfacet
  facet normal 0 0 1
    outer loop
      vertex 41.5903 8.9996 2.4
      vertex 44.0152 14.8769 2.4
      vertex 42.9864 15.3177 2.4
    endloop
  endfacet
  facet normal 0 0 1
    outer loop
      vertex 46.6605 8.92608 2.4
      vertex 42.4721 8.77914 2.4
      vertex 43.1335 8.26494 2.4
    endloop
  endfacet
  facet normal 0 0 1
    outer loop
      vertex 44.0152 14.8769 2.4
      vertex 41.5903 8.9996 2.4
      vertex 42.4721 8.77914 2.4
    endloop
  endfacet
  facet normal 0 0 1
    outer loop
      vertex 42.9864 15.3177 2.4
      vertex 36.7405 9.07301 2.4
      vertex 41.5903 8.9996 2.4
    endloop
  endfacet
  facet normal 0 0 1
    outer loop
      vertex 31.8908 16.6401 2.4
      vertex 36.7405 9.07301 2.4
      vertex 42.9864 15.3177 2.4
    endloop
  endfacet
  facet normal -0 0 1
    outer loop
      vertex 31.9643 8.33835 2.4
      vertex 34.1687 7.6772 2.4
      vertex 34.3157 8.92608 2.4
    endloop
  endfacet
  facet normal -0 0 1
    outer loop
      vertex 30.4211 1.35909 2.4
      vertex 32.3317 -0.771372 2.4
      vertex 33.6544 5.914 2.4
    endloop
  endfacet
  facet normal 0 0 1
    outer loop
      vertex 31.0091 5.10593 2.4
      vertex 33.6544 5.914 2.4
      vertex 31.9643 8.33835 2.4
    endloop
  endfacet
  facet normal 0 0 1
    outer loop
      vertex 34.1687 7.6772 2.4
      vertex 31.9643 8.33835 2.4
      vertex 33.6544 5.914 2.4
    endloop
  endfacet
  facet normal 0 0 1
    outer loop
      vertex 31.9643 8.33835 2.4
      vertex 34.3157 8.92608 2.4
      vertex 31.9643 8.85265 2.4
    endloop
  endfacet
  facet normal 0 0 1
    outer loop
      vertex 36.7405 9.07301 2.4
      vertex 31.8908 16.6401 2.4
      vertex 34.3157 8.92608 2.4
    endloop
  endfacet
  facet normal 0 0 1
    outer loop
      vertex 34.3157 8.92608 2.4
      vertex 31.8908 16.6401 2.4
      vertex 31.8174 9.07301 2.4
    endloop
  endfacet
  facet normal 0 0 1
    outer loop
      vertex 34.3157 8.92608 2.4
      vertex 31.8174 9.07301 2.4
      vertex 31.9643 8.85265 2.4
    endloop
  endfacet
  facet normal 0 0 1
    outer loop
      vertex 30.4211 1.35909 2.4
      vertex 33.6544 5.914 2.4
      vertex 31.0091 5.10593 2.4
    endloop
  endfacet
  facet normal 0 0 1
    outer loop
      vertex 30.3477 -0.991829 2.4
      vertex 32.3317 -0.771372 2.4
      vertex 30.4211 1.35909 2.4
    endloop
  endfacet
  facet normal 0 0 1
    outer loop
      vertex 32.3317 -0.771372 2.4
      vertex 30.3477 -0.991829 2.4
      vertex 32.1112 -1.2857 2.4
    endloop
  endfacet
  facet normal 0 0 1
    outer loop
      vertex 43.7213 -11.1301 2.4
      vertex 44.75 -10.9097 2.4
      vertex 44.3091 -10.6159 2.4
    endloop
  endfacet
  facet normal 0 0 1
    outer loop
      vertex 44.75 -10.9097 2.4
      vertex 43.7213 -11.1301 2.4
      vertex 44.1622 -13.9218 2.4
    endloop
  endfacet
  facet normal 0 0 1
    outer loop
      vertex 60.475 -0.918313 2.4
      vertex 61.4302 -0.330579 2.4
      vertex 61.1363 -0.110229 2.4
    endloop
  endfacet
  facet normal 0 0 1
    outer loop
      vertex 61.4302 -0.330579 2.4
      vertex 60.475 -0.918313 2.4
      vertex 61.4302 -1.35911 2.4
    endloop
  endfacet
  facet normal 0 0 1
    outer loop
      vertex 58.5645 -4.29776 2.4
      vertex 60.9893 -3.26923 2.4
      vertex 60.475 -0.918313 2.4
    endloop
  endfacet
  facet normal 0 0 1
    outer loop
      vertex 61.4302 -1.35911 2.4
      vertex 60.475 -0.918313 2.4
      vertex 60.9893 -3.26923 2.4
    endloop
  endfacet
  facet normal 0 0 1
    outer loop
      vertex 75.3661 -13.5809 2.4
      vertex 65.5451 -7.89757 2.4
      vertex 65.6187 -12.6729 2.4
    endloop
  endfacet
  facet normal 0 0 1
    outer loop
      vertex 62.7529 -7.82414 2.4
      vertex 65.6187 -12.6729 2.4
      vertex 65.5451 -7.89757 2.4
    endloop
  endfacet
  facet normal 0 0 1
    outer loop
      vertex 62.7529 -7.82414 2.4
      vertex 61.9445 -13.481 2.4
      vertex 65.6187 -12.6729 2.4
    endloop
  endfacet
  facet normal -0 0 1
    outer loop
      vertex 60.5484 -7.89757 2.4
      vertex 61.9445 -13.481 2.4
      vertex 62.7529 -7.82414 2.4
    endloop
  endfacet
  facet normal -0 0 1
    outer loop
      vertex 59.9606 -8.04449 2.4
      vertex 61.9445 -13.481 2.4
      vertex 60.5484 -7.89757 2.4
    endloop
  endfacet
  facet normal 0 0 1
    outer loop
      vertex 61.9445 -13.481 2.4
      vertex 59.9606 -8.04449 2.4
      vertex 60.1075 -13.6279 2.4
    endloop
  endfacet
  facet normal 0 0 1
    outer loop
      vertex 59.0054 -7.89757 2.4
      vertex 60.1075 -13.6279 2.4
      vertex 59.9606 -8.04449 2.4
    endloop
  endfacet
  facet normal 0 0 1
    outer loop
      vertex 56.0661 -10.322 2.4
      vertex 59.0054 -7.89757 2.4
      vertex 57.4622 -8.11801 2.4
    endloop
  endfacet
  facet normal 0 0 1
    outer loop
      vertex 59.0054 -7.89757 2.4
      vertex 56.0661 -10.322 2.4
      vertex 60.1075 -13.6279 2.4
    endloop
  endfacet
  facet normal 0 0 1
    outer loop
      vertex 60.1075 -13.6279 2.4
      vertex 56.0661 -10.322 2.4
      vertex 57.0949 -14.1423 2.4
    endloop
  endfacet
  facet normal 0 0 1
    outer loop
      vertex 57.0949 -14.1423 2.4
      vertex 56.0661 -10.322 2.4
      vertex 56.1395 -13.481 2.4
    endloop
  endfacet
  facet normal 0 0 1
    outer loop
      vertex 55.7722 -10.1015 2.4
      vertex 57.4622 -8.11801 2.4
      vertex 55.9191 -8.04449 2.4
    endloop
  endfacet
  facet normal 0 0 1
    outer loop
      vertex 57.4622 -8.11801 2.4
      vertex 55.7722 -10.1015 2.4
      vertex 56.0661 -10.322 2.4
    endloop
  endfacet
  facet normal 0 0 1
    outer loop
      vertex 55.6986 -7.89757 2.4
      vertex 55.7722 -10.1015 2.4
      vertex 55.9191 -8.04449 2.4
    endloop
  endfacet
  facet normal -0 0 1
    outer loop
      vertex 54.523 -7.89757 2.4
      vertex 55.7722 -10.1015 2.4
      vertex 55.6986 -7.89757 2.4
    endloop
  endfacet
  facet normal 0 0 1
    outer loop
      vertex 54.523 -7.89757 2.4
      vertex 53.9352 -10.1751 2.4
      vertex 55.7722 -10.1015 2.4
    endloop
  endfacet
  facet normal -0 0 1
    outer loop
      vertex 53.5678 -8.11801 2.4
      vertex 53.9352 -10.1751 2.4
      vertex 54.523 -7.89757 2.4
    endloop
  endfacet
  facet normal 0 0 1
    outer loop
      vertex 51.5837 -10.1751 2.4
      vertex 53.9352 -10.1751 2.4
      vertex 53.5678 -8.11801 2.4
    endloop
  endfacet
  facet normal 0 0 1
    outer loop
      vertex 53.9352 -10.1751 2.4
      vertex 51.5837 -10.1751 2.4
      vertex 53.2003 -11.2036 2.4
    endloop
  endfacet
  facet normal 0 0 1
    outer loop
      vertex 53.2003 -11.2036 2.4
      vertex 51.5102 -10.3954 2.4
      vertex 52.0246 -13.7749 2.4
    endloop
  endfacet
  facet normal -0 0 1
    outer loop
      vertex 51.5102 -10.3954 2.4
      vertex 53.2003 -11.2036 2.4
      vertex 51.5837 -10.1751 2.4
    endloop
  endfacet
  facet normal 0 0 1
    outer loop
      vertex 53.5678 -8.11801 2.4
      vertex 50.4081 -10.1751 2.4
      vertex 51.5837 -10.1751 2.4
    endloop
  endfacet
  facet normal 0 0 1
    outer loop
      vertex 50.4081 -10.1751 2.4
      vertex 48.6445 -10.322 2.4
      vertex 48.8649 -11.5709 2.4
    endloop
  endfacet
  facet normal -0 0 1
    outer loop
      vertex 45.9257 -8.19144 2.4
      vertex 50.4081 -10.1751 2.4
      vertex 53.5678 -8.11801 2.4
    endloop
  endfacet
  facet normal 0 0 1
    outer loop
      vertex 50.4081 -10.1751 2.4
      vertex 48.4975 -10.1751 2.4
      vertex 48.6445 -10.322 2.4
    endloop
  endfacet
  facet normal 0 0 1
    outer loop
      vertex 50.4081 -10.1751 2.4
      vertex 45.9257 -8.19144 2.4
      vertex 48.4975 -10.1751 2.4
    endloop
  endfacet
  facet normal 0 0 1
    outer loop
      vertex 47.6157 -10.1751 2.4
      vertex 46.0726 -10.5424 2.4
      vertex 46.734 -13.5545 2.4
    endloop
  endfacet
  facet normal 0 0 1
    outer loop
      vertex 48.4975 -10.1751 2.4
      vertex 45.9257 -8.19144 2.4
      vertex 47.6157 -10.1751 2.4
    endloop
  endfacet
  facet normal 0 0 1
    outer loop
      vertex 47.6157 -10.1751 2.4
      vertex 45.9992 -10.2485 2.4
      vertex 46.0726 -10.5424 2.4
    endloop
  endfacet
  facet normal 0 0 1
    outer loop
      vertex 47.6157 -10.1751 2.4
      vertex 45.9257 -8.19144 2.4
      vertex 45.9992 -10.2485 2.4
    endloop
  endfacet
  facet normal 0 0 1
    outer loop
      vertex 45.9257 -8.19144 2.4
      vertex 45.7052 -10.1015 2.4
      vertex 45.9992 -10.2485 2.4
    endloop
  endfacet
  facet normal 0 0 1
    outer loop
      vertex 45.9257 -8.19144 2.4
      vertex 43.2069 -10.1751 2.4
      vertex 45.7052 -10.1015 2.4
    endloop
  endfacet
  facet normal -0 0 1
    outer loop
      vertex 40.7085 -10.6893 2.4
      vertex 42.766 -10.8362 2.4
      vertex 40.782 -10.2485 2.4
    endloop
  endfacet
  facet normal -0 0 1
    outer loop
      vertex 40.1207 -12.0852 2.4
      vertex 41.8843 -12.8933 2.4
      vertex 40.7085 -10.6893 2.4
    endloop
  endfacet
  facet normal 0 0 1
    outer loop
      vertex 42.766 -10.8362 2.4
      vertex 40.7085 -10.6893 2.4
      vertex 41.8843 -12.8933 2.4
    endloop
  endfacet
  facet normal 0 0 1
    outer loop
      vertex 43.2069 -10.1751 2.4
      vertex 40.782 -10.2485 2.4
      vertex 42.766 -10.8362 2.4
    endloop
  endfacet
  facet normal 0 0 1
    outer loop
      vertex 40.635 -7.97109 2.4
      vertex 43.2069 -10.1751 2.4
      vertex 45.9257 -8.19144 2.4
    endloop
  endfacet
  facet normal 0 0 1
    outer loop
      vertex 43.2069 -10.1751 2.4
      vertex 40.635 -7.97109 2.4
      vertex 40.782 -10.2485 2.4
    endloop
  endfacet
  facet normal 0 0 1
    outer loop
      vertex 40.635 -7.97109 2.4
      vertex 40.635 -10.1015 2.4
      vertex 40.782 -10.2485 2.4
    endloop
  endfacet
  facet normal 0 0 1
    outer loop
      vertex 40.635 -7.97109 2.4
      vertex 37.4754 -10.1015 2.4
      vertex 40.635 -10.1015 2.4
    endloop
  endfacet
  facet normal -0 0 1
    outer loop
      vertex 35.4179 -11.3505 2.4
      vertex 36.8141 -12.1586 2.4
      vertex 35.5649 -10.322 2.4
    endloop
  endfacet
  facet normal 0 0 1
    outer loop
      vertex 37.4754 -10.1015 2.4
      vertex 35.5649 -10.322 2.4
      vertex 36.8141 -12.1586 2.4
    endloop
  endfacet
  facet normal -0 0 1
    outer loop
      vertex 34.4626 -8.04449 2.4
      vertex 37.4754 -10.1015 2.4
      vertex 40.635 -7.97109 2.4
    endloop
  endfacet
  facet normal 0 -0 1
    outer loop
      vertex 35.2709 -10.1015 2.4
      vertex 37.4754 -10.1015 2.4
      vertex 34.4626 -8.04449 2.4
    endloop
  endfacet
  facet normal 0 0 1
    outer loop
      vertex 37.4754 -10.1015 2.4
      vertex 35.2709 -10.1015 2.4
      vertex 35.5649 -10.322 2.4
    endloop
  endfacet
  facet normal 0 0 1
    outer loop
      vertex 33.0665 -10.0281 2.4
      vertex 34.4626 -8.04449 2.4
      vertex 33.7279 -7.89757 2.4
    endloop
  endfacet
  facet normal 0 0 1
    outer loop
      vertex 34.4626 -8.04449 2.4
      vertex 33.0665 -10.0281 2.4
      vertex 35.2709 -10.1015 2.4
    endloop
  endfacet
  facet normal 0 0 1
    outer loop
      vertex 33.7279 -7.89757 2.4
      vertex 32.4052 -10.1751 2.4
      vertex 33.0665 -10.0281 2.4
    endloop
  endfacet
  facet normal -0 0 1
    outer loop
      vertex 29.4659 -10.0281 2.4
      vertex 32.4052 -10.1751 2.4
      vertex 33.7279 -7.89757 2.4
    endloop
  endfacet
  facet normal -0 0 1
    outer loop
      vertex 30.1273 -11.2036 2.4
      vertex 31.0825 -12.9668 2.4
      vertex 32.0378 -10.6893 2.4
    endloop
  endfacet
  facet normal 0 0 1
    outer loop
      vertex 29.3924 -13.6279 2.4
      vertex 30.3477 -13.481 2.4
      vertex 30.1273 -11.2036 2.4
    endloop
  endfacet
  facet normal 0 0 1
    outer loop
      vertex 31.0825 -12.9668 2.4
      vertex 30.1273 -11.2036 2.4
      vertex 30.3477 -13.481 2.4
    endloop
  endfacet
  facet normal 0 0 1
    outer loop
      vertex 32.4052 -10.1751 2.4
      vertex 30.0538 -10.4689 2.4
      vertex 32.0378 -10.6893 2.4
    endloop
  endfacet
  facet normal 0 0 1
    outer loop
      vertex 32.0378 -10.6893 2.4
      vertex 30.0538 -10.4689 2.4
      vertex 30.1273 -11.2036 2.4
    endloop
  endfacet
  facet normal 0 0 1
    outer loop
      vertex 32.4052 -10.1751 2.4
      vertex 29.4659 -10.0281 2.4
      vertex 30.0538 -10.4689 2.4
    endloop
  endfacet
  facet normal -0 0 1
    outer loop
      vertex 24.3223 -7.89757 2.4
      vertex 29.4659 -10.0281 2.4
      vertex 33.7279 -7.89757 2.4
    endloop
  endfacet
  facet normal 0 0 1
    outer loop
      vertex 24.8366 -10.5424 2.4
      vertex 25.8653 -11.7913 2.4
      vertex 26.0123 -10.8362 2.4
    endloop
  endfacet
  facet normal 0 0 1
    outer loop
      vertex 25.8653 -11.7913 2.4
      vertex 24.8366 -10.5424 2.4
      vertex 25.4244 -13.0402 2.4
    endloop
  endfacet
  facet normal 0 0 1
    outer loop
      vertex 26.4532 -10.2485 2.4
      vertex 24.8366 -10.5424 2.4
      vertex 26.0123 -10.8362 2.4
    endloop
  endfacet
  facet normal 0 0 1
    outer loop
      vertex 24.3223 -7.89757 2.4
      vertex 26.4532 -10.2485 2.4
      vertex 26.9676 -10.0281 2.4
    endloop
  endfacet
  facet normal 0 0 1
    outer loop
      vertex 29.4659 -10.0281 2.4
      vertex 24.3223 -7.89757 2.4
      vertex 26.9676 -10.0281 2.4
    endloop
  endfacet
  facet normal 0 0 1
    outer loop
      vertex 26.4532 -10.2485 2.4
      vertex 24.6897 -10.1751 2.4
      vertex 24.8366 -10.5424 2.4
    endloop
  endfacet
  facet normal 0 0 1
    outer loop
      vertex 26.4532 -10.2485 2.4
      vertex 24.3223 -7.89757 2.4
      vertex 24.6897 -10.1751 2.4
    endloop
  endfacet
  facet normal 0 0 1
    outer loop
      vertex 24.3223 -7.89757 2.4
      vertex 23.5139 -10.1751 2.4
      vertex 24.6897 -10.1751 2.4
    endloop
  endfacet
  facet normal 0 0 1
    outer loop
      vertex 20.6482 -10.2485 2.4
      vertex 23.5139 -10.1751 2.4
      vertex 24.3223 -7.89757 2.4
    endloop
  endfacet
  facet normal 0 0 1
    outer loop
      vertex 23.5139 -10.1751 2.4
      vertex 20.6482 -10.2485 2.4
      vertex 21.8973 -12.3055 2.4
    endloop
  endfacet
  facet normal 0 -0 1
    outer loop
      vertex 21.1626 -12.4525 2.4
      vertex 21.8973 -12.3055 2.4
      vertex 20.6482 -10.2485 2.4
    endloop
  endfacet
  facet normal 0 0 1
    outer loop
      vertex 21.8973 -12.3055 2.4
      vertex 21.1626 -12.4525 2.4
      vertex 21.4564 -12.6729 2.4
    endloop
  endfacet
  facet normal -0 0 1
    outer loop
      vertex 19.3255 -8.04449 2.4
      vertex 20.6482 -10.2485 2.4
      vertex 24.3223 -7.89757 2.4
    endloop
  endfacet
  facet normal 0 0 1
    outer loop
      vertex 20.6482 -10.2485 2.4
      vertex 19.3255 -8.04449 2.4
      vertex 19.9868 -10.1015 2.4
    endloop
  endfacet
  facet normal 0 0 1
    outer loop
      vertex 19.9868 -10.1015 2.4
      vertex 19.3255 -8.04449 2.4
      vertex 19.399 -10.322 2.4
    endloop
  endfacet
  facet normal 0 0 1
    outer loop
      vertex 17.0476 -10.322 2.4
      vertex 19.399 -10.322 2.4
      vertex 19.3255 -8.04449 2.4
    endloop
  endfacet
  facet normal 0 0 1
    outer loop
      vertex 19.399 -10.322 2.4
      vertex 17.0476 -10.322 2.4
      vertex 18.5172 -13.6279 2.4
    endloop
  endfacet
  facet normal 0 0 1
    outer loop
      vertex 18.5172 -13.6279 2.4
      vertex 17.0476 -10.322 2.4
      vertex 17.1211 -13.7749 2.4
    endloop
  endfacet
  facet normal 0 0 1
    outer loop
      vertex 19.3255 -8.04449 2.4
      vertex 16.7537 -10.1015 2.4
      vertex 17.0476 -10.322 2.4
    endloop
  endfacet
  facet normal 0 0 1
    outer loop
      vertex 14.4023 -7.97109 2.4
      vertex 16.7537 -10.1015 2.4
      vertex 19.3255 -8.04449 2.4
    endloop
  endfacet
  facet normal 0 0 1
    outer loop
      vertex 16.7537 -10.1015 2.4
      vertex 14.4023 -7.97109 2.4
      vertex 14.7697 -10.1751 2.4
    endloop
  endfacet
  facet normal -0 0 1
    outer loop
      vertex 13.0796 -8.11801 2.4
      vertex 14.7697 -10.1751 2.4
      vertex 14.4023 -7.97109 2.4
    endloop
  endfacet
  facet normal 0 0 1
    outer loop
      vertex 14.7697 -10.1751 2.4
      vertex 13.0796 -8.11801 2.4
      vertex 12.4183 -10.2485 2.4
    endloop
  endfacet
  facet normal 0 0 1
    outer loop
      vertex 12.2713 -10.7628 2.4
      vertex 14.7697 -10.1751 2.4
      vertex 12.4183 -10.2485 2.4
    endloop
  endfacet
  facet normal 0 0 1
    outer loop
      vertex 14.7697 -10.1751 2.4
      vertex 12.2713 -10.7628 2.4
      vertex 13.1531 -13.1137 2.4
    endloop
  endfacet
  facet normal 0 0 1
    outer loop
      vertex 13.0796 -8.11801 2.4
      vertex 11.9774 -10.0281 2.4
      vertex 12.4183 -10.2485 2.4
    endloop
  endfacet
  facet normal 0 0 1
    outer loop
      vertex 10.8752 -7.82414 2.4
      vertex 11.9774 -10.0281 2.4
      vertex 13.0796 -8.11801 2.4
    endloop
  endfacet
  facet normal 0 0 1
    outer loop
      vertex 10.8752 -7.82414 2.4
      vertex 9.40558 -10.0281 2.4
      vertex 11.9774 -10.0281 2.4
    endloop
  endfacet
  facet normal -0 0 1
    outer loop
      vertex 6.46633 -7.82414 2.4
      vertex 9.40558 -10.0281 2.4
      vertex 10.8752 -7.82414 2.4
    endloop
  endfacet
  facet normal 0 0 1
    outer loop
      vertex 9.40558 -10.0281 2.4
      vertex 6.46633 -7.82414 2.4
      vertex 9.0382 -10.1751 2.4
    endloop
  endfacet
  facet normal 0 0 1
    outer loop
      vertex 8.5973 -10.5424 2.4
      vertex 6.46633 -7.82414 2.4
      vertex 7.86244 -13.0402 2.4
    endloop
  endfacet
  facet normal 0 0 1
    outer loop
      vertex 9.0382 -10.1751 2.4
      vertex 6.46633 -7.82414 2.4
      vertex 8.5973 -10.5424 2.4
    endloop
  endfacet
  facet normal 0 0 1
    outer loop
      vertex 71.6859 -1.48122 2.4
      vertex 64.9573 -3.93048 2.4
      vertex 65.6187 -6.64869 2.4
    endloop
  endfacet
  facet normal -0 0 1
    outer loop
      vertex 64.7369 -4.29776 2.4
      vertex 65.6187 -6.64869 2.4
      vertex 64.9573 -3.93048 2.4
    endloop
  endfacet
  facet normal -0 0 1
    outer loop
      vertex 61.3567 -4.29776 2.4
      vertex 65.6187 -6.64869 2.4
      vertex 64.7369 -4.29776 2.4
    endloop
  endfacet
  facet normal 0 0 1
    outer loop
      vertex 58.5645 -4.29776 2.4
      vertex 61.3567 -4.29776 2.4
      vertex 60.9893 -4.15083 2.4
    endloop
  endfacet
  facet normal 0 0 1
    outer loop
      vertex 60.9893 -3.26923 2.4
      vertex 58.5645 -4.29776 2.4
      vertex 60.9893 -4.15083 2.4
    endloop
  endfacet
  facet normal 0 0 1
    outer loop
      vertex 61.3567 -4.29776 2.4
      vertex 58.5645 -4.29776 2.4
      vertex 65.6187 -6.64869 2.4
    endloop
  endfacet
  facet normal 0 0 1
    outer loop
      vertex 55.3313 -4.51822 2.4
      vertex 58.5645 -4.29776 2.4
      vertex 55.9926 -4.22435 2.4
    endloop
  endfacet
  facet normal 0 0 1
    outer loop
      vertex 58.5645 -4.29776 2.4
      vertex 55.3313 -4.51822 2.4
      vertex 65.6187 -6.64869 2.4
    endloop
  endfacet
  facet normal -0 0 1
    outer loop
      vertex 54.817 -4.51822 2.4
      vertex 65.6187 -6.64869 2.4
      vertex 55.3313 -4.51822 2.4
    endloop
  endfacet
  facet normal 0 0 1
    outer loop
      vertex 53.0534 1.7999 2.4
      vertex 55.9926 4.29774 2.4
      vertex 53.4207 2.60807 2.4
    endloop
  endfacet
  facet normal 0 0 1
    outer loop
      vertex 55.9926 4.29774 2.4
      vertex 53.0534 1.7999 2.4
      vertex 54.5965 -2.82844 2.4
    endloop
  endfacet
  facet normal -0 0 1
    outer loop
      vertex 52.392 -2.1673 2.4
      vertex 54.5965 -2.82844 2.4
      vertex 53.0534 1.7999 2.4
    endloop
  endfacet
  facet normal 0 0 1
    outer loop
      vertex 52.392 -4.00389 2.4
      vertex 54.5965 -2.82844 2.4
      vertex 52.6125 -2.53457 2.4
    endloop
  endfacet
  facet normal 0 0 1
    outer loop
      vertex 54.5965 -2.82844 2.4
      vertex 52.392 -4.00389 2.4
      vertex 54.523 -4.15083 2.4
    endloop
  endfacet
  facet normal 0 0 1
    outer loop
      vertex 54.523 -4.15083 2.4
      vertex 52.392 -4.00389 2.4
      vertex 54.817 -4.51822 2.4
    endloop
  endfacet
  facet normal -0 0 1
    outer loop
      vertex 51.9511 -4.4447 2.4
      vertex 54.817 -4.51822 2.4
      vertex 52.392 -4.00389 2.4
    endloop
  endfacet
  facet normal 0 0 1
    outer loop
      vertex 51.9511 -4.4447 2.4
      vertex 65.6187 -6.64869 2.4
      vertex 54.817 -4.51822 2.4
    endloop
  endfacet
  facet normal 0 0 1
    outer loop
      vertex 39.6798 -6.57527 2.4
      vertex 51.9511 -4.4447 2.4
      vertex 44.4561 -4.51822 2.4
    endloop
  endfacet
  facet normal 0 0 1
    outer loop
      vertex 42.5455 1.87341 2.4
      vertex 45.6318 3.48967 2.4
      vertex 43.4273 4.29774 2.4
    endloop
  endfacet
  facet normal 0 0 1
    outer loop
      vertex 45.6318 3.48967 2.4
      vertex 42.8395 1.28568 2.4
      vertex 44.8969 0.551021 2.4
    endloop
  endfacet
  facet normal 0 0 1
    outer loop
      vertex 44.8969 0.551021 2.4
      vertex 42.913 0.257154 2.4
      vertex 44.3826 -2.24071 2.4
    endloop
  endfacet
  facet normal 0 0 1
    outer loop
      vertex 42.3251 -2.38763 2.4
      vertex 44.3826 -2.24071 2.4
      vertex 42.913 0.257154 2.4
    endloop
  endfacet
  facet normal 0 0 1
    outer loop
      vertex 44.3826 -2.24071 2.4
      vertex 42.3251 -2.38763 2.4
      vertex 44.1622 -4.07741 2.4
    endloop
  endfacet
  facet normal -0 0 1
    outer loop
      vertex 41.2229 -3.78356 2.4
      vertex 44.1622 -4.07741 2.4
      vertex 42.3251 -2.38763 2.4
    endloop
  endfacet
  facet normal 0 0 1
    outer loop
      vertex 41.2229 -3.78356 2.4
      vertex 42.3251 -2.38763 2.4
      vertex 41.2229 -3.5631 2.4
    endloop
  endfacet
  facet normal 0 0 1
    outer loop
      vertex 44.1622 -4.07741 2.4
      vertex 41.2229 -3.78356 2.4
      vertex 44.4561 -4.51822 2.4
    endloop
  endfacet
  facet normal -0 0 1
    outer loop
      vertex 40.635 -4.15083 2.4
      vertex 44.4561 -4.51822 2.4
      vertex 41.2229 -3.78356 2.4
    endloop
  endfacet
  facet normal 0 0 1
    outer loop
      vertex 39.6798 -6.57527 2.4
      vertex 44.4561 -4.51822 2.4
      vertex 40.635 -4.15083 2.4
    endloop
  endfacet
  facet normal 0 0 1
    outer loop
      vertex 51.9511 -4.4447 2.4
      vertex 39.6798 -6.57527 2.4
      vertex 65.6187 -6.64869 2.4
    endloop
  endfacet
  facet normal -0 0 1
    outer loop
      vertex 39.3124 -4.51822 2.4
      vertex 39.6798 -6.57527 2.4
      vertex 40.635 -4.15083 2.4
    endloop
  endfacet
  facet normal 0 0 1
    outer loop
      vertex 39.3124 -4.51822 2.4
      vertex 38.4306 -6.72221 2.4
      vertex 39.6798 -6.57527 2.4
    endloop
  endfacet
  facet normal -0 0 1
    outer loop
      vertex 37.8428 -4.51822 2.4
      vertex 38.4306 -6.72221 2.4
      vertex 39.3124 -4.51822 2.4
    endloop
  endfacet
  facet normal 0 0 1
    outer loop
      vertex 37.5488 -4.37127 2.4
      vertex 38.4306 -6.72221 2.4
      vertex 37.8428 -4.51822 2.4
    endloop
  endfacet
  facet normal -0 0 1
    outer loop
      vertex 35.9323 -4.37127 2.4
      vertex 38.4306 -6.72221 2.4
      vertex 37.5488 -4.37127 2.4
    endloop
  endfacet
  facet normal 0 0 1
    outer loop
      vertex 34.9035 -6.72221 2.4
      vertex 35.9323 -4.37127 2.4
      vertex 35.6383 -4.51822 2.4
    endloop
  endfacet
  facet normal 0 0 1
    outer loop
      vertex 35.9323 -4.37127 2.4
      vertex 34.9035 -6.72221 2.4
      vertex 38.4306 -6.72221 2.4
    endloop
  endfacet
  facet normal 0 0 1
    outer loop
      vertex 35.6383 -4.51822 2.4
      vertex 33.8013 -6.57527 2.4
      vertex 34.9035 -6.72221 2.4
    endloop
  endfacet
  facet normal 0 0 1
    outer loop
      vertex 32.0378 -4.4447 2.4
      vertex 33.8013 -6.57527 2.4
      vertex 35.6383 -4.51822 2.4
    endloop
  endfacet
  facet normal 0 0 1
    outer loop
      vertex 32.0378 -4.4447 2.4
      vertex 30.9356 -6.64869 2.4
      vertex 33.8013 -6.57527 2.4
    endloop
  endfacet
  facet normal -0 0 1
    outer loop
      vertex 30.5682 -4.00389 2.4
      vertex 32.0378 -4.4447 2.4
      vertex 31.6703 -3.93048 2.4
    endloop
  endfacet
  facet normal 0 0 1
    outer loop
      vertex 32.1112 -1.2857 2.4
      vertex 30.3477 -0.991829 2.4
      vertex 32.1112 -1.87343 2.4
    endloop
  endfacet
  facet normal 0 0 1
    outer loop
      vertex 32.0378 -4.4447 2.4
      vertex 30.5682 -4.00389 2.4
      vertex 30.9356 -6.64869 2.4
    endloop
  endfacet
  facet normal 0 -0 1
    outer loop
      vertex 30.5682 -4.00389 2.4
      vertex 32.1112 -1.87343 2.4
      vertex 30.3477 -0.991829 2.4
    endloop
  endfacet
  facet normal 0 0 1
    outer loop
      vertex 32.1112 -1.87343 2.4
      vertex 30.5682 -4.00389 2.4
      vertex 31.6703 -3.93048 2.4
    endloop
  endfacet
  facet normal -0 0 1
    outer loop
      vertex 65.2513 6.57525 2.4
      vertex 65.6187 6.06094 2.4
      vertex 65.6187 6.86912 2.4
    endloop
  endfacet
  facet normal 0 0 1
    outer loop
      vertex 65.6187 6.06094 2.4
      vertex 65.2513 6.57525 2.4
      vertex 65.2513 6.35481 2.4
    endloop
  endfacet
  facet normal 0 0 1
    outer loop
      vertex 65.6187 12.526 2.4
      vertex 64.443 8.85265 2.4
      vertex 65.6187 6.86912 2.4
    endloop
  endfacet
  facet normal 0 0 1
    outer loop
      vertex 65.6187 12.526 2.4
      vertex 64.3695 10.7628 2.4
      vertex 64.443 8.85265 2.4
    endloop
  endfacet
  facet normal 0 0 1
    outer loop
      vertex 65.6187 12.526 2.4
      vertex 64.149 11.0566 2.4
      vertex 64.3695 10.7628 2.4
    endloop
  endfacet
  facet normal 0 0 1
    outer loop
      vertex 65.6187 12.526 2.4
      vertex 62.459 10.9097 2.4
      vertex 64.149 11.0566 2.4
    endloop
  endfacet
  facet normal 0 0 1
    outer loop
      vertex 65.6187 12.526 2.4
      vertex 60.1075 11.0566 2.4
      vertex 62.459 10.9097 2.4
    endloop
  endfacet
  facet normal 0 0 1
    outer loop
      vertex 59.8137 9.80768 2.4
      vertex 56.8009 8.85265 2.4
      vertex 59.6666 8.85265 2.4
    endloop
  endfacet
  facet normal 0 0 1
    outer loop
      vertex 60.1075 11.0566 2.4
      vertex 56.8009 8.85265 2.4
      vertex 59.7401 10.5423 2.4
    endloop
  endfacet
  facet normal -0 0 1
    outer loop
      vertex 54.5965 8.26494 2.4
      vertex 56.5804 7.30991 2.4
      vertex 56.654 8.70573 2.4
    endloop
  endfacet
  facet normal 0 0 1
    outer loop
      vertex 54.1556 6.72219 2.4
      vertex 56.36 6.86912 2.4
      vertex 54.5965 8.26494 2.4
    endloop
  endfacet
  facet normal 0 0 1
    outer loop
      vertex 56.5804 7.30991 2.4
      vertex 54.5965 8.26494 2.4
      vertex 56.36 6.86912 2.4
    endloop
  endfacet
  facet normal -0 0 1
    outer loop
      vertex 54.523 8.77914 2.4
      vertex 56.654 8.70573 2.4
      vertex 56.8009 8.85265 2.4
    endloop
  endfacet
  facet normal -0 0 1
    outer loop
      vertex 54.3025 8.92608 2.4
      vertex 56.8009 8.85265 2.4
      vertex 60.1075 11.0566 2.4
    endloop
  endfacet
  facet normal 0 0 1
    outer loop
      vertex 56.654 8.70573 2.4
      vertex 54.523 8.77914 2.4
      vertex 54.5965 8.26494 2.4
    endloop
  endfacet
  facet normal 0 0 1
    outer loop
      vertex 56.8009 8.85265 2.4
      vertex 54.3025 8.92608 2.4
      vertex 54.523 8.77914 2.4
    endloop
  endfacet
  facet normal 0 0 1
    outer loop
      vertex 48.6445 14.6565 2.4
      vertex 60.1075 11.0566 2.4
      vertex 65.6187 12.526 2.4
    endloop
  endfacet
  facet normal 0 0 1
    outer loop
      vertex 48.6445 14.6565 2.4
      vertex 54.3025 8.92608 2.4
      vertex 60.1075 11.0566 2.4
    endloop
  endfacet
  facet normal 0 0 1
    outer loop
      vertex 47.6893 14.4361 2.4
      vertex 48.6445 14.6565 2.4
      vertex 47.9831 14.6565 2.4
    endloop
  endfacet
  facet normal 0 0 1
    outer loop
      vertex 46.6605 8.92608 2.4
      vertex 48.6445 14.6565 2.4
      vertex 47.6893 14.4361 2.4
    endloop
  endfacet
  facet normal 0 0 1
    outer loop
      vertex 46.6605 8.92608 2.4
      vertex 47.6893 14.4361 2.4
      vertex 47.3218 14.4361 2.4
    endloop
  endfacet
  facet normal -0 0 1
    outer loop
      vertex 46.0726 14.6565 2.4
      vertex 47.3218 14.4361 2.4
      vertex 46.734 14.8034 2.4
    endloop
  endfacet
  facet normal 0 0 1
    outer loop
      vertex 48.6445 14.6565 2.4
      vertex 46.6605 8.92608 2.4
      vertex 54.3025 8.92608 2.4
    endloop
  endfacet
  facet normal 0 0 1
    outer loop
      vertex 47.3218 14.4361 2.4
      vertex 46.0726 14.6565 2.4
      vertex 46.6605 8.92608 2.4
    endloop
  endfacet
  facet normal 0 0 1
    outer loop
      vertex 45.4848 14.73 2.4
      vertex 46.6605 8.92608 2.4
      vertex 46.0726 14.6565 2.4
    endloop
  endfacet
  facet normal 0 0 1
    outer loop
      vertex 42.4721 8.77914 2.4
      vertex 45.4848 14.73 2.4
      vertex 44.0152 14.8769 2.4
    endloop
  endfacet
  facet normal -0 0 1
    outer loop
      vertex 45.4848 14.73 2.4
      vertex 46.0726 14.6565 2.4
      vertex 45.7787 14.8769 2.4
    endloop
  endfacet
  facet normal 0 0 1
    outer loop
      vertex 45.4848 14.73 2.4
      vertex 42.4721 8.77914 2.4
      vertex 46.6605 8.92608 2.4
    endloop
  endfacet
  facet normal -0 0 1
    outer loop
      vertex 43.6478 7.60369 2.4
      vertex 46.0726 6.72219 2.4
      vertex 46.6605 8.92608 2.4
    endloop
  endfacet
  facet normal 0 0 1
    outer loop
      vertex 43.8682 6.20787 2.4
      vertex 46.0726 6.72219 2.4
      vertex 43.8682 6.86912 2.4
    endloop
  endfacet
  facet normal -0 0 1
    outer loop
      vertex 44.0152 14.8769 2.4
      vertex 45.4848 14.73 2.4
      vertex 44.8969 15.0973 2.4
    endloop
  endfacet
  facet normal 0 0 1
    outer loop
      vertex 46.0726 6.72219 2.4
      vertex 43.8682 6.20787 2.4
      vertex 45.9257 5.25286 2.4
    endloop
  endfacet
  facet normal 0 0 1
    outer loop
      vertex 45.9257 5.25286 2.4
      vertex 43.8682 6.20787 2.4
      vertex 45.6318 4.59161 2.4
    endloop
  endfacet
  facet normal 0 0 1
    outer loop
      vertex 43.4273 4.29774 2.4
      vertex 45.6318 4.59161 2.4
      vertex 43.8682 6.20787 2.4
    endloop
  endfacet
  facet normal 0 0 1
    outer loop
      vertex 44.8969 0.551021 2.4
      vertex 44.3826 -2.24071 2.4
      vertex 44.8969 -0.110229 2.4
    endloop
  endfacet
  facet normal 0 0 1
    outer loop
      vertex 45.6318 4.59161 2.4
      vertex 43.4273 4.29774 2.4
      vertex 45.6318 3.48967 2.4
    endloop
  endfacet
  facet normal -0 0 1
    outer loop
      vertex 75.2574 0.137004 2.4
      vertex 76.9927 -6.83049 2.4
      vertex 76.046 6.89646 2.4
    endloop
  endfacet
  facet normal 0 0 1
    outer loop
      vertex 76.9927 -6.83049 2.4
      vertex 75.2618 0 2.4
      vertex 75.2574 -0.137004 2.4
    endloop
  endfacet
  facet normal 0 0 1
    outer loop
      vertex 76.9927 -6.83049 2.4
      vertex 75.2574 0.137004 2.4
      vertex 75.2618 0 2.4
    endloop
  endfacet
  facet normal 0 0 1
    outer loop
      vertex 76.046 6.89646 2.4
      vertex 75.2439 0.273421 2.4
      vertex 75.2574 0.137004 2.4
    endloop
  endfacet
  facet normal 0 0 1
    outer loop
      vertex 76.046 6.89646 2.4
      vertex 75.2216 0.408667 2.4
      vertex 75.2439 0.273421 2.4
    endloop
  endfacet
  facet normal 0 0 1
    outer loop
      vertex 76.046 6.89646 2.4
      vertex 75.1905 0.542165 2.4
      vertex 75.2216 0.408667 2.4
    endloop
  endfacet
  facet normal 0 0 1
    outer loop
      vertex 76.046 6.89646 2.4
      vertex 75.1507 0.673339 2.4
      vertex 75.1905 0.542165 2.4
    endloop
  endfacet
  facet normal 0 0 1
    outer loop
      vertex 76.046 6.89646 2.4
      vertex 75.1024 0.801631 2.4
      vertex 75.1507 0.673339 2.4
    endloop
  endfacet
  facet normal 0 0 1
    outer loop
      vertex 76.046 6.89646 2.4
      vertex 75.0458 0.926489 2.4
      vertex 75.1024 0.801631 2.4
    endloop
  endfacet
  facet normal 0 0 1
    outer loop
      vertex 76.046 6.89646 2.4
      vertex 74.9812 1.04738 2.4
      vertex 75.0458 0.926489 2.4
    endloop
  endfacet
  facet normal 0 0 1
    outer loop
      vertex 76.046 6.89646 2.4
      vertex 74.9088 1.16379 2.4
      vertex 74.9812 1.04738 2.4
    endloop
  endfacet
  facet normal 0 0 1
    outer loop
      vertex 76.046 6.89646 2.4
      vertex 74.829 1.27521 2.4
      vertex 74.9088 1.16379 2.4
    endloop
  endfacet
  facet normal 0 0 1
    outer loop
      vertex 76.046 6.89646 2.4
      vertex 74.742 1.38117 2.4
      vertex 74.829 1.27521 2.4
    endloop
  endfacet
  facet normal 0 0 1
    outer loop
      vertex 76.046 6.89646 2.4
      vertex 74.6483 1.48122 2.4
      vertex 74.742 1.38117 2.4
    endloop
  endfacet
  facet normal 0 0 1
    outer loop
      vertex 76.046 6.89646 2.4
      vertex 74.5483 1.57493 2.4
      vertex 74.6483 1.48122 2.4
    endloop
  endfacet
  facet normal 0 0 1
    outer loop
      vertex 76.046 6.89646 2.4
      vertex 74.4423 1.66189 2.4
      vertex 74.5483 1.57493 2.4
    endloop
  endfacet
  facet normal 0 0 1
    outer loop
      vertex 76.046 6.89646 2.4
      vertex 74.3309 1.74173 2.4
      vertex 74.4423 1.66189 2.4
    endloop
  endfacet
  facet normal 0 0 1
    outer loop
      vertex 76.046 6.89646 2.4
      vertex 74.2145 1.81412 2.4
      vertex 74.3309 1.74173 2.4
    endloop
  endfacet
  facet normal 0 0 1
    outer loop
      vertex 76.046 6.89646 2.4
      vertex 74.0936 1.87874 2.4
      vertex 74.2145 1.81412 2.4
    endloop
  endfacet
  facet normal 0 0 1
    outer loop
      vertex 76.046 6.89646 2.4
      vertex 73.9687 1.93531 2.4
      vertex 74.0936 1.87874 2.4
    endloop
  endfacet
  facet normal 0 0 1
    outer loop
      vertex 76.046 6.89646 2.4
      vertex 73.8404 1.98359 2.4
      vertex 73.9687 1.93531 2.4
    endloop
  endfacet
  facet normal 0 0 1
    outer loop
      vertex 76.046 6.89646 2.4
      vertex 73.7092 2.02338 2.4
      vertex 73.8404 1.98359 2.4
    endloop
  endfacet
  facet normal 0 0 1
    outer loop
      vertex 76.046 6.89646 2.4
      vertex 73.5758 2.05451 2.4
      vertex 73.7092 2.02338 2.4
    endloop
  endfacet
  facet normal 0 0 1
    outer loop
      vertex 76.046 6.89646 2.4
      vertex 73.4405 2.07684 2.4
      vertex 73.5758 2.05451 2.4
    endloop
  endfacet
  facet normal 0 0 1
    outer loop
      vertex 76.046 6.89646 2.4
      vertex 73.3041 2.09028 2.4
      vertex 73.4405 2.07684 2.4
    endloop
  endfacet
  facet normal 0 0 1
    outer loop
      vertex 76.046 6.89646 2.4
      vertex 73.1671 2.09476 2.4
      vertex 73.3041 2.09028 2.4
    endloop
  endfacet
  facet normal 0 0 1
    outer loop
      vertex 76.046 6.89646 2.4
      vertex 73.0301 2.09028 2.4
      vertex 73.1671 2.09476 2.4
    endloop
  endfacet
  facet normal 0 0 1
    outer loop
      vertex 76.046 6.89646 2.4
      vertex 72.8937 2.07684 2.4
      vertex 73.0301 2.09028 2.4
    endloop
  endfacet
  facet normal 0 0 1
    outer loop
      vertex 65.6187 6.86912 2.4
      vertex 76.046 6.89646 2.4
      vertex 72.7649 11.9822 2.4
    endloop
  endfacet
  facet normal 0 0 1
    outer loop
      vertex 76.046 6.89646 2.4
      vertex 72.7584 2.05451 2.4
      vertex 72.8937 2.07684 2.4
    endloop
  endfacet
  facet normal 0 0 1
    outer loop
      vertex 76.046 6.89646 2.4
      vertex 72.6249 2.02338 2.4
      vertex 72.7584 2.05451 2.4
    endloop
  endfacet
  facet normal 0 0 1
    outer loop
      vertex 76.046 6.89646 2.4
      vertex 72.4937 1.98359 2.4
      vertex 72.6249 2.02338 2.4
    endloop
  endfacet
  facet normal 0 0 1
    outer loop
      vertex 76.046 6.89646 2.4
      vertex 65.6187 6.86912 2.4
      vertex 72.4937 1.98359 2.4
    endloop
  endfacet
  facet normal 0 0 1
    outer loop
      vertex 72.4937 1.98359 2.4
      vertex 65.6187 6.86912 2.4
      vertex 72.3654 1.93531 2.4
    endloop
  endfacet
  facet normal -0 0 1
    outer loop
      vertex 65.6187 6.06094 2.4
      vertex 72.3654 1.93531 2.4
      vertex 65.6187 6.86912 2.4
    endloop
  endfacet
  facet normal 0 0 1
    outer loop
      vertex 72.3654 1.93531 2.4
      vertex 65.6187 6.06094 2.4
      vertex 72.2406 1.87874 2.4
    endloop
  endfacet
  facet normal 0 0 1
    outer loop
      vertex 72.2406 1.87874 2.4
      vertex 65.6187 6.06094 2.4
      vertex 72.1197 1.81412 2.4
    endloop
  endfacet
  facet normal 0 0 1
    outer loop
      vertex 72.1197 1.81412 2.4
      vertex 65.6187 6.06094 2.4
      vertex 72.0033 1.74173 2.4
    endloop
  endfacet
  facet normal 0 0 1
    outer loop
      vertex 72.0033 1.74173 2.4
      vertex 65.6187 6.06094 2.4
      vertex 71.8919 1.66189 2.4
    endloop
  endfacet
  facet normal 0 0 1
    outer loop
      vertex 71.8919 1.66189 2.4
      vertex 65.6187 6.06094 2.4
      vertex 71.7859 1.57493 2.4
    endloop
  endfacet
  facet normal 0 0 1
    outer loop
      vertex 71.7859 1.57493 2.4
      vertex 65.6187 6.06094 2.4
      vertex 71.6859 1.48122 2.4
    endloop
  endfacet
  facet normal 0 0 1
    outer loop
      vertex 71.6859 1.48122 2.4
      vertex 65.6187 6.06094 2.4
      vertex 71.5922 1.38117 2.4
    endloop
  endfacet
  facet normal 0 0 1
    outer loop
      vertex 71.5922 1.38117 2.4
      vertex 65.6187 6.06094 2.4
      vertex 71.5052 1.27521 2.4
    endloop
  endfacet
  facet normal 0 0 1
    outer loop
      vertex 71.5052 1.27521 2.4
      vertex 65.6187 6.06094 2.4
      vertex 71.4253 1.16379 2.4
    endloop
  endfacet
  facet normal 0 0 1
    outer loop
      vertex 71.4253 1.16379 2.4
      vertex 65.6187 6.06094 2.4
      vertex 71.353 1.04738 2.4
    endloop
  endfacet
  facet normal 0 0 1
    outer loop
      vertex 71.353 1.04738 2.4
      vertex 65.6187 0.0366972 2.4
      vertex 71.2883 0.926489 2.4
    endloop
  endfacet
  facet normal 0 0 1
    outer loop
      vertex 71.2883 0.926489 2.4
      vertex 65.6187 0.0366972 2.4
      vertex 71.2318 0.801631 2.4
    endloop
  endfacet
  facet normal 0 0 1
    outer loop
      vertex 71.2318 0.801631 2.4
      vertex 65.6187 0.0366972 2.4
      vertex 71.1835 0.673339 2.4
    endloop
  endfacet
  facet normal 0 0 1
    outer loop
      vertex 71.1835 0.673339 2.4
      vertex 65.6187 0.0366972 2.4
      vertex 71.1437 0.542165 2.4
    endloop
  endfacet
  facet normal 0 0 1
    outer loop
      vertex 71.1437 0.542165 2.4
      vertex 65.6187 0.0366972 2.4
      vertex 71.1126 0.408667 2.4
    endloop
  endfacet
  facet normal 0 0 1
    outer loop
      vertex 65.6187 0.0366972 2.4
      vertex 71.353 1.04738 2.4
      vertex 65.6187 6.06094 2.4
    endloop
  endfacet
  facet normal 0 0 1
    outer loop
      vertex 65.6187 6.86912 2.4
      vertex 72.7649 11.9822 2.4
      vertex 65.6187 12.526 2.4
    endloop
  endfacet
  facet normal -0 -0 1
    outer loop
      vertex 65.6187 12.526 2.4
      vertex 72.7649 11.9822 2.4
      vertex 65.6133 12.8294 2.4
    endloop
  endfacet
  facet normal -0 0 1
    outer loop
      vertex 75.2439 -0.273421 2.4
      vertex 76.9927 -6.83049 2.4
      vertex 75.2574 -0.137004 2.4
    endloop
  endfacet
  facet normal -0 0 1
    outer loop
      vertex 75.2216 -0.408667 2.4
      vertex 76.9927 -6.83049 2.4
      vertex 75.2439 -0.273421 2.4
    endloop
  endfacet
  facet normal -0 0 1
    outer loop
      vertex 75.1905 -0.542165 2.4
      vertex 76.9927 -6.83049 2.4
      vertex 75.2216 -0.408667 2.4
    endloop
  endfacet
  facet normal -0 0 1
    outer loop
      vertex 75.1507 -0.673339 2.4
      vertex 76.9927 -6.83049 2.4
      vertex 75.1905 -0.542165 2.4
    endloop
  endfacet
  facet normal -0 0 1
    outer loop
      vertex 75.1024 -0.801631 2.4
      vertex 76.9927 -6.83049 2.4
      vertex 75.1507 -0.673339 2.4
    endloop
  endfacet
  facet normal -0 0 1
    outer loop
      vertex 75.0458 -0.926489 2.4
      vertex 76.9927 -6.83049 2.4
      vertex 75.1024 -0.801631 2.4
    endloop
  endfacet
  facet normal -0 0 1
    outer loop
      vertex 74.9812 -1.04738 2.4
      vertex 76.9927 -6.83049 2.4
      vertex 75.0458 -0.926489 2.4
    endloop
  endfacet
  facet normal -0 0 1
    outer loop
      vertex 74.9088 -1.16379 2.4
      vertex 76.9927 -6.83049 2.4
      vertex 74.9812 -1.04738 2.4
    endloop
  endfacet
  facet normal -0 0 1
    outer loop
      vertex 74.829 -1.27521 2.4
      vertex 76.9927 -6.83049 2.4
      vertex 74.9088 -1.16379 2.4
    endloop
  endfacet
  facet normal -0 0 1
    outer loop
      vertex 74.742 -1.38117 2.4
      vertex 76.9927 -6.83049 2.4
      vertex 74.829 -1.27521 2.4
    endloop
  endfacet
  facet normal -0 0 1
    outer loop
      vertex 74.6483 -1.48122 2.4
      vertex 76.9927 -6.83049 2.4
      vertex 74.742 -1.38117 2.4
    endloop
  endfacet
  facet normal -0 0 1
    outer loop
      vertex 74.5483 -1.57493 2.4
      vertex 76.9927 -6.83049 2.4
      vertex 74.6483 -1.48122 2.4
    endloop
  endfacet
  facet normal -0 0 1
    outer loop
      vertex 74.4423 -1.66189 2.4
      vertex 76.9927 -6.83049 2.4
      vertex 74.5483 -1.57493 2.4
    endloop
  endfacet
  facet normal -0 0 1
    outer loop
      vertex 74.3309 -1.74173 2.4
      vertex 76.9927 -6.83049 2.4
      vertex 74.4423 -1.66189 2.4
    endloop
  endfacet
  facet normal -0 0 1
    outer loop
      vertex 74.2145 -1.81412 2.4
      vertex 76.9927 -6.83049 2.4
      vertex 74.3309 -1.74173 2.4
    endloop
  endfacet
  facet normal -0 0 1
    outer loop
      vertex 74.0936 -1.87874 2.4
      vertex 76.9927 -6.83049 2.4
      vertex 74.2145 -1.81412 2.4
    endloop
  endfacet
  facet normal -0 0 1
    outer loop
      vertex 73.9687 -1.93531 2.4
      vertex 76.9927 -6.83049 2.4
      vertex 74.0936 -1.87874 2.4
    endloop
  endfacet
  facet normal -0 0 1
    outer loop
      vertex 73.8404 -1.98359 2.4
      vertex 76.9927 -6.83049 2.4
      vertex 73.9687 -1.93531 2.4
    endloop
  endfacet
  facet normal -0 0 1
    outer loop
      vertex 73.7092 -2.02338 2.4
      vertex 76.9927 -6.83049 2.4
      vertex 73.8404 -1.98359 2.4
    endloop
  endfacet
  facet normal -0 0 1
    outer loop
      vertex 73.5758 -2.05451 2.4
      vertex 76.9927 -6.83049 2.4
      vertex 73.7092 -2.02338 2.4
    endloop
  endfacet
  facet normal -0 0 1
    outer loop
      vertex 73.4405 -2.07684 2.4
      vertex 76.9927 -6.83049 2.4
      vertex 73.5758 -2.05451 2.4
    endloop
  endfacet
  facet normal -0 0 1
    outer loop
      vertex 73.3041 -2.09028 2.4
      vertex 76.9927 -6.83049 2.4
      vertex 73.4405 -2.07684 2.4
    endloop
  endfacet
  facet normal -0 0 1
    outer loop
      vertex 73.1671 -2.09476 2.4
      vertex 76.9927 -6.83049 2.4
      vertex 73.3041 -2.09028 2.4
    endloop
  endfacet
  facet normal 0 0 1
    outer loop
      vertex 73.0301 -2.09028 2.4
      vertex 76.9927 -6.83049 2.4
      vertex 73.1671 -2.09476 2.4
    endloop
  endfacet
  facet normal 0 0 1
    outer loop
      vertex 72.8937 -2.07684 2.4
      vertex 76.9927 -6.83049 2.4
      vertex 73.0301 -2.09028 2.4
    endloop
  endfacet
  facet normal 0 0 1
    outer loop
      vertex 72.7584 -2.05451 2.4
      vertex 76.9927 -6.83049 2.4
      vertex 72.8937 -2.07684 2.4
    endloop
  endfacet
  facet normal 0 0 1
    outer loop
      vertex 72.6249 -2.02338 2.4
      vertex 76.9927 -6.83049 2.4
      vertex 72.7584 -2.05451 2.4
    endloop
  endfacet
  facet normal 0 0 1
    outer loop
      vertex 76.9927 -6.83049 2.4
      vertex 72.6249 -2.02338 2.4
      vertex 65.6187 -6.64869 2.4
    endloop
  endfacet
  facet normal 0 0 1
    outer loop
      vertex 65.6187 -6.64869 2.4
      vertex 72.6249 -2.02338 2.4
      vertex 72.4937 -1.98359 2.4
    endloop
  endfacet
  facet normal 0 0 1
    outer loop
      vertex 65.6187 -6.64869 2.4
      vertex 72.4937 -1.98359 2.4
      vertex 72.3654 -1.93531 2.4
    endloop
  endfacet
  facet normal 0 0 1
    outer loop
      vertex 65.6187 -6.64869 2.4
      vertex 72.3654 -1.93531 2.4
      vertex 72.2406 -1.87874 2.4
    endloop
  endfacet
  facet normal 0 0 1
    outer loop
      vertex 65.6187 -6.64869 2.4
      vertex 72.2406 -1.87874 2.4
      vertex 72.1197 -1.81412 2.4
    endloop
  endfacet
  facet normal 0 0 1
    outer loop
      vertex 65.6187 -6.64869 2.4
      vertex 72.1197 -1.81412 2.4
      vertex 72.0033 -1.74173 2.4
    endloop
  endfacet
  facet normal 0 0 1
    outer loop
      vertex 65.6187 -6.64869 2.4
      vertex 72.0033 -1.74173 2.4
      vertex 71.8919 -1.66189 2.4
    endloop
  endfacet
  facet normal 0 0 1
    outer loop
      vertex 65.6187 -6.64869 2.4
      vertex 71.8919 -1.66189 2.4
      vertex 71.7859 -1.57493 2.4
    endloop
  endfacet
  facet normal 0 0 1
    outer loop
      vertex 65.6187 -6.64869 2.4
      vertex 71.7859 -1.57493 2.4
      vertex 71.6859 -1.48122 2.4
    endloop
  endfacet
  facet normal 0 0 1
    outer loop
      vertex 64.9573 -3.93048 2.4
      vertex 71.6859 -1.48122 2.4
      vertex 71.5922 -1.38117 2.4
    endloop
  endfacet
  facet normal 0 0 1
    outer loop
      vertex 64.9573 -3.93048 2.4
      vertex 71.5922 -1.38117 2.4
      vertex 71.5052 -1.27521 2.4
    endloop
  endfacet
  facet normal 0 0 1
    outer loop
      vertex 64.9573 -3.93048 2.4
      vertex 71.5052 -1.27521 2.4
      vertex 71.4253 -1.16379 2.4
    endloop
  endfacet
  facet normal 0 0 1
    outer loop
      vertex 71.2883 -0.926489 2.4
      vertex 64.9573 -3.93048 2.4
      vertex 71.353 -1.04738 2.4
    endloop
  endfacet
  facet normal 0 0 1
    outer loop
      vertex 64.9573 -3.93048 2.4
      vertex 71.2883 -0.926489 2.4
      vertex 65.6187 0.0366972 2.4
    endloop
  endfacet
  facet normal 0 0 1
    outer loop
      vertex 65.6187 0.0366972 2.4
      vertex 71.2883 -0.926489 2.4
      vertex 71.2318 -0.801631 2.4
    endloop
  endfacet
  facet normal 0 0 1
    outer loop
      vertex 65.6187 0.0366972 2.4
      vertex 71.2318 -0.801631 2.4
      vertex 71.1835 -0.673339 2.4
    endloop
  endfacet
  facet normal 0 0 1
    outer loop
      vertex 71.1126 0.408667 2.4
      vertex 65.6187 0.0366972 2.4
      vertex 71.0902 0.273421 2.4
    endloop
  endfacet
  facet normal 0 0 1
    outer loop
      vertex 71.0902 0.273421 2.4
      vertex 65.6187 0.0366972 2.4
      vertex 71.0768 0.137004 2.4
    endloop
  endfacet
  facet normal 0 0 1
    outer loop
      vertex 71.0768 0.137004 2.4
      vertex 65.6187 0.0366972 2.4
      vertex 71.0723 0 2.4
    endloop
  endfacet
  facet normal 0 0 1
    outer loop
      vertex 71.0723 0 2.4
      vertex 65.6187 0.0366972 2.4
      vertex 71.0768 -0.137004 2.4
    endloop
  endfacet
  facet normal 0 0 1
    outer loop
      vertex 71.0768 -0.137004 2.4
      vertex 65.6187 0.0366972 2.4
      vertex 71.0902 -0.273421 2.4
    endloop
  endfacet
  facet normal 0 0 1
    outer loop
      vertex 71.0902 -0.273421 2.4
      vertex 65.6187 0.0366972 2.4
      vertex 71.1126 -0.408667 2.4
    endloop
  endfacet
  facet normal 0 0 1
    outer loop
      vertex 71.1126 -0.408667 2.4
      vertex 65.6187 0.0366972 2.4
      vertex 71.1437 -0.542165 2.4
    endloop
  endfacet
  facet normal 0 0 1
    outer loop
      vertex 71.1437 -0.542165 2.4
      vertex 65.6187 0.0366972 2.4
      vertex 71.1835 -0.673339 2.4
    endloop
  endfacet
  facet normal 0 0 1
    outer loop
      vertex 71.353 -1.04738 2.4
      vertex 64.9573 -3.93048 2.4
      vertex 71.4253 -1.16379 2.4
    endloop
  endfacet
  facet normal 0 0 1
    outer loop
      vertex 65.5451 -7.89757 2.4
      vertex 76.9927 -6.83049 2.4
      vertex 65.6187 -6.64869 2.4
    endloop
  endfacet
  facet normal 0 0 1
    outer loop
      vertex 76.9927 -6.83049 2.4
      vertex 65.5451 -7.89757 2.4
      vertex 75.3661 -13.5809 2.4
    endloop
  endfacet
  facet normal 0 0 1
    outer loop
      vertex 75.3661 -13.5809 2.4
      vertex 65.6187 -12.6729 2.4
      vertex 65.5794 -14.4013 2.4
    endloop
  endfacet
  facet normal -0 0 1
    outer loop
      vertex 64.2225 9.80768 2.4
      vertex 64.443 8.85265 2.4
      vertex 64.3695 10.7628 2.4
    endloop
  endfacet
  facet normal -0 0 1
    outer loop
      vertex 63.8551 9.51381 2.4
      vertex 64.443 8.85265 2.4
      vertex 64.2225 9.80768 2.4
    endloop
  endfacet
  facet normal 0 0 1
    outer loop
      vertex 64.443 8.85265 2.4
      vertex 63.8551 9.51381 2.4
      vertex 64.149 8.70573 2.4
    endloop
  endfacet
  facet normal 0 0 1
    outer loop
      vertex 63.8551 9.51381 2.4
      vertex 63.1203 8.70573 2.4
      vertex 64.149 8.70573 2.4
    endloop
  endfacet
  facet normal -0 0 1
    outer loop
      vertex 61.8711 9.44039 2.4
      vertex 63.1203 8.70573 2.4
      vertex 63.8551 9.51381 2.4
    endloop
  endfacet
  facet normal 0 0 1
    outer loop
      vertex 61.8711 9.44039 2.4
      vertex 62.165 7.38334 2.4
      vertex 63.1203 8.70573 2.4
    endloop
  endfacet
  facet normal 0 0 1
    outer loop
      vertex 60.6219 8.55879 2.4
      vertex 61.8711 9.44039 2.4
      vertex 61.5037 9.58733 2.4
    endloop
  endfacet
  facet normal 0 0 1
    outer loop
      vertex 61.8711 9.44039 2.4
      vertex 60.6219 8.55879 2.4
      vertex 62.165 7.38334 2.4
    endloop
  endfacet
  facet normal 0 0 1
    outer loop
      vertex 62.165 7.38334 2.4
      vertex 60.6219 8.55879 2.4
      vertex 60.5484 7.60369 2.4
    endloop
  endfacet
  facet normal 0 0 1
    outer loop
      vertex 61.5037 9.58733 2.4
      vertex 60.475 8.70573 2.4
      vertex 60.6219 8.55879 2.4
    endloop
  endfacet
  facet normal -0 0 1
    outer loop
      vertex 60.2546 9.51381 2.4
      vertex 60.475 8.70573 2.4
      vertex 61.5037 9.58733 2.4
    endloop
  endfacet
  facet normal 0 0 1
    outer loop
      vertex 60.2546 9.51381 2.4
      vertex 59.8871 8.70573 2.4
      vertex 60.475 8.70573 2.4
    endloop
  endfacet
  facet normal 0 0 1
    outer loop
      vertex 59.6666 8.85265 2.4
      vertex 60.2546 9.51381 2.4
      vertex 59.8137 9.80768 2.4
    endloop
  endfacet
  facet normal 0 0 1
    outer loop
      vertex 56.8009 8.85265 2.4
      vertex 59.8137 9.80768 2.4
      vertex 59.7401 10.5423 2.4
    endloop
  endfacet
  facet normal 0 0 1
    outer loop
      vertex 60.2546 9.51381 2.4
      vertex 59.6666 8.85265 2.4
      vertex 59.8871 8.70573 2.4
    endloop
  endfacet
  facet normal 0 0 1
    outer loop
      vertex 62.165 7.38334 2.4
      vertex 60.5484 7.60369 2.4
      vertex 60.8424 4.95899 2.4
    endloop
  endfacet
  facet normal -0 0 1
    outer loop
      vertex 60.0341 5.32628 2.4
      vertex 60.8424 4.95899 2.4
      vertex 60.5484 7.60369 2.4
    endloop
  endfacet
  facet normal 0 0 1
    outer loop
      vertex 60.0341 4.66513 2.4
      vertex 60.8424 4.95899 2.4
      vertex 60.0341 5.32628 2.4
    endloop
  endfacet
  facet normal 0 0 1
    outer loop
      vertex 60.8424 4.95899 2.4
      vertex 60.0341 4.66513 2.4
      vertex 60.328 4.44468 2.4
    endloop
  endfacet
  facet normal -0 0 1
    outer loop
      vertex 55.9926 -13.7014 2.4
      vertex 57.0949 -14.1423 2.4
      vertex 56.1395 -13.481 2.4
    endloop
  endfacet
  facet normal 0 0 1
    outer loop
      vertex 57.0949 -14.1423 2.4
      vertex 55.9926 -13.7014 2.4
      vertex 56.1395 -14.5095 2.4
    endloop
  endfacet
  facet normal -0 0 1
    outer loop
      vertex 55.1843 -13.7749 2.4
      vertex 56.1395 -14.5095 2.4
      vertex 55.9926 -13.7014 2.4
    endloop
  endfacet
  facet normal 0 0 1
    outer loop
      vertex 54.817 -13.1137 2.4
      vertex 55.1843 -13.7749 2.4
      vertex 55.1108 -13.3341 2.4
    endloop
  endfacet
  facet normal 0 0 1
    outer loop
      vertex 55.1843 -13.7749 2.4
      vertex 54.817 -14.583 2.4
      vertex 56.1395 -14.5095 2.4
    endloop
  endfacet
  facet normal -0 0 1
    outer loop
      vertex 53.7882 -13.1137 2.4
      vertex 55.1843 -13.7749 2.4
      vertex 54.817 -13.1137 2.4
    endloop
  endfacet
  facet normal 0 0 1
    outer loop
      vertex 55.1843 -13.7749 2.4
      vertex 53.7882 -13.1137 2.4
      vertex 54.817 -14.583 2.4
    endloop
  endfacet
  facet normal -0 0 1
    outer loop
      vertex 53.2738 -13.481 2.4
      vertex 54.817 -14.583 2.4
      vertex 53.7882 -13.1137 2.4
    endloop
  endfacet
  facet normal -0 0 1
    outer loop
      vertex 52.9798 -13.9218 2.4
      vertex 54.817 -14.583 2.4
      vertex 53.2738 -13.481 2.4
    endloop
  endfacet
  facet normal 0 0 1
    outer loop
      vertex 52.0246 -15.0973 2.4
      vertex 52.9798 -13.9218 2.4
      vertex 52.4655 -13.9953 2.4
    endloop
  endfacet
  facet normal 0 0 1
    outer loop
      vertex 52.9798 -13.9218 2.4
      vertex 52.0246 -15.0973 2.4
      vertex 54.817 -14.583 2.4
    endloop
  endfacet
  facet normal 0 0 1
    outer loop
      vertex 52.0246 -15.0973 2.4
      vertex 52.4655 -13.9953 2.4
      vertex 52.0246 -13.7749 2.4
    endloop
  endfacet
  facet normal 0 0 1
    outer loop
      vertex 56.36 6.86912 2.4
      vertex 54.1556 6.72219 2.4
      vertex 55.9926 4.29774 2.4
    endloop
  endfacet
  facet normal 0 0 1
    outer loop
      vertex 53.3473 3.85695 2.4
      vertex 55.9926 4.29774 2.4
      vertex 54.1556 6.72219 2.4
    endloop
  endfacet
  facet normal 0 0 1
    outer loop
      vertex 53.4207 2.60807 2.4
      vertex 55.9926 4.29774 2.4
      vertex 53.4943 3.71002 2.4
    endloop
  endfacet
  facet normal 0 -0 -1
    outer loop
      vertex 65.5451 16.7135 2.4
      vertex 65.5603 15.8491 2.4
      vertex 58.3952 16.6979 2.4
    endloop
  endfacet
  facet normal 0 -0 -1
    outer loop
      vertex -67.9701 16.7135 2.4
      vertex -58.4221 16.6947 2.4
      vertex -67.9875 15.5616 2.4
    endloop
  endfacet
  facet normal -0 0 1
    outer loop
      vertex -60.6954 -14.8034 2.4
      vertex -60.2433 -14.8485 2.4
      vertex -60.4015 -14.73 2.4
    endloop
  endfacet
  facet normal -0 0 1
    outer loop
      vertex -64.5164 -14.4361 2.4
      vertex -61.3567 -14.583 2.4
      vertex -63.9286 -14.2892 2.4
    endloop
  endfacet
  facet normal 0 0 1
    outer loop
      vertex -61.3567 -14.583 2.4
      vertex -64.5164 -14.4361 2.4
      vertex -60.6954 -14.8034 2.4
    endloop
  endfacet
  facet normal -0 0 1
    outer loop
      vertex -65.1017 -14.4413 2.4
      vertex -60.6954 -14.8034 2.4
      vertex -64.5164 -14.4361 2.4
    endloop
  endfacet
  facet normal 0 0 1
    outer loop
      vertex -60.6954 -14.8034 2.4
      vertex -65.1017 -14.4413 2.4
      vertex -60.2433 -14.8485 2.4
    endloop
  endfacet
  facet normal 0 0 1
    outer loop
      vertex -64.8104 -14.2157 2.4
      vertex -65.1017 -14.4413 2.4
      vertex -64.5164 -14.4361 2.4
    endloop
  endfacet
  facet normal 0 -0 1
    outer loop
      vertex -65.1017 -14.4413 2.4
      vertex -64.8104 -14.2157 2.4
      vertex -65.1043 -14.4361 2.4
    endloop
  endfacet
  facet normal 0 0 1
    outer loop
      vertex -59.8871 -14.8034 2.4
      vertex -59.987 -14.87 2.4
      vertex -59.6498 -14.8983 2.4
    endloop
  endfacet
  facet normal -0 0 1
    outer loop
      vertex -49.8203 1.50603 2.4
      vertex -49.0854 0.918298 2.4
      vertex -49.0854 1.50603 2.4
    endloop
  endfacet
  facet normal 0 0 1
    outer loop
      vertex -49.8203 1.50603 2.4
      vertex -49.0854 1.50603 2.4
      vertex -49.3794 1.72647 2.4
    endloop
  endfacet
  facet normal 0 0 1
    outer loop
      vertex -51.5102 0.844873 2.4
      vertex -49.0854 0.918298 2.4
      vertex -49.8203 1.50603 2.4
    endloop
  endfacet
  facet normal 0 0 1
    outer loop
      vertex -49.0854 0.918298 2.4
      vertex -49.4528 -1.21218 2.4
      vertex -49.1589 -0.991829 2.4
    endloop
  endfacet
  facet normal 0 0 1
    outer loop
      vertex -51.5102 0.844873 2.4
      vertex -49.8203 1.50603 2.4
      vertex -50.849 1.50603 2.4
    endloop
  endfacet
  facet normal 0 0 1
    outer loop
      vertex -49.0854 0.918298 2.4
      vertex -51.5102 0.844873 2.4
      vertex -49.4528 -1.21218 2.4
    endloop
  endfacet
  facet normal 0 0 1
    outer loop
      vertex -51.5102 0.844873 2.4
      vertex -52.1716 0.330564 2.4
      vertex -49.4528 -1.21218 2.4
    endloop
  endfacet
  facet normal 0 0 1
    outer loop
      vertex -52.6125 1.21216 2.4
      vertex -52.1716 0.330564 2.4
      vertex -51.5102 0.844873 2.4
    endloop
  endfacet
  facet normal 0 0 1
    outer loop
      vertex -52.6125 1.21216 2.4
      vertex -53.2003 0.477505 2.4
      vertex -52.1716 0.330564 2.4
    endloop
  endfacet
  facet normal -0 0 1
    outer loop
      vertex -53.2738 1.21216 2.4
      vertex -53.2003 0.477505 2.4
      vertex -52.6125 1.21216 2.4
    endloop
  endfacet
  facet normal 0 0 1
    outer loop
      vertex -53.9352 0.477505 2.4
      vertex -53.2003 0.477505 2.4
      vertex -53.2738 1.21216 2.4
    endloop
  endfacet
  facet normal 0 0 1
    outer loop
      vertex -53.2003 0.477505 2.4
      vertex -53.9352 0.477505 2.4
      vertex -53.6412 0.110213 2.4
    endloop
  endfacet
  facet normal 0 0 1
    outer loop
      vertex -48.7914 -0.183653 2.4
      vertex -49.0854 0.918298 2.4
      vertex -49.1589 -0.991829 2.4
    endloop
  endfacet
  facet normal 0 0 1
    outer loop
      vertex 27.6289 -10.8362 2.4
      vertex 28.8046 -11.424 2.4
      vertex 28.6576 -10.9831 2.4
    endloop
  endfacet
  facet normal 0 0 1
    outer loop
      vertex 28.8046 -11.424 2.4
      vertex 27.0411 -12.0117 2.4
      vertex 28.3637 -12.9668 2.4
    endloop
  endfacet
  facet normal 0 0 1
    outer loop
      vertex 28.8046 -11.424 2.4
      vertex 27.6289 -10.8362 2.4
      vertex 27.0411 -12.0117 2.4
    endloop
  endfacet
  facet normal 0 0 1
    outer loop
      vertex 27.0411 -12.0117 2.4
      vertex 27.6289 -10.8362 2.4
      vertex 27.1145 -11.2036 2.4
    endloop
  endfacet
  facet normal 0 0 1
    outer loop
      vertex 28.3637 -12.9668 2.4
      vertex 27.0411 -12.0117 2.4
      vertex 27.9963 -13.2607 2.4
    endloop
  endfacet
  facet normal -0 0 1
    outer loop
      vertex 26.7471 -12.8199 2.4
      vertex 27.9963 -13.2607 2.4
      vertex 27.0411 -12.0117 2.4
    endloop
  endfacet
  facet normal 0 0 1
    outer loop
      vertex 27.9963 -13.2607 2.4
      vertex 26.7471 -12.8199 2.4
      vertex 26.8941 -13.1871 2.4
    endloop
  endfacet
  facet normal 0 0 1
    outer loop
      vertex 26.3062 5.84059 2.4
      vertex 27.4085 6.35481 2.4
      vertex 27.1145 6.72219 2.4
    endloop
  endfacet
  facet normal 0 0 1
    outer loop
      vertex 27.4085 6.35481 2.4
      vertex 26.3062 5.84059 2.4
      vertex 26.6002 3.93047 2.4
    endloop
  endfacet
  facet normal 0 0 1
    outer loop
      vertex 25.204 3.26922 2.4
      vertex 26.6002 3.93047 2.4
      vertex 26.3062 5.84059 2.4
    endloop
  endfacet
  facet normal 0 0 1
    outer loop
      vertex 26.6002 3.93047 2.4
      vertex 25.204 3.26922 2.4
      vertex 26.4532 1.50603 2.4
    endloop
  endfacet
  facet normal 0 0 1
    outer loop
      vertex 24.7631 1.50603 2.4
      vertex 26.4532 1.50603 2.4
      vertex 25.204 3.26922 2.4
    endloop
  endfacet
  facet normal 0 0 1
    outer loop
      vertex 26.4532 1.50603 2.4
      vertex 24.7631 1.50603 2.4
      vertex 26.0858 1.21216 2.4
    endloop
  endfacet
  facet normal 0 0 1
    outer loop
      vertex 26.0858 1.21216 2.4
      vertex 24.7631 1.50603 2.4
      vertex 25.057 1.13874 2.4
    endloop
  endfacet
  facet normal 0 0 1
    outer loop
      vertex 1.39611 0.991814 2.4
      vertex 1.91052 0.330564 2.4
      vertex 1.91052 0.697947 2.4
    endloop
  endfacet
  facet normal -0 0 1
    outer loop
      vertex 0 0.991814 2.4
      vertex 1.91052 0.330564 2.4
      vertex 1.39611 0.991814 2.4
    endloop
  endfacet
  facet normal 0 0 1
    outer loop
      vertex 1.91052 0.330564 2.4
      vertex 0 0.991814 2.4
      vertex 1.46962 -1.13875 2.4
    endloop
  endfacet
  facet normal -0 0 1
    outer loop
      vertex -0.293973 0.844873 2.4
      vertex 1.46962 -1.13875 2.4
      vertex 0 0.991814 2.4
    endloop
  endfacet
  facet normal 0 0 1
    outer loop
      vertex 1.46962 -1.13875 2.4
      vertex -0.293973 0.844873 2.4
      vertex 0.808267 -1.79991 2.4
    endloop
  endfacet
  facet normal 0 0 1
    outer loop
      vertex 0.808267 -1.79991 2.4
      vertex -0.293973 0.844873 2.4
      vertex 0.146926 -2.09378 2.4
    endloop
  endfacet
  facet normal 0 0 1
    outer loop
      vertex -1.61656 0.844873 2.4
      vertex -0.293973 0.844873 2.4
      vertex -1.17567 0.991814 2.4
    endloop
  endfacet
  facet normal 0 0 1
    outer loop
      vertex -2.3223 -1.55171 2.4
      vertex -0.293973 0.844873 2.4
      vertex -1.61656 0.844873 2.4
    endloop
  endfacet
  facet normal 0 0 1
    outer loop
      vertex -0.293973 0.844873 2.4
      vertex -2.0999 -1.84156 2.4
      vertex 0.146926 -2.09378 2.4
    endloop
  endfacet
  facet normal 0 0 1
    outer loop
      vertex 0.146926 -2.09378 2.4
      vertex -1.84156 -2.0999 2.4
      vertex -1.79137 -2.14109 2.4
    endloop
  endfacet
  facet normal 0 0 1
    outer loop
      vertex 0.146926 -2.09378 2.4
      vertex -1.97495 -1.97495 2.4
      vertex -1.84156 -2.0999 2.4
    endloop
  endfacet
  facet normal 0 0 1
    outer loop
      vertex -2.78702 0.182664 2.4
      vertex -1.61656 0.844873 2.4
      vertex -2.05746 0.918298 2.4
    endloop
  endfacet
  facet normal 0 0 1
    outer loop
      vertex 0.146926 -2.09378 2.4
      vertex -2.0999 -1.84156 2.4
      vertex -1.97495 -1.97495 2.4
    endloop
  endfacet
  facet normal 0 0 1
    outer loop
      vertex -0.293973 0.844873 2.4
      vertex -2.21583 -1.70028 2.4
      vertex -2.0999 -1.84156 2.4
    endloop
  endfacet
  facet normal 0 0 1
    outer loop
      vertex -0.293973 0.844873 2.4
      vertex -2.3223 -1.55171 2.4
      vertex -2.21583 -1.70028 2.4
    endloop
  endfacet
  facet normal 0 0 1
    outer loop
      vertex -1.61656 0.844873 2.4
      vertex -2.41882 -1.3965 2.4
      vertex -2.3223 -1.55171 2.4
    endloop
  endfacet
  facet normal 0 0 1
    outer loop
      vertex -1.61656 0.844873 2.4
      vertex -2.50497 -1.23532 2.4
      vertex -2.41882 -1.3965 2.4
    endloop
  endfacet
  facet normal -0 0 1
    outer loop
      vertex -2.5804 1.06883 2.4
      vertex -2.05746 0.918298 2.4
      vertex -2.52227 1.19711 2.4
    endloop
  endfacet
  facet normal 0 0 1
    outer loop
      vertex -2.64479 0.89778 2.4
      vertex -2.05746 0.918298 2.4
      vertex -2.5804 1.06883 2.4
    endloop
  endfacet
  facet normal 0 0 1
    outer loop
      vertex -1.61656 0.844873 2.4
      vertex -2.5804 -1.06883 2.4
      vertex -2.50497 -1.23532 2.4
    endloop
  endfacet
  facet normal 0 0 1
    outer loop
      vertex -2.69785 0.722878 2.4
      vertex -2.05746 0.918298 2.4
      vertex -2.64479 0.89778 2.4
    endloop
  endfacet
  facet normal 0 0 1
    outer loop
      vertex -1.61656 0.844873 2.4
      vertex -2.64479 -0.89778 2.4
      vertex -2.5804 -1.06883 2.4
    endloop
  endfacet
  facet normal 0 0 1
    outer loop
      vertex -2.73934 0.544887 2.4
      vertex -2.05746 0.918298 2.4
      vertex -2.69785 0.722878 2.4
    endloop
  endfacet
  facet normal 0 0 1
    outer loop
      vertex -1.61656 0.844873 2.4
      vertex -2.69785 -0.722878 2.4
      vertex -2.64479 -0.89778 2.4
    endloop
  endfacet
  facet normal 0 0 1
    outer loop
      vertex -2.76911 0.364552 2.4
      vertex -2.05746 0.918298 2.4
      vertex -2.73934 0.544887 2.4
    endloop
  endfacet
  facet normal 0 0 1
    outer loop
      vertex -1.61656 0.844873 2.4
      vertex -2.73934 -0.544887 2.4
      vertex -2.69785 -0.722878 2.4
    endloop
  endfacet
  facet normal 0 0 1
    outer loop
      vertex -2.78702 0.182664 2.4
      vertex -2.05746 0.918298 2.4
      vertex -2.76911 0.364552 2.4
    endloop
  endfacet
  facet normal 0 0 1
    outer loop
      vertex -1.61656 0.844873 2.4
      vertex -2.76911 -0.364552 2.4
      vertex -2.73934 -0.544887 2.4
    endloop
  endfacet
  facet normal 0 0 1
    outer loop
      vertex -1.61656 0.844873 2.4
      vertex -2.78702 0.182664 2.4
      vertex -2.79301 0 2.4
    endloop
  endfacet
  facet normal 0 0 1
    outer loop
      vertex -1.61656 0.844873 2.4
      vertex -2.78702 -0.182664 2.4
      vertex -2.76911 -0.364552 2.4
    endloop
  endfacet
  facet normal 0 0 1
    outer loop
      vertex -1.61656 0.844873 2.4
      vertex -2.79301 0 2.4
      vertex -2.78702 -0.182664 2.4
    endloop
  endfacet
  facet normal 0 0 1
    outer loop
      vertex 38.4306 1.43261 2.4
      vertex 38.798 0.551021 2.4
      vertex 38.798 0.991814 2.4
    endloop
  endfacet
  facet normal 0 0 1
    outer loop
      vertex 36.7405 0.40408 2.4
      vertex 38.798 0.551021 2.4
      vertex 38.4306 1.43261 2.4
    endloop
  endfacet
  facet normal 0 0 1
    outer loop
      vertex 38.798 0.551021 2.4
      vertex 36.7405 0.40408 2.4
      vertex 38.2837 -1.50605 2.4
    endloop
  endfacet
  facet normal 0 0 1
    outer loop
      vertex 36.7405 0.40408 2.4
      vertex 38.4306 1.43261 2.4
      vertex 37.1814 1.57955 2.4
    endloop
  endfacet
  facet normal 0 0 1
    outer loop
      vertex 36.7405 0.40408 2.4
      vertex 37.1814 1.57955 2.4
      vertex 36.8141 1.28568 2.4
    endloop
  endfacet
  facet normal -0 0 1
    outer loop
      vertex 36.2996 -1.35911 2.4
      vertex 38.2837 -1.50605 2.4
      vertex 36.7405 0.40408 2.4
    endloop
  endfacet
  facet normal 0 0 1
    outer loop
      vertex 38.2837 -1.50605 2.4
      vertex 36.2996 -1.35911 2.4
      vertex 37.4754 -2.02035 2.4
    endloop
  endfacet
  facet normal 0 0 1
    outer loop
      vertex 37.4754 -2.02035 2.4
      vertex 36.2996 -1.35911 2.4
      vertex 36.4467 -1.94684 2.4
    endloop
  endfacet
  facet normal 0 0 1
    outer loop
      vertex 36.4467 -1.94684 2.4
      vertex 36.2996 -1.35911 2.4
      vertex 36.2996 -1.79991 2.4
    endloop
  endfacet
  facet normal 0 0 1
    outer loop
      vertex 39.3858 6.57525 2.4
      vertex 39.7533 5.69365 2.4
      vertex 39.7533 6.28138 2.4
    endloop
  endfacet
  facet normal 0 0 1
    outer loop
      vertex 39.7533 5.69365 2.4
      vertex 39.3858 6.57525 2.4
      vertex 39.5329 5.25286 2.4
    endloop
  endfacet
  facet normal -0 0 1
    outer loop
      vertex 37.8428 6.28138 2.4
      vertex 39.5329 5.25286 2.4
      vertex 39.3858 6.57525 2.4
    endloop
  endfacet
  facet normal 0 -0 1
    outer loop
      vertex 39.0185 4.15082 2.4
      vertex 39.5329 5.25286 2.4
      vertex 37.8428 6.28138 2.4
    endloop
  endfacet
  facet normal 0 0 1
    outer loop
      vertex 39.5329 5.25286 2.4
      vertex 39.0185 4.15082 2.4
      vertex 39.4594 4.59161 2.4
    endloop
  endfacet
  facet normal 0 0 1
    outer loop
      vertex 37.8428 6.28138 2.4
      vertex 39.3858 6.57525 2.4
      vertex 38.2837 6.72219 2.4
    endloop
  endfacet
  facet normal 0 0 1
    outer loop
      vertex 39.0185 4.15082 2.4
      vertex 37.8428 6.28138 2.4
      vertex 38.5041 3.93047 2.4
    endloop
  endfacet
  facet normal -0 0 1
    outer loop
      vertex 37.4754 4.22433 2.4
      vertex 38.5041 3.93047 2.4
      vertex 37.8428 6.28138 2.4
    endloop
  endfacet
  facet normal 0 0 1
    outer loop
      vertex 38.5041 3.93047 2.4
      vertex 37.4754 4.22433 2.4
      vertex 37.7693 4.00388 2.4
    endloop
  endfacet
  facet normal 0 0 1
    outer loop
      vertex -32.6991 5.69365 2.4
      vertex -31.303 5.76708 2.4
      vertex -31.5234 6.35481 2.4
    endloop
  endfacet
  facet normal 0 0 1
    outer loop
      vertex -31.303 5.76708 2.4
      vertex -31.7439 4.95899 2.4
      vertex -31.303 5.17934 2.4
    endloop
  endfacet
  facet normal 0 0 1
    outer loop
      vertex -32.9195 6.20787 2.4
      vertex -31.5234 6.35481 2.4
      vertex -32.2583 7.08947 2.4
    endloop
  endfacet
  facet normal 0 0 1
    outer loop
      vertex -31.303 5.76708 2.4
      vertex -32.6991 5.69365 2.4
      vertex -31.7439 4.95899 2.4
    endloop
  endfacet
  facet normal 0 0 1
    outer loop
      vertex -32.9195 6.94254 2.4
      vertex -32.2583 7.08947 2.4
      vertex -32.7726 7.08947 2.4
    endloop
  endfacet
  facet normal 0 0 1
    outer loop
      vertex -32.2583 7.08947 2.4
      vertex -32.9195 6.94254 2.4
      vertex -32.9195 6.20787 2.4
    endloop
  endfacet
  facet normal 0 0 1
    outer loop
      vertex -31.5234 6.35481 2.4
      vertex -32.9195 6.20787 2.4
      vertex -32.6991 5.69365 2.4
    endloop
  endfacet
  facet normal 0 0 1
    outer loop
      vertex 15.725 6.72219 2.4
      vertex 16.0189 5.98752 2.4
      vertex 15.9454 6.50174 2.4
    endloop
  endfacet
  facet normal 0 0 1
    outer loop
      vertex 14.2553 6.94254 2.4
      vertex 16.0189 5.98752 2.4
      vertex 15.725 6.72219 2.4
    endloop
  endfacet
  facet normal 0 0 1
    outer loop
      vertex 16.0189 5.98752 2.4
      vertex 13.7409 5.17934 2.4
      vertex 15.431 4.22433 2.4
    endloop
  endfacet
  facet normal 0 0 1
    outer loop
      vertex 15.431 4.22433 2.4
      vertex 13.7409 5.17934 2.4
      vertex 15.2841 3.26922 2.4
    endloop
  endfacet
  facet normal 0 0 1
    outer loop
      vertex 13.0796 3.04887 2.4
      vertex 15.2841 3.26922 2.4
      vertex 13.7409 5.17934 2.4
    endloop
  endfacet
  facet normal 0 0 1
    outer loop
      vertex 16.0189 5.98752 2.4
      vertex 14.2553 6.94254 2.4
      vertex 13.9614 6.72219 2.4
    endloop
  endfacet
  facet normal 0 0 1
    outer loop
      vertex 16.0189 5.98752 2.4
      vertex 13.9614 6.72219 2.4
      vertex 13.7409 5.17934 2.4
    endloop
  endfacet
  facet normal 0 0 1
    outer loop
      vertex 15.2841 3.26922 2.4
      vertex 13.0796 3.04887 2.4
      vertex 14.6962 2.68148 2.4
    endloop
  endfacet
  facet normal 0 0 1
    outer loop
      vertex 14.6962 2.68148 2.4
      vertex 13.0796 3.04887 2.4
      vertex 14.3288 2.53456 2.4
    endloop
  endfacet
  facet normal 0 0 1
    outer loop
      vertex 14.3288 2.53456 2.4
      vertex 13.0796 3.04887 2.4
      vertex 13.2266 2.60807 2.4
    endloop
  endfacet
  facet normal 0 0 1
    outer loop
      vertex 59.9606 2.46113 2.4
      vertex 60.8424 2.755 2.4
      vertex 60.475 2.97535 2.4
    endloop
  endfacet
  facet normal 0 0 1
    outer loop
      vertex 60.8424 2.755 2.4
      vertex 60.4015 1.94682 2.4
      vertex 60.9893 2.46113 2.4
    endloop
  endfacet
  facet normal 0 0 1
    outer loop
      vertex 60.8424 2.755 2.4
      vertex 59.9606 2.46113 2.4
      vertex 60.4015 1.94682 2.4
    endloop
  endfacet
  facet normal 0 0 1
    outer loop
      vertex 60.4015 1.94682 2.4
      vertex 59.9606 2.46113 2.4
      vertex 59.9606 2.31421 2.4
    endloop
  endfacet
  facet normal 0 0 1
    outer loop
      vertex 33.5808 -10.8362 2.4
      vertex 34.1687 -11.3505 2.4
      vertex 34.0217 -10.9097 2.4
    endloop
  endfacet
  facet normal 0 0 1
    outer loop
      vertex 34.1687 -11.3505 2.4
      vertex 33.5808 -10.8362 2.4
      vertex 33.0665 -11.1301 2.4
    endloop
  endfacet
  facet normal 0 0 1
    outer loop
      vertex 34.1687 -11.3505 2.4
      vertex 33.0665 -11.1301 2.4
      vertex 33.7279 -12.9668 2.4
    endloop
  endfacet
  facet normal -0 0 1
    outer loop
      vertex 32.2583 -12.8933 2.4
      vertex 33.7279 -12.9668 2.4
      vertex 33.0665 -11.1301 2.4
    endloop
  endfacet
  facet normal 0 0 1
    outer loop
      vertex 33.7279 -12.9668 2.4
      vertex 32.2583 -12.8933 2.4
      vertex 33.3604 -13.2607 2.4
    endloop
  endfacet
  facet normal 0 0 1
    outer loop
      vertex 33.3604 -13.2607 2.4
      vertex 32.2583 -12.8933 2.4
      vertex 32.4052 -13.1871 2.4
    endloop
  endfacet
  facet normal -0 0 1
    outer loop
      vertex 54.3761 -11.277 2.4
      vertex 55.0374 -12.2321 2.4
      vertex 54.9639 -11.277 2.4
    endloop
  endfacet
  facet normal 0 0 1
    outer loop
      vertex 54.3761 -11.277 2.4
      vertex 54.9639 -11.277 2.4
      vertex 54.6699 -11.0567 2.4
    endloop
  endfacet
  facet normal -0 0 1
    outer loop
      vertex 54.0086 -12.0117 2.4
      vertex 55.0374 -12.2321 2.4
      vertex 54.3761 -11.277 2.4
    endloop
  endfacet
  facet normal 0 0 1
    outer loop
      vertex 55.0374 -12.2321 2.4
      vertex 54.0086 -12.0117 2.4
      vertex 54.7434 -12.4525 2.4
    endloop
  endfacet
  facet normal 0 0 1
    outer loop
      vertex 54.7434 -12.4525 2.4
      vertex 54.0086 -12.0117 2.4
      vertex 54.3025 -12.4525 2.4
    endloop
  endfacet
  facet normal 0 0 1
    outer loop
      vertex 54.3025 -12.4525 2.4
      vertex 54.0086 -12.0117 2.4
      vertex 54.0086 -12.2321 2.4
    endloop
  endfacet
  facet normal -0 0 1
    outer loop
      vertex 15.2841 -11.3505 2.4
      vertex 15.9454 -12.2321 2.4
      vertex 15.8719 -11.3505 2.4
    endloop
  endfacet
  facet normal 0 0 1
    outer loop
      vertex 15.2841 -11.3505 2.4
      vertex 15.8719 -11.3505 2.4
      vertex 15.578 -11.1301 2.4
    endloop
  endfacet
  facet normal 0 0 1
    outer loop
      vertex 15.9454 -12.2321 2.4
      vertex 15.2841 -11.3505 2.4
      vertex 15.6515 -12.4525 2.4
    endloop
  endfacet
  facet normal -0 0 1
    outer loop
      vertex 14.8432 -12.1586 2.4
      vertex 15.6515 -12.4525 2.4
      vertex 15.2841 -11.3505 2.4
    endloop
  endfacet
  facet normal 0 0 1
    outer loop
      vertex 15.6515 -12.4525 2.4
      vertex 14.8432 -12.1586 2.4
      vertex 15.1371 -12.526 2.4
    endloop
  endfacet
  facet normal 0 0 1
    outer loop
      vertex -59.1523 -14.8769 2.4
      vertex -59.3747 -14.9213 2.4
      vertex -59.0982 -14.9445 2.4
    endloop
  endfacet
  facet normal 0.822698 -0.568479 0
    outer loop
      vertex 77.7707 -15.9731 2.4
      vertex 77.8152 -15.9087 0
      vertex 77.8152 -15.9087 2.4
    endloop
  endfacet
  facet normal 0.822698 -0.568479 0
    outer loop
      vertex 77.8152 -15.9087 0
      vertex 77.7707 -15.9731 2.4
      vertex 77.7707 -15.9731 0
    endloop
  endfacet
  facet normal 0 0 1
    outer loop
      vertex -68.0043 14.4547 3.3
      vertex -72.7649 11.9822 3.3
      vertex -68.0332 12.5427 3.3
    endloop
  endfacet
  facet normal -0 0 1
    outer loop
      vertex -73.8092 13.767 3.3
      vertex -72.7649 11.9822 3.3
      vertex -68.0043 14.4547 3.3
    endloop
  endfacet
  facet normal 0 0 1
    outer loop
      vertex -73.9133 13.6981 3.3
      vertex -73.8092 13.767 3.3
      vertex -73.8335 13.7633 3.3
    endloop
  endfacet
  facet normal 0 0 1
    outer loop
      vertex -73.8886 13.7328 3.3
      vertex -73.8335 13.7633 3.3
      vertex -73.84 13.7619 3.3
    endloop
  endfacet
  facet normal 0 0 1
    outer loop
      vertex -73.8886 13.7328 3.3
      vertex -73.84 13.7619 3.3
      vertex -73.8461 13.7601 3.3
    endloop
  endfacet
  facet normal 0 0 1
    outer loop
      vertex -73.8886 13.7328 3.3
      vertex -73.8461 13.7601 3.3
      vertex -73.8524 13.7579 3.3
    endloop
  endfacet
  facet normal 0 0 1
    outer loop
      vertex -73.8886 13.7328 3.3
      vertex -73.8524 13.7579 3.3
      vertex -73.858 13.7554 3.3
    endloop
  endfacet
  facet normal 0 0 1
    outer loop
      vertex -73.8886 13.7328 3.3
      vertex -73.858 13.7554 3.3
      vertex -73.8639 13.7524 3.3
    endloop
  endfacet
  facet normal 0 0 1
    outer loop
      vertex -73.8886 13.7328 3.3
      vertex -73.8639 13.7524 3.3
      vertex -73.8694 13.749 3.3
    endloop
  endfacet
  facet normal 0 0 1
    outer loop
      vertex -73.8886 13.7328 3.3
      vertex -73.8694 13.749 3.3
      vertex -73.8749 13.7452 3.3
    endloop
  endfacet
  facet normal 0 0 1
    outer loop
      vertex -73.8886 13.7328 3.3
      vertex -73.8749 13.7452 3.3
      vertex -73.8799 13.7412 3.3
    endloop
  endfacet
  facet normal 0 0 1
    outer loop
      vertex -73.8886 13.7328 3.3
      vertex -73.8799 13.7412 3.3
      vertex -73.8846 13.7369 3.3
    endloop
  endfacet
  facet normal 0 0 1
    outer loop
      vertex -73.8335 13.7633 3.3
      vertex -73.8886 13.7328 3.3
      vertex -73.9133 13.6981 3.3
    endloop
  endfacet
  facet normal 0 0 1
    outer loop
      vertex -73.8092 13.767 3.3
      vertex -73.9133 13.6981 3.3
      vertex -72.7649 11.9822 3.3
    endloop
  endfacet
  facet normal 0 0 1
    outer loop
      vertex -77.8797 7.55025 3.3
      vertex -72.7649 11.9822 3.3
      vertex -73.9133 13.6981 3.3
    endloop
  endfacet
  facet normal -0 0 1
    outer loop
      vertex -77.9059 7.47553 3.3
      vertex -76.046 6.89646 3.3
      vertex -77.8797 7.55025 3.3
    endloop
  endfacet
  facet normal 0 0 1
    outer loop
      vertex -72.7649 11.9822 3.3
      vertex -77.8797 7.55025 3.3
      vertex -76.046 6.89646 3.3
    endloop
  endfacet
  facet normal 0 0 1
    outer loop
      vertex -58.5645 -12.5994 3.3
      vertex -59.1523 -14.8769 3.3
      vertex -59.0982 -14.9445 3.3
    endloop
  endfacet
  facet normal -0 0 1
    outer loop
      vertex -59.8871 -14.8034 3.3
      vertex -59.1523 -14.8769 3.3
      vertex -58.5645 -12.5994 3.3
    endloop
  endfacet
  facet normal 0 0 1
    outer loop
      vertex -59.1523 -14.8769 3.3
      vertex -59.8871 -14.8034 3.3
      vertex -59.3747 -14.9213 3.3
    endloop
  endfacet
  facet normal 0 0 1
    outer loop
      vertex -59.3747 -14.9213 3.3
      vertex -59.8871 -14.8034 3.3
      vertex -59.6498 -14.8983 3.3
    endloop
  endfacet
  facet normal -0 0 1
    outer loop
      vertex -60.4015 -14.73 3.3
      vertex -59.8871 -14.8034 3.3
      vertex -58.5645 -12.5994 3.3
    endloop
  endfacet
  facet normal 0 -0 1
    outer loop
      vertex -60.2433 -14.8485 3.3
      vertex -59.8871 -14.8034 3.3
      vertex -60.4015 -14.73 3.3
    endloop
  endfacet
  facet normal 0 0 1
    outer loop
      vertex -59.8871 -14.8034 3.3
      vertex -60.2433 -14.8485 3.3
      vertex -59.987 -14.87 3.3
    endloop
  endfacet
  facet normal 0 0 1
    outer loop
      vertex -62.0181 -12.3055 3.3
      vertex -60.4015 -14.73 3.3
      vertex -58.5645 -12.5994 3.3
    endloop
  endfacet
  facet normal -0 -0 1
    outer loop
      vertex -61.3567 -14.583 3.3
      vertex -60.4015 -14.73 3.3
      vertex -62.0181 -12.3055 3.3
    endloop
  endfacet
  facet normal 0 0 1
    outer loop
      vertex -60.4015 -14.73 3.3
      vertex -61.3567 -14.583 3.3
      vertex -60.6954 -14.8034 3.3
    endloop
  endfacet
  facet normal 0 0 1
    outer loop
      vertex -63.9286 -14.2892 3.3
      vertex -62.0181 -12.3055 3.3
      vertex -63.2672 -12.0117 3.3
    endloop
  endfacet
  facet normal 0 0 1
    outer loop
      vertex -62.0181 -12.3055 3.3
      vertex -63.9286 -14.2892 3.3
      vertex -61.3567 -14.583 3.3
    endloop
  endfacet
  facet normal -0 0 1
    outer loop
      vertex -64.8104 -14.2157 3.3
      vertex -63.9286 -14.2892 3.3
      vertex -63.2672 -12.0117 3.3
    endloop
  endfacet
  facet normal 0 0 1
    outer loop
      vertex -63.9286 -14.2892 3.3
      vertex -64.8104 -14.2157 3.3
      vertex -64.5164 -14.4361 3.3
    endloop
  endfacet
  facet normal 0 0 1
    outer loop
      vertex -68.0435 -11.5709 3.3
      vertex -64.8104 -14.2157 3.3
      vertex -63.2672 -12.0117 3.3
    endloop
  endfacet
  facet normal 0 0 1
    outer loop
      vertex -64.8104 -14.2157 3.3
      vertex -68.0435 -11.5709 3.3
      vertex -65.1043 -14.4361 3.3
    endloop
  endfacet
  facet normal 0 0 1
    outer loop
      vertex -65.1043 -14.4361 3.3
      vertex -68.0435 -11.5709 3.3
      vertex -67.8231 -13.9953 3.3
    endloop
  endfacet
  facet normal 0 0 1
    outer loop
      vertex -67.8231 -13.9953 3.3
      vertex -68.0435 -11.5709 3.3
      vertex -68.0435 -13.7749 3.3
    endloop
  endfacet
  facet normal 0 0 1
    outer loop
      vertex -36.8141 -15.1708 3.3
      vertex -30.3477 -15.8319 3.3
      vertex -32.7726 -15.3911 3.3
    endloop
  endfacet
  facet normal 0 0 1
    outer loop
      vertex -47.7936 -15.8921 3.3
      vertex -39.3124 -14.73 3.3
      vertex -42.1782 -14.5095 3.3
    endloop
  endfacet
  facet normal 0 0 1
    outer loop
      vertex -47.7936 -15.8921 3.3
      vertex -46.9544 -13.8484 3.3
      vertex -47.5422 -13.9218 3.3
    endloop
  endfacet
  facet normal 0 0 1
    outer loop
      vertex -46.9544 -13.8484 3.3
      vertex -47.7936 -15.8921 3.3
      vertex -42.1782 -14.5095 3.3
    endloop
  endfacet
  facet normal 0 0 1
    outer loop
      vertex -36.8141 -15.1708 3.3
      vertex -47.7936 -15.8921 3.3
      vertex -30.3477 -15.8319 3.3
    endloop
  endfacet
  facet normal 0 0 1
    outer loop
      vertex -39.3124 -14.73 3.3
      vertex -47.7936 -15.8921 3.3
      vertex -36.8141 -15.1708 3.3
    endloop
  endfacet
  facet normal 0 -0 1
    outer loop
      vertex -47.7936 -15.8921 3.3
      vertex -47.5422 -13.9218 3.3
      vertex -49.0854 -13.6279 3.3
    endloop
  endfacet
  facet normal 0 0 1
    outer loop
      vertex 65.6187 -12.6729 3.3
      vertex 61.9445 -13.481 3.3
      vertex 65.5794 -14.4013 3.3
    endloop
  endfacet
  facet normal 0 0 1
    outer loop
      vertex 78.9017 -6.96429 3.3
      vertex 76.046 6.89646 3.3
      vertex 76.9927 -6.83049 3.3
    endloop
  endfacet
  facet normal -0 0 1
    outer loop
      vertex 72.7649 11.9822 3.3
      vertex 77.8827 7.54567 3.3
      vertex 73.9089 13.705 3.3
    endloop
  endfacet
  facet normal 0 0 1
    outer loop
      vertex 73.8014 13.7679 3.3
      vertex 73.9089 13.705 3.3
      vertex 73.8951 13.7249 3.3
    endloop
  endfacet
  facet normal 0 0 1
    outer loop
      vertex 73.8434 13.7609 3.3
      vertex 73.8951 13.7249 3.3
      vertex 73.8911 13.73 3.3
    endloop
  endfacet
  facet normal 0 0 1
    outer loop
      vertex 73.8434 13.7609 3.3
      vertex 73.8911 13.73 3.3
      vertex 73.8867 13.7349 3.3
    endloop
  endfacet
  facet normal 0 0 1
    outer loop
      vertex 73.8434 13.7609 3.3
      vertex 73.8867 13.7349 3.3
      vertex 73.8821 13.7393 3.3
    endloop
  endfacet
  facet normal 0 0 1
    outer loop
      vertex 73.8434 13.7609 3.3
      vertex 73.8821 13.7393 3.3
      vertex 73.877 13.7436 3.3
    endloop
  endfacet
  facet normal 0 0 1
    outer loop
      vertex 73.8434 13.7609 3.3
      vertex 73.877 13.7436 3.3
      vertex 73.8719 13.7474 3.3
    endloop
  endfacet
  facet normal 0 0 1
    outer loop
      vertex 73.8434 13.7609 3.3
      vertex 73.8719 13.7474 3.3
      vertex 73.8663 13.751 3.3
    endloop
  endfacet
  facet normal 0 0 1
    outer loop
      vertex 73.8434 13.7609 3.3
      vertex 73.8663 13.751 3.3
      vertex 73.8608 13.754 3.3
    endloop
  endfacet
  facet normal 0 0 1
    outer loop
      vertex 73.8434 13.7609 3.3
      vertex 73.8608 13.754 3.3
      vertex 73.8551 13.7567 3.3
    endloop
  endfacet
  facet normal 0 0 1
    outer loop
      vertex 73.8434 13.7609 3.3
      vertex 73.8551 13.7567 3.3
      vertex 73.8489 13.7592 3.3
    endloop
  endfacet
  facet normal 0 0 1
    outer loop
      vertex 73.8951 13.7249 3.3
      vertex 73.8434 13.7609 3.3
      vertex 73.8014 13.7679 3.3
    endloop
  endfacet
  facet normal 0 0 1
    outer loop
      vertex 73.9089 13.705 3.3
      vertex 73.8014 13.7679 3.3
      vertex 72.7649 11.9822 3.3
    endloop
  endfacet
  facet normal 0 0 1
    outer loop
      vertex 77.8827 7.54567 3.3
      vertex 72.7649 11.9822 3.3
      vertex 76.046 6.89646 3.3
    endloop
  endfacet
  facet normal 0 0 1
    outer loop
      vertex 65.5798 14.7419 3.3
      vertex 72.7649 11.9822 3.3
      vertex 73.8014 13.7679 3.3
    endloop
  endfacet
  facet normal 0 0 1
    outer loop
      vertex 72.7649 11.9822 3.3
      vertex 65.5798 14.7419 3.3
      vertex 65.6133 12.8294 3.3
    endloop
  endfacet
  facet normal 0 0 1
    outer loop
      vertex 78.9007 -6.99955 3.3
      vertex 78.9022 -6.97396 3.3
      vertex 78.9017 -6.96429 3.3
    endloop
  endfacet
  facet normal 0 0 1
    outer loop
      vertex 78.9022 -6.97396 3.3
      vertex 78.9007 -6.99955 3.3
      vertex 78.9021 -6.98653 3.3
    endloop
  endfacet
  facet normal 0 0 1
    outer loop
      vertex 78.9021 -6.98653 3.3
      vertex 78.9007 -6.99955 3.3
      vertex 78.9016 -6.99302 3.3
    endloop
  endfacet
  facet normal 0 0 1
    outer loop
      vertex 78.9017 -6.96429 3.3
      vertex 78.8958 -7.02302 3.3
      vertex 78.9007 -6.99955 3.3
    endloop
  endfacet
  facet normal -0 0 1
    outer loop
      vertex 76.046 6.89646 3.3
      vertex 78.9017 -6.96429 3.3
      vertex 77.9062 7.47026 3.3
    endloop
  endfacet
  facet normal 0 0 1
    outer loop
      vertex 77.8827 7.54567 3.3
      vertex 77.9062 7.47026 3.3
      vertex 77.9037 7.4946 3.3
    endloop
  endfacet
  facet normal 0 0 1
    outer loop
      vertex 77.8942 7.52563 3.3
      vertex 77.9037 7.4946 3.3
      vertex 77.9027 7.50102 3.3
    endloop
  endfacet
  facet normal 0 0 1
    outer loop
      vertex 77.8942 7.52563 3.3
      vertex 77.9027 7.50102 3.3
      vertex 77.9012 7.50725 3.3
    endloop
  endfacet
  facet normal 0 0 1
    outer loop
      vertex 77.8942 7.52563 3.3
      vertex 77.9012 7.50725 3.3
      vertex 77.8993 7.51343 3.3
    endloop
  endfacet
  facet normal 0 0 1
    outer loop
      vertex 77.8942 7.52563 3.3
      vertex 77.8993 7.51343 3.3
      vertex 77.897 7.5195 3.3
    endloop
  endfacet
  facet normal 0 0 1
    outer loop
      vertex 77.9037 7.4946 3.3
      vertex 77.8942 7.52563 3.3
      vertex 77.8886 7.53592 3.3
    endloop
  endfacet
  facet normal 0 0 1
    outer loop
      vertex 77.9037 7.4946 3.3
      vertex 77.8886 7.53592 3.3
      vertex 77.8827 7.54567 3.3
    endloop
  endfacet
  facet normal 0 0 1
    outer loop
      vertex 76.046 6.89646 3.3
      vertex 77.9062 7.47026 3.3
      vertex 77.8827 7.54567 3.3
    endloop
  endfacet
  facet normal 0 0 1
    outer loop
      vertex 78.9017 -6.96429 3.3
      vertex 76.9927 -6.83049 3.3
      vertex 78.8958 -7.02302 3.3
    endloop
  endfacet
  facet normal 0 0 1
    outer loop
      vertex 75.3661 -13.5809 3.3
      vertex 78.8958 -7.02302 3.3
      vertex 76.9927 -6.83049 3.3
    endloop
  endfacet
  facet normal 0 0 1
    outer loop
      vertex 78.8958 -7.02302 3.3
      vertex 75.3661 -13.5809 3.3
      vertex 76.9095 -15.2661 3.3
    endloop
  endfacet
  facet normal 0 -0 1
    outer loop
      vertex 76.7986 -15.3627 3.3
      vertex 76.9095 -15.2661 3.3
      vertex 75.3661 -13.5809 3.3
    endloop
  endfacet
  facet normal 0 0 1
    outer loop
      vertex 76.9095 -15.2661 3.3
      vertex 76.7986 -15.3627 3.3
      vertex 76.9018 -15.2938 3.3
    endloop
  endfacet
  facet normal 0 -0 1
    outer loop
      vertex 76.8227 -15.3599 3.3
      vertex 76.9018 -15.2938 3.3
      vertex 76.7986 -15.3627 3.3
    endloop
  endfacet
  facet normal 0 0 1
    outer loop
      vertex 76.9018 -15.2938 3.3
      vertex 76.8227 -15.3599 3.3
      vertex 76.9003 -15.2981 3.3
    endloop
  endfacet
  facet normal 0 0 1
    outer loop
      vertex 76.9003 -15.2981 3.3
      vertex 76.8227 -15.3599 3.3
      vertex 76.8977 -15.3041 3.3
    endloop
  endfacet
  facet normal 0 0 1
    outer loop
      vertex 76.8977 -15.3041 3.3
      vertex 76.8227 -15.3599 3.3
      vertex 76.8948 -15.3098 3.3
    endloop
  endfacet
  facet normal 0 0 1
    outer loop
      vertex 76.8948 -15.3098 3.3
      vertex 76.8227 -15.3599 3.3
      vertex 76.8914 -15.3155 3.3
    endloop
  endfacet
  facet normal 0 0 1
    outer loop
      vertex 76.8914 -15.3155 3.3
      vertex 76.8227 -15.3599 3.3
      vertex 76.8878 -15.3207 3.3
    endloop
  endfacet
  facet normal 0 0 1
    outer loop
      vertex 76.8878 -15.3207 3.3
      vertex 76.8227 -15.3599 3.3
      vertex 76.8837 -15.3259 3.3
    endloop
  endfacet
  facet normal 0 0 1
    outer loop
      vertex 76.8837 -15.3259 3.3
      vertex 76.8227 -15.3599 3.3
      vertex 76.8794 -15.3306 3.3
    endloop
  endfacet
  facet normal 0 0 1
    outer loop
      vertex 76.8794 -15.3306 3.3
      vertex 76.8227 -15.3599 3.3
      vertex 76.8747 -15.3352 3.3
    endloop
  endfacet
  facet normal 0 0 1
    outer loop
      vertex 76.8747 -15.3352 3.3
      vertex 76.8227 -15.3599 3.3
      vertex 76.8699 -15.3393 3.3
    endloop
  endfacet
  facet normal 0 0 1
    outer loop
      vertex 76.8699 -15.3393 3.3
      vertex 76.8227 -15.3599 3.3
      vertex 76.8645 -15.3433 3.3
    endloop
  endfacet
  facet normal 0 0 1
    outer loop
      vertex 76.8645 -15.3433 3.3
      vertex 76.8227 -15.3599 3.3
      vertex 76.8591 -15.3468 3.3
    endloop
  endfacet
  facet normal 0 0 1
    outer loop
      vertex 76.8591 -15.3468 3.3
      vertex 76.8227 -15.3599 3.3
      vertex 76.8534 -15.35 3.3
    endloop
  endfacet
  facet normal 0 0 1
    outer loop
      vertex 76.8534 -15.35 3.3
      vertex 76.8227 -15.3599 3.3
      vertex 76.8476 -15.3527 3.3
    endloop
  endfacet
  facet normal 0 0 1
    outer loop
      vertex 76.8476 -15.3527 3.3
      vertex 76.8227 -15.3599 3.3
      vertex 76.8417 -15.3551 3.3
    endloop
  endfacet
  facet normal 0 0 1
    outer loop
      vertex 76.8417 -15.3551 3.3
      vertex 76.8227 -15.3599 3.3
      vertex 76.8354 -15.3571 3.3
    endloop
  endfacet
  facet normal 0 0 1
    outer loop
      vertex 76.8354 -15.3571 3.3
      vertex 76.8227 -15.3599 3.3
      vertex 76.8291 -15.3587 3.3
    endloop
  endfacet
  facet normal -0 0 1
    outer loop
      vertex 65.5794 -14.4013 3.3
      vertex 76.7986 -15.3627 3.3
      vertex 75.3661 -13.5809 3.3
    endloop
  endfacet
  facet normal -0 0 1
    outer loop
      vertex 60.1075 -13.6279 3.3
      vertex 65.5794 -14.4013 3.3
      vertex 61.9445 -13.481 3.3
    endloop
  endfacet
  facet normal 0 0 1
    outer loop
      vertex 56.1395 -14.5095 3.3
      vertex 60.1075 -13.6279 3.3
      vertex 57.0949 -14.1423 3.3
    endloop
  endfacet
  facet normal 0 0 1
    outer loop
      vertex 60.1075 -13.6279 3.3
      vertex 56.1395 -14.5095 3.3
      vertex 65.5794 -14.4013 3.3
    endloop
  endfacet
  facet normal 0 0 1
    outer loop
      vertex 52.0246 -15.0973 3.3
      vertex 65.5794 -14.4013 3.3
      vertex 56.1395 -14.5095 3.3
    endloop
  endfacet
  facet normal 0 0 1
    outer loop
      vertex 52.0246 -15.0973 3.3
      vertex 56.1395 -14.5095 3.3
      vertex 54.817 -14.583 3.3
    endloop
  endfacet
  facet normal 0 0 1
    outer loop
      vertex 48.3423 -15.8461 3.3
      vertex 65.5794 -14.4013 3.3
      vertex 52.0246 -15.0973 3.3
    endloop
  endfacet
  facet normal 0 0 1
    outer loop
      vertex 49.9672 -15.3911 3.3
      vertex 52.0246 -15.0973 3.3
      vertex 51.4368 -15.0238 3.3
    endloop
  endfacet
  facet normal 0 0 1
    outer loop
      vertex 48.3423 -15.8461 3.3
      vertex 52.0246 -15.0973 3.3
      vertex 49.9672 -15.3911 3.3
    endloop
  endfacet
  facet normal 0 0 1
    outer loop
      vertex 48.3423 -15.8461 3.3
      vertex 49.9672 -15.3911 3.3
      vertex 48.3506 -15.3911 3.3
    endloop
  endfacet
  facet normal 0 0 1
    outer loop
      vertex 65.5794 -14.4013 3.3
      vertex 48.3423 -15.8461 3.3
      vertex 76.7986 -15.3627 3.3
    endloop
  endfacet
  facet normal -0 0 1
    outer loop
      vertex 48.3423 -15.8461 3.3
      vertex 8.98955 -21.0467 3.3
      vertex 76.7986 -15.3627 3.3
    endloop
  endfacet
  facet normal -0 0 1
    outer loop
      vertex 8.84284 -19.1571 3.3
      vertex 8.98955 -21.0467 3.3
      vertex 48.3423 -15.8461 3.3
    endloop
  endfacet
  facet normal 0 0 1
    outer loop
      vertex 8.98955 -21.0467 3.3
      vertex 8.84284 -19.1571 3.3
      vertex 8.97966 -21.0475 3.3
    endloop
  endfacet
  facet normal -0 0 1
    outer loop
      vertex 0 -19.7466 3.3
      vertex 8.97966 -21.0475 3.3
      vertex 8.84284 -19.1571 3.3
    endloop
  endfacet
  facet normal 0 0 1
    outer loop
      vertex 8.97966 -21.0475 3.3
      vertex 0 -19.7466 3.3
      vertex 0.0251294 -21.6444 3.3
    endloop
  endfacet
  facet normal 0 0 1
    outer loop
      vertex -0.0243684 -21.6445 3.3
      vertex 0.0251294 -21.6444 3.3
      vertex 0 -19.7466 3.3
    endloop
  endfacet
  facet normal 0 0 1
    outer loop
      vertex 0.0251294 -21.6444 3.3
      vertex -0.0243684 -21.6445 3.3
      vertex -0.000791478 -21.6453 3.3
    endloop
  endfacet
  facet normal 0 0 1
    outer loop
      vertex -8.97966 -21.0475 3.3
      vertex 0 -19.7466 3.3
      vertex -8.84284 -19.1571 3.3
    endloop
  endfacet
  facet normal 0 0 1
    outer loop
      vertex 0 -19.7466 3.3
      vertex -8.97966 -21.0475 3.3
      vertex -0.0243684 -21.6445 3.3
    endloop
  endfacet
  facet normal 0 0 1
    outer loop
      vertex -8.84284 -19.1571 3.3
      vertex -8.98955 -21.0467 3.3
      vertex -8.97966 -21.0475 3.3
    endloop
  endfacet
  facet normal 0 0 1
    outer loop
      vertex -47.7936 -15.8921 3.3
      vertex -8.98955 -21.0467 3.3
      vertex -8.84284 -19.1571 3.3
    endloop
  endfacet
  facet normal 0 0 1
    outer loop
      vertex -55.9191 -13.0402 3.3
      vertex -47.7936 -15.8921 3.3
      vertex -49.0854 -13.6279 3.3
    endloop
  endfacet
  facet normal 0 0 1
    outer loop
      vertex -59.0982 -14.9445 3.3
      vertex -55.9191 -13.0402 3.3
      vertex -58.5645 -12.5994 3.3
    endloop
  endfacet
  facet normal 0 0 1
    outer loop
      vertex -55.9191 -13.0402 3.3
      vertex -59.0982 -14.9445 3.3
      vertex -47.7936 -15.8921 3.3
    endloop
  endfacet
  facet normal -0 0 1
    outer loop
      vertex -76.7966 -15.3629 3.3
      vertex -47.7936 -15.8921 3.3
      vertex -59.0982 -14.9445 3.3
    endloop
  endfacet
  facet normal 0 0 1
    outer loop
      vertex -76.7966 -15.3629 3.3
      vertex -59.0982 -14.9445 3.3
      vertex -59.3747 -14.9213 3.3
    endloop
  endfacet
  facet normal 0 0 1
    outer loop
      vertex -76.7966 -15.3629 3.3
      vertex -59.3747 -14.9213 3.3
      vertex -59.6498 -14.8983 3.3
    endloop
  endfacet
  facet normal 0 0 1
    outer loop
      vertex -76.7966 -15.3629 3.3
      vertex -59.6498 -14.8983 3.3
      vertex -59.987 -14.87 3.3
    endloop
  endfacet
  facet normal 0 0 1
    outer loop
      vertex -76.7966 -15.3629 3.3
      vertex -59.987 -14.87 3.3
      vertex -60.2433 -14.8485 3.3
    endloop
  endfacet
  facet normal 0 0 1
    outer loop
      vertex -76.7966 -15.3629 3.3
      vertex -60.2433 -14.8485 3.3
      vertex -65.1017 -14.4413 3.3
    endloop
  endfacet
  facet normal -0 0 1
    outer loop
      vertex -67.8231 -14.2132 3.3
      vertex -65.1043 -14.4361 3.3
      vertex -67.8231 -13.9953 3.3
    endloop
  endfacet
  facet normal 0 0 1
    outer loop
      vertex -65.1043 -14.4361 3.3
      vertex -67.8231 -14.2132 3.3
      vertex -65.1017 -14.4413 3.3
    endloop
  endfacet
  facet normal 0 0 1
    outer loop
      vertex -76.7966 -15.3629 3.3
      vertex -65.1017 -14.4413 3.3
      vertex -67.8231 -14.2132 3.3
    endloop
  endfacet
  facet normal 0 0 1
    outer loop
      vertex -76.7966 -15.3629 3.3
      vertex -67.8231 -14.2132 3.3
      vertex -75.3661 -13.5809 3.3
    endloop
  endfacet
  facet normal 0 0 1
    outer loop
      vertex -47.7936 -15.8921 3.3
      vertex -76.7966 -15.3629 3.3
      vertex -8.98955 -21.0467 3.3
    endloop
  endfacet
  facet normal -0 0 1
    outer loop
      vertex -76.9091 -15.268 3.3
      vertex -76.7966 -15.3629 3.3
      vertex -75.3661 -13.5809 3.3
    endloop
  endfacet
  facet normal 0 0 1
    outer loop
      vertex -76.7966 -15.3629 3.3
      vertex -76.9091 -15.268 3.3
      vertex -76.8255 -15.3594 3.3
    endloop
  endfacet
  facet normal -0 -0 1
    outer loop
      vertex -76.9027 -15.2913 3.3
      vertex -76.8255 -15.3594 3.3
      vertex -76.9091 -15.268 3.3
    endloop
  endfacet
  facet normal 0 0 1
    outer loop
      vertex -76.8255 -15.3594 3.3
      vertex -76.9027 -15.2913 3.3
      vertex -76.8296 -15.3586 3.3
    endloop
  endfacet
  facet normal 0 0 1
    outer loop
      vertex -76.8296 -15.3586 3.3
      vertex -76.9027 -15.2913 3.3
      vertex -76.836 -15.3569 3.3
    endloop
  endfacet
  facet normal 0 0 1
    outer loop
      vertex -76.836 -15.3569 3.3
      vertex -76.9027 -15.2913 3.3
      vertex -76.8424 -15.3548 3.3
    endloop
  endfacet
  facet normal 0 0 1
    outer loop
      vertex -76.8424 -15.3548 3.3
      vertex -76.9027 -15.2913 3.3
      vertex -76.8483 -15.3524 3.3
    endloop
  endfacet
  facet normal 0 0 1
    outer loop
      vertex -76.8483 -15.3524 3.3
      vertex -76.9027 -15.2913 3.3
      vertex -76.854 -15.3497 3.3
    endloop
  endfacet
  facet normal 0 0 1
    outer loop
      vertex -76.854 -15.3497 3.3
      vertex -76.9027 -15.2913 3.3
      vertex -76.8597 -15.3464 3.3
    endloop
  endfacet
  facet normal 0 0 1
    outer loop
      vertex -76.8597 -15.3464 3.3
      vertex -76.9027 -15.2913 3.3
      vertex -76.8652 -15.3429 3.3
    endloop
  endfacet
  facet normal 0 0 1
    outer loop
      vertex -76.8652 -15.3429 3.3
      vertex -76.9027 -15.2913 3.3
      vertex -76.8703 -15.3389 3.3
    endloop
  endfacet
  facet normal 0 0 1
    outer loop
      vertex -76.8703 -15.3389 3.3
      vertex -76.9027 -15.2913 3.3
      vertex -76.8752 -15.3348 3.3
    endloop
  endfacet
  facet normal 0 0 1
    outer loop
      vertex -76.8752 -15.3348 3.3
      vertex -76.9027 -15.2913 3.3
      vertex -76.8797 -15.3303 3.3
    endloop
  endfacet
  facet normal 0 0 1
    outer loop
      vertex -76.8797 -15.3303 3.3
      vertex -76.9027 -15.2913 3.3
      vertex -76.8843 -15.3251 3.3
    endloop
  endfacet
  facet normal 0 0 1
    outer loop
      vertex -76.8843 -15.3251 3.3
      vertex -76.9027 -15.2913 3.3
      vertex -76.8881 -15.3202 3.3
    endloop
  endfacet
  facet normal 0 0 1
    outer loop
      vertex -76.8881 -15.3202 3.3
      vertex -76.9027 -15.2913 3.3
      vertex -76.8918 -15.3148 3.3
    endloop
  endfacet
  facet normal 0 0 1
    outer loop
      vertex -76.8918 -15.3148 3.3
      vertex -76.9027 -15.2913 3.3
      vertex -76.8951 -15.3092 3.3
    endloop
  endfacet
  facet normal 0 0 1
    outer loop
      vertex -76.8951 -15.3092 3.3
      vertex -76.9027 -15.2913 3.3
      vertex -76.898 -15.3035 3.3
    endloop
  endfacet
  facet normal 0 0 1
    outer loop
      vertex -76.898 -15.3035 3.3
      vertex -76.9027 -15.2913 3.3
      vertex -76.9005 -15.2975 3.3
    endloop
  endfacet
  facet normal -0 0 1
    outer loop
      vertex -78.8973 -7.01693 3.3
      vertex -75.3661 -13.5809 3.3
      vertex -76.9927 -6.83049 3.3
    endloop
  endfacet
  facet normal 0 0 1
    outer loop
      vertex -78.9013 -6.95766 3.3
      vertex -76.046 6.89646 3.3
      vertex -77.9059 7.47553 3.3
    endloop
  endfacet
  facet normal 0 0 1
    outer loop
      vertex -77.9059 7.47553 3.3
      vertex -77.8797 7.55025 3.3
      vertex -77.8921 7.52956 3.3
    endloop
  endfacet
  facet normal 0 0 1
    outer loop
      vertex -77.9031 7.49904 3.3
      vertex -77.8921 7.52956 3.3
      vertex -77.895 7.52388 3.3
    endloop
  endfacet
  facet normal 0 0 1
    outer loop
      vertex -77.9031 7.49904 3.3
      vertex -77.895 7.52388 3.3
      vertex -77.8977 7.51764 3.3
    endloop
  endfacet
  facet normal 0 0 1
    outer loop
      vertex -77.9031 7.49904 3.3
      vertex -77.8977 7.51764 3.3
      vertex -77.8999 7.51162 3.3
    endloop
  endfacet
  facet normal 0 0 1
    outer loop
      vertex -77.9031 7.49904 3.3
      vertex -77.8999 7.51162 3.3
      vertex -77.9017 7.50541 3.3
    endloop
  endfacet
  facet normal 0 0 1
    outer loop
      vertex -77.8921 7.52956 3.3
      vertex -77.9031 7.49904 3.3
      vertex -77.9048 7.48749 3.3
    endloop
  endfacet
  facet normal 0 0 1
    outer loop
      vertex -77.8921 7.52956 3.3
      vertex -77.9048 7.48749 3.3
      vertex -77.9059 7.47553 3.3
    endloop
  endfacet
  facet normal 0 0 1
    outer loop
      vertex -76.046 6.89646 3.3
      vertex -78.9013 -6.95766 3.3
      vertex -76.9927 -6.83049 3.3
    endloop
  endfacet
  facet normal 0 -0 1
    outer loop
      vertex -78.8973 -7.01693 3.3
      vertex -76.9927 -6.83049 3.3
      vertex -78.9013 -6.95766 3.3
    endloop
  endfacet
  facet normal 0 0 1
    outer loop
      vertex -75.3661 -13.5809 3.3
      vertex -78.8973 -7.01693 3.3
      vertex -76.9091 -15.268 3.3
    endloop
  endfacet
  facet normal 0 0 1
    outer loop
      vertex -78.8973 -7.01693 3.3
      vertex -78.9013 -6.95766 3.3
      vertex -78.8993 -7.00775 3.3
    endloop
  endfacet
  facet normal -0 0 1
    outer loop
      vertex -78.9022 -6.98221 3.3
      vertex -78.8993 -7.00775 3.3
      vertex -78.9013 -6.95766 3.3
    endloop
  endfacet
  facet normal 0 0 1
    outer loop
      vertex -78.8993 -7.00775 3.3
      vertex -78.9022 -6.98221 3.3
      vertex -78.9014 -6.99504 3.3
    endloop
  endfacet
  facet normal 0 0 1
    outer loop
      vertex -78.9014 -6.99504 3.3
      vertex -78.9022 -6.98221 3.3
      vertex -78.902 -6.98878 3.3
    endloop
  endfacet
  facet normal 0 0 1
    outer loop
      vertex 49.2366 16.6779 3.3
      vertex 65.6133 12.8294 3.3
      vertex 65.5798 14.7419 3.3
    endloop
  endfacet
  facet normal -0 0 1
    outer loop
      vertex 49.2366 16.6779 3.3
      vertex 65.5798 14.7419 3.3
      vertex 65.5451 16.7135 3.3
    endloop
  endfacet
  facet normal -0 0 1
    outer loop
      vertex 48.6445 14.6565 3.3
      vertex 65.6133 12.8294 3.3
      vertex 49.2366 16.6779 3.3
    endloop
  endfacet
  facet normal 0 0 1
    outer loop
      vertex 65.6133 12.8294 3.3
      vertex 48.6445 14.6565 3.3
      vertex 65.6187 12.526 3.3
    endloop
  endfacet
  facet normal 0 0 1
    outer loop
      vertex 49.2366 16.6779 3.3
      vertex 47.9831 14.6565 3.3
      vertex 48.6445 14.6565 3.3
    endloop
  endfacet
  facet normal -0 0 1
    outer loop
      vertex 46.734 14.8034 3.3
      vertex 47.9831 14.6565 3.3
      vertex 49.2366 16.6779 3.3
    endloop
  endfacet
  facet normal 0 -0 1
    outer loop
      vertex 47.3218 14.4361 3.3
      vertex 47.9831 14.6565 3.3
      vertex 46.734 14.8034 3.3
    endloop
  endfacet
  facet normal 0 0 1
    outer loop
      vertex 47.9831 14.6565 3.3
      vertex 47.3218 14.4361 3.3
      vertex 47.6893 14.4361 3.3
    endloop
  endfacet
  facet normal -0 0 1
    outer loop
      vertex 45.7787 14.8769 3.3
      vertex 46.734 14.8034 3.3
      vertex 49.2366 16.6779 3.3
    endloop
  endfacet
  facet normal 0 0 1
    outer loop
      vertex 46.734 14.8034 3.3
      vertex 45.7787 14.8769 3.3
      vertex 46.0726 14.6565 3.3
    endloop
  endfacet
  facet normal -0 0 1
    outer loop
      vertex 44.8969 15.0973 3.3
      vertex 45.7787 14.8769 3.3
      vertex 49.2366 16.6779 3.3
    endloop
  endfacet
  facet normal 0 0 1
    outer loop
      vertex 45.7787 14.8769 3.3
      vertex 44.8969 15.0973 3.3
      vertex 45.4848 14.73 3.3
    endloop
  endfacet
  facet normal -0 0 1
    outer loop
      vertex 42.9864 15.3177 3.3
      vertex 44.8969 15.0973 3.3
      vertex 49.2366 16.6779 3.3
    endloop
  endfacet
  facet normal 0 0 1
    outer loop
      vertex 44.8969 15.0973 3.3
      vertex 42.9864 15.3177 3.3
      vertex 44.0152 14.8769 3.3
    endloop
  endfacet
  facet normal 0 0 1
    outer loop
      vertex 49.2366 16.6779 3.3
      vertex 33.417 16.6434 3.3
      vertex 42.9864 15.3177 3.3
    endloop
  endfacet
  facet normal 0 0 1
    outer loop
      vertex 9.00323 21.444 3.3
      vertex 33.417 16.6434 3.3
      vertex 49.2366 16.6779 3.3
    endloop
  endfacet
  facet normal 0 0 1
    outer loop
      vertex 8.81218 19.5581 3.3
      vertex 9.00323 21.444 3.3
      vertex 8.97019 21.4471 3.3
    endloop
  endfacet
  facet normal 0 0 1
    outer loop
      vertex 9.00323 21.444 3.3
      vertex 8.81218 19.5581 3.3
      vertex 33.417 16.6434 3.3
    endloop
  endfacet
  facet normal 0 0 1
    outer loop
      vertex 0 20.1456 3.3
      vertex 8.97019 21.4471 3.3
      vertex 0.0243684 22.0435 3.3
    endloop
  endfacet
  facet normal 0 0 1
    outer loop
      vertex -0.0251294 22.0434 3.3
      vertex 0.0243684 22.0435 3.3
      vertex 0.000791478 22.0443 3.3
    endloop
  endfacet
  facet normal 0 0 1
    outer loop
      vertex 8.97019 21.4471 3.3
      vertex 0 20.1456 3.3
      vertex 8.81218 19.5581 3.3
    endloop
  endfacet
  facet normal 0 0 1
    outer loop
      vertex 0.0243684 22.0435 3.3
      vertex -0.0251294 22.0434 3.3
      vertex 0 20.1456 3.3
    endloop
  endfacet
  facet normal -0 0 1
    outer loop
      vertex -8.97019 21.4471 3.3
      vertex 0 20.1456 3.3
      vertex -0.0251294 22.0434 3.3
    endloop
  endfacet
  facet normal 0 0 1
    outer loop
      vertex 0 20.1456 3.3
      vertex -8.97019 21.4471 3.3
      vertex -8.81218 19.5581 3.3
    endloop
  endfacet
  facet normal -0 0 1
    outer loop
      vertex -9.00323 21.444 3.3
      vertex -8.81218 19.5581 3.3
      vertex -8.97019 21.4471 3.3
    endloop
  endfacet
  facet normal 0 0 1
    outer loop
      vertex -9.00323 21.444 3.3
      vertex -33.3993 16.6455 3.3
      vertex -8.81218 19.5581 3.3
    endloop
  endfacet
  facet normal -0 0 1
    outer loop
      vertex -49.2471 16.6767 3.3
      vertex -33.3993 16.6455 3.3
      vertex -9.00323 21.444 3.3
    endloop
  endfacet
  facet normal 0 0 1
    outer loop
      vertex -33.3993 16.6455 3.3
      vertex -49.2471 16.6767 3.3
      vertex -42.3251 15.2442 3.3
    endloop
  endfacet
  facet normal 0 0 1
    outer loop
      vertex -49.2471 16.6767 3.3
      vertex -66.133 12.0117 3.3
      vertex -42.3251 15.2442 3.3
    endloop
  endfacet
  facet normal 0 0 1
    outer loop
      vertex -67.9701 16.7135 3.3
      vertex -66.133 12.0117 3.3
      vertex -49.2471 16.6767 3.3
    endloop
  endfacet
  facet normal -0 0 1
    outer loop
      vertex -68.0043 14.4547 3.3
      vertex -66.133 12.0117 3.3
      vertex -67.9701 16.7135 3.3
    endloop
  endfacet
  facet normal -0 0 1
    outer loop
      vertex -68.0332 12.5427 3.3
      vertex -66.133 12.0117 3.3
      vertex -68.0043 14.4547 3.3
    endloop
  endfacet
  facet normal 0 0 1
    outer loop
      vertex -66.133 12.0117 3.3
      vertex -68.0332 12.5427 3.3
      vertex -68.0435 11.8647 3.3
    endloop
  endfacet
  facet normal -0 0 1
    outer loop
      vertex 47.9831 -15.6116 3.3
      vertex 48.3423 -15.8461 3.3
      vertex 48.3506 -15.3911 3.3
    endloop
  endfacet
  facet normal 0 0 1
    outer loop
      vertex 48.3423 -15.8461 3.3
      vertex 47.9831 -15.6116 3.3
      vertex 46.0726 -15.8319 3.3
    endloop
  endfacet
  facet normal 0 0 1
    outer loop
      vertex 42.9864 15.3177 3.3
      vertex 33.417 16.6434 3.3
      vertex 31.8908 16.6401 3.3
    endloop
  endfacet
  facet normal 0 0 1
    outer loop
      vertex -30.6416 16.6401 3.3
      vertex -33.3993 16.6455 3.3
      vertex -42.3251 15.2442 3.3
    endloop
  endfacet
  facet normal 0 0 1
    outer loop
      vertex -37.3284 6.42833 3.3
      vertex -37.4019 6.13446 3.3
      vertex -37.1079 5.914 3.3
    endloop
  endfacet
  facet normal -0 0 1
    outer loop
      vertex -37.6223 6.20787 3.3
      vertex -37.4019 6.13446 3.3
      vertex -37.3284 6.42833 3.3
    endloop
  endfacet
  facet normal 0 0 1
    outer loop
      vertex -37.6223 6.20787 3.3
      vertex -37.6959 5.914 3.3
      vertex -37.4019 6.13446 3.3
    endloop
  endfacet
  facet normal 0 -0 1
    outer loop
      vertex -37.6959 5.914 3.3
      vertex -37.6223 6.20787 3.3
      vertex -38.0632 6.35481 3.3
    endloop
  endfacet
  facet normal 0 0 1
    outer loop
      vertex -21.3095 10.2485 3.3
      vertex -20.9422 9.73425 3.3
      vertex -20.8686 9.95461 3.3
    endloop
  endfacet
  facet normal 0 0 1
    outer loop
      vertex -21.3095 10.2485 3.3
      vertex -21.3095 9.51381 3.3
      vertex -20.9422 9.73425 3.3
    endloop
  endfacet
  facet normal 0 0 1
    outer loop
      vertex -21.3095 10.2485 3.3
      vertex -22.1178 9.58733 3.3
      vertex -21.3095 9.51381 3.3
    endloop
  endfacet
  facet normal 0 0 1
    outer loop
      vertex -23.5139 10.6159 3.3
      vertex -22.1178 9.58733 3.3
      vertex -21.3095 10.2485 3.3
    endloop
  endfacet
  facet normal 0 0 1
    outer loop
      vertex -23.5139 10.6159 3.3
      vertex -23.7344 10.2485 3.3
      vertex -22.1178 9.58733 3.3
    endloop
  endfacet
  facet normal 0 0 1
    outer loop
      vertex -23.5139 10.6159 3.3
      vertex -24.6897 10.2485 3.3
      vertex -23.7344 10.2485 3.3
    endloop
  endfacet
  facet normal 0 0 1
    outer loop
      vertex -25.204 11.1301 3.3
      vertex -24.6897 10.2485 3.3
      vertex -23.5139 10.6159 3.3
    endloop
  endfacet
  facet normal 0 0 1
    outer loop
      vertex -25.204 11.1301 3.3
      vertex -26.3062 10.5423 3.3
      vertex -24.6897 10.2485 3.3
    endloop
  endfacet
  facet normal 0 0 1
    outer loop
      vertex -27.9228 11.6444 3.3
      vertex -26.3062 10.5423 3.3
      vertex -25.204 11.1301 3.3
    endloop
  endfacet
  facet normal 0 0 1
    outer loop
      vertex -26.3062 10.5423 3.3
      vertex -27.9228 11.6444 3.3
      vertex -27.7024 11.0566 3.3
    endloop
  endfacet
  facet normal 0 0 1
    outer loop
      vertex -29.9803 10.1015 3.3
      vertex -27.7024 11.0566 3.3
      vertex -27.9228 11.6444 3.3
    endloop
  endfacet
  facet normal 0 0 1
    outer loop
      vertex -27.7024 11.0566 3.3
      vertex -29.9803 10.1015 3.3
      vertex -29.7599 9.21995 3.3
    endloop
  endfacet
  facet normal 0 0 1
    outer loop
      vertex -29.9803 10.1015 3.3
      vertex -30.7886 8.48527 3.3
      vertex -29.7599 9.21995 3.3
    endloop
  endfacet
  facet normal 0 0 1
    outer loop
      vertex -29.9803 10.1015 3.3
      vertex -31.0825 8.55879 3.3
      vertex -30.7886 8.48527 3.3
    endloop
  endfacet
  facet normal 0 0 1
    outer loop
      vertex -32.0378 8.26494 3.3
      vertex -31.0825 8.55879 3.3
      vertex -29.9803 10.1015 3.3
    endloop
  endfacet
  facet normal 0 0 1
    outer loop
      vertex -31.3765 8.33835 3.3
      vertex -32.0378 8.26494 3.3
      vertex -31.6703 7.60369 3.3
    endloop
  endfacet
  facet normal 0 0 1
    outer loop
      vertex -31.0825 8.55879 3.3
      vertex -32.0378 8.26494 3.3
      vertex -31.3765 8.33835 3.3
    endloop
  endfacet
  facet normal 0 0 1
    outer loop
      vertex -30.7151 7.08947 3.3
      vertex -31.5234 6.35481 3.3
      vertex -31.303 5.76708 3.3
    endloop
  endfacet
  facet normal 0 0 1
    outer loop
      vertex -31.6703 7.60369 3.3
      vertex -31.5234 6.35481 3.3
      vertex -30.7151 7.08947 3.3
    endloop
  endfacet
  facet normal 0 0 1
    outer loop
      vertex -32.2583 7.08947 3.3
      vertex -31.6703 7.60369 3.3
      vertex -32.0378 8.26494 3.3
    endloop
  endfacet
  facet normal 0 0 1
    outer loop
      vertex -31.6703 7.60369 3.3
      vertex -32.2583 7.08947 3.3
      vertex -31.5234 6.35481 3.3
    endloop
  endfacet
  facet normal 0 0 1
    outer loop
      vertex -32.0378 8.26494 3.3
      vertex -32.7726 7.08947 3.3
      vertex -32.2583 7.08947 3.3
    endloop
  endfacet
  facet normal 0 0 1
    outer loop
      vertex -33.3604 9.07301 3.3
      vertex -32.7726 7.08947 3.3
      vertex -32.0378 8.26494 3.3
    endloop
  endfacet
  facet normal 0 0 1
    outer loop
      vertex -33.9482 9.21995 3.3
      vertex -32.9195 6.94254 3.3
      vertex -33.3604 9.07301 3.3
    endloop
  endfacet
  facet normal 0 0 1
    outer loop
      vertex -32.7726 7.08947 3.3
      vertex -33.3604 9.07301 3.3
      vertex -32.9195 6.94254 3.3
    endloop
  endfacet
  facet normal 0 0 1
    outer loop
      vertex -29.6129 0.551021 3.3
      vertex -28.9515 0.918298 3.3
      vertex -29.025 2.02034 3.3
    endloop
  endfacet
  facet normal 0 0 1
    outer loop
      vertex -28.9515 0.918298 3.3
      vertex -29.6129 0.551021 3.3
      vertex -29.0986 0.624431 3.3
    endloop
  endfacet
  facet normal -0 0 1
    outer loop
      vertex -31.5234 2.38762 3.3
      vertex -29.025 2.02034 3.3
      vertex -29.6864 3.41616 3.3
    endloop
  endfacet
  facet normal 0 0 1
    outer loop
      vertex -31.303 5.17934 3.3
      vertex -29.6864 3.41616 3.3
      vertex -29.8333 5.10593 3.3
    endloop
  endfacet
  facet normal -0 0 1
    outer loop
      vertex -31.303 5.76708 3.3
      vertex -29.8333 5.10593 3.3
      vertex -30.7151 7.08947 3.3
    endloop
  endfacet
  facet normal 0 0 1
    outer loop
      vertex -29.8333 5.10593 3.3
      vertex -31.303 5.76708 3.3
      vertex -31.303 5.17934 3.3
    endloop
  endfacet
  facet normal -0 0 1
    outer loop
      vertex -31.7439 4.95899 3.3
      vertex -29.6864 3.41616 3.3
      vertex -31.303 5.17934 3.3
    endloop
  endfacet
  facet normal 0 0 1
    outer loop
      vertex -29.025 2.02034 3.3
      vertex -31.5234 2.38762 3.3
      vertex -29.6129 0.551021 3.3
    endloop
  endfacet
  facet normal 0 0 1
    outer loop
      vertex -29.6864 3.41616 3.3
      vertex -31.7439 4.95899 3.3
      vertex -31.5234 2.38762 3.3
    endloop
  endfacet
  facet normal 0 0 1
    outer loop
      vertex -32.7726 2.53456 3.3
      vertex -31.7439 4.95899 3.3
      vertex -32.6991 5.69365 3.3
    endloop
  endfacet
  facet normal 0 0 1
    outer loop
      vertex -31.7439 4.95899 3.3
      vertex -32.7726 2.53456 3.3
      vertex -31.5234 2.38762 3.3
    endloop
  endfacet
  facet normal 0 0 1
    outer loop
      vertex -35.7118 3.71002 3.3
      vertex -32.6991 5.69365 3.3
      vertex -32.9195 6.20787 3.3
    endloop
  endfacet
  facet normal -0 0 1
    outer loop
      vertex -35.6383 9.14652 3.3
      vertex -32.9195 6.94254 3.3
      vertex -33.9482 9.21995 3.3
    endloop
  endfacet
  facet normal 0 0 1
    outer loop
      vertex -37.1079 5.914 3.3
      vertex -32.9195 6.94254 3.3
      vertex -35.6383 9.14652 3.3
    endloop
  endfacet
  facet normal 0 0 1
    outer loop
      vertex -35.6383 9.14652 3.3
      vertex -33.9482 9.21995 3.3
      vertex -35.3444 9.29346 3.3
    endloop
  endfacet
  facet normal 0 0 1
    outer loop
      vertex -32.9195 6.94254 3.3
      vertex -37.1079 5.914 3.3
      vertex -32.9195 6.20787 3.3
    endloop
  endfacet
  facet normal 0 0 1
    outer loop
      vertex -32.6991 5.69365 3.3
      vertex -35.7118 3.71002 3.3
      vertex -32.7726 2.53456 3.3
    endloop
  endfacet
  facet normal 0 0 1
    outer loop
      vertex -32.9195 6.20787 3.3
      vertex -36.3732 4.37126 3.3
      vertex -35.7118 3.71002 3.3
    endloop
  endfacet
  facet normal 0 0 1
    outer loop
      vertex -36.8875 8.41186 3.3
      vertex -35.6383 9.14652 3.3
      vertex -36.4467 9.14652 3.3
    endloop
  endfacet
  facet normal 0 0 1
    outer loop
      vertex -36.8875 8.41186 3.3
      vertex -36.4467 9.14652 3.3
      vertex -36.8875 8.92608 3.3
    endloop
  endfacet
  facet normal 0 0 1
    outer loop
      vertex -35.6383 9.14652 3.3
      vertex -36.8875 8.41186 3.3
      vertex -37.1079 5.914 3.3
    endloop
  endfacet
  facet normal 0 0 1
    outer loop
      vertex -32.9195 6.20787 3.3
      vertex -37.1079 5.914 3.3
      vertex -36.3732 4.37126 3.3
    endloop
  endfacet
  facet normal 0 0 1
    outer loop
      vertex -36.8875 8.41186 3.3
      vertex -37.3284 6.42833 3.3
      vertex -37.1079 5.914 3.3
    endloop
  endfacet
  facet normal 0 -0 1
    outer loop
      vertex -37.3284 6.42833 3.3
      vertex -36.8875 8.41186 3.3
      vertex -37.4019 7.23639 3.3
    endloop
  endfacet
  facet normal -0 0 1
    outer loop
      vertex -38.4306 6.06094 3.3
      vertex -37.6959 5.914 3.3
      vertex -38.0632 6.35481 3.3
    endloop
  endfacet
  facet normal 0 0 1
    outer loop
      vertex -37.6959 5.914 3.3
      vertex -38.4306 6.06094 3.3
      vertex -37.6223 5.10593 3.3
    endloop
  endfacet
  facet normal 0 0 1
    outer loop
      vertex -37.6223 5.10593 3.3
      vertex -38.4306 6.06094 3.3
      vertex -38.2102 4.73855 3.3
    endloop
  endfacet
  facet normal 0 0 1
    outer loop
      vertex -39.4594 7.01606 3.3
      vertex -38.2102 4.73855 3.3
      vertex -38.4306 6.06094 3.3
    endloop
  endfacet
  facet normal 0 0 1
    outer loop
      vertex -38.2102 4.73855 3.3
      vertex -40.5616 1.87341 3.3
      vertex -38.1367 3.71002 3.3
    endloop
  endfacet
  facet normal 0 0 1
    outer loop
      vertex -39.9738 7.23639 3.3
      vertex -38.2102 4.73855 3.3
      vertex -39.4594 7.01606 3.3
    endloop
  endfacet
  facet normal 0 0 1
    outer loop
      vertex -38.1367 3.71002 3.3
      vertex -40.5616 1.87341 3.3
      vertex -38.5776 2.53456 3.3
    endloop
  endfacet
  facet normal 0 0 1
    outer loop
      vertex -41.2229 7.38334 3.3
      vertex -38.2102 4.73855 3.3
      vertex -39.9738 7.23639 3.3
    endloop
  endfacet
  facet normal 0 0 1
    outer loop
      vertex -38.5776 2.53456 3.3
      vertex -40.5616 1.87341 3.3
      vertex -39.6798 1.35909 3.3
    endloop
  endfacet
  facet normal 0 0 1
    outer loop
      vertex -38.2102 4.73855 3.3
      vertex -41.2229 7.38334 3.3
      vertex -40.5616 1.87341 3.3
    endloop
  endfacet
  facet normal 0 0 1
    outer loop
      vertex -41.2229 7.38334 3.3
      vertex -41.4434 1.87341 3.3
      vertex -40.5616 1.87341 3.3
    endloop
  endfacet
  facet normal -0 0 1
    outer loop
      vertex -42.2517 7.16299 3.3
      vertex -41.4434 1.87341 3.3
      vertex -41.2229 7.38334 3.3
    endloop
  endfacet
  facet normal -0 0 1
    outer loop
      vertex -43.5009 6.50174 3.3
      vertex -41.4434 1.87341 3.3
      vertex -42.2517 7.16299 3.3
    endloop
  endfacet
  facet normal -0 0 1
    outer loop
      vertex -44.3091 5.84059 3.3
      vertex -41.4434 1.87341 3.3
      vertex -43.5009 6.50174 3.3
    endloop
  endfacet
  facet normal -0 0 1
    outer loop
      vertex -44.897 4.88548 3.3
      vertex -41.4434 1.87341 3.3
      vertex -44.3091 5.84059 3.3
    endloop
  endfacet
  facet normal 0 0 1
    outer loop
      vertex -41.4434 1.87341 3.3
      vertex -44.897 4.88548 3.3
      vertex -41.9577 1.65296 3.3
    endloop
  endfacet
  facet normal 0 0 1
    outer loop
      vertex -41.9577 1.65296 3.3
      vertex -44.897 2.53456 3.3
      vertex -42.3251 1.28568 3.3
    endloop
  endfacet
  facet normal 0 -0 1
    outer loop
      vertex -44.1622 1.21216 3.3
      vertex -42.3251 1.28568 3.3
      vertex -44.897 2.53456 3.3
    endloop
  endfacet
  facet normal -0 0 1
    outer loop
      vertex -45.0439 3.56308 3.3
      vertex -41.9577 1.65296 3.3
      vertex -44.897 4.88548 3.3
    endloop
  endfacet
  facet normal -0 -0 1
    outer loop
      vertex -44.897 2.53456 3.3
      vertex -41.9577 1.65296 3.3
      vertex -45.0439 3.56308 3.3
    endloop
  endfacet
  facet normal 0 -0 1
    outer loop
      vertex -43.1335 0.551021 3.3
      vertex -42.3251 1.28568 3.3
      vertex -44.1622 1.21216 3.3
    endloop
  endfacet
  facet normal 0 0 1
    outer loop
      vertex -42.3251 1.28568 3.3
      vertex -43.1335 0.551021 3.3
      vertex -42.6191 0.624431 3.3
    endloop
  endfacet
  facet normal -0 0 1
    outer loop
      vertex -45.2643 3.19581 3.3
      vertex -44.897 2.53456 3.3
      vertex -45.0439 3.56308 3.3
    endloop
  endfacet
  facet normal 0 0 1
    outer loop
      vertex -45.2643 3.19581 3.3
      vertex -45.3379 2.53456 3.3
      vertex -44.897 2.53456 3.3
    endloop
  endfacet
  facet normal -0 0 1
    outer loop
      vertex -45.7788 3.12229 3.3
      vertex -45.3379 2.53456 3.3
      vertex -45.2643 3.19581 3.3
    endloop
  endfacet
  facet normal -0 0 1
    outer loop
      vertex -48.571 2.90194 3.3
      vertex -45.5583 2.31421 3.3
      vertex -45.7788 3.12229 3.3
    endloop
  endfacet
  facet normal 0 0 1
    outer loop
      vertex -45.3379 2.53456 3.3
      vertex -45.7788 3.12229 3.3
      vertex -45.5583 2.31421 3.3
    endloop
  endfacet
  facet normal -0 0 1
    outer loop
      vertex -44.897 0.697947 3.3
      vertex -44.5296 0.0366972 3.3
      vertex -44.603 0.697947 3.3
    endloop
  endfacet
  facet normal 0 0 1
    outer loop
      vertex -45.3379 0.110213 3.3
      vertex -44.897 0.697947 3.3
      vertex -45.1909 0.918298 3.3
    endloop
  endfacet
  facet normal 0 0 1
    outer loop
      vertex -44.897 0.697947 3.3
      vertex -45.3379 0.110213 3.3
      vertex -44.5296 0.0366972 3.3
    endloop
  endfacet
  facet normal -0 0 1
    outer loop
      vertex -45.1909 -0.183653 3.3
      vertex -45.2643 -1.50605 3.3
      vertex -44.5296 0.0366972 3.3
    endloop
  endfacet
  facet normal -0 0 1
    outer loop
      vertex -45.7052 -0.844888 3.3
      vertex -45.2643 -1.50605 3.3
      vertex -45.1909 -0.183653 3.3
    endloop
  endfacet
  facet normal -0 0 1
    outer loop
      vertex -46.6606 -1.43262 3.3
      vertex -45.2643 -1.50605 3.3
      vertex -45.7052 -0.844888 3.3
    endloop
  endfacet
  facet normal 0 -0 1
    outer loop
      vertex -46.0726 -2.6815 3.3
      vertex -45.2643 -1.50605 3.3
      vertex -46.6606 -1.43262 3.3
    endloop
  endfacet
  facet normal 0 0 1
    outer loop
      vertex -45.3379 -2.46115 3.3
      vertex -46.0726 -2.6815 3.3
      vertex -45.5583 -2.75501 3.3
    endloop
  endfacet
  facet normal 0 0 1
    outer loop
      vertex -45.2643 -1.50605 3.3
      vertex -46.0726 -2.6815 3.3
      vertex -45.3379 -2.46115 3.3
    endloop
  endfacet
  facet normal -0 0 1
    outer loop
      vertex -46.9544 -2.1673 3.3
      vertex -46.0726 -2.6815 3.3
      vertex -46.6606 -1.43262 3.3
    endloop
  endfacet
  facet normal -0 0 1
    outer loop
      vertex -46.9544 -2.60809 3.3
      vertex -46.0726 -2.6815 3.3
      vertex -46.9544 -2.1673 3.3
    endloop
  endfacet
  facet normal 0 0 1
    outer loop
      vertex -46.0726 -2.6815 3.3
      vertex -46.9544 -2.60809 3.3
      vertex -46.3666 -2.90196 3.3
    endloop
  endfacet
  facet normal 0 0 1
    outer loop
      vertex -47.4688 -3.26923 3.3
      vertex -46.3666 -2.90196 3.3
      vertex -46.9544 -2.60809 3.3
    endloop
  endfacet
  facet normal 0 0 1
    outer loop
      vertex -46.3666 -2.90196 3.3
      vertex -47.4688 -3.26923 3.3
      vertex -46.587 -4.22435 3.3
    endloop
  endfacet
  facet normal 0 0 1
    outer loop
      vertex -49.3794 -7.163 3.3
      vertex -46.587 -4.22435 3.3
      vertex -47.4688 -3.26923 3.3
    endloop
  endfacet
  facet normal 0 0 1
    outer loop
      vertex -46.587 -4.22435 3.3
      vertex -49.3794 -7.163 3.3
      vertex -48.0567 -7.38335 3.3
    endloop
  endfacet
  facet normal 0 0 1
    outer loop
      vertex -49.3794 -7.75063 3.3
      vertex -48.0567 -7.38335 3.3
      vertex -49.3794 -7.163 3.3
    endloop
  endfacet
  facet normal 0 0 1
    outer loop
      vertex -48.0567 -7.38335 3.3
      vertex -49.3794 -7.75063 3.3
      vertex -49.1589 -8.04449 3.3
    endloop
  endfacet
  facet normal 0 0 1
    outer loop
      vertex -49.1589 -8.04449 3.3
      vertex -49.3794 -7.75063 3.3
      vertex -49.1589 -8.48529 3.3
    endloop
  endfacet
  facet normal 0 0 1
    outer loop
      vertex -50.2611 -8.63223 3.3
      vertex -49.1589 -8.48529 3.3
      vertex -49.3794 -7.75063 3.3
    endloop
  endfacet
  facet normal 0 0 1
    outer loop
      vertex -49.1589 -8.48529 3.3
      vertex -50.2611 -8.63223 3.3
      vertex -49.5998 -9.36689 3.3
    endloop
  endfacet
  facet normal 0 0 1
    outer loop
      vertex -50.2611 -8.63223 3.3
      vertex -50.4081 -10.322 3.3
      vertex -49.5998 -9.36689 3.3
    endloop
  endfacet
  facet normal 0 0 1
    outer loop
      vertex -50.2611 -8.63223 3.3
      vertex -50.849 -10.3954 3.3
      vertex -50.4081 -10.322 3.3
    endloop
  endfacet
  facet normal -0 0 1
    outer loop
      vertex -51.4368 -10.1751 3.3
      vertex -50.849 -10.3954 3.3
      vertex -50.2611 -8.63223 3.3
    endloop
  endfacet
  facet normal 0 0 1
    outer loop
      vertex -50.849 -10.3954 3.3
      vertex -51.4368 -10.1751 3.3
      vertex -51.3633 -11.0567 3.3
    endloop
  endfacet
  facet normal 0 0 1
    outer loop
      vertex -51.4368 -10.1751 3.3
      vertex -52.0246 -11.3505 3.3
      vertex -51.3633 -11.0567 3.3
    endloop
  endfacet
  facet normal -0 0 1
    outer loop
      vertex -52.7594 -10.6893 3.3
      vertex -52.0246 -11.3505 3.3
      vertex -51.4368 -10.1751 3.3
    endloop
  endfacet
  facet normal 0 0 1
    outer loop
      vertex -52.7594 -10.6893 3.3
      vertex -52.8329 -11.3505 3.3
      vertex -52.0246 -11.3505 3.3
    endloop
  endfacet
  facet normal 0 -0 1
    outer loop
      vertex -52.8329 -11.3505 3.3
      vertex -52.7594 -10.6893 3.3
      vertex -52.9799 -11.0567 3.3
    endloop
  endfacet
  facet normal 0 0 1
    outer loop
      vertex -45.9257 0.0366972 3.3
      vertex -45.1909 0.918298 3.3
      vertex -45.1909 1.28568 3.3
    endloop
  endfacet
  facet normal 0 0 1
    outer loop
      vertex -44.5296 0.0366972 3.3
      vertex -45.3379 0.110213 3.3
      vertex -45.1909 -0.183653 3.3
    endloop
  endfacet
  facet normal 0 0 1
    outer loop
      vertex -45.9257 0.0366972 3.3
      vertex -45.1909 1.28568 3.3
      vertex -45.5583 2.09376 3.3
    endloop
  endfacet
  facet normal 0 0 1
    outer loop
      vertex -45.5583 2.31421 3.3
      vertex -48.571 2.90194 3.3
      vertex -45.5583 2.09376 3.3
    endloop
  endfacet
  facet normal 0 0 1
    outer loop
      vertex -45.1909 0.918298 3.3
      vertex -45.9257 0.0366972 3.3
      vertex -45.3379 0.110213 3.3
    endloop
  endfacet
  facet normal 0 0 1
    outer loop
      vertex -47.3953 4.15082 3.3
      vertex -45.7788 3.12229 3.3
      vertex -46.2931 4.00388 3.3
    endloop
  endfacet
  facet normal 0 0 1
    outer loop
      vertex -49.0854 1.50603 3.3
      vertex -45.5583 2.09376 3.3
      vertex -48.571 2.90194 3.3
    endloop
  endfacet
  facet normal 0 0 1
    outer loop
      vertex -45.5583 2.09376 3.3
      vertex -49.0854 1.50603 3.3
      vertex -45.9257 0.0366972 3.3
    endloop
  endfacet
  facet normal -0 0 1
    outer loop
      vertex -49.0854 0.918298 3.3
      vertex -45.9257 0.0366972 3.3
      vertex -49.0854 1.50603 3.3
    endloop
  endfacet
  facet normal 0 0 1
    outer loop
      vertex -45.7788 3.12229 3.3
      vertex -47.3953 4.15082 3.3
      vertex -47.9831 3.85695 3.3
    endloop
  endfacet
  facet normal 0 -0 1
    outer loop
      vertex -47.0279 -0.697962 3.3
      vertex -45.9257 0.0366972 3.3
      vertex -49.0854 0.918298 3.3
    endloop
  endfacet
  facet normal 0 0 1
    outer loop
      vertex -45.7788 3.12229 3.3
      vertex -47.9831 3.85695 3.3
      vertex -48.571 2.90194 3.3
    endloop
  endfacet
  facet normal 0 0 1
    outer loop
      vertex -48.571 2.90194 3.3
      vertex -47.9831 3.85695 3.3
      vertex -48.3506 3.48967 3.3
    endloop
  endfacet
  facet normal 0 0 1
    outer loop
      vertex -45.9257 0.0366972 3.3
      vertex -47.0279 -0.697962 3.3
      vertex -46.4401 -0.47752 3.3
    endloop
  endfacet
  facet normal 0 0 1
    outer loop
      vertex -49.1589 -0.991829 3.3
      vertex -47.2484 -0.918313 3.3
      vertex -48.7914 -0.183653 3.3
    endloop
  endfacet
  facet normal 0 0 1
    outer loop
      vertex -47.2484 -0.918313 3.3
      vertex -49.1589 -0.991829 3.3
      vertex -47.6893 -2.02035 3.3
    endloop
  endfacet
  facet normal 0 0 1
    outer loop
      vertex -47.6893 -2.02035 3.3
      vertex -49.1589 -0.991829 3.3
      vertex -48.9385 -2.75501 3.3
    endloop
  endfacet
  facet normal -0 0 1
    outer loop
      vertex -49.4528 -1.21218 3.3
      vertex -48.9385 -2.75501 3.3
      vertex -49.1589 -0.991829 3.3
    endloop
  endfacet
  facet normal 0 0 1
    outer loop
      vertex -49.4528 -1.21218 3.3
      vertex -49.8937 -2.75501 3.3
      vertex -48.9385 -2.75501 3.3
    endloop
  endfacet
  facet normal 0 0 1
    outer loop
      vertex -49.4528 -1.21218 3.3
      vertex -50.4815 -2.53457 3.3
      vertex -49.8937 -2.75501 3.3
    endloop
  endfacet
  facet normal 0 0 1
    outer loop
      vertex -49.4528 -1.21218 3.3
      vertex -52.0246 -1.65297 3.3
      vertex -50.4815 -2.53457 3.3
    endloop
  endfacet
  facet normal 0 0 1
    outer loop
      vertex -52.1716 0.330564 3.3
      vertex -52.0246 -1.65297 3.3
      vertex -49.4528 -1.21218 3.3
    endloop
  endfacet
  facet normal 0 0 1
    outer loop
      vertex -52.1716 0.330564 3.3
      vertex -52.6125 -0.991829 3.3
      vertex -52.0246 -1.65297 3.3
    endloop
  endfacet
  facet normal 0 0 1
    outer loop
      vertex -53.2003 0.477505 3.3
      vertex -52.6125 -0.991829 3.3
      vertex -52.1716 0.330564 3.3
    endloop
  endfacet
  facet normal 0 0 1
    outer loop
      vertex -52.6125 -0.991829 3.3
      vertex -53.2003 0.477505 3.3
      vertex -53.1269 -0.991829 3.3
    endloop
  endfacet
  facet normal -0 0 1
    outer loop
      vertex -53.7147 -0.110229 3.3
      vertex -53.1269 -0.991829 3.3
      vertex -53.2003 0.477505 3.3
    endloop
  endfacet
  facet normal 0 0 1
    outer loop
      vertex -53.7147 -0.110229 3.3
      vertex -53.2003 0.477505 3.3
      vertex -53.6412 0.110213 3.3
    endloop
  endfacet
  facet normal -0 0 1
    outer loop
      vertex -53.8617 -0.624446 3.3
      vertex -53.1269 -0.991829 3.3
      vertex -53.7147 -0.110229 3.3
    endloop
  endfacet
  facet normal 0 0 1
    outer loop
      vertex -53.1269 -0.991829 3.3
      vertex -53.8617 -0.624446 3.3
      vertex -53.3473 -1.21218 3.3
    endloop
  endfacet
  facet normal 0 0 1
    outer loop
      vertex -53.3473 -1.21218 3.3
      vertex -53.8617 -0.624446 3.3
      vertex -53.3473 -2.02035 3.3
    endloop
  endfacet
  facet normal 0 0 1
    outer loop
      vertex -53.3473 -2.02035 3.3
      vertex -53.8617 -0.624446 3.3
      vertex -53.7147 -2.97536 3.3
    endloop
  endfacet
  facet normal 0 0 1
    outer loop
      vertex -57.0949 -5.98753 3.3
      vertex -53.7147 -2.97536 3.3
      vertex -53.8617 -0.624446 3.3
    endloop
  endfacet
  facet normal 0 0 1
    outer loop
      vertex -53.7147 -2.97536 3.3
      vertex -57.0949 -5.98753 3.3
      vertex -55.4782 -6.35483 3.3
    endloop
  endfacet
  facet normal 0 0 1
    outer loop
      vertex -55.4782 -6.35483 3.3
      vertex -57.0949 -5.98753 3.3
      vertex -55.9926 -6.94256 3.3
    endloop
  endfacet
  facet normal 0 0 1
    outer loop
      vertex -55.9926 -6.94256 3.3
      vertex -57.0949 -5.98753 3.3
      vertex -56.8744 -7.23641 3.3
    endloop
  endfacet
  facet normal -0 0 1
    outer loop
      vertex -57.3887 -6.64869 3.3
      vertex -56.8744 -7.23641 3.3
      vertex -57.0949 -5.98753 3.3
    endloop
  endfacet
  facet normal 0 0 1
    outer loop
      vertex -57.3887 -7.23641 3.3
      vertex -56.8744 -7.23641 3.3
      vertex -57.3887 -6.64869 3.3
    endloop
  endfacet
  facet normal 0 0 1
    outer loop
      vertex -56.8744 -7.23641 3.3
      vertex -57.3887 -7.23641 3.3
      vertex -57.2418 -7.53028 3.3
    endloop
  endfacet
  facet normal 0 0 1
    outer loop
      vertex -57.2418 -7.53028 3.3
      vertex -57.3887 -7.23641 3.3
      vertex -57.3153 -8.11801 3.3
    endloop
  endfacet
  facet normal 0 0 1
    outer loop
      vertex -59.0054 -8.70574 3.3
      vertex -57.3153 -8.11801 3.3
      vertex -57.3887 -7.23641 3.3
    endloop
  endfacet
  facet normal 0 0 1
    outer loop
      vertex -57.3153 -8.11801 3.3
      vertex -59.0054 -8.70574 3.3
      vertex -57.6827 -8.70574 3.3
    endloop
  endfacet
  facet normal 0 0 1
    outer loop
      vertex -57.6827 -8.70574 3.3
      vertex -59.0054 -8.70574 3.3
      vertex -58.8584 -10.0281 3.3
    endloop
  endfacet
  facet normal 0 0 1
    outer loop
      vertex -59.0054 -8.70574 3.3
      vertex -59.3728 -10.1015 3.3
      vertex -58.8584 -10.0281 3.3
    endloop
  endfacet
  facet normal -0 0 1
    outer loop
      vertex -59.8871 -9.8077 3.3
      vertex -59.3728 -10.1015 3.3
      vertex -59.0054 -8.70574 3.3
    endloop
  endfacet
  facet normal 0 0 1
    outer loop
      vertex -59.8871 -9.8077 3.3
      vertex -60.0341 -10.8362 3.3
      vertex -59.3728 -10.1015 3.3
    endloop
  endfacet
  facet normal -0 0 1
    outer loop
      vertex -60.9893 -10.1751 3.3
      vertex -60.0341 -10.8362 3.3
      vertex -59.8871 -9.8077 3.3
    endloop
  endfacet
  facet normal 0 0 1
    outer loop
      vertex -60.0341 -10.8362 3.3
      vertex -60.9893 -10.1751 3.3
      vertex -60.8424 -11.0567 3.3
    endloop
  endfacet
  facet normal 0 0 1
    outer loop
      vertex -60.9893 -10.1751 3.3
      vertex -61.6507 -11.0567 3.3
      vertex -60.8424 -11.0567 3.3
    endloop
  endfacet
  facet normal -0 0 1
    outer loop
      vertex -61.8711 -10.6893 3.3
      vertex -61.6507 -11.0567 3.3
      vertex -60.9893 -10.1751 3.3
    endloop
  endfacet
  facet normal 0 0 1
    outer loop
      vertex -61.6507 -11.0567 3.3
      vertex -61.8711 -10.6893 3.3
      vertex -61.8711 -10.9097 3.3
    endloop
  endfacet
  facet normal 0 0 1
    outer loop
      vertex -54.0086 0.110213 3.3
      vertex -53.6412 0.110213 3.3
      vertex -53.9352 0.477505 3.3
    endloop
  endfacet
  facet normal 0 0 1
    outer loop
      vertex -53.6412 0.110213 3.3
      vertex -54.0086 0.110213 3.3
      vertex -53.7147 -0.110229 3.3
    endloop
  endfacet
  facet normal 0 0 1
    outer loop
      vertex -48.8649 2.68148 3.3
      vertex -49.3794 1.72647 3.3
      vertex -49.0854 1.50603 3.3
    endloop
  endfacet
  facet normal 0 0 1
    outer loop
      vertex -50.1141 3.26922 3.3
      vertex -49.3794 1.72647 3.3
      vertex -48.8649 2.68148 3.3
    endloop
  endfacet
  facet normal 0 0 1
    outer loop
      vertex -49.3794 1.72647 3.3
      vertex -50.1141 3.26922 3.3
      vertex -49.8203 1.50603 3.3
    endloop
  endfacet
  facet normal 0 0 1
    outer loop
      vertex -50.849 1.50603 3.3
      vertex -50.1141 3.26922 3.3
      vertex -50.7755 3.85695 3.3
    endloop
  endfacet
  facet normal 0 0 1
    outer loop
      vertex -50.1141 3.26922 3.3
      vertex -50.849 1.50603 3.3
      vertex -49.8203 1.50603 3.3
    endloop
  endfacet
  facet normal 0 0 1
    outer loop
      vertex -53.2738 1.21216 3.3
      vertex -50.7755 3.85695 3.3
      vertex -51.2164 5.62014 3.3
    endloop
  endfacet
  facet normal 0 0 1
    outer loop
      vertex -50.7755 3.85695 3.3
      vertex -52.6125 1.21216 3.3
      vertex -50.849 1.50603 3.3
    endloop
  endfacet
  facet normal 0 0 1
    outer loop
      vertex -53.2738 1.21216 3.3
      vertex -51.2164 5.62014 3.3
      vertex -52.3186 6.64868 3.3
    endloop
  endfacet
  facet normal 0 0 1
    outer loop
      vertex -50.849 1.50603 3.3
      vertex -52.6125 1.21216 3.3
      vertex -51.5102 0.844873 3.3
    endloop
  endfacet
  facet normal 0 0 1
    outer loop
      vertex -53.2738 1.21216 3.3
      vertex -52.3186 6.64868 3.3
      vertex -52.9064 6.94254 3.3
    endloop
  endfacet
  facet normal 0 0 1
    outer loop
      vertex -50.7755 3.85695 3.3
      vertex -53.2738 1.21216 3.3
      vertex -52.6125 1.21216 3.3
    endloop
  endfacet
  facet normal 0 0 1
    outer loop
      vertex -54.6699 7.38334 3.3
      vertex -53.2738 1.21216 3.3
      vertex -52.9064 6.94254 3.3
    endloop
  endfacet
  facet normal -0 0 1
    outer loop
      vertex -57.4623 6.94254 3.3
      vertex -53.2738 1.21216 3.3
      vertex -54.6699 7.38334 3.3
    endloop
  endfacet
  facet normal 0 0 1
    outer loop
      vertex -53.2738 1.21216 3.3
      vertex -57.4623 6.94254 3.3
      vertex -53.9352 0.477505 3.3
    endloop
  endfacet
  facet normal -0 0 1
    outer loop
      vertex -59.4462 6.28138 3.3
      vertex -53.9352 0.477505 3.3
      vertex -57.4623 6.94254 3.3
    endloop
  endfacet
  facet normal 0 0 1
    outer loop
      vertex -53.9352 0.477505 3.3
      vertex -54.3026 -0.110229 3.3
      vertex -54.0086 0.110213 3.3
    endloop
  endfacet
  facet normal 0 0 1
    outer loop
      vertex -53.9352 0.477505 3.3
      vertex -59.4462 6.28138 3.3
      vertex -54.3026 -0.110229 3.3
    endloop
  endfacet
  facet normal -0 0 1
    outer loop
      vertex -61.3567 5.25286 3.3
      vertex -54.3026 -0.110229 3.3
      vertex -59.4462 6.28138 3.3
    endloop
  endfacet
  facet normal 0 0 1
    outer loop
      vertex -54.3026 -0.110229 3.3
      vertex -61.3567 5.25286 3.3
      vertex -55.3313 -1.50605 3.3
    endloop
  endfacet
  facet normal 0 -0 1
    outer loop
      vertex -59.8137 -3.71004 3.3
      vertex -55.3313 -1.50605 3.3
      vertex -61.3567 5.25286 3.3
    endloop
  endfacet
  facet normal 0 0 1
    outer loop
      vertex -55.3313 -1.50605 3.3
      vertex -56.2866 -2.6815 3.3
      vertex -55.5517 -2.02035 3.3
    endloop
  endfacet
  facet normal 0 0 1
    outer loop
      vertex -55.3313 -1.50605 3.3
      vertex -59.8137 -3.71004 3.3
      vertex -56.2866 -2.6815 3.3
    endloop
  endfacet
  facet normal 0 0 1
    outer loop
      vertex -58.7114 -3.78356 3.3
      vertex -59.8137 -3.71004 3.3
      vertex -59.5197 -3.93048 3.3
    endloop
  endfacet
  facet normal 0 0 1
    outer loop
      vertex -56.2866 -2.6815 3.3
      vertex -59.8137 -3.71004 3.3
      vertex -58.7114 -3.78356 3.3
    endloop
  endfacet
  facet normal -0 0 1
    outer loop
      vertex -63.5612 3.41616 3.3
      vertex -59.8137 -3.71004 3.3
      vertex -61.3567 5.25286 3.3
    endloop
  endfacet
  facet normal -0 0 1
    outer loop
      vertex -64.6634 1.94682 3.3
      vertex -59.8137 -3.71004 3.3
      vertex -63.5612 3.41616 3.3
    endloop
  endfacet
  facet normal 0 -0 1
    outer loop
      vertex -61.5772 -4.29776 3.3
      vertex -59.8137 -3.71004 3.3
      vertex -64.6634 1.94682 3.3
    endloop
  endfacet
  facet normal 0 0 1
    outer loop
      vertex -59.8137 -3.71004 3.3
      vertex -61.5772 -4.29776 3.3
      vertex -60.4015 -4.07741 3.3
    endloop
  endfacet
  facet normal -0 0 1
    outer loop
      vertex -65.5452 0.0366972 3.3
      vertex -61.5772 -4.29776 3.3
      vertex -64.6634 1.94682 3.3
    endloop
  endfacet
  facet normal 0 0 1
    outer loop
      vertex -61.5772 -4.29776 3.3
      vertex -65.5452 0.0366972 3.3
      vertex -63.7081 -4.29776 3.3
    endloop
  endfacet
  facet normal -0 0 1
    outer loop
      vertex -66.133 -2.24071 3.3
      vertex -63.7081 -4.29776 3.3
      vertex -65.5452 0.0366972 3.3
    endloop
  endfacet
  facet normal 0 0 1
    outer loop
      vertex -63.7081 -4.29776 3.3
      vertex -66.133 -2.24071 3.3
      vertex -65.5452 -3.93048 3.3
    endloop
  endfacet
  facet normal 0 0 1
    outer loop
      vertex -65.5452 -3.93048 3.3
      vertex -66.133 -2.24071 3.3
      vertex -66.0596 -3.5631 3.3
    endloop
  endfacet
  facet normal 0 0 1
    outer loop
      vertex -49.0854 1.50603 3.3
      vertex -48.571 2.90194 3.3
      vertex -48.8649 2.68148 3.3
    endloop
  endfacet
  facet normal -0 -0 1
    outer loop
      vertex -48.7914 -0.183653 3.3
      vertex -47.0279 -0.697962 3.3
      vertex -49.0854 0.918298 3.3
    endloop
  endfacet
  facet normal 0 0 1
    outer loop
      vertex -47.0279 -0.697962 3.3
      vertex -48.7914 -0.183653 3.3
      vertex -47.2484 -0.918313 3.3
    endloop
  endfacet
  facet normal 0 0 1
    outer loop
      vertex 64.149 11.0566 3.3
      vertex 64.2225 9.80768 3.3
      vertex 64.3695 10.7628 3.3
    endloop
  endfacet
  facet normal 0 0 1
    outer loop
      vertex 64.149 11.0566 3.3
      vertex 63.8551 9.51381 3.3
      vertex 64.2225 9.80768 3.3
    endloop
  endfacet
  facet normal -0 0 1
    outer loop
      vertex 62.459 10.9097 3.3
      vertex 63.8551 9.51381 3.3
      vertex 64.149 11.0566 3.3
    endloop
  endfacet
  facet normal 0 0 1
    outer loop
      vertex 62.459 10.9097 3.3
      vertex 61.8711 9.44039 3.3
      vertex 63.8551 9.51381 3.3
    endloop
  endfacet
  facet normal 0 0 1
    outer loop
      vertex 62.459 10.9097 3.3
      vertex 61.5037 9.58733 3.3
      vertex 61.8711 9.44039 3.3
    endloop
  endfacet
  facet normal 0 0 1
    outer loop
      vertex 60.1075 11.0566 3.3
      vertex 61.5037 9.58733 3.3
      vertex 62.459 10.9097 3.3
    endloop
  endfacet
  facet normal 0 0 1
    outer loop
      vertex 61.5037 9.58733 3.3
      vertex 60.1075 11.0566 3.3
      vertex 60.2546 9.51381 3.3
    endloop
  endfacet
  facet normal -0 0 1
    outer loop
      vertex 59.7401 10.5423 3.3
      vertex 60.2546 9.51381 3.3
      vertex 60.1075 11.0566 3.3
    endloop
  endfacet
  facet normal 0 0 1
    outer loop
      vertex 60.2546 9.51381 3.3
      vertex 59.7401 10.5423 3.3
      vertex 59.8137 9.80768 3.3
    endloop
  endfacet
  facet normal 0 0 1
    outer loop
      vertex -21.53 13.5545 3.3
      vertex -21.6035 12.8198 3.3
      vertex -21.1626 13.3341 3.3
    endloop
  endfacet
  facet normal 0 0 1
    outer loop
      vertex -21.53 13.5545 3.3
      vertex -23.0731 12.9668 3.3
      vertex -21.6035 12.8198 3.3
    endloop
  endfacet
  facet normal 0 0 1
    outer loop
      vertex -21.53 13.5545 3.3
      vertex -24.4692 13.481 3.3
      vertex -23.0731 12.9668 3.3
    endloop
  endfacet
  facet normal 0 0 1
    outer loop
      vertex -25.498 13.9953 3.3
      vertex -24.4692 13.481 3.3
      vertex -21.53 13.5545 3.3
    endloop
  endfacet
  facet normal 0 0 1
    outer loop
      vertex -25.498 13.9953 3.3
      vertex -25.0571 13.3341 3.3
      vertex -24.4692 13.481 3.3
    endloop
  endfacet
  facet normal 0 0 1
    outer loop
      vertex -25.498 13.9953 3.3
      vertex -26.6002 13.3341 3.3
      vertex -25.0571 13.3341 3.3
    endloop
  endfacet
  facet normal 0 0 1
    outer loop
      vertex -25.498 13.9953 3.3
      vertex -28.0698 13.481 3.3
      vertex -26.6002 13.3341 3.3
    endloop
  endfacet
  facet normal 0 0 1
    outer loop
      vertex -25.498 13.9953 3.3
      vertex -29.7599 14.1422 3.3
      vertex -28.0698 13.481 3.3
    endloop
  endfacet
  facet normal 0 0 1
    outer loop
      vertex -30.2007 14.2892 3.3
      vertex -29.7599 14.1422 3.3
      vertex -25.498 13.9953 3.3
    endloop
  endfacet
  facet normal 0 0 1
    outer loop
      vertex -30.2007 14.2892 3.3
      vertex -30.1273 13.8484 3.3
      vertex -29.7599 14.1422 3.3
    endloop
  endfacet
  facet normal 0 0 1
    outer loop
      vertex -31.6703 12.4525 3.3
      vertex -30.1273 13.8484 3.3
      vertex -30.2007 14.2892 3.3
    endloop
  endfacet
  facet normal 0 0 1
    outer loop
      vertex -30.1273 13.8484 3.3
      vertex -31.6703 12.4525 3.3
      vertex -30.4212 12.8933 3.3
    endloop
  endfacet
  facet normal -0 0 1
    outer loop
      vertex -31.6703 12.4525 3.3
      vertex -32.5521 9.95461 3.3
      vertex -30.4212 12.8933 3.3
    endloop
  endfacet
  facet normal 0 -0 1
    outer loop
      vertex -32.5521 9.95461 3.3
      vertex -31.6703 12.4525 3.3
      vertex -33.2135 10.0281 3.3
    endloop
  endfacet
  facet normal 0 0 1
    outer loop
      vertex -14.3288 9.44039 3.3
      vertex -14.4758 9.58733 3.3
      vertex -14.4023 8.92608 3.3
    endloop
  endfacet
  facet normal 0 0 1
    outer loop
      vertex -5.51112 9.58733 3.3
      vertex -5.14365 7.82413 3.3
      vertex -4.92319 9.29346 3.3
    endloop
  endfacet
  facet normal -0 0 1
    outer loop
      vertex -9.84649 9.44039 3.3
      vertex -5.14365 7.82413 3.3
      vertex -5.51112 9.58733 3.3
    endloop
  endfacet
  facet normal 0 0 1
    outer loop
      vertex -10.8017 1.50603 3.3
      vertex -6.17237 3.12229 3.3
      vertex -6.17237 3.93047 3.3
    endloop
  endfacet
  facet normal 0 0 1
    outer loop
      vertex -5.14365 7.82413 3.3
      vertex -9.84649 9.44039 3.3
      vertex -6.17237 3.93047 3.3
    endloop
  endfacet
  facet normal -0 0 1
    outer loop
      vertex -11.3161 -1.57956 3.3
      vertex -7.2012 -2.53457 3.3
      vertex -6.83373 0.110213 3.3
    endloop
  endfacet
  facet normal -0 0 1
    outer loop
      vertex -12.2713 5.62014 3.3
      vertex -6.17237 3.93047 3.3
      vertex -11.9039 6.42833 3.3
    endloop
  endfacet
  facet normal -0 0 1
    outer loop
      vertex -10.8017 0.991814 3.3
      vertex -6.83373 0.110213 3.3
      vertex -10.8017 1.50603 3.3
    endloop
  endfacet
  facet normal 0 0 1
    outer loop
      vertex -6.17237 3.93047 3.3
      vertex -9.84649 9.44039 3.3
      vertex -11.9039 6.42833 3.3
    endloop
  endfacet
  facet normal 0 0 1
    outer loop
      vertex -11.3161 -1.57956 3.3
      vertex -6.83373 0.110213 3.3
      vertex -10.8017 0.991814 3.3
    endloop
  endfacet
  facet normal 0 -0 1
    outer loop
      vertex -10.0669 -4.00389 3.3
      vertex -7.2012 -2.53457 3.3
      vertex -11.3161 -1.57956 3.3
    endloop
  endfacet
  facet normal 0 0 1
    outer loop
      vertex -7.2012 -2.53457 3.3
      vertex -8.45039 -4.15083 3.3
      vertex -7.642 -3.85697 3.3
    endloop
  endfacet
  facet normal 0 0 1
    outer loop
      vertex -6.17237 3.12229 3.3
      vertex -10.8017 1.50603 3.3
      vertex -6.83373 0.110213 3.3
    endloop
  endfacet
  facet normal 0 0 1
    outer loop
      vertex -6.17237 3.93047 3.3
      vertex -11.0957 1.72647 3.3
      vertex -10.8017 1.50603 3.3
    endloop
  endfacet
  facet normal 0 0 1
    outer loop
      vertex -6.17237 3.93047 3.3
      vertex -12.2713 5.62014 3.3
      vertex -11.0957 1.72647 3.3
    endloop
  endfacet
  facet normal -0 0 1
    outer loop
      vertex -13.0062 4.59161 3.3
      vertex -11.0957 1.72647 3.3
      vertex -12.2713 5.62014 3.3
    endloop
  endfacet
  facet normal -0 0 1
    outer loop
      vertex -13.3736 4.37126 3.3
      vertex -11.0957 1.72647 3.3
      vertex -13.0062 4.59161 3.3
    endloop
  endfacet
  facet normal 0 0 1
    outer loop
      vertex -11.0957 1.72647 3.3
      vertex -13.3736 4.37126 3.3
      vertex -11.8304 0.844873 3.3
    endloop
  endfacet
  facet normal -0 0 1
    outer loop
      vertex -17.1946 1.21216 3.3
      vertex -11.8304 0.844873 3.3
      vertex -13.3736 4.37126 3.3
    endloop
  endfacet
  facet normal 0 0 1
    outer loop
      vertex -11.8304 0.844873 3.3
      vertex -17.1946 1.21216 3.3
      vertex -12.6387 -0.697962 3.3
    endloop
  endfacet
  facet normal 0 0 1
    outer loop
      vertex -12.6387 -0.697962 3.3
      vertex -17.1946 1.21216 3.3
      vertex -13.0796 -1.06524 3.3
    endloop
  endfacet
  facet normal 0 0 1
    outer loop
      vertex -17.1946 1.21216 3.3
      vertex -13.3736 4.37126 3.3
      vertex -13.741 4.81207 3.3
    endloop
  endfacet
  facet normal 0 -0 1
    outer loop
      vertex -13.9614 -2.53457 3.3
      vertex -13.0796 -1.06524 3.3
      vertex -17.1946 1.21216 3.3
    endloop
  endfacet
  facet normal 0 0 1
    outer loop
      vertex -13.0796 -1.06524 3.3
      vertex -13.9614 -2.53457 3.3
      vertex -13.1531 -1.43262 3.3
    endloop
  endfacet
  facet normal 0 0 1
    outer loop
      vertex -19.0316 9.58733 3.3
      vertex -13.741 4.81207 3.3
      vertex -14.4023 8.92608 3.3
    endloop
  endfacet
  facet normal -0 0 1
    outer loop
      vertex -19.0316 9.58733 3.3
      vertex -14.4023 8.92608 3.3
      vertex -14.4758 9.58733 3.3
    endloop
  endfacet
  facet normal 0 -0 1
    outer loop
      vertex -16.5333 -4.07741 3.3
      vertex -13.9614 -2.53457 3.3
      vertex -17.1946 1.21216 3.3
    endloop
  endfacet
  facet normal 0 -0 1
    outer loop
      vertex -15.8719 -4.07741 3.3
      vertex -13.9614 -2.53457 3.3
      vertex -16.5333 -4.07741 3.3
    endloop
  endfacet
  facet normal 0 0 1
    outer loop
      vertex -14.1083 -3.04888 3.3
      vertex -15.1372 -4.07741 3.3
      vertex -14.8432 -4.22435 3.3
    endloop
  endfacet
  facet normal 0 0 1
    outer loop
      vertex -14.1083 -3.04888 3.3
      vertex -15.8719 -4.07741 3.3
      vertex -15.1372 -4.07741 3.3
    endloop
  endfacet
  facet normal 0 0 1
    outer loop
      vertex -13.9614 -2.53457 3.3
      vertex -15.8719 -4.07741 3.3
      vertex -14.1083 -3.04888 3.3
    endloop
  endfacet
  facet normal 0 0 1
    outer loop
      vertex -15.8719 -4.07741 3.3
      vertex -16.5333 -4.07741 3.3
      vertex -16.3128 -4.29776 3.3
    endloop
  endfacet
  facet normal 0 0 1
    outer loop
      vertex -13.741 4.81207 3.3
      vertex -17.4885 1.43261 3.3
      vertex -17.1946 1.21216 3.3
    endloop
  endfacet
  facet normal 0 0 1
    outer loop
      vertex -21.236 3.56308 3.3
      vertex -13.741 4.81207 3.3
      vertex -19.0316 9.58733 3.3
    endloop
  endfacet
  facet normal 0 0 1
    outer loop
      vertex -13.741 4.81207 3.3
      vertex -21.236 3.56308 3.3
      vertex -17.4885 1.43261 3.3
    endloop
  endfacet
  facet normal 0 0 1
    outer loop
      vertex -17.4885 1.43261 3.3
      vertex -21.236 3.56308 3.3
      vertex -17.856 1.06522 3.3
    endloop
  endfacet
  facet normal 0 0 1
    outer loop
      vertex -22.9996 -1.94684 3.3
      vertex -17.856 1.06522 3.3
      vertex -21.236 3.56308 3.3
    endloop
  endfacet
  facet normal 0 0 1
    outer loop
      vertex -17.856 1.06522 3.3
      vertex -22.9996 -1.94684 3.3
      vertex -18.6642 -1.87343 3.3
    endloop
  endfacet
  facet normal 0 -0 1
    outer loop
      vertex -21.53 -4.15083 3.3
      vertex -18.6642 -1.87343 3.3
      vertex -22.9996 -1.94684 3.3
    endloop
  endfacet
  facet normal 0 0 1
    outer loop
      vertex -18.6642 -1.87343 3.3
      vertex -21.53 -4.15083 3.3
      vertex -19.6195 -4.29776 3.3
    endloop
  endfacet
  facet normal -0 0 1
    outer loop
      vertex -23.4405 -2.90196 3.3
      vertex -21.53 -4.15083 3.3
      vertex -22.9996 -1.94684 3.3
    endloop
  endfacet
  facet normal 0 0 1
    outer loop
      vertex -21.53 -4.15083 3.3
      vertex -23.4405 -2.90196 3.3
      vertex -23.2935 -4.37127 3.3
    endloop
  endfacet
  facet normal 0 0 1
    outer loop
      vertex -23.2935 -4.37127 3.3
      vertex -23.4405 -2.90196 3.3
      vertex -23.661 -4.00389 3.3
    endloop
  endfacet
  facet normal 0 0 1
    outer loop
      vertex -7.2012 -2.53457 3.3
      vertex -10.0669 -4.00389 3.3
      vertex -8.45039 -4.15083 3.3
    endloop
  endfacet
  facet normal -0 0 1
    outer loop
      vertex -11.61 -2.38763 3.3
      vertex -10.0669 -4.00389 3.3
      vertex -11.3161 -1.57956 3.3
    endloop
  endfacet
  facet normal 0 0 1
    outer loop
      vertex -11.757 -4.00389 3.3
      vertex -10.0669 -4.00389 3.3
      vertex -11.61 -2.38763 3.3
    endloop
  endfacet
  facet normal 0 0 1
    outer loop
      vertex -10.0669 -4.00389 3.3
      vertex -11.757 -4.00389 3.3
      vertex -10.4343 -4.29776 3.3
    endloop
  endfacet
  facet normal 0 0 1
    outer loop
      vertex -10.4343 -4.29776 3.3
      vertex -11.757 -4.00389 3.3
      vertex -11.4631 -4.37127 3.3
    endloop
  endfacet
  facet normal 0 0 1
    outer loop
      vertex -4.26196 -2.1673 3.3
      vertex -4.40888 -2.75501 3.3
      vertex -3.96799 -2.24071 3.3
    endloop
  endfacet
  facet normal 0 -0 1
    outer loop
      vertex -4.40888 -2.75501 3.3
      vertex -4.26196 -2.1673 3.3
      vertex -4.55583 -2.60809 3.3
    endloop
  endfacet
  facet normal 0 0 1
    outer loop
      vertex -3.74754 3.78354 3.3
      vertex 0.808267 5.54673 3.3
      vertex 0.881783 6.57525 3.3
    endloop
  endfacet
  facet normal 0 0 1
    outer loop
      vertex -1.17567 0.991814 3.3
      vertex 0 0.991814 3.3
      vertex 0.447277 4.46401 3.3
    endloop
  endfacet
  facet normal 0 0 1
    outer loop
      vertex 0 0.991814 3.3
      vertex -1.17567 0.991814 3.3
      vertex -0.293973 0.844873 3.3
    endloop
  endfacet
  facet normal 0 0 1
    outer loop
      vertex 0.808267 5.54673 3.3
      vertex -3.74754 3.78354 3.3
      vertex 0.447277 4.46401 3.3
    endloop
  endfacet
  facet normal 0 0 1
    outer loop
      vertex -2.27792 9.44039 3.3
      vertex 0.881783 6.57525 3.3
      vertex 1.69007 9.36687 3.3
    endloop
  endfacet
  facet normal 0 -0 1
    outer loop
      vertex -3.59136 2.69048 3.3
      vertex 0.447277 4.46401 3.3
      vertex -3.74754 3.78354 3.3
    endloop
  endfacet
  facet normal 0 0 1
    outer loop
      vertex 0.447277 4.46401 3.3
      vertex -3.59136 2.69048 3.3
      vertex -1.17567 0.991814 3.3
    endloop
  endfacet
  facet normal 0 0 1
    outer loop
      vertex 0.881783 6.57525 3.3
      vertex -2.27792 9.44039 3.3
      vertex -3.74754 3.78354 3.3
    endloop
  endfacet
  facet normal -0 -0 1
    outer loop
      vertex -2.52227 1.19711 3.3
      vertex -1.17567 0.991814 3.3
      vertex -3.59136 2.69048 3.3
    endloop
  endfacet
  facet normal 0 -0 1
    outer loop
      vertex -2.05746 0.918298 3.3
      vertex -1.17567 0.991814 3.3
      vertex -2.52227 1.19711 3.3
    endloop
  endfacet
  facet normal 0 0 1
    outer loop
      vertex -1.17567 0.991814 3.3
      vertex -2.05746 0.918298 3.3
      vertex -1.61656 0.844873 3.3
    endloop
  endfacet
  facet normal -0 0 1
    outer loop
      vertex -3.73228 2.49383 3.3
      vertex -2.52227 1.19711 3.3
      vertex -3.59136 2.69048 3.3
    endloop
  endfacet
  facet normal -0 0 1
    outer loop
      vertex -3.88739 2.24439 3.3
      vertex -2.52227 1.19711 3.3
      vertex -3.73228 2.49383 3.3
    endloop
  endfacet
  facet normal -0 0 1
    outer loop
      vertex -4.02585 1.98533 3.3
      vertex -2.52227 1.19711 3.3
      vertex -3.88739 2.24439 3.3
    endloop
  endfacet
  facet normal 0 0 1
    outer loop
      vertex -2.52227 1.19711 3.3
      vertex -4.14709 1.71777 3.3
      vertex -2.5804 1.06883 3.3
    endloop
  endfacet
  facet normal 0 0 1
    outer loop
      vertex -4.48878 0 3.3
      vertex -2.79301 0 3.3
      vertex -2.78702 0.182664 3.3
    endloop
  endfacet
  facet normal 0 0 1
    outer loop
      vertex -2.5804 1.06883 3.3
      vertex -4.14709 1.71777 3.3
      vertex -2.64479 0.89778 3.3
    endloop
  endfacet
  facet normal -0 0 1
    outer loop
      vertex -4.25056 1.44287 3.3
      vertex -2.64479 0.89778 3.3
      vertex -4.14709 1.71777 3.3
    endloop
  endfacet
  facet normal 0 0 1
    outer loop
      vertex -2.64479 0.89778 3.3
      vertex -4.25056 1.44287 3.3
      vertex -2.69785 0.722878 3.3
    endloop
  endfacet
  facet normal -0 0 1
    outer loop
      vertex -4.14709 1.71777 3.3
      vertex -2.52227 1.19711 3.3
      vertex -4.02585 1.98533 3.3
    endloop
  endfacet
  facet normal 0 0 1
    outer loop
      vertex 8.00947 9.44039 3.3
      vertex 7.78901 7.60369 3.3
      vertex 8.22991 9.29346 3.3
    endloop
  endfacet
  facet normal 0 0 1
    outer loop
      vertex 7.78901 7.60369 3.3
      vertex 7.34812 5.914 3.3
      vertex 7.78901 6.94254 3.3
    endloop
  endfacet
  facet normal -0 0 1
    outer loop
      vertex 4.26194 9.36687 3.3
      vertex 7.78901 7.60369 3.3
      vertex 8.00947 9.44039 3.3
    endloop
  endfacet
  facet normal 0 0 1
    outer loop
      vertex 2.69249 3.58992 3.3
      vertex 7.34812 5.47321 3.3
      vertex 7.34812 5.914 3.3
    endloop
  endfacet
  facet normal 0 0 1
    outer loop
      vertex 7.78901 7.60369 3.3
      vertex 4.26194 9.36687 3.3
      vertex 7.34812 5.914 3.3
    endloop
  endfacet
  facet normal 0 0 1
    outer loop
      vertex 2.69249 3.58992 3.3
      vertex 6.17236 0.771357 3.3
      vertex 6.46633 2.53456 3.3
    endloop
  endfacet
  facet normal 0 0 1
    outer loop
      vertex 2.69249 3.58992 3.3
      vertex 7.34812 5.914 3.3
      vertex 4.26194 9.36687 3.3
    endloop
  endfacet
  facet normal 0 0 1
    outer loop
      vertex 1.91052 0.330564 3.3
      vertex 5.58453 -1.2857 3.3
      vertex 5.80498 -0.110229 3.3
    endloop
  endfacet
  facet normal 0 0 1
    outer loop
      vertex 1.91052 0.697947 3.3
      vertex 6.17236 0.771357 3.3
      vertex 2.69249 3.58992 3.3
    endloop
  endfacet
  facet normal 0 0 1
    outer loop
      vertex 7.34812 5.47321 3.3
      vertex 2.69249 3.58992 3.3
      vertex 6.46633 2.53456 3.3
    endloop
  endfacet
  facet normal 0 0 1
    outer loop
      vertex 6.17236 0.771357 3.3
      vertex 1.91052 0.697947 3.3
      vertex 5.80498 -0.110229 3.3
    endloop
  endfacet
  facet normal -0 0 1
    outer loop
      vertex 1.91052 0.330564 3.3
      vertex 5.80498 -0.110229 3.3
      vertex 1.91052 0.697947 3.3
    endloop
  endfacet
  facet normal 0 0 1
    outer loop
      vertex 5.58453 -1.2857 3.3
      vertex 1.91052 0.330564 3.3
      vertex 5.21715 -1.94684 3.3
    endloop
  endfacet
  facet normal -0 0 1
    outer loop
      vertex 1.46962 -1.13875 3.3
      vertex 5.21715 -1.94684 3.3
      vertex 1.91052 0.330564 3.3
    endloop
  endfacet
  facet normal 0 -0 1
    outer loop
      vertex 3.89445 -3.63661 3.3
      vertex 5.21715 -1.94684 3.3
      vertex 3.52707 -3.63661 3.3
    endloop
  endfacet
  facet normal 0 0 1
    outer loop
      vertex 1.39611 0.991814 3.3
      vertex 2.69249 3.58992 3.3
      vertex 2.49383 3.73228 3.3
    endloop
  endfacet
  facet normal 0 0 1
    outer loop
      vertex 1.39611 0.991814 3.3
      vertex 2.49383 3.73228 3.3
      vertex 2.24439 3.88739 3.3
    endloop
  endfacet
  facet normal 0 -0 1
    outer loop
      vertex 3.52707 -3.63661 3.3
      vertex 5.21715 -1.94684 3.3
      vertex 1.46962 -1.13875 3.3
    endloop
  endfacet
  facet normal 0 0 1
    outer loop
      vertex 1.39611 0.991814 3.3
      vertex 2.24439 3.88739 3.3
      vertex 1.98533 4.02585 3.3
    endloop
  endfacet
  facet normal 0 0 1
    outer loop
      vertex 5.21715 -1.94684 3.3
      vertex 3.89445 -3.63661 3.3
      vertex 5.21715 -2.38763 3.3
    endloop
  endfacet
  facet normal 0 0 1
    outer loop
      vertex 3.52707 -3.63661 3.3
      vertex 1.46962 -1.13875 3.3
      vertex 2.64527 -4.00389 3.3
    endloop
  endfacet
  facet normal 0 0 1
    outer loop
      vertex 1.39611 0.991814 3.3
      vertex 1.98533 4.02585 3.3
      vertex 1.71777 4.14709 3.3
    endloop
  endfacet
  facet normal 0 0 1
    outer loop
      vertex 1.39611 0.991814 3.3
      vertex 1.71777 4.14709 3.3
      vertex 1.44287 4.25056 3.3
    endloop
  endfacet
  facet normal 0 0 1
    outer loop
      vertex 2.69249 3.58992 3.3
      vertex 1.39611 0.991814 3.3
      vertex 1.91052 0.697947 3.3
    endloop
  endfacet
  facet normal 0 0 1
    outer loop
      vertex 1.16177 4.33582 3.3
      vertex 1.39611 0.991814 3.3
      vertex 1.44287 4.25056 3.3
    endloop
  endfacet
  facet normal 0 0 1
    outer loop
      vertex 0 0.991814 3.3
      vertex 1.16177 4.33582 3.3
      vertex 0.87571 4.40252 3.3
    endloop
  endfacet
  facet normal 0 0 1
    outer loop
      vertex 0 0.991814 3.3
      vertex 0.87571 4.40252 3.3
      vertex 0.585892 4.45036 3.3
    endloop
  endfacet
  facet normal 0 0 1
    outer loop
      vertex 0 0.991814 3.3
      vertex 0.585892 4.45036 3.3
      vertex 0.447277 4.46401 3.3
    endloop
  endfacet
  facet normal 0 0 1
    outer loop
      vertex 1.16177 4.33582 3.3
      vertex 0 0.991814 3.3
      vertex 1.39611 0.991814 3.3
    endloop
  endfacet
  facet normal 0 0 1
    outer loop
      vertex 5.87849 -0.330579 3.3
      vertex 5.80498 -0.110229 3.3
      vertex 5.58453 -1.2857 3.3
    endloop
  endfacet
  facet normal 0 0 1
    outer loop
      vertex 2.64527 -4.00389 3.3
      vertex 1.46962 -1.13875 3.3
      vertex 1.99523 -4.02057 3.3
    endloop
  endfacet
  facet normal -0 0 1
    outer loop
      vertex 0.808267 -1.79991 3.3
      vertex 1.99523 -4.02057 3.3
      vertex 1.46962 -1.13875 3.3
    endloop
  endfacet
  facet normal 0 0 1
    outer loop
      vertex 1.99523 -4.02057 3.3
      vertex 0.808267 -1.79991 3.3
      vertex 1.98533 -4.02585 3.3
    endloop
  endfacet
  facet normal 0 0 1
    outer loop
      vertex 1.98533 -4.02585 3.3
      vertex 0.808267 -1.79991 3.3
      vertex 1.71777 -4.14709 3.3
    endloop
  endfacet
  facet normal 0 0 1
    outer loop
      vertex 1.71777 -4.14709 3.3
      vertex 0.808267 -1.79991 3.3
      vertex 1.44287 -4.25056 3.3
    endloop
  endfacet
  facet normal -0 0 1
    outer loop
      vertex 0.146926 -2.09378 3.3
      vertex 1.44287 -4.25056 3.3
      vertex 0.808267 -1.79991 3.3
    endloop
  endfacet
  facet normal 0 0 1
    outer loop
      vertex 1.44287 -4.25056 3.3
      vertex 0.146926 -2.09378 3.3
      vertex 1.16177 -4.33582 3.3
    endloop
  endfacet
  facet normal 0 0 1
    outer loop
      vertex 1.16177 -4.33582 3.3
      vertex 0.146926 -2.09378 3.3
      vertex 0.87571 -4.40252 3.3
    endloop
  endfacet
  facet normal 0 0 1
    outer loop
      vertex 0.87571 -4.40252 3.3
      vertex 0.146926 -2.09378 3.3
      vertex 0.585892 -4.45036 3.3
    endloop
  endfacet
  facet normal 0 0 1
    outer loop
      vertex 0.585892 -4.45036 3.3
      vertex 0.146926 -2.09378 3.3
      vertex 0.293578 -4.47916 3.3
    endloop
  endfacet
  facet normal 0 0 1
    outer loop
      vertex 0.146926 -2.09378 3.3
      vertex 0 -4.48878 3.3
      vertex 0.293578 -4.47916 3.3
    endloop
  endfacet
  facet normal 0 0 1
    outer loop
      vertex 0.146926 -2.09378 3.3
      vertex -0.293578 -4.47916 3.3
      vertex 0 -4.48878 3.3
    endloop
  endfacet
  facet normal 0 0 1
    outer loop
      vertex 0.146926 -2.09378 3.3
      vertex -0.585892 -4.45036 3.3
      vertex -0.293578 -4.47916 3.3
    endloop
  endfacet
  facet normal 0 0 1
    outer loop
      vertex 0.146926 -2.09378 3.3
      vertex -0.87571 -4.40252 3.3
      vertex -0.585892 -4.45036 3.3
    endloop
  endfacet
  facet normal 0 0 1
    outer loop
      vertex 0.146926 -2.09378 3.3
      vertex -1.16177 -4.33582 3.3
      vertex -0.87571 -4.40252 3.3
    endloop
  endfacet
  facet normal -0 0 1
    outer loop
      vertex -1.79137 -2.14109 3.3
      vertex -1.16177 -4.33582 3.3
      vertex 0.146926 -2.09378 3.3
    endloop
  endfacet
  facet normal 0 0 1
    outer loop
      vertex -1.16177 -4.33582 3.3
      vertex -1.79137 -2.14109 3.3
      vertex -1.44287 -4.25056 3.3
    endloop
  endfacet
  facet normal 0 0 1
    outer loop
      vertex -1.44287 -4.25056 3.3
      vertex -1.79137 -2.14109 3.3
      vertex -1.71777 -4.14709 3.3
    endloop
  endfacet
  facet normal 0 0 1
    outer loop
      vertex -3.49477 -2.81351 3.3
      vertex -1.79137 -2.14109 3.3
      vertex -1.84156 -2.0999 3.3
    endloop
  endfacet
  facet normal 0 0 1
    outer loop
      vertex -1.79137 -2.14109 3.3
      vertex -1.94061 -4.04611 3.3
      vertex -1.71777 -4.14709 3.3
    endloop
  endfacet
  facet normal 0 0 1
    outer loop
      vertex -3.49477 -2.81351 3.3
      vertex -1.84156 -2.0999 3.3
      vertex -1.97495 -1.97495 3.3
    endloop
  endfacet
  facet normal 0 0 1
    outer loop
      vertex -3.49477 -2.81351 3.3
      vertex -1.97495 -1.97495 3.3
      vertex -2.0999 -1.84156 3.3
    endloop
  endfacet
  facet normal 0 0 1
    outer loop
      vertex -3.49477 -2.81351 3.3
      vertex -2.0999 -1.84156 3.3
      vertex -2.21583 -1.70028 3.3
    endloop
  endfacet
  facet normal 0 0 1
    outer loop
      vertex -3.49477 -2.81351 3.3
      vertex -2.21583 -1.70028 3.3
      vertex -2.3223 -1.55171 3.3
    endloop
  endfacet
  facet normal 0 0 1
    outer loop
      vertex -3.49477 -2.81351 3.3
      vertex -2.3223 -1.55171 3.3
      vertex -2.41882 -1.3965 3.3
    endloop
  endfacet
  facet normal 0 0 1
    outer loop
      vertex -3.49477 -2.81351 3.3
      vertex -2.41882 -1.3965 3.3
      vertex -2.50497 -1.23532 3.3
    endloop
  endfacet
  facet normal 0 0 1
    outer loop
      vertex -3.49477 -2.81351 3.3
      vertex -2.50497 -1.23532 3.3
      vertex -2.5804 -1.06883 3.3
    endloop
  endfacet
  facet normal 0 0 1
    outer loop
      vertex -3.49477 -2.81351 3.3
      vertex -2.5804 -1.06883 3.3
      vertex -2.64479 -0.89778 3.3
    endloop
  endfacet
  facet normal 0 0 1
    outer loop
      vertex -3.49477 -2.81351 3.3
      vertex -2.64479 -0.89778 3.3
      vertex -2.69785 -0.722878 3.3
    endloop
  endfacet
  facet normal 0 0 1
    outer loop
      vertex -3.49477 -2.81351 3.3
      vertex -2.69785 -0.722878 3.3
      vertex -2.73934 -0.544887 3.3
    endloop
  endfacet
  facet normal 0 0 1
    outer loop
      vertex -3.49477 -2.81351 3.3
      vertex -2.78702 -0.182664 3.3
      vertex -2.79301 0 3.3
    endloop
  endfacet
  facet normal 0 0 1
    outer loop
      vertex -3.49477 -2.81351 3.3
      vertex -2.76911 -0.364552 3.3
      vertex -2.78702 -0.182664 3.3
    endloop
  endfacet
  facet normal 0 0 1
    outer loop
      vertex -3.49477 -2.81351 3.3
      vertex -2.73934 -0.544887 3.3
      vertex -2.76911 -0.364552 3.3
    endloop
  endfacet
  facet normal 0 0 1
    outer loop
      vertex -1.79137 -2.14109 3.3
      vertex -3.49477 -2.81351 3.3
      vertex -1.94061 -4.04611 3.3
    endloop
  endfacet
  facet normal 0 0 1
    outer loop
      vertex -4.11493 -3.12231 3.3
      vertex -3.49477 -2.81351 3.3
      vertex -3.67403 -2.82844 3.3
    endloop
  endfacet
  facet normal 0 0 1
    outer loop
      vertex -3.49477 -2.81351 3.3
      vertex -4.11493 -3.12231 3.3
      vertex -4.26196 -4.00389 3.3
    endloop
  endfacet
  facet normal 0 0 1
    outer loop
      vertex -3.49477 -2.81351 3.3
      vertex -4.26196 -4.00389 3.3
      vertex -1.94061 -4.04611 3.3
    endloop
  endfacet
  facet normal 0 0 1
    outer loop
      vertex -4.77627 -3.85697 3.3
      vertex -4.11493 -3.12231 3.3
      vertex -4.40888 -2.75501 3.3
    endloop
  endfacet
  facet normal 0 0 1
    outer loop
      vertex -4.77627 -3.85697 3.3
      vertex -4.40888 -2.75501 3.3
      vertex -4.55583 -2.60809 3.3
    endloop
  endfacet
  facet normal 0 0 1
    outer loop
      vertex -4.11493 -3.12231 3.3
      vertex -4.77627 -3.85697 3.3
      vertex -4.26196 -4.00389 3.3
    endloop
  endfacet
  facet normal 0 0 1
    outer loop
      vertex -2.79301 0 3.3
      vertex -3.73228 -2.49383 3.3
      vertex -3.56118 -2.73259 3.3
    endloop
  endfacet
  facet normal 0 0 1
    outer loop
      vertex -2.79301 0 3.3
      vertex -3.56118 -2.73259 3.3
      vertex -3.49477 -2.81351 3.3
    endloop
  endfacet
  facet normal -0 0 1
    outer loop
      vertex -4.33582 1.16177 3.3
      vertex -2.69785 0.722878 3.3
      vertex -4.25056 1.44287 3.3
    endloop
  endfacet
  facet normal 0 0 1
    outer loop
      vertex -2.79301 0 3.3
      vertex -3.88739 -2.24439 3.3
      vertex -3.73228 -2.49383 3.3
    endloop
  endfacet
  facet normal 0 0 1
    outer loop
      vertex -2.69785 0.722878 3.3
      vertex -4.33582 1.16177 3.3
      vertex -2.73934 0.544887 3.3
    endloop
  endfacet
  facet normal 0 0 1
    outer loop
      vertex -2.79301 0 3.3
      vertex -4.02585 -1.98533 3.3
      vertex -3.88739 -2.24439 3.3
    endloop
  endfacet
  facet normal -0 0 1
    outer loop
      vertex -4.40252 0.87571 3.3
      vertex -2.73934 0.544887 3.3
      vertex -4.33582 1.16177 3.3
    endloop
  endfacet
  facet normal 0 0 1
    outer loop
      vertex -2.79301 0 3.3
      vertex -4.14709 -1.71777 3.3
      vertex -4.02585 -1.98533 3.3
    endloop
  endfacet
  facet normal 0 0 1
    outer loop
      vertex -2.73934 0.544887 3.3
      vertex -4.40252 0.87571 3.3
      vertex -2.76911 0.364552 3.3
    endloop
  endfacet
  facet normal 0 0 1
    outer loop
      vertex -2.79301 0 3.3
      vertex -4.25056 -1.44287 3.3
      vertex -4.14709 -1.71777 3.3
    endloop
  endfacet
  facet normal -0 0 1
    outer loop
      vertex -4.45036 0.585892 3.3
      vertex -2.76911 0.364552 3.3
      vertex -4.40252 0.87571 3.3
    endloop
  endfacet
  facet normal 0 0 1
    outer loop
      vertex -2.79301 0 3.3
      vertex -4.33582 -1.16177 3.3
      vertex -4.25056 -1.44287 3.3
    endloop
  endfacet
  facet normal 0 0 1
    outer loop
      vertex -2.76911 0.364552 3.3
      vertex -4.45036 0.585892 3.3
      vertex -2.78702 0.182664 3.3
    endloop
  endfacet
  facet normal 0 0 1
    outer loop
      vertex -2.79301 0 3.3
      vertex -4.40252 -0.87571 3.3
      vertex -4.33582 -1.16177 3.3
    endloop
  endfacet
  facet normal -0 0 1
    outer loop
      vertex -4.47916 0.293578 3.3
      vertex -2.78702 0.182664 3.3
      vertex -4.45036 0.585892 3.3
    endloop
  endfacet
  facet normal 0 0 1
    outer loop
      vertex -2.79301 0 3.3
      vertex -4.45036 -0.585892 3.3
      vertex -4.40252 -0.87571 3.3
    endloop
  endfacet
  facet normal 0 0 1
    outer loop
      vertex -4.48878 0 3.3
      vertex -2.78702 0.182664 3.3
      vertex -4.47916 0.293578 3.3
    endloop
  endfacet
  facet normal 0 0 1
    outer loop
      vertex -2.79301 0 3.3
      vertex -4.47916 -0.293578 3.3
      vertex -4.45036 -0.585892 3.3
    endloop
  endfacet
  facet normal 0 0 1
    outer loop
      vertex -2.79301 0 3.3
      vertex -4.48878 0 3.3
      vertex -4.47916 -0.293578 3.3
    endloop
  endfacet
  facet normal 0 0 1
    outer loop
      vertex 30.3477 -0.991829 3.3
      vertex 26.4532 1.50603 3.3
      vertex 26.5267 -1.2857 3.3
    endloop
  endfacet
  facet normal 0 0 1
    outer loop
      vertex 26.4532 1.50603 3.3
      vertex 26.1593 -0.991829 3.3
      vertex 26.5267 -1.2857 3.3
    endloop
  endfacet
  facet normal -0 0 1
    outer loop
      vertex 26.0858 1.21216 3.3
      vertex 26.1593 -0.991829 3.3
      vertex 26.4532 1.50603 3.3
    endloop
  endfacet
  facet normal -0 0 1
    outer loop
      vertex 25.057 1.13874 3.3
      vertex 26.1593 -0.991829 3.3
      vertex 26.0858 1.21216 3.3
    endloop
  endfacet
  facet normal 0 0 1
    outer loop
      vertex 26.1593 -0.991829 3.3
      vertex 25.057 1.13874 3.3
      vertex 25.351 -1.13875 3.3
    endloop
  endfacet
  facet normal 0 0 1
    outer loop
      vertex 24.6161 -0.991829 3.3
      vertex 25.057 1.13874 3.3
      vertex 24.7631 1.50603 3.3
    endloop
  endfacet
  facet normal 0 0 1
    outer loop
      vertex 25.057 1.13874 3.3
      vertex 24.6161 -0.991829 3.3
      vertex 25.351 -1.13875 3.3
    endloop
  endfacet
  facet normal 0 0 1
    outer loop
      vertex 29.172 9.21995 3.3
      vertex 27.1145 6.72219 3.3
      vertex 27.4085 6.35481 3.3
    endloop
  endfacet
  facet normal -0 0 1
    outer loop
      vertex 25.351 9.14652 3.3
      vertex 27.1145 6.72219 3.3
      vertex 29.172 9.21995 3.3
    endloop
  endfacet
  facet normal 0 0 1
    outer loop
      vertex 27.1145 6.72219 3.3
      vertex 25.351 9.14652 3.3
      vertex 26.3062 5.84059 3.3
    endloop
  endfacet
  facet normal -0 0 1
    outer loop
      vertex 24.3957 8.85265 3.3
      vertex 26.3062 5.84059 3.3
      vertex 25.351 9.14652 3.3
    endloop
  endfacet
  facet normal 0 0 1
    outer loop
      vertex 21.9709 4.5182 3.3
      vertex 26.3062 5.84059 3.3
      vertex 23.5139 8.04448 3.3
    endloop
  endfacet
  facet normal 0 0 1
    outer loop
      vertex 26.3062 5.84059 3.3
      vertex 24.3957 8.85265 3.3
      vertex 23.5139 8.04448 3.3
    endloop
  endfacet
  facet normal 0 0 1
    outer loop
      vertex 26.3062 5.84059 3.3
      vertex 21.9709 4.5182 3.3
      vertex 25.204 3.26922 3.3
    endloop
  endfacet
  facet normal 0 0 1
    outer loop
      vertex 20.7217 0.844873 3.3
      vertex 24.7631 1.50603 3.3
      vertex 21.9709 4.5182 3.3
    endloop
  endfacet
  facet normal 0 -0 1
    outer loop
      vertex 24.2488 -1.2857 3.3
      vertex 24.7631 1.50603 3.3
      vertex 20.7217 0.844873 3.3
    endloop
  endfacet
  facet normal 0 0 1
    outer loop
      vertex 24.7631 1.50603 3.3
      vertex 24.2488 -1.2857 3.3
      vertex 24.6161 -0.991829 3.3
    endloop
  endfacet
  facet normal 0 0 1
    outer loop
      vertex 25.204 3.26922 3.3
      vertex 21.9709 4.5182 3.3
      vertex 24.7631 1.50603 3.3
    endloop
  endfacet
  facet normal 0 0 1
    outer loop
      vertex 24.2488 -1.2857 3.3
      vertex 20.7217 0.844873 3.3
      vertex 24.1018 -2.97536 3.3
    endloop
  endfacet
  facet normal 0 0 1
    outer loop
      vertex 19.6194 -4.07741 3.3
      vertex 24.1018 -2.97536 3.3
      vertex 20.7217 0.844873 3.3
    endloop
  endfacet
  facet normal 0 0 1
    outer loop
      vertex 24.1018 -2.97536 3.3
      vertex 22.9996 -4.4447 3.3
      vertex 23.8079 -4.00389 3.3
    endloop
  endfacet
  facet normal 0 0 1
    outer loop
      vertex 24.1018 -2.97536 3.3
      vertex 19.6194 -4.07741 3.3
      vertex 22.9996 -4.4447 3.3
    endloop
  endfacet
  facet normal 0 0 1
    outer loop
      vertex 22.9996 -4.4447 3.3
      vertex 19.6194 -4.07741 3.3
      vertex 19.9134 -4.4447 3.3
    endloop
  endfacet
  facet normal 0 0 1
    outer loop
      vertex 31.8174 9.07301 3.3
      vertex 31.9643 8.33835 3.3
      vertex 31.9643 8.85265 3.3
    endloop
  endfacet
  facet normal 0 0 1
    outer loop
      vertex 29.172 9.21995 3.3
      vertex 31.9643 8.33835 3.3
      vertex 31.8174 9.07301 3.3
    endloop
  endfacet
  facet normal 0 0 1
    outer loop
      vertex 26.4532 1.50603 3.3
      vertex 30.3477 -0.991829 3.3
      vertex 30.4211 1.35909 3.3
    endloop
  endfacet
  facet normal 0 0 1
    outer loop
      vertex 31.9643 8.33835 3.3
      vertex 29.172 9.21995 3.3
      vertex 31.0091 5.10593 3.3
    endloop
  endfacet
  facet normal -0 0 1
    outer loop
      vertex 27.4085 6.35481 3.3
      vertex 31.0091 5.10593 3.3
      vertex 29.172 9.21995 3.3
    endloop
  endfacet
  facet normal 0 0 1
    outer loop
      vertex 26.6002 3.93047 3.3
      vertex 31.0091 5.10593 3.3
      vertex 27.4085 6.35481 3.3
    endloop
  endfacet
  facet normal 0 0 1
    outer loop
      vertex 31.0091 5.10593 3.3
      vertex 26.6002 3.93047 3.3
      vertex 30.4211 1.35909 3.3
    endloop
  endfacet
  facet normal -0 0 1
    outer loop
      vertex 26.4532 1.50603 3.3
      vertex 30.4211 1.35909 3.3
      vertex 26.6002 3.93047 3.3
    endloop
  endfacet
  facet normal 0 0 1
    outer loop
      vertex 30.3477 -0.991829 3.3
      vertex 26.5267 -1.2857 3.3
      vertex 30.0538 -4.22435 3.3
    endloop
  endfacet
  facet normal -0 0 1
    outer loop
      vertex 26.5267 -3.71004 3.3
      vertex 30.0538 -4.22435 3.3
      vertex 26.5267 -1.2857 3.3
    endloop
  endfacet
  facet normal 0 0 1
    outer loop
      vertex 30.0538 -4.22435 3.3
      vertex 26.5267 -3.71004 3.3
      vertex 26.6736 -4.07741 3.3
    endloop
  endfacet
  facet normal 0 0 1
    outer loop
      vertex 30.5682 -4.00389 3.3
      vertex 30.3477 -0.991829 3.3
      vertex 30.0538 -4.22435 3.3
    endloop
  endfacet
  facet normal 0 0 1
    outer loop
      vertex 15.9454 6.50174 3.3
      vertex 20.1339 7.23639 3.3
      vertex 19.8399 8.04448 3.3
    endloop
  endfacet
  facet normal 0 0 1
    outer loop
      vertex 20.1339 7.23639 3.3
      vertex 15.9454 6.50174 3.3
      vertex 20.1339 5.914 3.3
    endloop
  endfacet
  facet normal 0 0 1
    outer loop
      vertex 15.9454 6.50174 3.3
      vertex 19.8399 8.04448 3.3
      vertex 18.6642 8.9996 3.3
    endloop
  endfacet
  facet normal 0 0 1
    outer loop
      vertex 20.1339 5.914 3.3
      vertex 16.0189 5.98752 3.3
      vertex 19.399 2.97535 3.3
    endloop
  endfacet
  facet normal -0 0 1
    outer loop
      vertex 15.431 4.22433 3.3
      vertex 19.399 2.97535 3.3
      vertex 16.0189 5.98752 3.3
    endloop
  endfacet
  facet normal 0 0 1
    outer loop
      vertex 15.9454 6.50174 3.3
      vertex 18.6642 8.9996 3.3
      vertex 17.4151 9.29346 3.3
    endloop
  endfacet
  facet normal -0 0 1
    outer loop
      vertex 15.2841 3.26922 3.3
      vertex 19.399 2.97535 3.3
      vertex 15.431 4.22433 3.3
    endloop
  endfacet
  facet normal 0 0 1
    outer loop
      vertex 19.399 2.97535 3.3
      vertex 15.2841 3.26922 3.3
      vertex 18.5907 1.43261 3.3
    endloop
  endfacet
  facet normal 0 0 1
    outer loop
      vertex 20.1339 5.914 3.3
      vertex 15.9454 6.50174 3.3
      vertex 16.0189 5.98752 3.3
    endloop
  endfacet
  facet normal 0 0 1
    outer loop
      vertex 17.4151 9.29346 3.3
      vertex 15.725 6.72219 3.3
      vertex 15.9454 6.50174 3.3
    endloop
  endfacet
  facet normal 0 0 1
    outer loop
      vertex 17.4151 9.29346 3.3
      vertex 14.2553 6.94254 3.3
      vertex 15.725 6.72219 3.3
    endloop
  endfacet
  facet normal 0 0 1
    outer loop
      vertex 10.0669 7.38334 3.3
      vertex 13.7409 5.17934 3.3
      vertex 13.9614 6.72219 3.3
    endloop
  endfacet
  facet normal -0 0 1
    outer loop
      vertex 11.9039 9.21995 3.3
      vertex 13.9614 6.72219 3.3
      vertex 13.0062 9.36687 3.3
    endloop
  endfacet
  facet normal 0 0 1
    outer loop
      vertex 14.2553 6.94254 3.3
      vertex 13.0062 9.36687 3.3
      vertex 13.9614 6.72219 3.3
    endloop
  endfacet
  facet normal 0 0 1
    outer loop
      vertex 13.0062 9.36687 3.3
      vertex 14.2553 6.94254 3.3
      vertex 17.4151 9.29346 3.3
    endloop
  endfacet
  facet normal 0 0 1
    outer loop
      vertex 18.5907 1.43261 3.3
      vertex 15.2841 3.26922 3.3
      vertex 17.9294 0.918298 3.3
    endloop
  endfacet
  facet normal 0 0 1
    outer loop
      vertex 17.9294 0.918298 3.3
      vertex 15.2841 3.26922 3.3
      vertex 16.3863 0.110213 3.3
    endloop
  endfacet
  facet normal -0 0 1
    outer loop
      vertex 14.6962 2.68148 3.3
      vertex 16.3863 0.110213 3.3
      vertex 15.2841 3.26922 3.3
    endloop
  endfacet
  facet normal -0 0 1
    outer loop
      vertex 14.3288 2.53456 3.3
      vertex 16.3863 0.110213 3.3
      vertex 14.6962 2.68148 3.3
    endloop
  endfacet
  facet normal 0 0 1
    outer loop
      vertex 12.5653 0.0366972 3.3
      vertex 14.3288 2.53456 3.3
      vertex 13.2266 2.60807 3.3
    endloop
  endfacet
  facet normal 0 0 1
    outer loop
      vertex 14.3288 2.53456 3.3
      vertex 12.5653 0.0366972 3.3
      vertex 16.3863 0.110213 3.3
    endloop
  endfacet
  facet normal 0 0 1
    outer loop
      vertex 8.67072 1.72647 3.3
      vertex 13.2266 2.60807 3.3
      vertex 13.0796 3.04887 3.3
    endloop
  endfacet
  facet normal 0 0 1
    outer loop
      vertex 13.7409 5.17934 3.3
      vertex 10.0669 7.38334 3.3
      vertex 9.47909 5.62014 3.3
    endloop
  endfacet
  facet normal 0 0 1
    outer loop
      vertex 8.67072 1.72647 3.3
      vertex 13.0796 3.04887 3.3
      vertex 9.47909 5.62014 3.3
    endloop
  endfacet
  facet normal 0 0 1
    outer loop
      vertex 13.9614 6.72219 3.3
      vertex 11.9039 9.21995 3.3
      vertex 10.0669 7.38334 3.3
    endloop
  endfacet
  facet normal 0 0 1
    outer loop
      vertex 13.2266 2.60807 3.3
      vertex 8.67072 1.72647 3.3
      vertex 12.5653 0.0366972 3.3
    endloop
  endfacet
  facet normal 0 0 1
    outer loop
      vertex 12.5653 0.0366972 3.3
      vertex 8.67072 1.72647 3.3
      vertex 12.2713 -0.47752 3.3
    endloop
  endfacet
  facet normal 0 0 1
    outer loop
      vertex 10.0669 7.38334 3.3
      vertex 11.9039 9.21995 3.3
      vertex 10.8017 9.36687 3.3
    endloop
  endfacet
  facet normal 0 0 1
    outer loop
      vertex 10.0669 7.38334 3.3
      vertex 10.8017 9.36687 3.3
      vertex 10.3608 9.14652 3.3
    endloop
  endfacet
  facet normal 0 0 1
    outer loop
      vertex 13.7409 5.17934 3.3
      vertex 9.47909 5.62014 3.3
      vertex 13.0796 3.04887 3.3
    endloop
  endfacet
  facet normal -0 0 1
    outer loop
      vertex 8.22991 0.477505 3.3
      vertex 12.2713 -0.47752 3.3
      vertex 8.67072 1.72647 3.3
    endloop
  endfacet
  facet normal 0 -0 1
    outer loop
      vertex 9.9934 -4.29776 3.3
      vertex 12.2713 -0.47752 3.3
      vertex 8.22991 0.0366972 3.3
    endloop
  endfacet
  facet normal 0 0 1
    outer loop
      vertex 12.2713 -0.47752 3.3
      vertex 9.9934 -4.29776 3.3
      vertex 11.5366 -3.85697 3.3
    endloop
  endfacet
  facet normal 0 0 1
    outer loop
      vertex 12.2713 -0.47752 3.3
      vertex 8.22991 0.477505 3.3
      vertex 8.22991 0.0366972 3.3
    endloop
  endfacet
  facet normal 0 0 1
    outer loop
      vertex 11.5366 -3.85697 3.3
      vertex 9.9934 -4.29776 3.3
      vertex 11.0957 -4.37127 3.3
    endloop
  endfacet
  facet normal -0 0 1
    outer loop
      vertex 7.34812 -3.19582 3.3
      vertex 9.9934 -4.29776 3.3
      vertex 8.22991 0.0366972 3.3
    endloop
  endfacet
  facet normal 0 0 1
    outer loop
      vertex 9.9934 -4.29776 3.3
      vertex 7.34812 -3.19582 3.3
      vertex 7.56857 -4.4447 3.3
    endloop
  endfacet
  facet normal 0 0 1
    outer loop
      vertex 7.56857 -4.4447 3.3
      vertex 7.34812 -3.19582 3.3
      vertex 7.2746 -4.00389 3.3
    endloop
  endfacet
  facet normal 0 0 1
    outer loop
      vertex 38.4306 1.43261 3.3
      vertex 39.0185 4.15082 3.3
      vertex 38.5041 3.93047 3.3
    endloop
  endfacet
  facet normal 0 0 1
    outer loop
      vertex 39.0185 4.15082 3.3
      vertex 38.4306 1.43261 3.3
      vertex 38.798 0.991814 3.3
    endloop
  endfacet
  facet normal 0 0 1
    outer loop
      vertex 37.7693 4.00388 3.3
      vertex 38.4306 1.43261 3.3
      vertex 38.5041 3.93047 3.3
    endloop
  endfacet
  facet normal 0 0 1
    outer loop
      vertex 37.1814 1.57955 3.3
      vertex 37.7693 4.00388 3.3
      vertex 37.4754 4.22433 3.3
    endloop
  endfacet
  facet normal 0 0 1
    outer loop
      vertex 37.7693 4.00388 3.3
      vertex 37.1814 1.57955 3.3
      vertex 38.4306 1.43261 3.3
    endloop
  endfacet
  facet normal 0 0 1
    outer loop
      vertex 39.7533 6.28138 3.3
      vertex 43.8682 6.86912 3.3
      vertex 43.6478 7.60369 3.3
    endloop
  endfacet
  facet normal 0 0 1
    outer loop
      vertex 43.8682 6.86912 3.3
      vertex 39.7533 6.28138 3.3
      vertex 43.8682 6.20787 3.3
    endloop
  endfacet
  facet normal 0 0 1
    outer loop
      vertex 39.7533 6.28138 3.3
      vertex 43.6478 7.60369 3.3
      vertex 43.1335 8.26494 3.3
    endloop
  endfacet
  facet normal 0 0 1
    outer loop
      vertex 39.7533 6.28138 3.3
      vertex 43.1335 8.26494 3.3
      vertex 42.4721 8.77914 3.3
    endloop
  endfacet
  facet normal 0 0 1
    outer loop
      vertex 39.7533 5.69365 3.3
      vertex 43.8682 6.20787 3.3
      vertex 39.7533 6.28138 3.3
    endloop
  endfacet
  facet normal 0 0 1
    outer loop
      vertex 39.7533 6.28138 3.3
      vertex 42.4721 8.77914 3.3
      vertex 41.5903 8.9996 3.3
    endloop
  endfacet
  facet normal 0 0 1
    outer loop
      vertex 43.8682 6.20787 3.3
      vertex 39.7533 5.69365 3.3
      vertex 43.4273 4.29774 3.3
    endloop
  endfacet
  facet normal -0 0 1
    outer loop
      vertex 39.4594 4.59161 3.3
      vertex 42.3251 3.26922 3.3
      vertex 39.7533 5.69365 3.3
    endloop
  endfacet
  facet normal 0 0 1
    outer loop
      vertex 41.2229 -3.5631 3.3
      vertex 40.635 -4.15083 3.3
      vertex 41.2229 -3.78356 3.3
    endloop
  endfacet
  facet normal -0 0 1
    outer loop
      vertex 39.0185 4.15082 3.3
      vertex 41.5168 2.82842 3.3
      vertex 39.4594 4.59161 3.3
    endloop
  endfacet
  facet normal 0 0 1
    outer loop
      vertex 43.4273 4.29774 3.3
      vertex 39.7533 5.69365 3.3
      vertex 42.3251 3.26922 3.3
    endloop
  endfacet
  facet normal 0 0 1
    outer loop
      vertex 41.5903 8.9996 3.3
      vertex 39.3858 6.57525 3.3
      vertex 39.7533 6.28138 3.3
    endloop
  endfacet
  facet normal 0 0 1
    outer loop
      vertex 41.5903 8.9996 3.3
      vertex 38.2837 6.72219 3.3
      vertex 39.3858 6.57525 3.3
    endloop
  endfacet
  facet normal 0 0 1
    outer loop
      vertex 37.4754 4.22433 3.3
      vertex 36.8141 1.28568 3.3
      vertex 37.1814 1.57955 3.3
    endloop
  endfacet
  facet normal -0 0 1
    outer loop
      vertex 33.6544 5.914 3.3
      vertex 37.4754 4.22433 3.3
      vertex 37.8428 6.28138 3.3
    endloop
  endfacet
  facet normal 0 0 1
    outer loop
      vertex 36.7405 9.07301 3.3
      vertex 38.2837 6.72219 3.3
      vertex 41.5903 8.9996 3.3
    endloop
  endfacet
  facet normal 0 0 1
    outer loop
      vertex 36.7405 9.07301 3.3
      vertex 37.8428 6.28138 3.3
      vertex 38.2837 6.72219 3.3
    endloop
  endfacet
  facet normal -0 0 1
    outer loop
      vertex 34.1687 7.6772 3.3
      vertex 37.8428 6.28138 3.3
      vertex 36.7405 9.07301 3.3
    endloop
  endfacet
  facet normal 0 0 1
    outer loop
      vertex 37.4754 4.22433 3.3
      vertex 33.6544 5.914 3.3
      vertex 36.8141 1.28568 3.3
    endloop
  endfacet
  facet normal 0 0 1
    outer loop
      vertex 32.3317 -0.771372 3.3
      vertex 36.8141 1.28568 3.3
      vertex 33.6544 5.914 3.3
    endloop
  endfacet
  facet normal 0 0 1
    outer loop
      vertex 32.3317 -0.771372 3.3
      vertex 36.2996 -1.79991 3.3
      vertex 36.2996 -1.35911 3.3
    endloop
  endfacet
  facet normal 0 0 1
    outer loop
      vertex 36.8141 1.28568 3.3
      vertex 32.3317 -0.771372 3.3
      vertex 36.7405 0.40408 3.3
    endloop
  endfacet
  facet normal 0 0 1
    outer loop
      vertex 36.7405 0.40408 3.3
      vertex 32.3317 -0.771372 3.3
      vertex 36.2996 -1.35911 3.3
    endloop
  endfacet
  facet normal 0 0 1
    outer loop
      vertex 34.1687 7.6772 3.3
      vertex 36.7405 9.07301 3.3
      vertex 34.3157 8.92608 3.3
    endloop
  endfacet
  facet normal 0 0 1
    outer loop
      vertex 37.8428 6.28138 3.3
      vertex 34.1687 7.6772 3.3
      vertex 33.6544 5.914 3.3
    endloop
  endfacet
  facet normal 0 0 1
    outer loop
      vertex 36.2996 -1.79991 3.3
      vertex 32.3317 -0.771372 3.3
      vertex 32.1112 -1.87343 3.3
    endloop
  endfacet
  facet normal 0 0 1
    outer loop
      vertex 36.2996 -1.79991 3.3
      vertex 32.1112 -1.87343 3.3
      vertex 35.6383 -4.51822 3.3
    endloop
  endfacet
  facet normal 0 0 1
    outer loop
      vertex 32.1112 -1.87343 3.3
      vertex 32.3317 -0.771372 3.3
      vertex 32.1112 -1.2857 3.3
    endloop
  endfacet
  facet normal 0 0 1
    outer loop
      vertex 36.2996 -1.79991 3.3
      vertex 35.6383 -4.51822 3.3
      vertex 35.9323 -4.37127 3.3
    endloop
  endfacet
  facet normal 0 0 1
    outer loop
      vertex 32.1112 -1.87343 3.3
      vertex 32.0378 -4.4447 3.3
      vertex 35.6383 -4.51822 3.3
    endloop
  endfacet
  facet normal 0 -0 1
    outer loop
      vertex 32.0378 -4.4447 3.3
      vertex 32.1112 -1.87343 3.3
      vertex 31.6703 -3.93048 3.3
    endloop
  endfacet
  facet normal 0 0 1
    outer loop
      vertex 41.7373 2.46113 3.3
      vertex 42.8395 1.28568 3.3
      vertex 42.5455 1.87341 3.3
    endloop
  endfacet
  facet normal 0 0 1
    outer loop
      vertex 42.8395 1.28568 3.3
      vertex 41.7373 2.46113 3.3
      vertex 42.913 0.257154 3.3
    endloop
  endfacet
  facet normal 0 0 1
    outer loop
      vertex 41.7373 2.46113 3.3
      vertex 42.5455 1.87341 3.3
      vertex 42.1046 2.31421 3.3
    endloop
  endfacet
  facet normal 0 0 1
    outer loop
      vertex 42.913 0.257154 3.3
      vertex 41.7373 2.46113 3.3
      vertex 42.3251 -2.38763 3.3
    endloop
  endfacet
  facet normal 0 0 1
    outer loop
      vertex 41.2229 -3.5631 3.3
      vertex 41.7373 2.46113 3.3
      vertex 41.5168 2.82842 3.3
    endloop
  endfacet
  facet normal 0 0 1
    outer loop
      vertex 41.7373 2.46113 3.3
      vertex 41.2229 -3.5631 3.3
      vertex 42.3251 -2.38763 3.3
    endloop
  endfacet
  facet normal 0 0 1
    outer loop
      vertex 42.3251 3.26922 3.3
      vertex 39.4594 4.59161 3.3
      vertex 41.5168 2.82842 3.3
    endloop
  endfacet
  facet normal 0 0 1
    outer loop
      vertex 39.4594 4.59161 3.3
      vertex 39.7533 5.69365 3.3
      vertex 39.5329 5.25286 3.3
    endloop
  endfacet
  facet normal 0 0 1
    outer loop
      vertex 38.798 0.551021 3.3
      vertex 41.5168 2.82842 3.3
      vertex 38.798 0.991814 3.3
    endloop
  endfacet
  facet normal 0 0 1
    outer loop
      vertex 41.5168 2.82842 3.3
      vertex 38.798 0.551021 3.3
      vertex 41.2229 -3.5631 3.3
    endloop
  endfacet
  facet normal 0 0 1
    outer loop
      vertex 41.5168 2.82842 3.3
      vertex 39.0185 4.15082 3.3
      vertex 38.798 0.991814 3.3
    endloop
  endfacet
  facet normal -0 0 1
    outer loop
      vertex 38.2837 -1.50605 3.3
      vertex 41.2229 -3.5631 3.3
      vertex 38.798 0.551021 3.3
    endloop
  endfacet
  facet normal 0 0 1
    outer loop
      vertex 41.2229 -3.5631 3.3
      vertex 38.2837 -1.50605 3.3
      vertex 40.635 -4.15083 3.3
    endloop
  endfacet
  facet normal 0 0 1
    outer loop
      vertex 40.635 -4.15083 3.3
      vertex 38.2837 -1.50605 3.3
      vertex 39.3124 -4.51822 3.3
    endloop
  endfacet
  facet normal -0 0 1
    outer loop
      vertex 37.4754 -2.02035 3.3
      vertex 39.3124 -4.51822 3.3
      vertex 38.2837 -1.50605 3.3
    endloop
  endfacet
  facet normal 0 0 1
    outer loop
      vertex 39.3124 -4.51822 3.3
      vertex 37.4754 -2.02035 3.3
      vertex 37.8428 -4.51822 3.3
    endloop
  endfacet
  facet normal 0 0 1
    outer loop
      vertex 37.8428 -4.51822 3.3
      vertex 37.4754 -2.02035 3.3
      vertex 37.5488 -4.37127 3.3
    endloop
  endfacet
  facet normal 0 0 1
    outer loop
      vertex 36.4467 -1.94684 3.3
      vertex 37.5488 -4.37127 3.3
      vertex 37.4754 -2.02035 3.3
    endloop
  endfacet
  facet normal 0 0 1
    outer loop
      vertex 35.9323 -4.37127 3.3
      vertex 36.4467 -1.94684 3.3
      vertex 36.2996 -1.79991 3.3
    endloop
  endfacet
  facet normal 0 0 1
    outer loop
      vertex 36.4467 -1.94684 3.3
      vertex 35.9323 -4.37127 3.3
      vertex 37.5488 -4.37127 3.3
    endloop
  endfacet
  facet normal 0 0 1
    outer loop
      vertex 54.3025 8.92608 3.3
      vertex 54.5965 8.26494 3.3
      vertex 54.523 8.77914 3.3
    endloop
  endfacet
  facet normal 0 0 1
    outer loop
      vertex 52.6125 6.72219 3.3
      vertex 54.5965 8.26494 3.3
      vertex 54.3025 8.92608 3.3
    endloop
  endfacet
  facet normal 0 0 1
    outer loop
      vertex 54.5965 8.26494 3.3
      vertex 52.6125 6.72219 3.3
      vertex 54.1556 6.72219 3.3
    endloop
  endfacet
  facet normal 0 0 1
    outer loop
      vertex 54.3025 8.92608 3.3
      vertex 51.8777 6.57525 3.3
      vertex 52.6125 6.72219 3.3
    endloop
  endfacet
  facet normal 0 0 1
    outer loop
      vertex 54.3025 8.92608 3.3
      vertex 50.4815 6.64868 3.3
      vertex 51.8777 6.57525 3.3
    endloop
  endfacet
  facet normal 0 0 1
    outer loop
      vertex 46.0726 6.72219 3.3
      vertex 49.9672 5.25286 3.3
      vertex 50.1141 6.35481 3.3
    endloop
  endfacet
  facet normal 0 0 1
    outer loop
      vertex 45.9257 5.25286 3.3
      vertex 49.6732 4.07739 3.3
      vertex 49.6732 4.59161 3.3
    endloop
  endfacet
  facet normal 0 0 1
    outer loop
      vertex 49.6732 4.07739 3.3
      vertex 49.1589 1.35909 3.3
      vertex 49.4528 1.57955 3.3
    endloop
  endfacet
  facet normal -0 0 1
    outer loop
      vertex 44.8969 0.551021 3.3
      vertex 48.9384 -0.47752 3.3
      vertex 49.1589 1.35909 3.3
    endloop
  endfacet
  facet normal 0 0 1
    outer loop
      vertex 49.6732 4.07739 3.3
      vertex 45.6318 3.48967 3.3
      vertex 49.1589 1.35909 3.3
    endloop
  endfacet
  facet normal 0 0 1
    outer loop
      vertex 45.9257 5.25286 3.3
      vertex 49.9672 5.25286 3.3
      vertex 46.0726 6.72219 3.3
    endloop
  endfacet
  facet normal -0 0 1
    outer loop
      vertex 46.0726 6.72219 3.3
      vertex 50.1141 6.35481 3.3
      vertex 46.6605 8.92608 3.3
    endloop
  endfacet
  facet normal 0 0 1
    outer loop
      vertex 50.4815 6.64868 3.3
      vertex 46.6605 8.92608 3.3
      vertex 50.1141 6.35481 3.3
    endloop
  endfacet
  facet normal -0 0 1
    outer loop
      vertex 46.6605 8.92608 3.3
      vertex 50.4815 6.64868 3.3
      vertex 54.3025 8.92608 3.3
    endloop
  endfacet
  facet normal 0 0 1
    outer loop
      vertex 53.3473 3.85695 3.3
      vertex 53.4207 2.60807 3.3
      vertex 53.4943 3.71002 3.3
    endloop
  endfacet
  facet normal 0 0 1
    outer loop
      vertex 50.9224 1.65296 3.3
      vertex 53.4207 2.60807 3.3
      vertex 53.3473 3.85695 3.3
    endloop
  endfacet
  facet normal 0 0 1
    outer loop
      vertex 53.4207 2.60807 3.3
      vertex 50.9224 1.65296 3.3
      vertex 53.0534 1.7999 3.3
    endloop
  endfacet
  facet normal -0 0 1
    outer loop
      vertex 49.9672 3.85695 3.3
      vertex 50.9224 1.65296 3.3
      vertex 53.3473 3.85695 3.3
    endloop
  endfacet
  facet normal 0 0 1
    outer loop
      vertex 50.9224 1.65296 3.3
      vertex 49.9672 3.85695 3.3
      vertex 50.1876 1.43261 3.3
    endloop
  endfacet
  facet normal 0 0 1
    outer loop
      vertex 49.4528 1.57955 3.3
      vertex 49.9672 3.85695 3.3
      vertex 49.6732 4.07739 3.3
    endloop
  endfacet
  facet normal 0 0 1
    outer loop
      vertex 49.9672 3.85695 3.3
      vertex 49.4528 1.57955 3.3
      vertex 50.1876 1.43261 3.3
    endloop
  endfacet
  facet normal 0 0 1
    outer loop
      vertex 52.392 -2.1673 3.3
      vertex 52.392 -4.00389 3.3
      vertex 52.6125 -2.53457 3.3
    endloop
  endfacet
  facet normal 0 0 1
    outer loop
      vertex 52.392 -2.1673 3.3
      vertex 51.9511 -4.4447 3.3
      vertex 52.392 -4.00389 3.3
    endloop
  endfacet
  facet normal 0 0 1
    outer loop
      vertex 48.8649 -2.09378 3.3
      vertex 51.9511 -4.4447 3.3
      vertex 52.392 -2.1673 3.3
    endloop
  endfacet
  facet normal 0 0 1
    outer loop
      vertex 49.9672 5.25286 3.3
      vertex 45.9257 5.25286 3.3
      vertex 49.6732 4.59161 3.3
    endloop
  endfacet
  facet normal 0 0 1
    outer loop
      vertex 49.6732 4.07739 3.3
      vertex 45.9257 5.25286 3.3
      vertex 45.6318 4.59161 3.3
    endloop
  endfacet
  facet normal 0 0 1
    outer loop
      vertex 49.6732 4.07739 3.3
      vertex 45.6318 4.59161 3.3
      vertex 45.6318 3.48967 3.3
    endloop
  endfacet
  facet normal 0 0 1
    outer loop
      vertex 44.8969 0.551021 3.3
      vertex 49.1589 1.35909 3.3
      vertex 45.6318 3.48967 3.3
    endloop
  endfacet
  facet normal 0 0 1
    outer loop
      vertex 48.9384 -0.47752 3.3
      vertex 44.8969 0.551021 3.3
      vertex 44.8969 -0.110229 3.3
    endloop
  endfacet
  facet normal 0 0 1
    outer loop
      vertex 48.9384 -0.47752 3.3
      vertex 44.8969 -0.110229 3.3
      vertex 48.571 -1.72649 3.3
    endloop
  endfacet
  facet normal 0 0 1
    outer loop
      vertex 44.3826 -2.24071 3.3
      vertex 48.571 -1.72649 3.3
      vertex 44.8969 -0.110229 3.3
    endloop
  endfacet
  facet normal 0 -0 1
    outer loop
      vertex 44.4561 -4.51822 3.3
      vertex 48.571 -1.72649 3.3
      vertex 44.3826 -2.24071 3.3
    endloop
  endfacet
  facet normal 0 0 1
    outer loop
      vertex 48.571 -1.72649 3.3
      vertex 44.4561 -4.51822 3.3
      vertex 48.8649 -2.09378 3.3
    endloop
  endfacet
  facet normal 0 0 1
    outer loop
      vertex 48.8649 -2.09378 3.3
      vertex 44.4561 -4.51822 3.3
      vertex 51.9511 -4.4447 3.3
    endloop
  endfacet
  facet normal 0 0 1
    outer loop
      vertex 44.4561 -4.51822 3.3
      vertex 44.3826 -2.24071 3.3
      vertex 44.1622 -4.07741 3.3
    endloop
  endfacet
  facet normal -0 0 1
    outer loop
      vertex 59.8871 8.70573 3.3
      vertex 60.6219 8.55879 3.3
      vertex 60.475 8.70573 3.3
    endloop
  endfacet
  facet normal 0 0 1
    outer loop
      vertex 60.6219 8.55879 3.3
      vertex 59.8871 8.70573 3.3
      vertex 60.5484 7.60369 3.3
    endloop
  endfacet
  facet normal 0 0 1
    outer loop
      vertex 55.9926 4.29774 3.3
      vertex 60.0341 4.66513 3.3
      vertex 60.0341 5.32628 3.3
    endloop
  endfacet
  facet normal 0 0 1
    outer loop
      vertex 55.9926 4.29774 3.3
      vertex 60.0341 5.32628 3.3
      vertex 56.36 6.86912 3.3
    endloop
  endfacet
  facet normal 0 0 1
    outer loop
      vertex 60.5484 7.60369 3.3
      vertex 56.36 6.86912 3.3
      vertex 60.0341 5.32628 3.3
    endloop
  endfacet
  facet normal 0 0 1
    outer loop
      vertex 59.6666 8.85265 3.3
      vertex 60.5484 7.60369 3.3
      vertex 59.8871 8.70573 3.3
    endloop
  endfacet
  facet normal 0 0 1
    outer loop
      vertex 65.2513 6.35481 3.3
      vertex 61.1363 -0.110229 3.3
      vertex 61.4302 -0.330579 3.3
    endloop
  endfacet
  facet normal 0 0 1
    outer loop
      vertex 65.2513 6.35481 3.3
      vertex 60.9893 2.46113 3.3
      vertex 61.1363 -0.110229 3.3
    endloop
  endfacet
  facet normal 0 0 1
    outer loop
      vertex 65.2513 6.35481 3.3
      vertex 60.8424 4.95899 3.3
      vertex 60.9893 2.46113 3.3
    endloop
  endfacet
  facet normal 0 0 1
    outer loop
      vertex 60.8424 4.95899 3.3
      vertex 60.8424 2.755 3.3
      vertex 60.9893 2.46113 3.3
    endloop
  endfacet
  facet normal -0 0 1
    outer loop
      vertex 60.328 4.44468 3.3
      vertex 60.8424 2.755 3.3
      vertex 60.8424 4.95899 3.3
    endloop
  endfacet
  facet normal 0 0 1
    outer loop
      vertex 60.8424 2.755 3.3
      vertex 60.328 4.44468 3.3
      vertex 60.475 2.97535 3.3
    endloop
  endfacet
  facet normal 0 0 1
    outer loop
      vertex 60.0341 4.66513 3.3
      vertex 60.475 2.97535 3.3
      vertex 60.328 4.44468 3.3
    endloop
  endfacet
  facet normal 0 0 1
    outer loop
      vertex 60.475 2.97535 3.3
      vertex 60.0341 4.66513 3.3
      vertex 59.9606 2.46113 3.3
    endloop
  endfacet
  facet normal 0 0 1
    outer loop
      vertex 62.165 7.38334 3.3
      vertex 65.2513 6.35481 3.3
      vertex 65.2513 6.57525 3.3
    endloop
  endfacet
  facet normal 0 0 1
    outer loop
      vertex 65.2513 6.35481 3.3
      vertex 61.4302 -0.330579 3.3
      vertex 64.9573 -3.93048 3.3
    endloop
  endfacet
  facet normal -0 0 1
    outer loop
      vertex 64.149 8.70573 3.3
      vertex 65.6187 6.86912 3.3
      vertex 64.443 8.85265 3.3
    endloop
  endfacet
  facet normal 0 0 1
    outer loop
      vertex 65.6187 6.86912 3.3
      vertex 64.149 8.70573 3.3
      vertex 65.2513 6.57525 3.3
    endloop
  endfacet
  facet normal -0 0 1
    outer loop
      vertex 62.165 7.38334 3.3
      vertex 65.2513 6.57525 3.3
      vertex 64.149 8.70573 3.3
    endloop
  endfacet
  facet normal 0 0 1
    outer loop
      vertex 62.165 7.38334 3.3
      vertex 64.149 8.70573 3.3
      vertex 63.1203 8.70573 3.3
    endloop
  endfacet
  facet normal 0 0 1
    outer loop
      vertex 60.8424 4.95899 3.3
      vertex 65.2513 6.35481 3.3
      vertex 62.165 7.38334 3.3
    endloop
  endfacet
  facet normal -0 0 1
    outer loop
      vertex 61.4302 -1.35911 3.3
      vertex 64.9573 -3.93048 3.3
      vertex 61.4302 -0.330579 3.3
    endloop
  endfacet
  facet normal -0 0 1
    outer loop
      vertex 60.9893 -3.26923 3.3
      vertex 64.9573 -3.93048 3.3
      vertex 61.4302 -1.35911 3.3
    endloop
  endfacet
  facet normal 0 0 1
    outer loop
      vertex 64.9573 -3.93048 3.3
      vertex 60.9893 -3.26923 3.3
      vertex 64.7369 -4.29776 3.3
    endloop
  endfacet
  facet normal 0 0 1
    outer loop
      vertex 64.7369 -4.29776 3.3
      vertex 60.9893 -3.26923 3.3
      vertex 61.3567 -4.29776 3.3
    endloop
  endfacet
  facet normal 0 0 1
    outer loop
      vertex 61.3567 -4.29776 3.3
      vertex 60.9893 -3.26923 3.3
      vertex 60.9893 -4.15083 3.3
    endloop
  endfacet
  facet normal 0 0 1
    outer loop
      vertex 65.2513 6.35481 3.3
      vertex 65.6187 0.0366972 3.3
      vertex 65.6187 6.06094 3.3
    endloop
  endfacet
  facet normal 0 0 1
    outer loop
      vertex 65.6187 0.0366972 3.3
      vertex 65.2513 6.35481 3.3
      vertex 64.9573 -3.93048 3.3
    endloop
  endfacet
  facet normal -0 0 1
    outer loop
      vertex 60.4015 1.94682 3.3
      vertex 61.1363 -0.110229 3.3
      vertex 60.9893 2.46113 3.3
    endloop
  endfacet
  facet normal 0 0 1
    outer loop
      vertex 61.1363 -0.110229 3.3
      vertex 60.4015 1.94682 3.3
      vertex 60.475 -0.918313 3.3
    endloop
  endfacet
  facet normal 0 0 1
    outer loop
      vertex 59.9606 2.31421 3.3
      vertex 60.475 -0.918313 3.3
      vertex 60.4015 1.94682 3.3
    endloop
  endfacet
  facet normal 0 0 1
    outer loop
      vertex 60.5484 7.60369 3.3
      vertex 59.6666 8.85265 3.3
      vertex 56.5804 7.30991 3.3
    endloop
  endfacet
  facet normal 0 0 1
    outer loop
      vertex 54.5965 -2.82844 3.3
      vertex 60.475 -0.918313 3.3
      vertex 59.9606 2.31421 3.3
    endloop
  endfacet
  facet normal 0 0 1
    outer loop
      vertex 60.0341 4.66513 3.3
      vertex 55.9926 4.29774 3.3
      vertex 59.9606 2.46113 3.3
    endloop
  endfacet
  facet normal 0 0 1
    outer loop
      vertex 56.5804 7.30991 3.3
      vertex 59.6666 8.85265 3.3
      vertex 56.8009 8.85265 3.3
    endloop
  endfacet
  facet normal 0 0 1
    outer loop
      vertex 56.5804 7.30991 3.3
      vertex 56.8009 8.85265 3.3
      vertex 56.654 8.70573 3.3
    endloop
  endfacet
  facet normal 0 0 1
    outer loop
      vertex 60.5484 7.60369 3.3
      vertex 56.5804 7.30991 3.3
      vertex 56.36 6.86912 3.3
    endloop
  endfacet
  facet normal 0 0 1
    outer loop
      vertex 59.9606 2.46113 3.3
      vertex 55.9926 4.29774 3.3
      vertex 59.9606 2.31421 3.3
    endloop
  endfacet
  facet normal 0 0 1
    outer loop
      vertex 54.5965 -2.82844 3.3
      vertex 59.9606 2.31421 3.3
      vertex 55.9926 4.29774 3.3
    endloop
  endfacet
  facet normal 0 0 1
    outer loop
      vertex 60.475 -0.918313 3.3
      vertex 54.5965 -2.82844 3.3
      vertex 58.5645 -4.29776 3.3
    endloop
  endfacet
  facet normal 0 0 1
    outer loop
      vertex 58.5645 -4.29776 3.3
      vertex 54.5965 -2.82844 3.3
      vertex 55.9926 -4.22435 3.3
    endloop
  endfacet
  facet normal 0 0 1
    outer loop
      vertex 55.9926 -4.22435 3.3
      vertex 54.5965 -2.82844 3.3
      vertex 55.3313 -4.51822 3.3
    endloop
  endfacet
  facet normal -0 0 1
    outer loop
      vertex 54.523 -4.15083 3.3
      vertex 55.3313 -4.51822 3.3
      vertex 54.5965 -2.82844 3.3
    endloop
  endfacet
  facet normal 0 0 1
    outer loop
      vertex 55.3313 -4.51822 3.3
      vertex 54.523 -4.15083 3.3
      vertex 54.817 -4.51822 3.3
    endloop
  endfacet
  facet normal 0 0 1
    outer loop
      vertex -35.1975 1.13874 3.3
      vertex -35.1975 0.551021 3.3
      vertex -35.0505 0.844873 3.3
    endloop
  endfacet
  facet normal 0 0 1
    outer loop
      vertex -35.1975 1.13874 3.3
      vertex -35.7118 0.40408 3.3
      vertex -35.1975 0.551021 3.3
    endloop
  endfacet
  facet normal 0 0 1
    outer loop
      vertex -35.7853 1.57955 3.3
      vertex -35.7118 0.40408 3.3
      vertex -35.1975 1.13874 3.3
    endloop
  endfacet
  facet normal -0 0 1
    outer loop
      vertex -36.4467 1.50603 3.3
      vertex -35.7118 0.40408 3.3
      vertex -35.7853 1.57955 3.3
    endloop
  endfacet
  facet normal -0 0 1
    outer loop
      vertex -36.961 1.21216 3.3
      vertex -35.7118 0.40408 3.3
      vertex -36.4467 1.50603 3.3
    endloop
  endfacet
  facet normal -0 0 1
    outer loop
      vertex -37.6223 0.844873 3.3
      vertex -35.7118 0.40408 3.3
      vertex -36.961 1.21216 3.3
    endloop
  endfacet
  facet normal 0 0 1
    outer loop
      vertex -37.6223 0.844873 3.3
      vertex -36.961 1.21216 3.3
      vertex -37.255 1.21216 3.3
    endloop
  endfacet
  facet normal 0 0 1
    outer loop
      vertex -35.7118 0.40408 3.3
      vertex -37.6223 0.844873 3.3
      vertex -37.1815 -0.991829 3.3
    endloop
  endfacet
  facet normal -0 0 1
    outer loop
      vertex -38.5041 0.477505 3.3
      vertex -37.1815 -0.991829 3.3
      vertex -37.6223 0.844873 3.3
    endloop
  endfacet
  facet normal 0 0 1
    outer loop
      vertex -38.5041 0.477505 3.3
      vertex -38.8715 -1.87343 3.3
      vertex -37.1815 -0.991829 3.3
    endloop
  endfacet
  facet normal -0 0 1
    outer loop
      vertex -39.6063 -0.330579 3.3
      vertex -38.8715 -1.87343 3.3
      vertex -38.5041 0.477505 3.3
    endloop
  endfacet
  facet normal 0 0 1
    outer loop
      vertex -41.2964 -0.991829 3.3
      vertex -39.6063 -0.330579 3.3
      vertex -39.9002 -0.110229 3.3
    endloop
  endfacet
  facet normal 0 0 1
    outer loop
      vertex -39.6063 -0.330579 3.3
      vertex -39.9738 -1.94684 3.3
      vertex -38.8715 -1.87343 3.3
    endloop
  endfacet
  facet normal -0 0 1
    outer loop
      vertex -41.8108 0.110213 3.3
      vertex -39.9002 -0.110229 3.3
      vertex -40.0472 0.551021 3.3
    endloop
  endfacet
  facet normal 0 0 1
    outer loop
      vertex -41.8108 0.110213 3.3
      vertex -40.0472 0.551021 3.3
      vertex -40.4147 0.991814 3.3
    endloop
  endfacet
  facet normal 0 0 1
    outer loop
      vertex -39.6063 -0.330579 3.3
      vertex -41.2964 -0.991829 3.3
      vertex -39.9738 -1.94684 3.3
    endloop
  endfacet
  facet normal 0 0 1
    outer loop
      vertex -41.7373 0.771357 3.3
      vertex -40.4147 0.991814 3.3
      vertex -41.3699 1.13874 3.3
    endloop
  endfacet
  facet normal 0 0 1
    outer loop
      vertex -40.4147 0.991814 3.3
      vertex -41.7373 0.771357 3.3
      vertex -41.8108 0.110213 3.3
    endloop
  endfacet
  facet normal 0 0 1
    outer loop
      vertex -39.9002 -0.110229 3.3
      vertex -41.8108 0.110213 3.3
      vertex -41.2964 -0.991829 3.3
    endloop
  endfacet
  facet normal 0 0 1
    outer loop
      vertex -32.5521 -6.2814 3.3
      vertex -32.2583 -6.13447 3.3
      vertex -32.2583 -5.17936 3.3
    endloop
  endfacet
  facet normal 0 0 1
    outer loop
      vertex -32.2583 -6.13447 3.3
      vertex -32.5521 -6.2814 3.3
      vertex -32.4052 -7.01608 3.3
    endloop
  endfacet
  facet normal 0 0 1
    outer loop
      vertex -32.2583 -5.17936 3.3
      vertex -33.7279 -5.62015 3.3
      vertex -32.5521 -6.2814 3.3
    endloop
  endfacet
  facet normal -0 0 1
    outer loop
      vertex -34.83 -3.12231 3.3
      vertex -32.2583 -5.17936 3.3
      vertex -34.4627 0.0366972 3.3
    endloop
  endfacet
  facet normal -0 -0 1
    outer loop
      vertex -34.7566 -3.63661 3.3
      vertex -32.2583 -5.17936 3.3
      vertex -34.83 -3.12231 3.3
    endloop
  endfacet
  facet normal 0 0 1
    outer loop
      vertex -35.2709 -0.183653 3.3
      vertex -34.4627 0.0366972 3.3
      vertex -34.83 0.183638 3.3
    endloop
  endfacet
  facet normal 0 0 1
    outer loop
      vertex -32.2583 -5.17936 3.3
      vertex -34.7566 -3.63661 3.3
      vertex -33.7279 -5.62015 3.3
    endloop
  endfacet
  facet normal 0 0 1
    outer loop
      vertex -34.4627 0.0366972 3.3
      vertex -35.2709 -0.183653 3.3
      vertex -35.5649 -0.991829 3.3
    endloop
  endfacet
  facet normal 0 0 1
    outer loop
      vertex -34.4627 0.0366972 3.3
      vertex -35.2709 -2.1673 3.3
      vertex -34.83 -3.12231 3.3
    endloop
  endfacet
  facet normal 0 0 1
    outer loop
      vertex -35.5649 -0.991829 3.3
      vertex -35.2709 -0.183653 3.3
      vertex -35.5649 -0.183653 3.3
    endloop
  endfacet
  facet normal 0 0 1
    outer loop
      vertex -34.4627 0.0366972 3.3
      vertex -35.5649 -0.991829 3.3
      vertex -35.2709 -2.1673 3.3
    endloop
  endfacet
  facet normal 0 0 1
    outer loop
      vertex -27.9963 -10.0281 3.3
      vertex -27.8494 -10.5424 3.3
      vertex -27.7759 -10.2485 3.3
    endloop
  endfacet
  facet normal 0 0 1
    outer loop
      vertex -27.9963 -10.0281 3.3
      vertex -28.9515 -10.6893 3.3
      vertex -27.8494 -10.5424 3.3
    endloop
  endfacet
  facet normal 0 0 1
    outer loop
      vertex -27.9963 -10.0281 3.3
      vertex -29.9068 -10.1751 3.3
      vertex -28.9515 -10.6893 3.3
    endloop
  endfacet
  facet normal 0 0 1
    outer loop
      vertex -29.9803 -9.14654 3.3
      vertex -29.9068 -10.1751 3.3
      vertex -27.9963 -10.0281 3.3
    endloop
  endfacet
  facet normal 0 0 1
    outer loop
      vertex -30.3477 -9.4404 3.3
      vertex -29.9803 -9.14654 3.3
      vertex -30.1273 -8.70574 3.3
    endloop
  endfacet
  facet normal 0 0 1
    outer loop
      vertex -29.9803 -9.14654 3.3
      vertex -30.3477 -9.4404 3.3
      vertex -29.9068 -10.1751 3.3
    endloop
  endfacet
  facet normal 0 0 1
    outer loop
      vertex -30.1273 -8.70574 3.3
      vertex -30.8621 -9.29348 3.3
      vertex -30.3477 -9.4404 3.3
    endloop
  endfacet
  facet normal 0 0 1
    outer loop
      vertex -31.303 -8.85267 3.3
      vertex -30.1273 -8.70574 3.3
      vertex -31.303 -7.01608 3.3
    endloop
  endfacet
  facet normal 0 0 1
    outer loop
      vertex -30.1273 -8.70574 3.3
      vertex -31.303 -8.85267 3.3
      vertex -30.8621 -9.29348 3.3
    endloop
  endfacet
  facet normal 0 0 1
    outer loop
      vertex -32.4052 -7.01608 3.3
      vertex -31.303 -7.01608 3.3
      vertex -32.2583 -6.13447 3.3
    endloop
  endfacet
  facet normal 0 0 1
    outer loop
      vertex -31.303 -7.01608 3.3
      vertex -32.4052 -7.01608 3.3
      vertex -31.303 -8.85267 3.3
    endloop
  endfacet
  facet normal -0 0 1
    outer loop
      vertex -41.4434 -7.82414 3.3
      vertex -40.4881 -8.19144 3.3
      vertex -40.3411 -7.6037 3.3
    endloop
  endfacet
  facet normal 0 0 1
    outer loop
      vertex -40.4881 -8.19144 3.3
      vertex -41.4434 -7.82414 3.3
      vertex -40.635 -8.33836 3.3
    endloop
  endfacet
  facet normal -0 0 1
    outer loop
      vertex -42.3986 -4.81208 3.3
      vertex -40.3411 -7.6037 3.3
      vertex -41.5168 -3.26923 3.3
    endloop
  endfacet
  facet normal 0 0 1
    outer loop
      vertex -40.3411 -7.6037 3.3
      vertex -41.8108 -7.30993 3.3
      vertex -41.4434 -7.82414 3.3
    endloop
  endfacet
  facet normal -0 0 1
    outer loop
      vertex -42.5455 -3.12231 3.3
      vertex -41.5168 -3.26923 3.3
      vertex -41.8843 -2.75501 3.3
    endloop
  endfacet
  facet normal 0 0 1
    outer loop
      vertex -42.766 -2.82844 3.3
      vertex -41.8843 -2.75501 3.3
      vertex -41.9577 -1.72649 3.3
    endloop
  endfacet
  facet normal -0 0 1
    outer loop
      vertex -43.4273 -1.50605 3.3
      vertex -41.9577 -1.72649 3.3
      vertex -42.3986 -1.21218 3.3
    endloop
  endfacet
  facet normal 0 0 1
    outer loop
      vertex -40.3411 -7.6037 3.3
      vertex -42.3986 -4.81208 3.3
      vertex -41.8108 -7.30993 3.3
    endloop
  endfacet
  facet normal 0 0 1
    outer loop
      vertex -41.5168 -3.26923 3.3
      vertex -42.5455 -3.12231 3.3
      vertex -42.3986 -4.81208 3.3
    endloop
  endfacet
  facet normal 0 0 1
    outer loop
      vertex -41.8843 -2.75501 3.3
      vertex -42.766 -2.82844 3.3
      vertex -42.5455 -3.12231 3.3
    endloop
  endfacet
  facet normal 0 0 1
    outer loop
      vertex -43.4273 -1.50605 3.3
      vertex -42.3986 -1.21218 3.3
      vertex -42.913 -0.991829 3.3
    endloop
  endfacet
  facet normal 0 0 1
    outer loop
      vertex -43.4273 -2.46115 3.3
      vertex -41.9577 -1.72649 3.3
      vertex -43.4273 -1.50605 3.3
    endloop
  endfacet
  facet normal 0 0 1
    outer loop
      vertex -41.9577 -1.72649 3.3
      vertex -43.4273 -2.46115 3.3
      vertex -42.766 -2.82844 3.3
    endloop
  endfacet
  facet normal 0 0 1
    outer loop
      vertex -42.766 -2.82844 3.3
      vertex -43.4273 -2.46115 3.3
      vertex -43.2069 -2.75501 3.3
    endloop
  endfacet
  facet normal 0 0 1
    outer loop
      vertex -39.9002 -10.9097 3.3
      vertex -39.092 -10.6893 3.3
      vertex -39.092 -10.3954 3.3
    endloop
  endfacet
  facet normal 0 0 1
    outer loop
      vertex -39.092 -10.6893 3.3
      vertex -39.3124 -11.3505 3.3
      vertex -39.092 -11.8647 3.3
    endloop
  endfacet
  facet normal 0 0 1
    outer loop
      vertex -39.9002 -10.9097 3.3
      vertex -39.092 -10.3954 3.3
      vertex -39.5329 -9.4404 3.3
    endloop
  endfacet
  facet normal 0 0 1
    outer loop
      vertex -39.092 -10.6893 3.3
      vertex -39.9002 -10.9097 3.3
      vertex -39.3124 -11.3505 3.3
    endloop
  endfacet
  facet normal -0 0 1
    outer loop
      vertex -40.7085 -8.99961 3.3
      vertex -39.5329 -9.4404 3.3
      vertex -40.4881 -8.19144 3.3
    endloop
  endfacet
  facet normal 0 0 1
    outer loop
      vertex -40.7085 -8.99961 3.3
      vertex -40.4881 -8.19144 3.3
      vertex -40.635 -8.33836 3.3
    endloop
  endfacet
  facet normal 0 0 1
    outer loop
      vertex -39.5329 -9.4404 3.3
      vertex -40.7085 -8.99961 3.3
      vertex -39.9002 -10.9097 3.3
    endloop
  endfacet
  facet normal 0 0 1
    outer loop
      vertex -37.7693 -11.5709 3.3
      vertex -37.5488 -12.1586 3.3
      vertex -37.4754 -11.9383 3.3
    endloop
  endfacet
  facet normal 0 0 1
    outer loop
      vertex -37.7693 -11.5709 3.3
      vertex -38.3571 -12.3055 3.3
      vertex -37.5488 -12.1586 3.3
    endloop
  endfacet
  facet normal 0 0 1
    outer loop
      vertex -39.092 -11.8647 3.3
      vertex -37.7693 -11.5709 3.3
      vertex -39.092 -10.6893 3.3
    endloop
  endfacet
  facet normal 0 0 1
    outer loop
      vertex -37.7693 -11.5709 3.3
      vertex -39.092 -11.8647 3.3
      vertex -38.3571 -12.3055 3.3
    endloop
  endfacet
  facet normal 0 0 1
    outer loop
      vertex 65.6187 -6.64869 3.3
      vertex 62.7529 -7.82414 3.3
      vertex 65.5451 -7.89757 3.3
    endloop
  endfacet
  facet normal 0 0 1
    outer loop
      vertex 65.6187 -6.64869 3.3
      vertex 60.5484 -7.89757 3.3
      vertex 62.7529 -7.82414 3.3
    endloop
  endfacet
  facet normal 0 0 1
    outer loop
      vertex 60.5484 -7.89757 3.3
      vertex 59.0054 -7.89757 3.3
      vertex 59.9606 -8.04449 3.3
    endloop
  endfacet
  facet normal 0 0 1
    outer loop
      vertex 65.6187 -6.64869 3.3
      vertex 59.0054 -7.89757 3.3
      vertex 60.5484 -7.89757 3.3
    endloop
  endfacet
  facet normal 0 0 1
    outer loop
      vertex 55.6986 -7.89757 3.3
      vertex 59.0054 -7.89757 3.3
      vertex 65.6187 -6.64869 3.3
    endloop
  endfacet
  facet normal 0 0 1
    outer loop
      vertex 59.0054 -7.89757 3.3
      vertex 55.6986 -7.89757 3.3
      vertex 57.4622 -8.11801 3.3
    endloop
  endfacet
  facet normal 0 0 1
    outer loop
      vertex 57.4622 -8.11801 3.3
      vertex 55.6986 -7.89757 3.3
      vertex 55.9191 -8.04449 3.3
    endloop
  endfacet
  facet normal 0 0 1
    outer loop
      vertex 65.6187 -6.64869 3.3
      vertex 54.523 -7.89757 3.3
      vertex 55.6986 -7.89757 3.3
    endloop
  endfacet
  facet normal 0 0 1
    outer loop
      vertex 54.523 -7.89757 3.3
      vertex 45.9257 -8.19144 3.3
      vertex 53.5678 -8.11801 3.3
    endloop
  endfacet
  facet normal 0 0 1
    outer loop
      vertex 39.6798 -6.57527 3.3
      vertex 54.523 -7.89757 3.3
      vertex 65.6187 -6.64869 3.3
    endloop
  endfacet
  facet normal 0 0 1
    outer loop
      vertex 54.523 -7.89757 3.3
      vertex 39.6798 -6.57527 3.3
      vertex 45.9257 -8.19144 3.3
    endloop
  endfacet
  facet normal 0 0 1
    outer loop
      vertex 45.9257 -8.19144 3.3
      vertex 39.6798 -6.57527 3.3
      vertex 40.635 -7.97109 3.3
    endloop
  endfacet
  facet normal -0 0 1
    outer loop
      vertex 38.4306 -6.72221 3.3
      vertex 40.635 -7.97109 3.3
      vertex 39.6798 -6.57527 3.3
    endloop
  endfacet
  facet normal 0 0 1
    outer loop
      vertex 34.4626 -8.04449 3.3
      vertex 38.4306 -6.72221 3.3
      vertex 34.9035 -6.72221 3.3
    endloop
  endfacet
  facet normal 0 0 1
    outer loop
      vertex 38.4306 -6.72221 3.3
      vertex 34.4626 -8.04449 3.3
      vertex 40.635 -7.97109 3.3
    endloop
  endfacet
  facet normal 0 0 1
    outer loop
      vertex 33.8013 -6.57527 3.3
      vertex 34.4626 -8.04449 3.3
      vertex 34.9035 -6.72221 3.3
    endloop
  endfacet
  facet normal 0 0 1
    outer loop
      vertex 33.8013 -6.57527 3.3
      vertex 33.7279 -7.89757 3.3
      vertex 34.4626 -8.04449 3.3
    endloop
  endfacet
  facet normal -0 0 1
    outer loop
      vertex 30.9356 -6.64869 3.3
      vertex 33.7279 -7.89757 3.3
      vertex 33.8013 -6.57527 3.3
    endloop
  endfacet
  facet normal 0 0 1
    outer loop
      vertex 24.3223 -7.89757 3.3
      vertex 30.9356 -6.64869 3.3
      vertex 27.7023 -6.50175 3.3
    endloop
  endfacet
  facet normal 0 0 1
    outer loop
      vertex 24.3223 -7.89757 3.3
      vertex 27.7023 -6.50175 3.3
      vertex 25.351 -6.64869 3.3
    endloop
  endfacet
  facet normal 0 0 1
    outer loop
      vertex 30.9356 -6.64869 3.3
      vertex 24.3223 -7.89757 3.3
      vertex 33.7279 -7.89757 3.3
    endloop
  endfacet
  facet normal 0 0 1
    outer loop
      vertex 18.8112 -6.57527 3.3
      vertex 24.3223 -7.89757 3.3
      vertex 25.351 -6.64869 3.3
    endloop
  endfacet
  facet normal 0 0 1
    outer loop
      vertex 24.3223 -7.89757 3.3
      vertex 18.8112 -6.57527 3.3
      vertex 19.3255 -8.04449 3.3
    endloop
  endfacet
  facet normal -0 0 1
    outer loop
      vertex 17.9294 -6.72221 3.3
      vertex 19.3255 -8.04449 3.3
      vertex 18.8112 -6.57527 3.3
    endloop
  endfacet
  facet normal 0 0 1
    outer loop
      vertex 17.9294 -6.72221 3.3
      vertex 14.4023 -7.97109 3.3
      vertex 19.3255 -8.04449 3.3
    endloop
  endfacet
  facet normal -0 0 1
    outer loop
      vertex 10.8752 -7.82414 3.3
      vertex 14.4023 -7.97109 3.3
      vertex 17.9294 -6.72221 3.3
    endloop
  endfacet
  facet normal 0 0 1
    outer loop
      vertex 14.4023 -7.97109 3.3
      vertex 10.8752 -7.82414 3.3
      vertex 13.0796 -8.11801 3.3
    endloop
  endfacet
  facet normal 0 0 1
    outer loop
      vertex 3.08617 -6.64869 3.3
      vertex 10.8752 -7.82414 3.3
      vertex 17.9294 -6.72221 3.3
    endloop
  endfacet
  facet normal 0 0 1
    outer loop
      vertex 10.8752 -7.82414 3.3
      vertex 3.08617 -6.64869 3.3
      vertex 6.46633 -7.82414 3.3
    endloop
  endfacet
  facet normal 0 0 1
    outer loop
      vertex -0.220457 -8.19144 3.3
      vertex 3.08617 -6.64869 3.3
      vertex 1.76358 -6.50175 3.3
    endloop
  endfacet
  facet normal 0 0 1
    outer loop
      vertex 3.08617 -6.64869 3.3
      vertex -0.220457 -8.19144 3.3
      vertex 6.46633 -7.82414 3.3
    endloop
  endfacet
  facet normal 0 0 1
    outer loop
      vertex 1.76358 -6.50175 3.3
      vertex -4.70275 -8.19144 3.3
      vertex -0.220457 -8.19144 3.3
    endloop
  endfacet
  facet normal 0 0 1
    outer loop
      vertex 1.76358 -6.50175 3.3
      vertex -6.39283 -7.89757 3.3
      vertex -4.70275 -8.19144 3.3
    endloop
  endfacet
  facet normal -0 0 1
    outer loop
      vertex -11.9039 -6.50175 3.3
      vertex -6.39283 -7.89757 3.3
      vertex 1.76358 -6.50175 3.3
    endloop
  endfacet
  facet normal 0 0 1
    outer loop
      vertex -6.39283 -7.89757 3.3
      vertex -11.9039 -6.50175 3.3
      vertex -10.2874 -8.19144 3.3
    endloop
  endfacet
  facet normal -0 0 1
    outer loop
      vertex -12.9327 -6.64869 3.3
      vertex -10.2874 -8.19144 3.3
      vertex -11.9039 -6.50175 3.3
    endloop
  endfacet
  facet normal 0 0 1
    outer loop
      vertex -12.9327 -6.64869 3.3
      vertex -17.4151 -8.19144 3.3
      vertex -10.2874 -8.19144 3.3
    endloop
  endfacet
  facet normal 0 0 1
    outer loop
      vertex -12.9327 -6.64869 3.3
      vertex -19.6195 -8.04449 3.3
      vertex -17.4151 -8.19144 3.3
    endloop
  endfacet
  facet normal 0 0 1
    outer loop
      vertex -24.5428 -6.57527 3.3
      vertex -19.9868 -8.19144 3.3
      vertex -19.6195 -8.04449 3.3
    endloop
  endfacet
  facet normal 0 0 1
    outer loop
      vertex -24.5428 -6.57527 3.3
      vertex -19.6195 -8.04449 3.3
      vertex -12.9327 -6.64869 3.3
    endloop
  endfacet
  facet normal 0 0 1
    outer loop
      vertex -19.9868 -8.19144 3.3
      vertex -24.5428 -6.57527 3.3
      vertex -24.4692 -8.19144 3.3
    endloop
  endfacet
  facet normal 0 0 1
    outer loop
      vertex -24.4692 -8.19144 3.3
      vertex -24.5428 -6.57527 3.3
      vertex -24.8366 -7.89757 3.3
    endloop
  endfacet
  facet normal 0 0 1
    outer loop
      vertex 35.2709 -10.1015 3.3
      vertex 35.4179 -11.3505 3.3
      vertex 35.5649 -10.322 3.3
    endloop
  endfacet
  facet normal -0 0 1
    outer loop
      vertex 34.0217 -10.9097 3.3
      vertex 35.4179 -11.3505 3.3
      vertex 35.2709 -10.1015 3.3
    endloop
  endfacet
  facet normal 0 0 1
    outer loop
      vertex 35.4179 -11.3505 3.3
      vertex 34.1687 -11.3505 3.3
      vertex 34.9035 -12.8933 3.3
    endloop
  endfacet
  facet normal 0 0 1
    outer loop
      vertex 35.4179 -11.3505 3.3
      vertex 34.0217 -10.9097 3.3
      vertex 34.1687 -11.3505 3.3
    endloop
  endfacet
  facet normal 0 0 1
    outer loop
      vertex 33.0665 -10.0281 3.3
      vertex 34.0217 -10.9097 3.3
      vertex 35.2709 -10.1015 3.3
    endloop
  endfacet
  facet normal 0 0 1
    outer loop
      vertex 34.0217 -10.9097 3.3
      vertex 33.0665 -10.0281 3.3
      vertex 33.5808 -10.8362 3.3
    endloop
  endfacet
  facet normal 0 0 1
    outer loop
      vertex 33.0665 -10.0281 3.3
      vertex 33.0665 -11.1301 3.3
      vertex 33.5808 -10.8362 3.3
    endloop
  endfacet
  facet normal -0 0 1
    outer loop
      vertex 32.4052 -10.1751 3.3
      vertex 33.0665 -11.1301 3.3
      vertex 33.0665 -10.0281 3.3
    endloop
  endfacet
  facet normal -0 0 1
    outer loop
      vertex 32.0378 -10.6893 3.3
      vertex 33.0665 -11.1301 3.3
      vertex 32.4052 -10.1751 3.3
    endloop
  endfacet
  facet normal 0 0 1
    outer loop
      vertex 33.0665 -11.1301 3.3
      vertex 32.0378 -10.6893 3.3
      vertex 32.2583 -12.8933 3.3
    endloop
  endfacet
  facet normal 0 0 1
    outer loop
      vertex 34.0217 -14.2157 3.3
      vertex 35.2709 -14.2157 3.3
      vertex 35.3444 -13.481 3.3
    endloop
  endfacet
  facet normal 0 0 1
    outer loop
      vertex 34.0217 -14.2157 3.3
      vertex 35.3444 -13.481 3.3
      vertex 34.9035 -12.8933 3.3
    endloop
  endfacet
  facet normal 0 0 1
    outer loop
      vertex 33.7279 -12.9668 3.3
      vertex 34.9035 -12.8933 3.3
      vertex 34.1687 -11.3505 3.3
    endloop
  endfacet
  facet normal 0 -0 1
    outer loop
      vertex 34.0217 -14.2157 3.3
      vertex 34.9035 -12.8933 3.3
      vertex 33.7279 -12.9668 3.3
    endloop
  endfacet
  facet normal 0 0 1
    outer loop
      vertex 34.9771 -14.8034 3.3
      vertex 34.0217 -14.2157 3.3
      vertex 34.0953 -14.8034 3.3
    endloop
  endfacet
  facet normal 0 0 1
    outer loop
      vertex 35.2709 -14.2157 3.3
      vertex 34.0217 -14.2157 3.3
      vertex 34.9771 -14.8034 3.3
    endloop
  endfacet
  facet normal 0 0 1
    outer loop
      vertex 33.7279 -12.9668 3.3
      vertex 33.7279 -13.9953 3.3
      vertex 34.0217 -14.2157 3.3
    endloop
  endfacet
  facet normal -0 0 1
    outer loop
      vertex 33.3604 -13.2607 3.3
      vertex 33.7279 -13.9953 3.3
      vertex 33.7279 -12.9668 3.3
    endloop
  endfacet
  facet normal 0 0 1
    outer loop
      vertex 32.4052 -13.1871 3.3
      vertex 33.7279 -13.9953 3.3
      vertex 33.3604 -13.2607 3.3
    endloop
  endfacet
  facet normal 0 0 1
    outer loop
      vertex 32.4052 -13.1871 3.3
      vertex 31.8174 -13.9953 3.3
      vertex 33.7279 -13.9953 3.3
    endloop
  endfacet
  facet normal 0 0 1
    outer loop
      vertex 32.2583 -12.8933 3.3
      vertex 31.8174 -13.9953 3.3
      vertex 32.4052 -13.1871 3.3
    endloop
  endfacet
  facet normal 0 0 1
    outer loop
      vertex 31.0825 -12.9668 3.3
      vertex 32.2583 -12.8933 3.3
      vertex 32.0378 -10.6893 3.3
    endloop
  endfacet
  facet normal 0 0 1
    outer loop
      vertex 32.2583 -12.8933 3.3
      vertex 31.0825 -12.9668 3.3
      vertex 31.8174 -13.9953 3.3
    endloop
  endfacet
  facet normal 0 0 1
    outer loop
      vertex 31.8174 -13.9953 3.3
      vertex 31.0825 -12.9668 3.3
      vertex 31.3029 -14.2892 3.3
    endloop
  endfacet
  facet normal -0 0 1
    outer loop
      vertex 30.3477 -13.481 3.3
      vertex 31.3029 -14.2892 3.3
      vertex 31.0825 -12.9668 3.3
    endloop
  endfacet
  facet normal 0 0 1
    outer loop
      vertex 30.2007 -14.6565 3.3
      vertex 31.3029 -14.2892 3.3
      vertex 30.3477 -13.481 3.3
    endloop
  endfacet
  facet normal 0 -0 1
    outer loop
      vertex 30.3477 -14.8034 3.3
      vertex 31.3029 -14.2892 3.3
      vertex 30.2007 -14.6565 3.3
    endloop
  endfacet
  facet normal 0 0 1
    outer loop
      vertex 31.3029 -14.2892 3.3
      vertex 30.3477 -14.8034 3.3
      vertex 31.156 -14.8034 3.3
    endloop
  endfacet
  facet normal 0 0 1
    outer loop
      vertex 11.9774 -10.0281 3.3
      vertex 12.2713 -10.7628 3.3
      vertex 12.4183 -10.2485 3.3
    endloop
  endfacet
  facet normal 0 0 1
    outer loop
      vertex 11.9774 -10.0281 3.3
      vertex 11.3161 -10.9097 3.3
      vertex 12.2713 -10.7628 3.3
    endloop
  endfacet
  facet normal 0 0 1
    outer loop
      vertex 11.9774 -10.0281 3.3
      vertex 9.9934 -10.8362 3.3
      vertex 11.3161 -10.9097 3.3
    endloop
  endfacet
  facet normal -0 0 1
    outer loop
      vertex 9.40558 -10.0281 3.3
      vertex 9.9934 -10.8362 3.3
      vertex 11.9774 -10.0281 3.3
    endloop
  endfacet
  facet normal -0 0 1
    outer loop
      vertex 9.0382 -10.1751 3.3
      vertex 9.9934 -10.8362 3.3
      vertex 9.40558 -10.0281 3.3
    endloop
  endfacet
  facet normal 0 0 1
    outer loop
      vertex 9.9934 -10.8362 3.3
      vertex 9.0382 -10.1751 3.3
      vertex 9.5525 -11.277 3.3
    endloop
  endfacet
  facet normal -0 0 1
    outer loop
      vertex 8.5973 -10.5424 3.3
      vertex 9.5525 -11.277 3.3
      vertex 9.0382 -10.1751 3.3
    endloop
  endfacet
  facet normal 0 0 1
    outer loop
      vertex 11.463 -13.3341 3.3
      vertex 11.3161 -14.1423 3.3
      vertex 11.61 -13.7014 3.3
    endloop
  endfacet
  facet normal 0 0 1
    outer loop
      vertex 9.47909 -13.2607 3.3
      vertex 11.3161 -14.1423 3.3
      vertex 11.463 -13.3341 3.3
    endloop
  endfacet
  facet normal 0 0 1
    outer loop
      vertex 7.86244 -13.0402 3.3
      vertex 9.5525 -11.277 3.3
      vertex 8.5973 -10.5424 3.3
    endloop
  endfacet
  facet normal 0 0 1
    outer loop
      vertex 9.47909 -13.2607 3.3
      vertex 8.52378 -14.2157 3.3
      vertex 11.3161 -14.1423 3.3
    endloop
  endfacet
  facet normal 0 0 1
    outer loop
      vertex 9.18514 -13.0402 3.3
      vertex 8.52378 -14.2157 3.3
      vertex 9.47909 -13.2607 3.3
    endloop
  endfacet
  facet normal 0 0 1
    outer loop
      vertex 9.5525 -11.277 3.3
      vertex 7.86244 -13.0402 3.3
      vertex 9.18514 -13.0402 3.3
    endloop
  endfacet
  facet normal 0 -0 1
    outer loop
      vertex 7.93596 -13.7014 3.3
      vertex 9.18514 -13.0402 3.3
      vertex 7.86244 -13.0402 3.3
    endloop
  endfacet
  facet normal 0 0 1
    outer loop
      vertex 9.18514 -13.0402 3.3
      vertex 7.93596 -13.7014 3.3
      vertex 8.52378 -14.2157 3.3
    endloop
  endfacet
  facet normal 0 0 1
    outer loop
      vertex 28.6576 -10.9831 3.3
      vertex 30.0538 -10.4689 3.3
      vertex 29.4659 -10.0281 3.3
    endloop
  endfacet
  facet normal 0 0 1
    outer loop
      vertex 30.0538 -10.4689 3.3
      vertex 28.6576 -10.9831 3.3
      vertex 30.1273 -11.2036 3.3
    endloop
  endfacet
  facet normal 0 0 1
    outer loop
      vertex 30.1273 -11.2036 3.3
      vertex 28.8046 -11.424 3.3
      vertex 29.3924 -13.6279 3.3
    endloop
  endfacet
  facet normal -0 0 1
    outer loop
      vertex 28.3637 -12.9668 3.3
      vertex 29.3924 -13.6279 3.3
      vertex 28.8046 -11.424 3.3
    endloop
  endfacet
  facet normal 0 0 1
    outer loop
      vertex 30.1273 -11.2036 3.3
      vertex 28.6576 -10.9831 3.3
      vertex 28.8046 -11.424 3.3
    endloop
  endfacet
  facet normal 0 0 1
    outer loop
      vertex 29.4659 -10.0281 3.3
      vertex 27.6289 -10.8362 3.3
      vertex 28.6576 -10.9831 3.3
    endloop
  endfacet
  facet normal -0 0 1
    outer loop
      vertex 26.9676 -10.0281 3.3
      vertex 27.6289 -10.8362 3.3
      vertex 29.4659 -10.0281 3.3
    endloop
  endfacet
  facet normal 0 0 1
    outer loop
      vertex 26.9676 -10.0281 3.3
      vertex 27.1145 -11.2036 3.3
      vertex 27.6289 -10.8362 3.3
    endloop
  endfacet
  facet normal -0 0 1
    outer loop
      vertex 26.4532 -10.2485 3.3
      vertex 27.1145 -11.2036 3.3
      vertex 26.9676 -10.0281 3.3
    endloop
  endfacet
  facet normal -0 0 1
    outer loop
      vertex 26.0123 -10.8362 3.3
      vertex 27.1145 -11.2036 3.3
      vertex 26.4532 -10.2485 3.3
    endloop
  endfacet
  facet normal 0 0 1
    outer loop
      vertex 25.8653 -11.7913 3.3
      vertex 27.1145 -11.2036 3.3
      vertex 26.0123 -10.8362 3.3
    endloop
  endfacet
  facet normal 0 0 1
    outer loop
      vertex 29.3924 -13.6279 3.3
      vertex 28.3637 -12.9668 3.3
      vertex 29.025 -13.9953 3.3
    endloop
  endfacet
  facet normal 0 0 1
    outer loop
      vertex 29.025 -13.9953 3.3
      vertex 28.3637 -12.9668 3.3
      vertex 28.6576 -14.1423 3.3
    endloop
  endfacet
  facet normal -0 0 1
    outer loop
      vertex 27.9963 -13.2607 3.3
      vertex 28.6576 -14.1423 3.3
      vertex 28.3637 -12.9668 3.3
    endloop
  endfacet
  facet normal 0 0 1
    outer loop
      vertex 26.8941 -13.1871 3.3
      vertex 28.6576 -14.1423 3.3
      vertex 27.9963 -13.2607 3.3
    endloop
  endfacet
  facet normal 0 0 1
    outer loop
      vertex 27.1145 -11.2036 3.3
      vertex 25.8653 -11.7913 3.3
      vertex 27.0411 -12.0117 3.3
    endloop
  endfacet
  facet normal 0 0 1
    outer loop
      vertex 27.0411 -12.0117 3.3
      vertex 25.8653 -11.7913 3.3
      vertex 26.7471 -12.8199 3.3
    endloop
  endfacet
  facet normal 0 0 1
    outer loop
      vertex 25.4244 -13.0402 3.3
      vertex 26.7471 -12.8199 3.3
      vertex 25.8653 -11.7913 3.3
    endloop
  endfacet
  facet normal 0 0 1
    outer loop
      vertex 26.8941 -13.1871 3.3
      vertex 25.8653 -14.1423 3.3
      vertex 28.6576 -14.1423 3.3
    endloop
  endfacet
  facet normal 0 0 1
    outer loop
      vertex 26.7471 -12.8199 3.3
      vertex 25.4244 -13.0402 3.3
      vertex 26.8941 -13.1871 3.3
    endloop
  endfacet
  facet normal 0 -0 1
    outer loop
      vertex 25.7184 -13.9953 3.3
      vertex 26.8941 -13.1871 3.3
      vertex 25.4244 -13.0402 3.3
    endloop
  endfacet
  facet normal 0 0 1
    outer loop
      vertex 26.8941 -13.1871 3.3
      vertex 25.7184 -13.9953 3.3
      vertex 25.8653 -14.1423 3.3
    endloop
  endfacet
  facet normal -0 0 1
    outer loop
      vertex 55.0374 -12.2321 3.3
      vertex 56.1395 -13.481 3.3
      vertex 56.0661 -10.322 3.3
    endloop
  endfacet
  facet normal 0 0 1
    outer loop
      vertex 54.9639 -11.277 3.3
      vertex 56.0661 -10.322 3.3
      vertex 55.7722 -10.1015 3.3
    endloop
  endfacet
  facet normal -0 -0 1
    outer loop
      vertex 55.1108 -13.3341 3.3
      vertex 56.1395 -13.481 3.3
      vertex 55.0374 -12.2321 3.3
    endloop
  endfacet
  facet normal 0 0 1
    outer loop
      vertex 55.9926 -13.7014 3.3
      vertex 55.1108 -13.3341 3.3
      vertex 55.1843 -13.7749 3.3
    endloop
  endfacet
  facet normal 0 0 1
    outer loop
      vertex 56.1395 -13.481 3.3
      vertex 55.1108 -13.3341 3.3
      vertex 55.9926 -13.7014 3.3
    endloop
  endfacet
  facet normal 0 0 1
    outer loop
      vertex 56.0661 -10.322 3.3
      vertex 54.9639 -11.277 3.3
      vertex 55.0374 -12.2321 3.3
    endloop
  endfacet
  facet normal 0 0 1
    outer loop
      vertex 55.7722 -10.1015 3.3
      vertex 54.6699 -11.0567 3.3
      vertex 54.9639 -11.277 3.3
    endloop
  endfacet
  facet normal -0 0 1
    outer loop
      vertex 53.9352 -10.1751 3.3
      vertex 54.6699 -11.0567 3.3
      vertex 55.7722 -10.1015 3.3
    endloop
  endfacet
  facet normal 0 0 1
    outer loop
      vertex 54.3761 -11.277 3.3
      vertex 53.2003 -11.2036 3.3
      vertex 54.0086 -12.0117 3.3
    endloop
  endfacet
  facet normal -0 0 1
    outer loop
      vertex 53.2003 -11.2036 3.3
      vertex 54.3761 -11.277 3.3
      vertex 53.9352 -10.1751 3.3
    endloop
  endfacet
  facet normal 0 0 1
    outer loop
      vertex 54.6699 -11.0567 3.3
      vertex 53.9352 -10.1751 3.3
      vertex 54.3761 -11.277 3.3
    endloop
  endfacet
  facet normal 0 0 1
    outer loop
      vertex 55.0374 -12.2321 3.3
      vertex 54.817 -13.1137 3.3
      vertex 55.1108 -13.3341 3.3
    endloop
  endfacet
  facet normal -0 0 1
    outer loop
      vertex 54.7434 -12.4525 3.3
      vertex 54.817 -13.1137 3.3
      vertex 55.0374 -12.2321 3.3
    endloop
  endfacet
  facet normal -0 0 1
    outer loop
      vertex 54.3025 -12.4525 3.3
      vertex 54.817 -13.1137 3.3
      vertex 54.7434 -12.4525 3.3
    endloop
  endfacet
  facet normal 0 0 1
    outer loop
      vertex 53.7882 -13.1137 3.3
      vertex 54.3025 -12.4525 3.3
      vertex 54.0086 -12.2321 3.3
    endloop
  endfacet
  facet normal 0 0 1
    outer loop
      vertex 54.3025 -12.4525 3.3
      vertex 53.7882 -13.1137 3.3
      vertex 54.817 -13.1137 3.3
    endloop
  endfacet
  facet normal 0 0 1
    outer loop
      vertex 54.0086 -12.0117 3.3
      vertex 53.2003 -11.2036 3.3
      vertex 54.0086 -12.2321 3.3
    endloop
  endfacet
  facet normal 0 -0 1
    outer loop
      vertex 53.2738 -13.481 3.3
      vertex 54.0086 -12.2321 3.3
      vertex 53.2003 -11.2036 3.3
    endloop
  endfacet
  facet normal 0 0 1
    outer loop
      vertex 54.0086 -12.2321 3.3
      vertex 53.2738 -13.481 3.3
      vertex 53.7882 -13.1137 3.3
    endloop
  endfacet
  facet normal 0 0 1
    outer loop
      vertex 52.0246 -13.7749 3.3
      vertex 53.2738 -13.481 3.3
      vertex 53.2003 -11.2036 3.3
    endloop
  endfacet
  facet normal 0 -0 1
    outer loop
      vertex 52.4655 -13.9953 3.3
      vertex 53.2738 -13.481 3.3
      vertex 52.0246 -13.7749 3.3
    endloop
  endfacet
  facet normal 0 0 1
    outer loop
      vertex 53.2738 -13.481 3.3
      vertex 52.4655 -13.9953 3.3
      vertex 52.9798 -13.9218 3.3
    endloop
  endfacet
  facet normal -0 0 1
    outer loop
      vertex 47.6157 -10.1751 3.3
      vertex 48.6445 -10.322 3.3
      vertex 48.4975 -10.1751 3.3
    endloop
  endfacet
  facet normal -0 0 1
    outer loop
      vertex 50.4081 -10.1751 3.3
      vertex 51.5102 -10.3954 3.3
      vertex 51.5837 -10.1751 3.3
    endloop
  endfacet
  facet normal 0 0 1
    outer loop
      vertex 50.4081 -10.1751 3.3
      vertex 49.7467 -11.9383 3.3
      vertex 51.5102 -10.3954 3.3
    endloop
  endfacet
  facet normal 0 0 1
    outer loop
      vertex 49.8202 -12.3791 3.3
      vertex 48.9384 -12.6729 3.3
      vertex 49.6732 -13.9953 3.3
    endloop
  endfacet
  facet normal -0 0 1
    outer loop
      vertex 48.8649 -11.5709 3.3
      vertex 49.7467 -11.9383 3.3
      vertex 50.4081 -10.1751 3.3
    endloop
  endfacet
  facet normal 0 0 1
    outer loop
      vertex 49.7467 -11.9383 3.3
      vertex 48.8649 -11.5709 3.3
      vertex 48.9384 -12.6729 3.3
    endloop
  endfacet
  facet normal 0 0 1
    outer loop
      vertex 48.8649 -11.5709 3.3
      vertex 48.6445 -12.4525 3.3
      vertex 48.9384 -12.6729 3.3
    endloop
  endfacet
  facet normal 0 0 1
    outer loop
      vertex 48.571 -11.3505 3.3
      vertex 48.6445 -12.4525 3.3
      vertex 48.8649 -11.5709 3.3
    endloop
  endfacet
  facet normal 0 0 1
    outer loop
      vertex 48.571 -11.3505 3.3
      vertex 48.1302 -12.7463 3.3
      vertex 48.6445 -12.4525 3.3
    endloop
  endfacet
  facet normal 0 0 1
    outer loop
      vertex 48.6445 -10.322 3.3
      vertex 47.6157 -10.1751 3.3
      vertex 48.571 -11.3505 3.3
    endloop
  endfacet
  facet normal 0 0 1
    outer loop
      vertex 48.571 -11.3505 3.3
      vertex 47.6157 -10.1751 3.3
      vertex 48.1302 -12.7463 3.3
    endloop
  endfacet
  facet normal 0 0 1
    outer loop
      vertex 46.734 -13.5545 3.3
      vertex 48.1302 -12.7463 3.3
      vertex 47.6157 -10.1751 3.3
    endloop
  endfacet
  facet normal 0 0 1
    outer loop
      vertex 48.1302 -12.7463 3.3
      vertex 46.734 -13.5545 3.3
      vertex 47.9097 -13.7014 3.3
    endloop
  endfacet
  facet normal 0 0 1
    outer loop
      vertex 47.9097 -13.7014 3.3
      vertex 46.734 -13.5545 3.3
      vertex 47.6893 -13.9218 3.3
    endloop
  endfacet
  facet normal 0 0 1
    outer loop
      vertex 47.6893 -13.9218 3.3
      vertex 46.734 -13.5545 3.3
      vertex 46.9544 -13.9953 3.3
    endloop
  endfacet
  facet normal 0 0 1
    outer loop
      vertex 49.6732 -13.9953 3.3
      vertex 50.7755 -13.7749 3.3
      vertex 49.8202 -12.3791 3.3
    endloop
  endfacet
  facet normal 0 0 1
    outer loop
      vertex 50.7755 -13.7749 3.3
      vertex 49.6732 -13.9953 3.3
      vertex 50.7019 -13.9953 3.3
    endloop
  endfacet
  facet normal 0 0 1
    outer loop
      vertex 48.9384 -12.6729 3.3
      vertex 49.8202 -12.3791 3.3
      vertex 49.7467 -11.9383 3.3
    endloop
  endfacet
  facet normal 0 0 1
    outer loop
      vertex 45.7052 -10.1015 3.3
      vertex 46.0726 -10.5424 3.3
      vertex 45.9992 -10.2485 3.3
    endloop
  endfacet
  facet normal 0 0 1
    outer loop
      vertex 44.75 -10.9097 3.3
      vertex 46.0726 -10.5424 3.3
      vertex 45.7052 -10.1015 3.3
    endloop
  endfacet
  facet normal 0 0 1
    outer loop
      vertex 46.0726 -10.5424 3.3
      vertex 44.75 -10.9097 3.3
      vertex 45.3378 -13.6279 3.3
    endloop
  endfacet
  facet normal 0 0 1
    outer loop
      vertex 44.1622 -13.9218 3.3
      vertex 45.3378 -13.6279 3.3
      vertex 44.75 -10.9097 3.3
    endloop
  endfacet
  facet normal 0 0 1
    outer loop
      vertex 45.7052 -10.1015 3.3
      vertex 44.3091 -10.6159 3.3
      vertex 44.75 -10.9097 3.3
    endloop
  endfacet
  facet normal -0 0 1
    outer loop
      vertex 43.2069 -10.1751 3.3
      vertex 44.3091 -10.6159 3.3
      vertex 45.7052 -10.1015 3.3
    endloop
  endfacet
  facet normal 0 0 1
    outer loop
      vertex 43.2069 -10.1751 3.3
      vertex 43.7213 -11.1301 3.3
      vertex 44.3091 -10.6159 3.3
    endloop
  endfacet
  facet normal -0 0 1
    outer loop
      vertex 42.766 -10.8362 3.3
      vertex 43.7213 -11.1301 3.3
      vertex 43.2069 -10.1751 3.3
    endloop
  endfacet
  facet normal 0 0 1
    outer loop
      vertex 41.8843 -12.8933 3.3
      vertex 43.7213 -11.1301 3.3
      vertex 42.766 -10.8362 3.3
    endloop
  endfacet
  facet normal 0 0 1
    outer loop
      vertex 43.7213 -11.1301 3.3
      vertex 41.8843 -12.8933 3.3
      vertex 42.4721 -13.8484 3.3
    endloop
  endfacet
  facet normal 0 0 1
    outer loop
      vertex 42.4721 -13.8484 3.3
      vertex 41.8843 -12.8933 3.3
      vertex 42.1782 -14.0687 3.3
    endloop
  endfacet
  facet normal -0 0 1
    outer loop
      vertex 41.1494 -13.481 3.3
      vertex 42.1782 -14.0687 3.3
      vertex 41.8843 -12.8933 3.3
    endloop
  endfacet
  facet normal 0 0 1
    outer loop
      vertex 42.1782 -14.0687 3.3
      vertex 41.1494 -13.481 3.3
      vertex 41.2964 -13.9953 3.3
    endloop
  endfacet
  facet normal 0 0 1
    outer loop
      vertex 41.2964 -13.9953 3.3
      vertex 41.1494 -13.481 3.3
      vertex 41.1494 -13.8484 3.3
    endloop
  endfacet
  facet normal 0 0 1
    outer loop
      vertex 45.3378 -13.6279 3.3
      vertex 44.1622 -13.9218 3.3
      vertex 45.0439 -13.9953 3.3
    endloop
  endfacet
  facet normal 0 0 1
    outer loop
      vertex 40.635 -10.1015 3.3
      vertex 40.7085 -10.6893 3.3
      vertex 40.782 -10.2485 3.3
    endloop
  endfacet
  facet normal 0 0 1
    outer loop
      vertex 40.635 -10.1015 3.3
      vertex 39.3858 -10.6159 3.3
      vertex 40.7085 -10.6893 3.3
    endloop
  endfacet
  facet normal 0 0 1
    outer loop
      vertex 39.3858 -10.6159 3.3
      vertex 38.5041 -10.9097 3.3
      vertex 39.092 -10.8362 3.3
    endloop
  endfacet
  facet normal -0 0 1
    outer loop
      vertex 37.4754 -10.1015 3.3
      vertex 39.3858 -10.6159 3.3
      vertex 40.635 -10.1015 3.3
    endloop
  endfacet
  facet normal 0 0 1
    outer loop
      vertex 38.3571 -11.6444 3.3
      vertex 36.8141 -12.1586 3.3
      vertex 38.2102 -12.3791 3.3
    endloop
  endfacet
  facet normal 0 0 1
    outer loop
      vertex 36.8141 -12.1586 3.3
      vertex 38.2102 -11.277 3.3
      vertex 37.4754 -10.1015 3.3
    endloop
  endfacet
  facet normal 0 0 1
    outer loop
      vertex 38.5041 -10.9097 3.3
      vertex 37.4754 -10.1015 3.3
      vertex 38.2102 -11.277 3.3
    endloop
  endfacet
  facet normal 0 0 1
    outer loop
      vertex 39.3858 -10.6159 3.3
      vertex 37.4754 -10.1015 3.3
      vertex 38.5041 -10.9097 3.3
    endloop
  endfacet
  facet normal 0 0 1
    outer loop
      vertex 39.9738 -11.7178 3.3
      vertex 39.3858 -12.3791 3.3
      vertex 40.1207 -12.0852 3.3
    endloop
  endfacet
  facet normal 0 0 1
    outer loop
      vertex 38.3571 -11.6444 3.3
      vertex 39.3858 -12.3791 3.3
      vertex 39.9738 -11.7178 3.3
    endloop
  endfacet
  facet normal 0 0 1
    outer loop
      vertex 38.3571 -11.6444 3.3
      vertex 38.2102 -12.3791 3.3
      vertex 39.3858 -12.3791 3.3
    endloop
  endfacet
  facet normal 0 0 1
    outer loop
      vertex 36.8141 -12.1586 3.3
      vertex 38.3571 -11.6444 3.3
      vertex 38.2102 -11.277 3.3
    endloop
  endfacet
  facet normal 0 0 1
    outer loop
      vertex 39.9738 -13.3341 3.3
      vertex 39.8267 -13.9953 3.3
      vertex 40.0472 -13.6279 3.3
    endloop
  endfacet
  facet normal 0 0 1
    outer loop
      vertex 38.0632 -13.2607 3.3
      vertex 39.8267 -13.9953 3.3
      vertex 39.9738 -13.3341 3.3
    endloop
  endfacet
  facet normal 0 0 1
    outer loop
      vertex 38.0632 -13.2607 3.3
      vertex 37.4754 -13.8484 3.3
      vertex 39.8267 -13.9953 3.3
    endloop
  endfacet
  facet normal 0 0 1
    outer loop
      vertex 37.7693 -12.8933 3.3
      vertex 37.4754 -13.8484 3.3
      vertex 38.0632 -13.2607 3.3
    endloop
  endfacet
  facet normal 0 0 1
    outer loop
      vertex 38.2102 -12.3791 3.3
      vertex 36.8141 -12.1586 3.3
      vertex 37.7693 -12.8933 3.3
    endloop
  endfacet
  facet normal 0 0 1
    outer loop
      vertex 36.5201 -13.7749 3.3
      vertex 37.7693 -12.8933 3.3
      vertex 36.8141 -12.1586 3.3
    endloop
  endfacet
  facet normal 0 0 1
    outer loop
      vertex 37.7693 -12.8933 3.3
      vertex 36.5201 -13.7749 3.3
      vertex 37.4754 -13.8484 3.3
    endloop
  endfacet
  facet normal 0 0 1
    outer loop
      vertex 37.4754 -13.8484 3.3
      vertex 36.5201 -13.7749 3.3
      vertex 37.255 -13.9953 3.3
    endloop
  endfacet
  facet normal 0 0 1
    outer loop
      vertex 37.255 -13.9953 3.3
      vertex 36.5201 -13.7749 3.3
      vertex 36.7405 -13.9953 3.3
    endloop
  endfacet
  facet normal -0 0 1
    outer loop
      vertex 15.9454 -12.2321 3.3
      vertex 17.1211 -13.7749 3.3
      vertex 17.0476 -10.322 3.3
    endloop
  endfacet
  facet normal 0 0 1
    outer loop
      vertex 15.8719 -11.3505 3.3
      vertex 17.0476 -10.322 3.3
      vertex 16.7537 -10.1015 3.3
    endloop
  endfacet
  facet normal -0 0 1
    outer loop
      vertex 15.8719 -13.3341 3.3
      vertex 17.1211 -13.7749 3.3
      vertex 15.9454 -12.2321 3.3
    endloop
  endfacet
  facet normal 0 0 1
    outer loop
      vertex 17.1211 -13.7749 3.3
      vertex 16.6802 -13.9218 3.3
      vertex 16.9006 -14.0687 3.3
    endloop
  endfacet
  facet normal 0 0 1
    outer loop
      vertex 17.1211 -13.7749 3.3
      vertex 15.8719 -13.3341 3.3
      vertex 16.6802 -13.9218 3.3
    endloop
  endfacet
  facet normal 0 0 1
    outer loop
      vertex 17.0476 -10.322 3.3
      vertex 15.8719 -11.3505 3.3
      vertex 15.9454 -12.2321 3.3
    endloop
  endfacet
  facet normal 0 0 1
    outer loop
      vertex 16.7537 -10.1015 3.3
      vertex 15.578 -11.1301 3.3
      vertex 15.8719 -11.3505 3.3
    endloop
  endfacet
  facet normal -0 0 1
    outer loop
      vertex 14.7697 -10.1751 3.3
      vertex 15.578 -11.1301 3.3
      vertex 16.7537 -10.1015 3.3
    endloop
  endfacet
  facet normal 0 0 1
    outer loop
      vertex 15.2841 -11.3505 3.3
      vertex 14.7697 -10.1751 3.3
      vertex 14.8432 -12.1586 3.3
    endloop
  endfacet
  facet normal 0 0 1
    outer loop
      vertex 15.578 -11.1301 3.3
      vertex 14.7697 -10.1751 3.3
      vertex 15.2841 -11.3505 3.3
    endloop
  endfacet
  facet normal 0 0 1
    outer loop
      vertex 16.6802 -13.9218 3.3
      vertex 15.8719 -13.3341 3.3
      vertex 16.1659 -14.1423 3.3
    endloop
  endfacet
  facet normal -0 0 1
    outer loop
      vertex 15.6515 -12.4525 3.3
      vertex 15.8719 -13.3341 3.3
      vertex 15.9454 -12.2321 3.3
    endloop
  endfacet
  facet normal 0 0 1
    outer loop
      vertex 15.0636 -13.1871 3.3
      vertex 15.6515 -12.4525 3.3
      vertex 15.1371 -12.526 3.3
    endloop
  endfacet
  facet normal 0 0 1
    outer loop
      vertex 15.6515 -12.4525 3.3
      vertex 15.0636 -13.1871 3.3
      vertex 15.8719 -13.3341 3.3
    endloop
  endfacet
  facet normal 0 0 1
    outer loop
      vertex 14.3288 -13.4076 3.3
      vertex 15.1371 -12.526 3.3
      vertex 14.8432 -12.1586 3.3
    endloop
  endfacet
  facet normal 0 0 1
    outer loop
      vertex 15.1371 -12.526 3.3
      vertex 14.3288 -13.4076 3.3
      vertex 15.0636 -13.1871 3.3
    endloop
  endfacet
  facet normal 0 0 1
    outer loop
      vertex 13.1531 -13.1137 3.3
      vertex 14.8432 -12.1586 3.3
      vertex 14.7697 -10.1751 3.3
    endloop
  endfacet
  facet normal 0 0 1
    outer loop
      vertex 14.8432 -12.1586 3.3
      vertex 13.1531 -13.1137 3.3
      vertex 14.3288 -13.4076 3.3
    endloop
  endfacet
  facet normal 0 0 1
    outer loop
      vertex 14.3288 -13.4076 3.3
      vertex 13.1531 -13.1137 3.3
      vertex 13.888 -14.1423 3.3
    endloop
  endfacet
  facet normal 0 0 1
    outer loop
      vertex 13.1531 -13.1137 3.3
      vertex 12.9327 -14.2157 3.3
      vertex 13.888 -14.1423 3.3
    endloop
  endfacet
  facet normal 0 -0 1
    outer loop
      vertex 12.9327 -14.2157 3.3
      vertex 13.1531 -13.1137 3.3
      vertex 12.7857 -14.0687 3.3
    endloop
  endfacet
  facet normal -0 0 1
    outer loop
      vertex 23.5139 -10.1751 3.3
      vertex 24.8366 -10.5424 3.3
      vertex 24.6897 -10.1751 3.3
    endloop
  endfacet
  facet normal 0 0 1
    outer loop
      vertex 24.8366 -10.5424 3.3
      vertex 23.5139 -10.1751 3.3
      vertex 23.9548 -13.7749 3.3
    endloop
  endfacet
  facet normal -0 0 1
    outer loop
      vertex 22.4852 -13.3341 3.3
      vertex 23.9548 -13.7749 3.3
      vertex 23.5139 -10.1751 3.3
    endloop
  endfacet
  facet normal 0 0 1
    outer loop
      vertex 23.9548 -13.7749 3.3
      vertex 23.367 -13.9218 3.3
      vertex 23.6609 -14.0687 3.3
    endloop
  endfacet
  facet normal 0 0 1
    outer loop
      vertex 23.9548 -13.7749 3.3
      vertex 22.7791 -13.5545 3.3
      vertex 23.367 -13.9218 3.3
    endloop
  endfacet
  facet normal 0 0 1
    outer loop
      vertex 23.367 -13.9218 3.3
      vertex 22.7791 -13.5545 3.3
      vertex 22.9996 -14.0687 3.3
    endloop
  endfacet
  facet normal 0 0 1
    outer loop
      vertex 23.9548 -13.7749 3.3
      vertex 22.4852 -13.3341 3.3
      vertex 22.7791 -13.5545 3.3
    endloop
  endfacet
  facet normal -0 0 1
    outer loop
      vertex 21.8973 -12.3055 3.3
      vertex 22.4852 -13.3341 3.3
      vertex 23.5139 -10.1751 3.3
    endloop
  endfacet
  facet normal -0 0 1
    outer loop
      vertex 21.4564 -12.6729 3.3
      vertex 22.4852 -13.3341 3.3
      vertex 21.8973 -12.3055 3.3
    endloop
  endfacet
  facet normal 0 0 1
    outer loop
      vertex 22.4852 -13.3341 3.3
      vertex 21.4564 -12.6729 3.3
      vertex 21.8973 -13.9218 3.3
    endloop
  endfacet
  facet normal 0 0 1
    outer loop
      vertex 20.3543 -13.5545 3.3
      vertex 21.4564 -12.6729 3.3
      vertex 21.1626 -12.4525 3.3
    endloop
  endfacet
  facet normal 0 0 1
    outer loop
      vertex 21.4564 -12.6729 3.3
      vertex 21.1626 -13.7749 3.3
      vertex 21.8973 -13.9218 3.3
    endloop
  endfacet
  facet normal -0 0 1
    outer loop
      vertex 19.399 -10.322 3.3
      vertex 21.1626 -12.4525 3.3
      vertex 20.6482 -10.2485 3.3
    endloop
  endfacet
  facet normal 0 -0 1
    outer loop
      vertex 20.3543 -13.5545 3.3
      vertex 21.1626 -12.4525 3.3
      vertex 20.0603 -13.3341 3.3
    endloop
  endfacet
  facet normal 0 0 1
    outer loop
      vertex 21.1626 -13.7749 3.3
      vertex 20.3543 -13.5545 3.3
      vertex 20.5748 -13.9953 3.3
    endloop
  endfacet
  facet normal 0 0 1
    outer loop
      vertex 21.4564 -12.6729 3.3
      vertex 20.3543 -13.5545 3.3
      vertex 21.1626 -13.7749 3.3
    endloop
  endfacet
  facet normal 0 0 1
    outer loop
      vertex 19.399 -10.322 3.3
      vertex 20.6482 -10.2485 3.3
      vertex 19.9868 -10.1015 3.3
    endloop
  endfacet
  facet normal 0 0 1
    outer loop
      vertex 21.1626 -12.4525 3.3
      vertex 19.399 -10.322 3.3
      vertex 20.0603 -13.3341 3.3
    endloop
  endfacet
  facet normal 0 0 1
    outer loop
      vertex 18.5172 -13.6279 3.3
      vertex 20.0603 -13.3341 3.3
      vertex 19.399 -10.322 3.3
    endloop
  endfacet
  facet normal 0 0 1
    outer loop
      vertex 20.0603 -13.3341 3.3
      vertex 18.5172 -13.6279 3.3
      vertex 19.693 -13.6279 3.3
    endloop
  endfacet
  facet normal 0 -0 1
    outer loop
      vertex 18.9581 -13.9953 3.3
      vertex 19.693 -13.6279 3.3
      vertex 18.5172 -13.6279 3.3
    endloop
  endfacet
  facet normal 0 -0 1
    outer loop
      vertex 19.3255 -14.1423 3.3
      vertex 19.693 -13.6279 3.3
      vertex 18.9581 -13.9953 3.3
    endloop
  endfacet
  facet normal 0 0 1
    outer loop
      vertex 19.693 -13.6279 3.3
      vertex 19.3255 -14.1423 3.3
      vertex 19.5459 -14.0687 3.3
    endloop
  endfacet
  facet normal 0 0 1
    outer loop
      vertex 18.9581 -13.9953 3.3
      vertex 18.5172 -13.6279 3.3
      vertex 18.6642 -14.1423 3.3
    endloop
  endfacet
  facet normal 0 0 1
    outer loop
      vertex 22.9996 -14.0687 3.3
      vertex 22.7791 -13.5545 3.3
      vertex 22.7791 -13.9218 3.3
    endloop
  endfacet
  facet normal 0.0665114 -0.997786 0
    outer loop
      vertex 0.0251294 -21.6444 2.4
      vertex 8.97966 -21.0475 3.3
      vertex 0.0251294 -21.6444 3.3
    endloop
  endfacet
  facet normal 0.0665114 -0.997786 0
    outer loop
      vertex 8.97966 -21.0475 3.3
      vertex 0.0251294 -21.6444 2.4
      vertex 8.97966 -21.0475 2.4
    endloop
  endfacet
  facet normal 0.0806264 -0.996744 0
    outer loop
      vertex 8.97966 -21.0475 2.4
      vertex 8.98955 -21.0467 3.3
      vertex 8.97966 -21.0475 3.3
    endloop
  endfacet
  facet normal 0.0806264 -0.996744 0
    outer loop
      vertex 8.98955 -21.0467 3.3
      vertex 8.97966 -21.0475 2.4
      vertex 8.98955 -21.0467 2.4
    endloop
  endfacet
  facet normal 0.0835307 -0.996505 0
    outer loop
      vertex 8.98955 -21.0467 2.4
      vertex 76.7986 -15.3627 3.3
      vertex 8.98955 -21.0467 3.3
    endloop
  endfacet
  facet normal 0.0835307 -0.996505 0
    outer loop
      vertex 76.7986 -15.3627 3.3
      vertex 8.98955 -21.0467 2.4
      vertex 76.7986 -15.3627 2.4
    endloop
  endfacet
  facet normal 0.115406 -0.993318 0
    outer loop
      vertex 76.7986 -15.3627 2.4
      vertex 76.8227 -15.3599 3.3
      vertex 76.7986 -15.3627 3.3
    endloop
  endfacet
  facet normal 0.115406 -0.993318 0
    outer loop
      vertex 76.8227 -15.3599 3.3
      vertex 76.7986 -15.3627 2.4
      vertex 76.8227 -15.3599 2.4
    endloop
  endfacet
  facet normal 0.184289 -0.982872 0
    outer loop
      vertex 76.8227 -15.3599 2.4
      vertex 76.8291 -15.3587 3.3
      vertex 76.8227 -15.3599 3.3
    endloop
  endfacet
  facet normal 0.184289 -0.982872 0
    outer loop
      vertex 76.8291 -15.3587 3.3
      vertex 76.8227 -15.3599 2.4
      vertex 76.8291 -15.3587 2.4
    endloop
  endfacet
  facet normal 0.246154 -0.969231 0
    outer loop
      vertex 76.8291 -15.3587 2.4
      vertex 76.8354 -15.3571 3.3
      vertex 76.8291 -15.3587 3.3
    endloop
  endfacet
  facet normal 0.246154 -0.969231 0
    outer loop
      vertex 76.8354 -15.3571 3.3
      vertex 76.8291 -15.3587 2.4
      vertex 76.8354 -15.3571 2.4
    endloop
  endfacet
  facet normal 0.302579 -0.953124 0
    outer loop
      vertex 76.8354 -15.3571 2.4
      vertex 76.8417 -15.3551 3.3
      vertex 76.8354 -15.3571 3.3
    endloop
  endfacet
  facet normal 0.302579 -0.953124 0
    outer loop
      vertex 76.8417 -15.3551 3.3
      vertex 76.8354 -15.3571 2.4
      vertex 76.8417 -15.3551 2.4
    endloop
  endfacet
  facet normal 0.376798 -0.926295 0
    outer loop
      vertex 76.8417 -15.3551 2.4
      vertex 76.8476 -15.3527 3.3
      vertex 76.8417 -15.3551 3.3
    endloop
  endfacet
  facet normal 0.376798 -0.926295 0
    outer loop
      vertex 76.8476 -15.3527 3.3
      vertex 76.8417 -15.3551 2.4
      vertex 76.8476 -15.3527 2.4
    endloop
  endfacet
  facet normal 0.42203 -0.906582 0
    outer loop
      vertex 76.8476 -15.3527 2.4
      vertex 76.8534 -15.35 3.3
      vertex 76.8476 -15.3527 3.3
    endloop
  endfacet
  facet normal 0.42203 -0.906582 0
    outer loop
      vertex 76.8534 -15.35 3.3
      vertex 76.8476 -15.3527 2.4
      vertex 76.8534 -15.35 2.4
    endloop
  endfacet
  facet normal 0.489535 -0.871984 0
    outer loop
      vertex 76.8534 -15.35 2.4
      vertex 76.8591 -15.3468 3.3
      vertex 76.8534 -15.35 3.3
    endloop
  endfacet
  facet normal 0.489535 -0.871984 0
    outer loop
      vertex 76.8591 -15.3468 3.3
      vertex 76.8534 -15.35 2.4
      vertex 76.8591 -15.3468 2.4
    endloop
  endfacet
  facet normal 0.543895 -0.839153 0
    outer loop
      vertex 76.8591 -15.3468 2.4
      vertex 76.8645 -15.3433 3.3
      vertex 76.8591 -15.3468 3.3
    endloop
  endfacet
  facet normal 0.543895 -0.839153 0
    outer loop
      vertex 76.8645 -15.3433 3.3
      vertex 76.8591 -15.3468 2.4
      vertex 76.8645 -15.3433 2.4
    endloop
  endfacet
  facet normal 0.595228 -0.803557 0
    outer loop
      vertex 76.8645 -15.3433 2.4
      vertex 76.8699 -15.3393 3.3
      vertex 76.8645 -15.3433 3.3
    endloop
  endfacet
  facet normal 0.595228 -0.803557 0
    outer loop
      vertex 76.8699 -15.3393 3.3
      vertex 76.8645 -15.3433 2.4
      vertex 76.8699 -15.3393 2.4
    endloop
  endfacet
  facet normal 0.649486 -0.760374 0
    outer loop
      vertex 76.8699 -15.3393 2.4
      vertex 76.8747 -15.3352 3.3
      vertex 76.8699 -15.3393 3.3
    endloop
  endfacet
  facet normal 0.649486 -0.760374 0
    outer loop
      vertex 76.8747 -15.3352 3.3
      vertex 76.8699 -15.3393 2.4
      vertex 76.8747 -15.3352 2.4
    endloop
  endfacet
  facet normal 0.699463 -0.714669 0
    outer loop
      vertex 76.8747 -15.3352 2.4
      vertex 76.8794 -15.3306 3.3
      vertex 76.8747 -15.3352 3.3
    endloop
  endfacet
  facet normal 0.699463 -0.714669 0
    outer loop
      vertex 76.8794 -15.3306 3.3
      vertex 76.8747 -15.3352 2.4
      vertex 76.8794 -15.3306 2.4
    endloop
  endfacet
  facet normal 0.737805 -0.675013 0
    outer loop
      vertex 76.8794 -15.3306 3.3
      vertex 76.8837 -15.3259 2.4
      vertex 76.8837 -15.3259 3.3
    endloop
  endfacet
  facet normal 0.737805 -0.675013 0
    outer loop
      vertex 76.8837 -15.3259 2.4
      vertex 76.8794 -15.3306 3.3
      vertex 76.8794 -15.3306 2.4
    endloop
  endfacet
  facet normal 0.785269 -0.619155 0
    outer loop
      vertex 76.8837 -15.3259 3.3
      vertex 76.8878 -15.3207 2.4
      vertex 76.8878 -15.3207 3.3
    endloop
  endfacet
  facet normal 0.785269 -0.619155 0
    outer loop
      vertex 76.8878 -15.3207 2.4
      vertex 76.8837 -15.3259 3.3
      vertex 76.8837 -15.3259 2.4
    endloop
  endfacet
  facet normal 0.822192 -0.56921 0
    outer loop
      vertex 76.8878 -15.3207 3.3
      vertex 76.8914 -15.3155 2.4
      vertex 76.8914 -15.3155 3.3
    endloop
  endfacet
  facet normal 0.822192 -0.56921 0
    outer loop
      vertex 76.8914 -15.3155 2.4
      vertex 76.8878 -15.3207 3.3
      vertex 76.8878 -15.3207 2.4
    endloop
  endfacet
  facet normal 0.85882 -0.512278 0
    outer loop
      vertex 76.8914 -15.3155 3.3
      vertex 76.8948 -15.3098 2.4
      vertex 76.8948 -15.3098 3.3
    endloop
  endfacet
  facet normal 0.85882 -0.512278 0
    outer loop
      vertex 76.8948 -15.3098 2.4
      vertex 76.8914 -15.3155 3.3
      vertex 76.8914 -15.3155 2.4
    endloop
  endfacet
  facet normal 0.891278 -0.453457 0
    outer loop
      vertex 76.8948 -15.3098 3.3
      vertex 76.8977 -15.3041 2.4
      vertex 76.8977 -15.3041 3.3
    endloop
  endfacet
  facet normal 0.891278 -0.453457 0
    outer loop
      vertex 76.8977 -15.3041 2.4
      vertex 76.8948 -15.3098 3.3
      vertex 76.8948 -15.3098 2.4
    endloop
  endfacet
  facet normal 0.917556 -0.397607 0
    outer loop
      vertex 76.8977 -15.3041 3.3
      vertex 76.9003 -15.2981 2.4
      vertex 76.9003 -15.2981 3.3
    endloop
  endfacet
  facet normal 0.917556 -0.397607 0
    outer loop
      vertex 76.9003 -15.2981 2.4
      vertex 76.8977 -15.3041 3.3
      vertex 76.8977 -15.3041 2.4
    endloop
  endfacet
  facet normal 0.9442 -0.329372 0
    outer loop
      vertex 76.9003 -15.2981 3.3
      vertex 76.9018 -15.2938 2.4
      vertex 76.9018 -15.2938 3.3
    endloop
  endfacet
  facet normal 0.9442 -0.329372 0
    outer loop
      vertex 76.9018 -15.2938 2.4
      vertex 76.9003 -15.2981 3.3
      vertex 76.9003 -15.2981 2.4
    endloop
  endfacet
  facet normal 0.963468 -0.267823 0
    outer loop
      vertex 76.9018 -15.2938 3.3
      vertex 76.9095 -15.2661 2.4
      vertex 76.9095 -15.2661 3.3
    endloop
  endfacet
  facet normal 0.963468 -0.267823 0
    outer loop
      vertex 76.9095 -15.2661 2.4
      vertex 76.9018 -15.2938 3.3
      vertex 76.9018 -15.2938 2.4
    endloop
  endfacet
  facet normal 0.972174 -0.234261 0
    outer loop
      vertex 76.9095 -15.2661 3.3
      vertex 78.8958 -7.02302 2.4
      vertex 78.8958 -7.02302 3.3
    endloop
  endfacet
  facet normal 0.972174 -0.234261 0
    outer loop
      vertex 78.8958 -7.02302 2.4
      vertex 76.9095 -15.2661 3.3
      vertex 76.9095 -15.2661 2.4
    endloop
  endfacet
  facet normal 0.978894 -0.204371 0
    outer loop
      vertex 78.8958 -7.02302 3.3
      vertex 78.9007 -6.99955 2.4
      vertex 78.9007 -6.99955 3.3
    endloop
  endfacet
  facet normal 0.978894 -0.204371 0
    outer loop
      vertex 78.9007 -6.99955 2.4
      vertex 78.8958 -7.02302 3.3
      vertex 78.8958 -7.02302 2.4
    endloop
  endfacet
  facet normal 0.990635 -0.136535 0
    outer loop
      vertex 78.9007 -6.99955 3.3
      vertex 78.9016 -6.99302 2.4
      vertex 78.9016 -6.99302 3.3
    endloop
  endfacet
  facet normal 0.990635 -0.136535 0
    outer loop
      vertex 78.9016 -6.99302 2.4
      vertex 78.9007 -6.99955 3.3
      vertex 78.9007 -6.99955 2.4
    endloop
  endfacet
  facet normal 0.997045 -0.076814 0
    outer loop
      vertex 78.9016 -6.99302 3.3
      vertex 78.9021 -6.98653 2.4
      vertex 78.9021 -6.98653 3.3
    endloop
  endfacet
  facet normal 0.997045 -0.076814 0
    outer loop
      vertex 78.9021 -6.98653 2.4
      vertex 78.9016 -6.99302 3.3
      vertex 78.9016 -6.99302 2.4
    endloop
  endfacet
  facet normal 0.999968 -0.0079552 0
    outer loop
      vertex 78.9021 -6.98653 3.3
      vertex 78.9022 -6.97396 2.4
      vertex 78.9022 -6.97396 3.3
    endloop
  endfacet
  facet normal 0.999968 -0.0079552 0
    outer loop
      vertex 78.9022 -6.97396 2.4
      vertex 78.9021 -6.98653 3.3
      vertex 78.9021 -6.98653 2.4
    endloop
  endfacet
  facet normal 0.998666 0.0516373 0
    outer loop
      vertex 78.9022 -6.97396 3.3
      vertex 78.9017 -6.96429 2.4
      vertex 78.9017 -6.96429 3.3
    endloop
  endfacet
  facet normal 0.998666 0.0516373 0
    outer loop
      vertex 78.9017 -6.96429 2.4
      vertex 78.9022 -6.97396 3.3
      vertex 78.9022 -6.97396 2.4
    endloop
  endfacet
  facet normal 0.99763 0.068803 0
    outer loop
      vertex 78.9017 -6.96429 3.3
      vertex 77.9062 7.47026 2.4
      vertex 77.9062 7.47026 3.3
    endloop
  endfacet
  facet normal 0.99763 0.068803 0
    outer loop
      vertex 77.9062 7.47026 2.4
      vertex 78.9017 -6.96429 3.3
      vertex 78.9017 -6.96429 2.4
    endloop
  endfacet
  facet normal 0.994767 0.102174 0
    outer loop
      vertex 77.9062 7.47026 3.3
      vertex 77.9037 7.4946 2.4
      vertex 77.9037 7.4946 3.3
    endloop
  endfacet
  facet normal 0.994767 0.102174 0
    outer loop
      vertex 77.9037 7.4946 2.4
      vertex 77.9062 7.47026 3.3
      vertex 77.9062 7.47026 2.4
    endloop
  endfacet
  facet normal 0.988085 0.153907 0
    outer loop
      vertex 77.9037 7.4946 3.3
      vertex 77.9027 7.50102 2.4
      vertex 77.9027 7.50102 3.3
    endloop
  endfacet
  facet normal 0.988085 0.153907 0
    outer loop
      vertex 77.9027 7.50102 2.4
      vertex 77.9037 7.4946 3.3
      vertex 77.9037 7.4946 2.4
    endloop
  endfacet
  facet normal 0.972217 0.234081 0
    outer loop
      vertex 77.9027 7.50102 3.3
      vertex 77.9012 7.50725 2.4
      vertex 77.9012 7.50725 3.3
    endloop
  endfacet
  facet normal 0.972217 0.234081 0
    outer loop
      vertex 77.9012 7.50725 2.4
      vertex 77.9027 7.50102 3.3
      vertex 77.9027 7.50102 2.4
    endloop
  endfacet
  facet normal 0.955846 0.293868 0
    outer loop
      vertex 77.9012 7.50725 3.3
      vertex 77.8993 7.51343 2.4
      vertex 77.8993 7.51343 3.3
    endloop
  endfacet
  facet normal 0.955846 0.293868 0
    outer loop
      vertex 77.8993 7.51343 2.4
      vertex 77.9012 7.50725 3.3
      vertex 77.9012 7.50725 2.4
    endloop
  endfacet
  facet normal 0.935121 0.354329 0
    outer loop
      vertex 77.8993 7.51343 3.3
      vertex 77.897 7.5195 2.4
      vertex 77.897 7.5195 3.3
    endloop
  endfacet
  facet normal 0.935121 0.354329 0
    outer loop
      vertex 77.897 7.5195 2.4
      vertex 77.8993 7.51343 3.3
      vertex 77.8993 7.51343 2.4
    endloop
  endfacet
  facet normal 0.909603 0.415479 0
    outer loop
      vertex 77.897 7.5195 3.3
      vertex 77.8942 7.52563 2.4
      vertex 77.8942 7.52563 3.3
    endloop
  endfacet
  facet normal 0.909603 0.415479 0
    outer loop
      vertex 77.8942 7.52563 2.4
      vertex 77.897 7.5195 3.3
      vertex 77.897 7.5195 2.4
    endloop
  endfacet
  facet normal 0.878352 0.478015 0
    outer loop
      vertex 77.8942 7.52563 3.3
      vertex 77.8886 7.53592 2.4
      vertex 77.8886 7.53592 3.3
    endloop
  endfacet
  facet normal 0.878352 0.478015 0
    outer loop
      vertex 77.8886 7.53592 2.4
      vertex 77.8942 7.52563 3.3
      vertex 77.8942 7.52563 2.4
    endloop
  endfacet
  facet normal 0.855551 0.517718 0
    outer loop
      vertex 77.8886 7.53592 3.3
      vertex 77.8827 7.54567 2.4
      vertex 77.8827 7.54567 3.3
    endloop
  endfacet
  facet normal 0.855551 0.517718 0
    outer loop
      vertex 77.8827 7.54567 2.4
      vertex 77.8886 7.53592 3.3
      vertex 77.8886 7.53592 2.4
    endloop
  endfacet
  facet normal 0.840294 0.542131 0
    outer loop
      vertex 77.8827 7.54567 3.3
      vertex 73.9089 13.705 2.4
      vertex 73.9089 13.705 3.3
    endloop
  endfacet
  facet normal 0.840294 0.542131 0
    outer loop
      vertex 73.9089 13.705 2.4
      vertex 77.8827 7.54567 3.3
      vertex 77.8827 7.54567 2.4
    endloop
  endfacet
  facet normal 0.821746 0.569854 0
    outer loop
      vertex 73.9089 13.705 3.3
      vertex 73.8951 13.7249 2.4
      vertex 73.8951 13.7249 3.3
    endloop
  endfacet
  facet normal 0.821746 0.569854 0
    outer loop
      vertex 73.8951 13.7249 2.4
      vertex 73.9089 13.705 3.3
      vertex 73.9089 13.705 2.4
    endloop
  endfacet
  facet normal 0.786853 0.61714 0
    outer loop
      vertex 73.8951 13.7249 3.3
      vertex 73.8911 13.73 2.4
      vertex 73.8911 13.73 3.3
    endloop
  endfacet
  facet normal 0.786853 0.61714 0
    outer loop
      vertex 73.8911 13.73 2.4
      vertex 73.8951 13.7249 3.3
      vertex 73.8951 13.7249 2.4
    endloop
  endfacet
  facet normal 0.744049 0.668125 0
    outer loop
      vertex 73.8911 13.73 3.3
      vertex 73.8867 13.7349 2.4
      vertex 73.8867 13.7349 3.3
    endloop
  endfacet
  facet normal 0.744049 0.668125 0
    outer loop
      vertex 73.8867 13.7349 2.4
      vertex 73.8911 13.73 3.3
      vertex 73.8911 13.73 2.4
    endloop
  endfacet
  facet normal 0.691223 0.722642 -0
    outer loop
      vertex 73.8867 13.7349 2.4
      vertex 73.8821 13.7393 3.3
      vertex 73.8867 13.7349 3.3
    endloop
  endfacet
  facet normal 0.691223 0.722642 0
    outer loop
      vertex 73.8821 13.7393 3.3
      vertex 73.8867 13.7349 2.4
      vertex 73.8821 13.7393 2.4
    endloop
  endfacet
  facet normal 0.644597 0.764522 -0
    outer loop
      vertex 73.8821 13.7393 2.4
      vertex 73.877 13.7436 3.3
      vertex 73.8821 13.7393 3.3
    endloop
  endfacet
  facet normal 0.644597 0.764522 0
    outer loop
      vertex 73.877 13.7436 3.3
      vertex 73.8821 13.7393 2.4
      vertex 73.877 13.7436 2.4
    endloop
  endfacet
  facet normal 0.597481 0.801883 -0
    outer loop
      vertex 73.877 13.7436 2.4
      vertex 73.8719 13.7474 3.3
      vertex 73.877 13.7436 3.3
    endloop
  endfacet
  facet normal 0.597481 0.801883 0
    outer loop
      vertex 73.8719 13.7474 3.3
      vertex 73.877 13.7436 2.4
      vertex 73.8719 13.7474 2.4
    endloop
  endfacet
  facet normal 0.540758 0.841178 -0
    outer loop
      vertex 73.8719 13.7474 2.4
      vertex 73.8663 13.751 3.3
      vertex 73.8719 13.7474 3.3
    endloop
  endfacet
  facet normal 0.540758 0.841178 0
    outer loop
      vertex 73.8663 13.751 3.3
      vertex 73.8719 13.7474 2.4
      vertex 73.8663 13.751 2.4
    endloop
  endfacet
  facet normal 0.478852 0.877896 -0
    outer loop
      vertex 73.8663 13.751 2.4
      vertex 73.8608 13.754 3.3
      vertex 73.8663 13.751 3.3
    endloop
  endfacet
  facet normal 0.478852 0.877896 0
    outer loop
      vertex 73.8608 13.754 3.3
      vertex 73.8663 13.751 2.4
      vertex 73.8608 13.754 2.4
    endloop
  endfacet
  facet normal 0.428086 0.903738 -0
    outer loop
      vertex 73.8608 13.754 2.4
      vertex 73.8551 13.7567 3.3
      vertex 73.8608 13.754 3.3
    endloop
  endfacet
  facet normal 0.428086 0.903738 0
    outer loop
      vertex 73.8551 13.7567 3.3
      vertex 73.8608 13.754 2.4
      vertex 73.8551 13.7567 2.4
    endloop
  endfacet
  facet normal 0.373968 0.927441 -0
    outer loop
      vertex 73.8551 13.7567 2.4
      vertex 73.8489 13.7592 3.3
      vertex 73.8551 13.7567 3.3
    endloop
  endfacet
  facet normal 0.373968 0.927441 0
    outer loop
      vertex 73.8489 13.7592 3.3
      vertex 73.8551 13.7567 2.4
      vertex 73.8489 13.7592 2.4
    endloop
  endfacet
  facet normal 0.295306 0.955403 -0
    outer loop
      vertex 73.8489 13.7592 2.4
      vertex 73.8434 13.7609 3.3
      vertex 73.8489 13.7592 3.3
    endloop
  endfacet
  facet normal 0.295306 0.955403 0
    outer loop
      vertex 73.8434 13.7609 3.3
      vertex 73.8489 13.7592 2.4
      vertex 73.8434 13.7609 2.4
    endloop
  endfacet
  facet normal 0.164399 0.986394 -0
    outer loop
      vertex 73.8434 13.7609 2.4
      vertex 73.8014 13.7679 3.3
      vertex 73.8434 13.7609 3.3
    endloop
  endfacet
  facet normal 0.164399 0.986394 0
    outer loop
      vertex 73.8014 13.7679 3.3
      vertex 73.8434 13.7609 2.4
      vertex 73.8014 13.7679 2.4
    endloop
  endfacet
  facet normal 0.117646 0.993056 -0
    outer loop
      vertex 73.8014 13.7679 2.4
      vertex 65.5798 14.7419 3.3
      vertex 73.8014 13.7679 3.3
    endloop
  endfacet
  facet normal 0.117646 0.993056 0
    outer loop
      vertex 65.5798 14.7419 3.3
      vertex 73.8014 13.7679 2.4
      vertex 65.5798 14.7419 2.4
    endloop
  endfacet
  facet normal 0.999845 0.0175817 0
    outer loop
      vertex 65.5451 16.7135 3.3
      vertex 65.5603 15.8491 2.4
      vertex 65.5451 16.7135 2.4
    endloop
  endfacet
  facet normal 0.999845 0.0175972 -1.48531e-05
    outer loop
      vertex 65.5798 14.7419 3.3
      vertex 65.5603 15.8491 2.4
      vertex 65.5451 16.7135 3.3
    endloop
  endfacet
  facet normal 0.999845 0.0176093 0
    outer loop
      vertex 65.5603 15.8491 2.4
      vertex 65.5798 14.7419 3.3
      vertex 65.5798 14.7419 2.4
    endloop
  endfacet
  facet normal -0.00218184 0.999998 0
    outer loop
      vertex 58.3952 16.6979 2.4
      vertex 65.5451 16.7135 3.3
      vertex 65.5451 16.7135 2.4
    endloop
  endfacet
  facet normal -0.00218291 0.999998 8.4373e-06
    outer loop
      vertex 65.5451 16.7135 3.3
      vertex 58.3952 16.6979 2.4
      vertex 49.2366 16.6779 3.3
    endloop
  endfacet
  facet normal -0.00218373 0.999998 0
    outer loop
      vertex 49.2366 16.6779 3.3
      vertex 58.3952 16.6979 2.4
      vertex 49.2366 16.6779 2.4
    endloop
  endfacet
  facet normal 0.117639 0.993056 -0
    outer loop
      vertex 49.2366 16.6779 2.4
      vertex 9.00323 21.444 3.3
      vertex 49.2366 16.6779 3.3
    endloop
  endfacet
  facet normal 0.117639 0.993056 0
    outer loop
      vertex 9.00323 21.444 3.3
      vertex 49.2366 16.6779 2.4
      vertex 9.00323 21.444 2.4
    endloop
  endfacet
  facet normal 0.0934154 0.995627 -0
    outer loop
      vertex 9.00323 21.444 2.4
      vertex 8.97019 21.4471 3.3
      vertex 9.00323 21.444 3.3
    endloop
  endfacet
  facet normal 0.0934154 0.995627 0
    outer loop
      vertex 8.97019 21.4471 3.3
      vertex 9.00323 21.444 2.4
      vertex 8.97019 21.4471 2.4
    endloop
  endfacet
  facet normal 0.0665203 0.997785 -0
    outer loop
      vertex 8.97019 21.4471 2.4
      vertex 0.0243684 22.0435 3.3
      vertex 8.97019 21.4471 3.3
    endloop
  endfacet
  facet normal 0.0665203 0.997785 0
    outer loop
      vertex 0.0243684 22.0435 3.3
      vertex 8.97019 21.4471 2.4
      vertex 0.0243684 22.0435 2.4
    endloop
  endfacet
  facet normal 0.033912 0.999425 -0
    outer loop
      vertex 0.0243684 22.0435 2.4
      vertex 0.000791478 22.0443 3.3
      vertex 0.0243684 22.0435 3.3
    endloop
  endfacet
  facet normal 0.033912 0.999425 0
    outer loop
      vertex 0.000791478 22.0443 3.3
      vertex 0.0243684 22.0435 2.4
      vertex 0.000791478 22.0443 2.4
    endloop
  endfacet
  facet normal -0.0347001 0.999398 0
    outer loop
      vertex 0.000791478 22.0443 2.4
      vertex -0.0251294 22.0434 3.3
      vertex 0.000791478 22.0443 3.3
    endloop
  endfacet
  facet normal -0.0347001 0.999398 0
    outer loop
      vertex -0.0251294 22.0434 3.3
      vertex 0.000791478 22.0443 2.4
      vertex -0.0251294 22.0434 2.4
    endloop
  endfacet
  facet normal -0.0665149 0.997785 0
    outer loop
      vertex -0.0251294 22.0434 2.4
      vertex -8.97019 21.4471 3.3
      vertex -0.0251294 22.0434 3.3
    endloop
  endfacet
  facet normal -0.0665149 0.997785 0
    outer loop
      vertex -8.97019 21.4471 3.3
      vertex -0.0251294 22.0434 2.4
      vertex -8.97019 21.4471 2.4
    endloop
  endfacet
  facet normal -0.0934154 0.995627 0
    outer loop
      vertex -8.97019 21.4471 2.4
      vertex -9.00323 21.444 3.3
      vertex -8.97019 21.4471 3.3
    endloop
  endfacet
  facet normal -0.0934154 0.995627 0
    outer loop
      vertex -9.00323 21.444 3.3
      vertex -8.97019 21.4471 2.4
      vertex -9.00323 21.444 2.4
    endloop
  endfacet
  facet normal -0.117638 0.993057 0
    outer loop
      vertex -9.00323 21.444 2.4
      vertex -49.2471 16.6767 3.3
      vertex -9.00323 21.444 3.3
    endloop
  endfacet
  facet normal -0.117638 0.993057 0
    outer loop
      vertex -49.2471 16.6767 3.3
      vertex -9.00323 21.444 2.4
      vertex -49.2471 16.6767 2.4
    endloop
  endfacet
  facet normal 0.00196185 0.999998 0
    outer loop
      vertex -58.4221 16.6947 2.4
      vertex -49.2471 16.6767 3.3
      vertex -49.2471 16.6767 2.4
    endloop
  endfacet
  facet normal 0.00196549 0.999998 -3.71497e-05
    outer loop
      vertex -49.2471 16.6767 3.3
      vertex -58.4221 16.6947 2.4
      vertex -67.9701 16.7135 3.3
    endloop
  endfacet
  facet normal 0.00196899 0.999998 0
    outer loop
      vertex -67.9701 16.7135 3.3
      vertex -58.4221 16.6947 2.4
      vertex -67.9701 16.7135 2.4
    endloop
  endfacet
  facet normal -0.999886 0.0151038 0
    outer loop
      vertex -67.9875 15.5616 2.4
      vertex -67.9701 16.7135 3.3
      vertex -67.9701 16.7135 2.4
    endloop
  endfacet
  facet normal -0.999885 0.0151758 0
    outer loop
      vertex -68.0043 14.4547 3.3
      vertex -67.9875 15.5616 2.4
      vertex -68.0043 14.4547 2.4
    endloop
  endfacet
  facet normal -0.999885 0.015139 -4.51811e-05
    outer loop
      vertex -67.9875 15.5616 2.4
      vertex -68.0043 14.4547 3.3
      vertex -67.9701 16.7135 3.3
    endloop
  endfacet
  facet normal -0.117646 0.993056 0
    outer loop
      vertex -68.0043 14.4547 2.4
      vertex -73.8092 13.767 3.3
      vertex -68.0043 14.4547 3.3
    endloop
  endfacet
  facet normal -0.117646 0.993056 0
    outer loop
      vertex -73.8092 13.767 3.3
      vertex -68.0043 14.4547 2.4
      vertex -73.8092 13.767 2.4
    endloop
  endfacet
  facet normal -0.150528 0.988606 0
    outer loop
      vertex -73.8092 13.767 2.4
      vertex -73.8335 13.7633 3.3
      vertex -73.8092 13.767 3.3
    endloop
  endfacet
  facet normal -0.150528 0.988606 0
    outer loop
      vertex -73.8335 13.7633 3.3
      vertex -73.8092 13.767 2.4
      vertex -73.8335 13.7633 2.4
    endloop
  endfacet
  facet normal -0.210556 0.977582 0
    outer loop
      vertex -73.8335 13.7633 2.4
      vertex -73.84 13.7619 3.3
      vertex -73.8335 13.7633 3.3
    endloop
  endfacet
  facet normal -0.210556 0.977582 0
    outer loop
      vertex -73.84 13.7619 3.3
      vertex -73.8335 13.7633 2.4
      vertex -73.84 13.7619 2.4
    endloop
  endfacet
  facet normal -0.283017 0.959115 0
    outer loop
      vertex -73.84 13.7619 2.4
      vertex -73.8461 13.7601 3.3
      vertex -73.84 13.7619 3.3
    endloop
  endfacet
  facet normal -0.283017 0.959115 0
    outer loop
      vertex -73.8461 13.7601 3.3
      vertex -73.84 13.7619 2.4
      vertex -73.8461 13.7601 2.4
    endloop
  endfacet
  facet normal -0.329683 0.944092 0
    outer loop
      vertex -73.8461 13.7601 2.4
      vertex -73.8524 13.7579 3.3
      vertex -73.8461 13.7601 3.3
    endloop
  endfacet
  facet normal -0.329683 0.944092 0
    outer loop
      vertex -73.8524 13.7579 3.3
      vertex -73.8461 13.7601 2.4
      vertex -73.8524 13.7579 2.4
    endloop
  endfacet
  facet normal -0.407651 0.913138 0
    outer loop
      vertex -73.8524 13.7579 2.4
      vertex -73.858 13.7554 3.3
      vertex -73.8524 13.7579 3.3
    endloop
  endfacet
  facet normal -0.407651 0.913138 0
    outer loop
      vertex -73.858 13.7554 3.3
      vertex -73.8524 13.7579 2.4
      vertex -73.858 13.7554 2.4
    endloop
  endfacet
  facet normal -0.453247 0.891385 0
    outer loop
      vertex -73.858 13.7554 2.4
      vertex -73.8639 13.7524 3.3
      vertex -73.858 13.7554 3.3
    endloop
  endfacet
  facet normal -0.453247 0.891385 0
    outer loop
      vertex -73.8639 13.7524 3.3
      vertex -73.858 13.7554 2.4
      vertex -73.8639 13.7524 2.4
    endloop
  endfacet
  facet normal -0.525822 0.850595 0
    outer loop
      vertex -73.8639 13.7524 2.4
      vertex -73.8694 13.749 3.3
      vertex -73.8639 13.7524 3.3
    endloop
  endfacet
  facet normal -0.525822 0.850595 0
    outer loop
      vertex -73.8694 13.749 3.3
      vertex -73.8639 13.7524 2.4
      vertex -73.8694 13.749 2.4
    endloop
  endfacet
  facet normal -0.568432 0.82273 0
    outer loop
      vertex -73.8694 13.749 2.4
      vertex -73.8749 13.7452 3.3
      vertex -73.8694 13.749 3.3
    endloop
  endfacet
  facet normal -0.568432 0.82273 0
    outer loop
      vertex -73.8749 13.7452 3.3
      vertex -73.8694 13.749 2.4
      vertex -73.8749 13.7452 2.4
    endloop
  endfacet
  facet normal -0.624695 0.780869 0
    outer loop
      vertex -73.8749 13.7452 2.4
      vertex -73.8799 13.7412 3.3
      vertex -73.8749 13.7452 3.3
    endloop
  endfacet
  facet normal -0.624695 0.780869 0
    outer loop
      vertex -73.8799 13.7412 3.3
      vertex -73.8749 13.7452 2.4
      vertex -73.8799 13.7412 2.4
    endloop
  endfacet
  facet normal -0.675013 0.737805 0
    outer loop
      vertex -73.8799 13.7412 2.4
      vertex -73.8846 13.7369 3.3
      vertex -73.8799 13.7412 3.3
    endloop
  endfacet
  facet normal -0.675013 0.737805 0
    outer loop
      vertex -73.8846 13.7369 3.3
      vertex -73.8799 13.7412 2.4
      vertex -73.8846 13.7369 2.4
    endloop
  endfacet
  facet normal -0.715782 0.698324 0
    outer loop
      vertex -73.8886 13.7328 2.4
      vertex -73.8846 13.7369 3.3
      vertex -73.8846 13.7369 2.4
    endloop
  endfacet
  facet normal -0.715782 0.698324 0
    outer loop
      vertex -73.8846 13.7369 3.3
      vertex -73.8886 13.7328 2.4
      vertex -73.8886 13.7328 3.3
    endloop
  endfacet
  facet normal -0.814684 0.579905 0
    outer loop
      vertex -73.9133 13.6981 2.4
      vertex -73.8886 13.7328 3.3
      vertex -73.8886 13.7328 2.4
    endloop
  endfacet
  facet normal -0.814684 0.579905 0
    outer loop
      vertex -73.8886 13.7328 3.3
      vertex -73.9133 13.6981 2.4
      vertex -73.9133 13.6981 3.3
    endloop
  endfacet
  facet normal -0.840294 0.542131 0
    outer loop
      vertex -77.8797 7.55025 2.4
      vertex -73.9133 13.6981 3.3
      vertex -73.9133 13.6981 2.4
    endloop
  endfacet
  facet normal -0.840294 0.542131 0
    outer loop
      vertex -73.9133 13.6981 3.3
      vertex -77.8797 7.55025 2.4
      vertex -77.8797 7.55025 3.3
    endloop
  endfacet
  facet normal -0.857749 0.514069 0
    outer loop
      vertex -77.8921 7.52956 2.4
      vertex -77.8797 7.55025 3.3
      vertex -77.8797 7.55025 2.4
    endloop
  endfacet
  facet normal -0.857749 0.514069 0
    outer loop
      vertex -77.8797 7.55025 3.3
      vertex -77.8921 7.52956 2.4
      vertex -77.8921 7.52956 3.3
    endloop
  endfacet
  facet normal -0.890632 0.454724 0
    outer loop
      vertex -77.895 7.52388 2.4
      vertex -77.8921 7.52956 3.3
      vertex -77.8921 7.52956 2.4
    endloop
  endfacet
  facet normal -0.890632 0.454724 0
    outer loop
      vertex -77.8921 7.52956 3.3
      vertex -77.895 7.52388 2.4
      vertex -77.895 7.52388 3.3
    endloop
  endfacet
  facet normal -0.91777 0.397112 0
    outer loop
      vertex -77.8977 7.51764 2.4
      vertex -77.895 7.52388 3.3
      vertex -77.895 7.52388 2.4
    endloop
  endfacet
  facet normal -0.91777 0.397112 0
    outer loop
      vertex -77.895 7.52388 3.3
      vertex -77.8977 7.51764 2.4
      vertex -77.8977 7.51764 3.3
    endloop
  endfacet
  facet normal -0.939246 0.343246 0
    outer loop
      vertex -77.8999 7.51162 2.4
      vertex -77.8977 7.51764 3.3
      vertex -77.8977 7.51764 2.4
    endloop
  endfacet
  facet normal -0.939246 0.343246 0
    outer loop
      vertex -77.8977 7.51764 3.3
      vertex -77.8999 7.51162 2.4
      vertex -77.8999 7.51162 3.3
    endloop
  endfacet
  facet normal -0.960466 0.278396 0
    outer loop
      vertex -77.9017 7.50541 2.4
      vertex -77.8999 7.51162 3.3
      vertex -77.8999 7.51162 2.4
    endloop
  endfacet
  facet normal -0.960466 0.278396 0
    outer loop
      vertex -77.8999 7.51162 3.3
      vertex -77.9017 7.50541 2.4
      vertex -77.9017 7.50541 3.3
    endloop
  endfacet
  facet normal -0.976689 0.214657 0
    outer loop
      vertex -77.9031 7.49904 2.4
      vertex -77.9017 7.50541 3.3
      vertex -77.9017 7.50541 2.4
    endloop
  endfacet
  facet normal -0.976689 0.214657 0
    outer loop
      vertex -77.9017 7.50541 3.3
      vertex -77.9031 7.49904 2.4
      vertex -77.9031 7.49904 3.3
    endloop
  endfacet
  facet normal -0.989341 0.145617 0
    outer loop
      vertex -77.9048 7.48749 2.4
      vertex -77.9031 7.49904 3.3
      vertex -77.9031 7.49904 2.4
    endloop
  endfacet
  facet normal -0.989341 0.145617 0
    outer loop
      vertex -77.9031 7.49904 3.3
      vertex -77.9048 7.48749 2.4
      vertex -77.9048 7.48749 3.3
    endloop
  endfacet
  facet normal -0.995797 0.0915867 0
    outer loop
      vertex -77.9059 7.47553 2.4
      vertex -77.9048 7.48749 3.3
      vertex -77.9048 7.48749 2.4
    endloop
  endfacet
  facet normal -0.995797 0.0915867 0
    outer loop
      vertex -77.9048 7.48749 3.3
      vertex -77.9059 7.47553 2.4
      vertex -77.9059 7.47553 3.3
    endloop
  endfacet
  facet normal -0.99763 0.0688026 0
    outer loop
      vertex -78.9013 -6.95766 2.4
      vertex -77.9059 7.47553 3.3
      vertex -77.9059 7.47553 2.4
    endloop
  endfacet
  facet normal -0.99763 0.0688026 0
    outer loop
      vertex -77.9059 7.47553 3.3
      vertex -78.9013 -6.95766 2.4
      vertex -78.9013 -6.95766 3.3
    endloop
  endfacet
  facet normal -0.999329 0.0366353 0
    outer loop
      vertex -78.9022 -6.98221 2.4
      vertex -78.9013 -6.95766 3.3
      vertex -78.9013 -6.95766 2.4
    endloop
  endfacet
  facet normal -0.999329 0.0366353 0
    outer loop
      vertex -78.9013 -6.95766 3.3
      vertex -78.9022 -6.98221 2.4
      vertex -78.9022 -6.98221 3.3
    endloop
  endfacet
  facet normal -0.999537 -0.0304273 0
    outer loop
      vertex -78.902 -6.98878 2.4
      vertex -78.9022 -6.98221 3.3
      vertex -78.9022 -6.98221 2.4
    endloop
  endfacet
  facet normal -0.999537 -0.0304273 0
    outer loop
      vertex -78.9022 -6.98221 3.3
      vertex -78.902 -6.98878 2.4
      vertex -78.902 -6.98878 3.3
    endloop
  endfacet
  facet normal -0.995438 -0.0954094 0
    outer loop
      vertex -78.9014 -6.99504 2.4
      vertex -78.902 -6.98878 3.3
      vertex -78.902 -6.98878 2.4
    endloop
  endfacet
  facet normal -0.995438 -0.0954094 0
    outer loop
      vertex -78.902 -6.98878 3.3
      vertex -78.9014 -6.99504 2.4
      vertex -78.9014 -6.99504 3.3
    endloop
  endfacet
  facet normal -0.986624 -0.163014 0
    outer loop
      vertex -78.8993 -7.00775 2.4
      vertex -78.9014 -6.99504 3.3
      vertex -78.9014 -6.99504 2.4
    endloop
  endfacet
  facet normal -0.986624 -0.163014 0
    outer loop
      vertex -78.9014 -6.99504 3.3
      vertex -78.8993 -7.00775 2.4
      vertex -78.8993 -7.00775 3.3
    endloop
  endfacet
  facet normal -0.97708 -0.212872 0
    outer loop
      vertex -78.8973 -7.01693 2.4
      vertex -78.8993 -7.00775 3.3
      vertex -78.8993 -7.00775 2.4
    endloop
  endfacet
  facet normal -0.97708 -0.212872 0
    outer loop
      vertex -78.8993 -7.00775 3.3
      vertex -78.8973 -7.01693 2.4
      vertex -78.8973 -7.01693 3.3
    endloop
  endfacet
  facet normal -0.972175 -0.234258 0
    outer loop
      vertex -76.9091 -15.268 2.4
      vertex -78.8973 -7.01693 3.3
      vertex -78.8973 -7.01693 2.4
    endloop
  endfacet
  facet normal -0.972175 -0.234258 0
    outer loop
      vertex -78.8973 -7.01693 3.3
      vertex -76.9091 -15.268 2.4
      vertex -76.9091 -15.268 3.3
    endloop
  endfacet
  facet normal -0.964285 -0.264868 0
    outer loop
      vertex -76.9027 -15.2913 2.4
      vertex -76.9091 -15.268 3.3
      vertex -76.9091 -15.268 2.4
    endloop
  endfacet
  facet normal -0.964285 -0.264868 0
    outer loop
      vertex -76.9091 -15.268 3.3
      vertex -76.9027 -15.2913 2.4
      vertex -76.9027 -15.2913 3.3
    endloop
  endfacet
  facet normal -0.942428 -0.33441 0
    outer loop
      vertex -76.9005 -15.2975 2.4
      vertex -76.9027 -15.2913 3.3
      vertex -76.9027 -15.2913 2.4
    endloop
  endfacet
  facet normal -0.942428 -0.33441 0
    outer loop
      vertex -76.9027 -15.2913 3.3
      vertex -76.9005 -15.2975 2.4
      vertex -76.9005 -15.2975 3.3
    endloop
  endfacet
  facet normal -0.923077 -0.384615 0
    outer loop
      vertex -76.898 -15.3035 2.4
      vertex -76.9005 -15.2975 3.3
      vertex -76.9005 -15.2975 2.4
    endloop
  endfacet
  facet normal -0.923077 -0.384615 0
    outer loop
      vertex -76.9005 -15.2975 3.3
      vertex -76.898 -15.3035 2.4
      vertex -76.898 -15.3035 3.3
    endloop
  endfacet
  facet normal -0.891278 -0.453457 0
    outer loop
      vertex -76.8951 -15.3092 2.4
      vertex -76.898 -15.3035 3.3
      vertex -76.898 -15.3035 2.4
    endloop
  endfacet
  facet normal -0.891278 -0.453457 0
    outer loop
      vertex -76.898 -15.3035 3.3
      vertex -76.8951 -15.3092 2.4
      vertex -76.8951 -15.3092 3.3
    endloop
  endfacet
  facet normal -0.861538 -0.507692 0
    outer loop
      vertex -76.8918 -15.3148 2.4
      vertex -76.8951 -15.3092 3.3
      vertex -76.8951 -15.3092 2.4
    endloop
  endfacet
  facet normal -0.861538 -0.507692 0
    outer loop
      vertex -76.8951 -15.3092 3.3
      vertex -76.8918 -15.3148 2.4
      vertex -76.8918 -15.3148 3.3
    endloop
  endfacet
  facet normal -0.824932 -0.565231 0
    outer loop
      vertex -76.8881 -15.3202 2.4
      vertex -76.8918 -15.3148 3.3
      vertex -76.8918 -15.3148 2.4
    endloop
  endfacet
  facet normal -0.824932 -0.565231 0
    outer loop
      vertex -76.8918 -15.3148 3.3
      vertex -76.8881 -15.3202 2.4
      vertex -76.8881 -15.3202 3.3
    endloop
  endfacet
  facet normal -0.79022 -0.612824 0
    outer loop
      vertex -76.8843 -15.3251 2.4
      vertex -76.8881 -15.3202 3.3
      vertex -76.8881 -15.3202 2.4
    endloop
  endfacet
  facet normal -0.79022 -0.612824 0
    outer loop
      vertex -76.8881 -15.3202 3.3
      vertex -76.8843 -15.3251 2.4
      vertex -76.8843 -15.3251 3.3
    endloop
  endfacet
  facet normal -0.748997 -0.662574 0
    outer loop
      vertex -76.8797 -15.3303 2.4
      vertex -76.8843 -15.3251 3.3
      vertex -76.8843 -15.3251 2.4
    endloop
  endfacet
  facet normal -0.748997 -0.662574 0
    outer loop
      vertex -76.8843 -15.3251 3.3
      vertex -76.8797 -15.3303 2.4
      vertex -76.8797 -15.3303 3.3
    endloop
  endfacet
  facet normal -0.707107 -0.707107 0
    outer loop
      vertex -76.8797 -15.3303 2.4
      vertex -76.8752 -15.3348 3.3
      vertex -76.8797 -15.3303 3.3
    endloop
  endfacet
  facet normal -0.707107 -0.707107 -0
    outer loop
      vertex -76.8752 -15.3348 3.3
      vertex -76.8797 -15.3303 2.4
      vertex -76.8752 -15.3348 2.4
    endloop
  endfacet
  facet normal -0.641723 -0.766937 0
    outer loop
      vertex -76.8752 -15.3348 2.4
      vertex -76.8703 -15.3389 3.3
      vertex -76.8752 -15.3348 3.3
    endloop
  endfacet
  facet normal -0.641723 -0.766937 -0
    outer loop
      vertex -76.8703 -15.3389 3.3
      vertex -76.8752 -15.3348 2.4
      vertex -76.8703 -15.3389 2.4
    endloop
  endfacet
  facet normal -0.61714 -0.786853 0
    outer loop
      vertex -76.8703 -15.3389 2.4
      vertex -76.8652 -15.3429 3.3
      vertex -76.8703 -15.3389 3.3
    endloop
  endfacet
  facet normal -0.61714 -0.786853 -0
    outer loop
      vertex -76.8652 -15.3429 3.3
      vertex -76.8703 -15.3389 2.4
      vertex -76.8652 -15.3429 2.4
    endloop
  endfacet
  facet normal -0.536875 -0.843661 0
    outer loop
      vertex -76.8652 -15.3429 2.4
      vertex -76.8597 -15.3464 3.3
      vertex -76.8652 -15.3429 3.3
    endloop
  endfacet
  facet normal -0.536875 -0.843661 -0
    outer loop
      vertex -76.8597 -15.3464 3.3
      vertex -76.8652 -15.3429 2.4
      vertex -76.8597 -15.3464 2.4
    endloop
  endfacet
  facet normal -0.501036 -0.865426 0
    outer loop
      vertex -76.8597 -15.3464 2.4
      vertex -76.854 -15.3497 3.3
      vertex -76.8597 -15.3464 3.3
    endloop
  endfacet
  facet normal -0.501036 -0.865426 -0
    outer loop
      vertex -76.854 -15.3497 3.3
      vertex -76.8597 -15.3464 2.4
      vertex -76.854 -15.3497 2.4
    endloop
  endfacet
  facet normal -0.428086 -0.903738 0
    outer loop
      vertex -76.854 -15.3497 2.4
      vertex -76.8483 -15.3524 3.3
      vertex -76.854 -15.3497 3.3
    endloop
  endfacet
  facet normal -0.428086 -0.903738 -0
    outer loop
      vertex -76.8483 -15.3524 3.3
      vertex -76.854 -15.3497 2.4
      vertex -76.8483 -15.3524 2.4
    endloop
  endfacet
  facet normal -0.376798 -0.926295 0
    outer loop
      vertex -76.8483 -15.3524 2.4
      vertex -76.8424 -15.3548 3.3
      vertex -76.8483 -15.3524 3.3
    endloop
  endfacet
  facet normal -0.376798 -0.926295 -0
    outer loop
      vertex -76.8424 -15.3548 3.3
      vertex -76.8483 -15.3524 2.4
      vertex -76.8424 -15.3548 2.4
    endloop
  endfacet
  facet normal -0.31177 -0.950157 0
    outer loop
      vertex -76.8424 -15.3548 2.4
      vertex -76.836 -15.3569 3.3
      vertex -76.8424 -15.3548 3.3
    endloop
  endfacet
  facet normal -0.31177 -0.950157 -0
    outer loop
      vertex -76.836 -15.3569 3.3
      vertex -76.8424 -15.3548 2.4
      vertex -76.836 -15.3569 2.4
    endloop
  endfacet
  facet normal -0.256723 -0.966485 0
    outer loop
      vertex -76.836 -15.3569 2.4
      vertex -76.8296 -15.3586 3.3
      vertex -76.836 -15.3569 3.3
    endloop
  endfacet
  facet normal -0.256723 -0.966485 -0
    outer loop
      vertex -76.8296 -15.3586 3.3
      vertex -76.836 -15.3569 2.4
      vertex -76.8296 -15.3586 2.4
    endloop
  endfacet
  facet normal -0.19151 -0.981491 0
    outer loop
      vertex -76.8296 -15.3586 2.4
      vertex -76.8255 -15.3594 3.3
      vertex -76.8296 -15.3586 3.3
    endloop
  endfacet
  facet normal -0.19151 -0.981491 -0
    outer loop
      vertex -76.8255 -15.3594 3.3
      vertex -76.8296 -15.3586 2.4
      vertex -76.8255 -15.3594 2.4
    endloop
  endfacet
  facet normal -0.120229 -0.992746 0
    outer loop
      vertex -76.8255 -15.3594 2.4
      vertex -76.7966 -15.3629 3.3
      vertex -76.8255 -15.3594 3.3
    endloop
  endfacet
  facet normal -0.120229 -0.992746 -0
    outer loop
      vertex -76.7966 -15.3629 3.3
      vertex -76.8255 -15.3594 2.4
      vertex -76.7966 -15.3629 2.4
    endloop
  endfacet
  facet normal -0.0835302 -0.996505 0
    outer loop
      vertex -76.7966 -15.3629 2.4
      vertex -8.98955 -21.0467 3.3
      vertex -76.7966 -15.3629 3.3
    endloop
  endfacet
  facet normal -0.0835302 -0.996505 -0
    outer loop
      vertex -8.98955 -21.0467 3.3
      vertex -76.7966 -15.3629 2.4
      vertex -8.98955 -21.0467 2.4
    endloop
  endfacet
  facet normal -0.0806264 -0.996744 0
    outer loop
      vertex -8.98955 -21.0467 2.4
      vertex -8.97966 -21.0475 3.3
      vertex -8.98955 -21.0467 3.3
    endloop
  endfacet
  facet normal -0.0806264 -0.996744 -0
    outer loop
      vertex -8.97966 -21.0475 3.3
      vertex -8.98955 -21.0467 2.4
      vertex -8.97966 -21.0475 2.4
    endloop
  endfacet
  facet normal -0.0665169 -0.997785 0
    outer loop
      vertex -8.97966 -21.0475 2.4
      vertex -0.0243684 -21.6445 3.3
      vertex -8.97966 -21.0475 3.3
    endloop
  endfacet
  facet normal -0.0665169 -0.997785 -0
    outer loop
      vertex -0.0243684 -21.6445 3.3
      vertex -8.97966 -21.0475 2.4
      vertex -0.0243684 -21.6445 2.4
    endloop
  endfacet
  facet normal -0.033912 -0.999425 0
    outer loop
      vertex -0.0243684 -21.6445 2.4
      vertex -0.000791478 -21.6453 3.3
      vertex -0.0243684 -21.6445 3.3
    endloop
  endfacet
  facet normal -0.033912 -0.999425 -0
    outer loop
      vertex -0.000791478 -21.6453 3.3
      vertex -0.0243684 -21.6445 2.4
      vertex -0.000791478 -21.6453 2.4
    endloop
  endfacet
  facet normal 0.0347001 -0.999398 0
    outer loop
      vertex -0.000791478 -21.6453 2.4
      vertex 0.0251294 -21.6444 3.3
      vertex -0.000791478 -21.6453 3.3
    endloop
  endfacet
  facet normal 0.0347001 -0.999398 0
    outer loop
      vertex 0.0251294 -21.6444 3.3
      vertex -0.000791478 -21.6453 2.4
      vertex 0.0251294 -21.6444 2.4
    endloop
  endfacet
  facet normal 0.0835308 0.996505 -0
    outer loop
      vertex -8.84284 -19.1571 2.4
      vertex -47.7936 -15.8921 3.3
      vertex -8.84284 -19.1571 3.3
    endloop
  endfacet
  facet normal 0.0835308 0.996505 0
    outer loop
      vertex -47.7936 -15.8921 3.3
      vertex -8.84284 -19.1571 2.4
      vertex -47.7936 -15.8921 2.4
    endloop
  endfacet
  facet normal 0.00345065 -0.999994 0
    outer loop
      vertex -47.7936 -15.8921 2.4
      vertex -30.3477 -15.8319 3.3
      vertex -47.7936 -15.8921 3.3
    endloop
  endfacet
  facet normal 0.00345065 -0.999994 0
    outer loop
      vertex -30.3477 -15.8319 3.3
      vertex -47.7936 -15.8921 2.4
      vertex -30.3477 -15.8319 2.4
    endloop
  endfacet
  facet normal 0.17885 0.983876 -0
    outer loop
      vertex -30.3477 -15.8319 2.4
      vertex -32.7726 -15.3911 3.3
      vertex -30.3477 -15.8319 3.3
    endloop
  endfacet
  facet normal 0.17885 0.983876 0
    outer loop
      vertex -32.7726 -15.3911 3.3
      vertex -30.3477 -15.8319 2.4
      vertex -32.7726 -15.3911 2.4
    endloop
  endfacet
  facet normal 0.0544287 0.998518 -0
    outer loop
      vertex -32.7726 -15.3911 2.4
      vertex -36.8141 -15.1708 3.3
      vertex -32.7726 -15.3911 3.3
    endloop
  endfacet
  facet normal 0.0544287 0.998518 0
    outer loop
      vertex -36.8141 -15.1708 3.3
      vertex -32.7726 -15.3911 2.4
      vertex -36.8141 -15.1708 2.4
    endloop
  endfacet
  facet normal 0.173756 0.984789 -0
    outer loop
      vertex -36.8141 -15.1708 2.4
      vertex -39.3124 -14.73 3.3
      vertex -36.8141 -15.1708 3.3
    endloop
  endfacet
  facet normal 0.173756 0.984789 0
    outer loop
      vertex -39.3124 -14.73 3.3
      vertex -36.8141 -15.1708 2.4
      vertex -39.3124 -14.73 2.4
    endloop
  endfacet
  facet normal 0.0767151 0.997053 -0
    outer loop
      vertex -39.3124 -14.73 2.4
      vertex -42.1782 -14.5095 3.3
      vertex -39.3124 -14.73 3.3
    endloop
  endfacet
  facet normal 0.0767151 0.997053 0
    outer loop
      vertex -42.1782 -14.5095 3.3
      vertex -39.3124 -14.73 2.4
      vertex -42.1782 -14.5095 2.4
    endloop
  endfacet
  facet normal 0.137108 0.990556 -0
    outer loop
      vertex -42.1782 -14.5095 2.4
      vertex -46.9544 -13.8484 3.3
      vertex -42.1782 -14.5095 3.3
    endloop
  endfacet
  facet normal 0.137108 0.990556 0
    outer loop
      vertex -46.9544 -13.8484 3.3
      vertex -42.1782 -14.5095 2.4
      vertex -46.9544 -13.8484 2.4
    endloop
  endfacet
  facet normal -0.12391 0.992293 0
    outer loop
      vertex -46.9544 -13.8484 2.4
      vertex -47.5422 -13.9218 3.3
      vertex -46.9544 -13.8484 3.3
    endloop
  endfacet
  facet normal -0.12391 0.992293 0
    outer loop
      vertex -47.5422 -13.9218 3.3
      vertex -46.9544 -13.8484 2.4
      vertex -47.5422 -13.9218 2.4
    endloop
  endfacet
  facet normal 0.187086 0.982344 -0
    outer loop
      vertex -47.5422 -13.9218 2.4
      vertex -49.0854 -13.6279 3.3
      vertex -47.5422 -13.9218 3.3
    endloop
  endfacet
  facet normal 0.187086 0.982344 0
    outer loop
      vertex -49.0854 -13.6279 3.3
      vertex -47.5422 -13.9218 2.4
      vertex -49.0854 -13.6279 2.4
    endloop
  endfacet
  facet normal 0.085684 0.996322 -0
    outer loop
      vertex -49.0854 -13.6279 2.4
      vertex -55.9191 -13.0402 3.3
      vertex -49.0854 -13.6279 3.3
    endloop
  endfacet
  facet normal 0.085684 0.996322 0
    outer loop
      vertex -55.9191 -13.0402 3.3
      vertex -49.0854 -13.6279 2.4
      vertex -55.9191 -13.0402 2.4
    endloop
  endfacet
  facet normal 0.164363 0.9864 -0
    outer loop
      vertex -55.9191 -13.0402 2.4
      vertex -58.5645 -12.5994 3.3
      vertex -55.9191 -13.0402 3.3
    endloop
  endfacet
  facet normal 0.164363 0.9864 0
    outer loop
      vertex -58.5645 -12.5994 3.3
      vertex -55.9191 -13.0402 2.4
      vertex -58.5645 -12.5994 2.4
    endloop
  endfacet
  facet normal 0.0847931 0.996399 -0
    outer loop
      vertex -58.5645 -12.5994 2.4
      vertex -62.0181 -12.3055 3.3
      vertex -58.5645 -12.5994 3.3
    endloop
  endfacet
  facet normal 0.0847931 0.996399 0
    outer loop
      vertex -62.0181 -12.3055 3.3
      vertex -58.5645 -12.5994 2.4
      vertex -62.0181 -12.3055 2.4
    endloop
  endfacet
  facet normal 0.228961 0.973436 -0
    outer loop
      vertex -62.0181 -12.3055 2.4
      vertex -63.2672 -12.0117 3.3
      vertex -62.0181 -12.3055 3.3
    endloop
  endfacet
  facet normal 0.228961 0.973436 0
    outer loop
      vertex -63.2672 -12.0117 3.3
      vertex -62.0181 -12.3055 2.4
      vertex -63.2672 -12.0117 2.4
    endloop
  endfacet
  facet normal 0.0918985 0.995768 -0
    outer loop
      vertex -63.2672 -12.0117 2.4
      vertex -68.0435 -11.5709 3.3
      vertex -63.2672 -12.0117 3.3
    endloop
  endfacet
  facet normal 0.0918985 0.995768 0
    outer loop
      vertex -68.0435 -11.5709 3.3
      vertex -63.2672 -12.0117 2.4
      vertex -68.0435 -11.5709 2.4
    endloop
  endfacet
  facet normal -1 0 0
    outer loop
      vertex -68.0435 -13.7749 2.4
      vertex -68.0435 -11.5709 3.3
      vertex -68.0435 -11.5709 2.4
    endloop
  endfacet
  facet normal -1 -0 0
    outer loop
      vertex -68.0435 -11.5709 3.3
      vertex -68.0435 -13.7749 2.4
      vertex -68.0435 -13.7749 3.3
    endloop
  endfacet
  facet normal -0.707107 -0.707107 0
    outer loop
      vertex -68.0435 -13.7749 2.4
      vertex -67.8231 -13.9953 3.3
      vertex -68.0435 -13.7749 3.3
    endloop
  endfacet
  facet normal -0.707107 -0.707107 -0
    outer loop
      vertex -67.8231 -13.9953 3.3
      vertex -68.0435 -13.7749 2.4
      vertex -67.8231 -13.9953 2.4
    endloop
  endfacet
  facet normal -1 0 0
    outer loop
      vertex -67.8231 -14.2132 2.4
      vertex -67.8231 -13.9953 3.3
      vertex -67.8231 -13.9953 2.4
    endloop
  endfacet
  facet normal -1 -0 0
    outer loop
      vertex -67.8231 -13.9953 3.3
      vertex -67.8231 -14.2132 2.4
      vertex -67.8231 -14.2132 3.3
    endloop
  endfacet
  facet normal 0.0835331 0.996505 -0
    outer loop
      vertex -67.8231 -14.2132 2.4
      vertex -75.3661 -13.5809 3.3
      vertex -67.8231 -14.2132 3.3
    endloop
  endfacet
  facet normal 0.0835331 0.996505 0
    outer loop
      vertex -75.3661 -13.5809 3.3
      vertex -67.8231 -14.2132 2.4
      vertex -75.3661 -13.5809 2.4
    endloop
  endfacet
  facet normal 0.972174 0.234258 0
    outer loop
      vertex -75.3661 -13.5809 3.3
      vertex -76.9927 -6.83049 2.4
      vertex -76.9927 -6.83049 3.3
    endloop
  endfacet
  facet normal 0.972174 0.234258 0
    outer loop
      vertex -76.9927 -6.83049 2.4
      vertex -75.3661 -13.5809 3.3
      vertex -75.3661 -13.5809 2.4
    endloop
  endfacet
  facet normal 0.99763 -0.0688031 0
    outer loop
      vertex -76.9927 -6.83049 3.3
      vertex -76.046 6.89646 2.4
      vertex -76.046 6.89646 3.3
    endloop
  endfacet
  facet normal 0.99763 -0.0688031 0
    outer loop
      vertex -76.046 6.89646 2.4
      vertex -76.9927 -6.83049 3.3
      vertex -76.9927 -6.83049 2.4
    endloop
  endfacet
  facet normal 0.840298 -0.542124 0
    outer loop
      vertex -76.046 6.89646 3.3
      vertex -72.7649 11.9822 2.4
      vertex -72.7649 11.9822 3.3
    endloop
  endfacet
  facet normal 0.840298 -0.542124 0
    outer loop
      vertex -72.7649 11.9822 2.4
      vertex -76.046 6.89646 3.3
      vertex -76.046 6.89646 2.4
    endloop
  endfacet
  facet normal 0.117634 -0.993057 0
    outer loop
      vertex -72.7649 11.9822 2.4
      vertex -68.0332 12.5427 3.3
      vertex -72.7649 11.9822 3.3
    endloop
  endfacet
  facet normal 0.117634 -0.993057 0
    outer loop
      vertex -68.0332 12.5427 3.3
      vertex -72.7649 11.9822 2.4
      vertex -68.0332 12.5427 2.4
    endloop
  endfacet
  facet normal -0.999885 0.01519 0
    outer loop
      vertex -68.0435 11.8647 2.4
      vertex -68.0332 12.5427 3.3
      vertex -68.0332 12.5427 2.4
    endloop
  endfacet
  facet normal -0.999885 0.01519 0
    outer loop
      vertex -68.0332 12.5427 3.3
      vertex -68.0435 11.8647 2.4
      vertex -68.0435 11.8647 3.3
    endloop
  endfacet
  facet normal 0.0767165 -0.997053 0
    outer loop
      vertex -68.0435 11.8647 2.4
      vertex -66.133 12.0117 3.3
      vertex -68.0435 11.8647 3.3
    endloop
  endfacet
  facet normal 0.0767165 -0.997053 0
    outer loop
      vertex -66.133 12.0117 3.3
      vertex -68.0435 11.8647 2.4
      vertex -66.133 12.0117 2.4
    endloop
  endfacet
  facet normal 0.13454 -0.990908 0
    outer loop
      vertex -66.133 12.0117 2.4
      vertex -42.3251 15.2442 3.3
      vertex -66.133 12.0117 3.3
    endloop
  endfacet
  facet normal 0.13454 -0.990908 0
    outer loop
      vertex -42.3251 15.2442 3.3
      vertex -66.133 12.0117 2.4
      vertex -42.3251 15.2442 2.4
    endloop
  endfacet
  facet normal 0.118632 -0.992938 0
    outer loop
      vertex -42.3251 15.2442 2.4
      vertex -30.6416 16.6401 3.3
      vertex -42.3251 15.2442 3.3
    endloop
  endfacet
  facet normal 0.118632 -0.992938 0
    outer loop
      vertex -30.6416 16.6401 3.3
      vertex -42.3251 15.2442 2.4
      vertex -30.6416 16.6401 2.4
    endloop
  endfacet
  facet normal 0.00195815 0.999998 -0
    outer loop
      vertex -30.6416 16.6401 2.4
      vertex -33.3993 16.6455 3.3
      vertex -30.6416 16.6401 3.3
    endloop
  endfacet
  facet normal 0.00195815 0.999998 0
    outer loop
      vertex -33.3993 16.6455 3.3
      vertex -30.6416 16.6401 2.4
      vertex -33.3993 16.6455 2.4
    endloop
  endfacet
  facet normal 0.117638 -0.993057 0
    outer loop
      vertex -33.3993 16.6455 2.4
      vertex -8.81218 19.5581 3.3
      vertex -33.3993 16.6455 3.3
    endloop
  endfacet
  facet normal 0.117638 -0.993057 0
    outer loop
      vertex -8.81218 19.5581 3.3
      vertex -33.3993 16.6455 2.4
      vertex -8.81218 19.5581 2.4
    endloop
  endfacet
  facet normal 0.0665214 -0.997785 0
    outer loop
      vertex -8.81218 19.5581 2.4
      vertex 0 20.1456 3.3
      vertex -8.81218 19.5581 3.3
    endloop
  endfacet
  facet normal 0.0665214 -0.997785 0
    outer loop
      vertex 0 20.1456 3.3
      vertex -8.81218 19.5581 2.4
      vertex 0 20.1456 2.4
    endloop
  endfacet
  facet normal -0.0665214 -0.997785 0
    outer loop
      vertex 0 20.1456 2.4
      vertex 8.81218 19.5581 3.3
      vertex 0 20.1456 3.3
    endloop
  endfacet
  facet normal -0.0665214 -0.997785 -0
    outer loop
      vertex 8.81218 19.5581 3.3
      vertex 0 20.1456 2.4
      vertex 8.81218 19.5581 2.4
    endloop
  endfacet
  facet normal -0.117638 -0.993057 0
    outer loop
      vertex 8.81218 19.5581 2.4
      vertex 33.417 16.6434 3.3
      vertex 8.81218 19.5581 3.3
    endloop
  endfacet
  facet normal -0.117638 -0.993057 -0
    outer loop
      vertex 33.417 16.6434 3.3
      vertex 8.81218 19.5581 2.4
      vertex 33.417 16.6434 2.4
    endloop
  endfacet
  facet normal -0.00216223 0.999998 0
    outer loop
      vertex 33.417 16.6434 2.4
      vertex 31.8908 16.6401 3.3
      vertex 33.417 16.6434 3.3
    endloop
  endfacet
  facet normal -0.00216223 0.999998 0
    outer loop
      vertex 31.8908 16.6401 3.3
      vertex 33.417 16.6434 2.4
      vertex 31.8908 16.6401 2.4
    endloop
  endfacet
  facet normal -0.118345 -0.992973 0
    outer loop
      vertex 31.8908 16.6401 2.4
      vertex 42.9864 15.3177 3.3
      vertex 31.8908 16.6401 3.3
    endloop
  endfacet
  facet normal -0.118345 -0.992973 -0
    outer loop
      vertex 42.9864 15.3177 3.3
      vertex 31.8908 16.6401 2.4
      vertex 42.9864 15.3177 2.4
    endloop
  endfacet
  facet normal -0.393833 -0.919182 0
    outer loop
      vertex 42.9864 15.3177 2.4
      vertex 44.0152 14.8769 3.3
      vertex 42.9864 15.3177 3.3
    endloop
  endfacet
  facet normal -0.393833 -0.919182 -0
    outer loop
      vertex 44.0152 14.8769 3.3
      vertex 42.9864 15.3177 2.4
      vertex 44.0152 14.8769 2.4
    endloop
  endfacet
  facet normal 0.24251 -0.970149 0
    outer loop
      vertex 44.0152 14.8769 2.4
      vertex 44.8969 15.0973 3.3
      vertex 44.0152 14.8769 3.3
    endloop
  endfacet
  facet normal 0.24251 -0.970149 0
    outer loop
      vertex 44.8969 15.0973 3.3
      vertex 44.0152 14.8769 2.4
      vertex 44.8969 15.0973 2.4
    endloop
  endfacet
  facet normal -0.529856 -0.848087 0
    outer loop
      vertex 44.8969 15.0973 2.4
      vertex 45.4848 14.73 3.3
      vertex 44.8969 15.0973 3.3
    endloop
  endfacet
  facet normal -0.529856 -0.848087 -0
    outer loop
      vertex 45.4848 14.73 3.3
      vertex 44.8969 15.0973 2.4
      vertex 45.4848 14.73 2.4
    endloop
  endfacet
  facet normal 0.447092 -0.894488 0
    outer loop
      vertex 45.4848 14.73 2.4
      vertex 45.7787 14.8769 3.3
      vertex 45.4848 14.73 3.3
    endloop
  endfacet
  facet normal 0.447092 -0.894488 0
    outer loop
      vertex 45.7787 14.8769 3.3
      vertex 45.4848 14.73 2.4
      vertex 45.7787 14.8769 2.4
    endloop
  endfacet
  facet normal -0.599956 -0.800033 0
    outer loop
      vertex 45.7787 14.8769 2.4
      vertex 46.0726 14.6565 3.3
      vertex 45.7787 14.8769 3.3
    endloop
  endfacet
  facet normal -0.599956 -0.800033 -0
    outer loop
      vertex 46.0726 14.6565 3.3
      vertex 45.7787 14.8769 2.4
      vertex 46.0726 14.6565 2.4
    endloop
  endfacet
  facet normal 0.216821 -0.976211 0
    outer loop
      vertex 46.0726 14.6565 2.4
      vertex 46.734 14.8034 3.3
      vertex 46.0726 14.6565 3.3
    endloop
  endfacet
  facet normal 0.216821 -0.976211 0
    outer loop
      vertex 46.734 14.8034 3.3
      vertex 46.0726 14.6565 2.4
      vertex 46.734 14.8034 2.4
    endloop
  endfacet
  facet normal -0.529921 -0.848047 0
    outer loop
      vertex 46.734 14.8034 2.4
      vertex 47.3218 14.4361 3.3
      vertex 46.734 14.8034 3.3
    endloop
  endfacet
  facet normal -0.529921 -0.848047 -0
    outer loop
      vertex 47.3218 14.4361 3.3
      vertex 46.734 14.8034 2.4
      vertex 47.3218 14.4361 2.4
    endloop
  endfacet
  facet normal 0 -1 0
    outer loop
      vertex 47.3218 14.4361 2.4
      vertex 47.6893 14.4361 3.3
      vertex 47.3218 14.4361 3.3
    endloop
  endfacet
  facet normal 0 -1 -0
    outer loop
      vertex 47.6893 14.4361 3.3
      vertex 47.3218 14.4361 2.4
      vertex 47.6893 14.4361 2.4
    endloop
  endfacet
  facet normal 0.600087 -0.799935 0
    outer loop
      vertex 47.6893 14.4361 2.4
      vertex 47.9831 14.6565 3.3
      vertex 47.6893 14.4361 3.3
    endloop
  endfacet
  facet normal 0.600087 -0.799935 0
    outer loop
      vertex 47.9831 14.6565 3.3
      vertex 47.6893 14.4361 2.4
      vertex 47.9831 14.6565 2.4
    endloop
  endfacet
  facet normal 0 -1 0
    outer loop
      vertex 47.9831 14.6565 2.4
      vertex 48.6445 14.6565 3.3
      vertex 47.9831 14.6565 3.3
    endloop
  endfacet
  facet normal 0 -1 -0
    outer loop
      vertex 48.6445 14.6565 3.3
      vertex 47.9831 14.6565 2.4
      vertex 48.6445 14.6565 2.4
    endloop
  endfacet
  facet normal -0.124537 -0.992215 0
    outer loop
      vertex 48.6445 14.6565 2.4
      vertex 65.6187 12.526 3.3
      vertex 48.6445 14.6565 3.3
    endloop
  endfacet
  facet normal -0.124537 -0.992215 -0
    outer loop
      vertex 65.6187 12.526 3.3
      vertex 48.6445 14.6565 2.4
      vertex 65.6187 12.526 2.4
    endloop
  endfacet
  facet normal 0.999842 0.0177955 0
    outer loop
      vertex 65.6187 12.526 3.3
      vertex 65.6133 12.8294 2.4
      vertex 65.6133 12.8294 3.3
    endloop
  endfacet
  facet normal 0.999842 0.0177955 0
    outer loop
      vertex 65.6133 12.8294 2.4
      vertex 65.6187 12.526 3.3
      vertex 65.6187 12.526 2.4
    endloop
  endfacet
  facet normal -0.11764 -0.993056 0
    outer loop
      vertex 65.6133 12.8294 2.4
      vertex 72.7649 11.9822 3.3
      vertex 65.6133 12.8294 3.3
    endloop
  endfacet
  facet normal -0.11764 -0.993056 -0
    outer loop
      vertex 72.7649 11.9822 3.3
      vertex 65.6133 12.8294 2.4
      vertex 72.7649 11.9822 2.4
    endloop
  endfacet
  facet normal -0.840298 -0.542124 0
    outer loop
      vertex 76.046 6.89646 2.4
      vertex 72.7649 11.9822 3.3
      vertex 72.7649 11.9822 2.4
    endloop
  endfacet
  facet normal -0.840298 -0.542124 0
    outer loop
      vertex 72.7649 11.9822 3.3
      vertex 76.046 6.89646 2.4
      vertex 76.046 6.89646 3.3
    endloop
  endfacet
  facet normal -0.99763 -0.0688031 0
    outer loop
      vertex 76.9927 -6.83049 2.4
      vertex 76.046 6.89646 3.3
      vertex 76.046 6.89646 2.4
    endloop
  endfacet
  facet normal -0.99763 -0.0688031 0
    outer loop
      vertex 76.046 6.89646 3.3
      vertex 76.9927 -6.83049 2.4
      vertex 76.9927 -6.83049 3.3
    endloop
  endfacet
  facet normal -0.972174 0.234258 0
    outer loop
      vertex 75.3661 -13.5809 2.4
      vertex 76.9927 -6.83049 3.3
      vertex 76.9927 -6.83049 2.4
    endloop
  endfacet
  facet normal -0.972174 0.234258 0
    outer loop
      vertex 76.9927 -6.83049 3.3
      vertex 75.3661 -13.5809 2.4
      vertex 75.3661 -13.5809 3.3
    endloop
  endfacet
  facet normal -0.0835351 0.996505 0
    outer loop
      vertex 75.3661 -13.5809 2.4
      vertex 65.5794 -14.4013 3.3
      vertex 75.3661 -13.5809 3.3
    endloop
  endfacet
  facet normal -0.0835351 0.996505 0
    outer loop
      vertex 65.5794 -14.4013 3.3
      vertex 75.3661 -13.5809 2.4
      vertex 65.5794 -14.4013 2.4
    endloop
  endfacet
  facet normal 0.999742 -0.0227319 0
    outer loop
      vertex 65.5794 -14.4013 3.3
      vertex 65.6187 -12.6729 2.4
      vertex 65.6187 -12.6729 3.3
    endloop
  endfacet
  facet normal 0.999742 -0.0227319 0
    outer loop
      vertex 65.6187 -12.6729 2.4
      vertex 65.5794 -14.4013 3.3
      vertex 65.5794 -14.4013 2.4
    endloop
  endfacet
  facet normal -0.214805 0.976657 0
    outer loop
      vertex 65.6187 -12.6729 2.4
      vertex 61.9445 -13.481 3.3
      vertex 65.6187 -12.6729 3.3
    endloop
  endfacet
  facet normal -0.214805 0.976657 0
    outer loop
      vertex 61.9445 -13.481 3.3
      vertex 65.6187 -12.6729 2.4
      vertex 61.9445 -13.481 2.4
    endloop
  endfacet
  facet normal -0.0797129 0.996818 0
    outer loop
      vertex 61.9445 -13.481 2.4
      vertex 60.1075 -13.6279 3.3
      vertex 61.9445 -13.481 3.3
    endloop
  endfacet
  facet normal -0.0797129 0.996818 0
    outer loop
      vertex 60.1075 -13.6279 3.3
      vertex 61.9445 -13.481 2.4
      vertex 60.1075 -13.6279 2.4
    endloop
  endfacet
  facet normal -0.168314 0.985734 0
    outer loop
      vertex 60.1075 -13.6279 2.4
      vertex 57.0949 -14.1423 3.3
      vertex 60.1075 -13.6279 3.3
    endloop
  endfacet
  facet normal -0.168314 0.985734 0
    outer loop
      vertex 57.0949 -14.1423 3.3
      vertex 60.1075 -13.6279 2.4
      vertex 57.0949 -14.1423 2.4
    endloop
  endfacet
  facet normal -0.358756 0.933431 0
    outer loop
      vertex 57.0949 -14.1423 2.4
      vertex 56.1395 -14.5095 3.3
      vertex 57.0949 -14.1423 3.3
    endloop
  endfacet
  facet normal -0.358756 0.933431 0
    outer loop
      vertex 56.1395 -14.5095 3.3
      vertex 57.0949 -14.1423 2.4
      vertex 56.1395 -14.5095 2.4
    endloop
  endfacet
  facet normal -0.0554909 0.998459 0
    outer loop
      vertex 56.1395 -14.5095 2.4
      vertex 54.817 -14.583 3.3
      vertex 56.1395 -14.5095 3.3
    endloop
  endfacet
  facet normal -0.0554909 0.998459 0
    outer loop
      vertex 54.817 -14.583 3.3
      vertex 56.1395 -14.5095 2.4
      vertex 54.817 -14.583 2.4
    endloop
  endfacet
  facet normal -0.181132 0.983459 0
    outer loop
      vertex 54.817 -14.583 2.4
      vertex 52.0246 -15.0973 3.3
      vertex 54.817 -14.583 3.3
    endloop
  endfacet
  facet normal -0.181132 0.983459 0
    outer loop
      vertex 52.0246 -15.0973 3.3
      vertex 54.817 -14.583 2.4
      vertex 52.0246 -15.0973 2.4
    endloop
  endfacet
  facet normal 0.124076 0.992273 -0
    outer loop
      vertex 52.0246 -15.0973 2.4
      vertex 51.4368 -15.0238 3.3
      vertex 52.0246 -15.0973 3.3
    endloop
  endfacet
  facet normal 0.124076 0.992273 0
    outer loop
      vertex 51.4368 -15.0238 3.3
      vertex 52.0246 -15.0973 2.4
      vertex 51.4368 -15.0238 2.4
    endloop
  endfacet
  facet normal -0.242473 0.970158 0
    outer loop
      vertex 51.4368 -15.0238 2.4
      vertex 49.9672 -15.3911 3.3
      vertex 51.4368 -15.0238 3.3
    endloop
  endfacet
  facet normal -0.242473 0.970158 0
    outer loop
      vertex 49.9672 -15.3911 3.3
      vertex 51.4368 -15.0238 2.4
      vertex 49.9672 -15.3911 2.4
    endloop
  endfacet
  facet normal 0 1 -0
    outer loop
      vertex 49.9672 -15.3911 2.4
      vertex 48.3506 -15.3911 3.3
      vertex 49.9672 -15.3911 3.3
    endloop
  endfacet
  facet normal 0 1 0
    outer loop
      vertex 48.3506 -15.3911 3.3
      vertex 49.9672 -15.3911 2.4
      vertex 48.3506 -15.3911 2.4
    endloop
  endfacet
  facet normal -0.514496 0.857493 0
    outer loop
      vertex 48.3506 -15.3911 2.4
      vertex 47.9831 -15.6116 3.3
      vertex 48.3506 -15.3911 3.3
    endloop
  endfacet
  facet normal -0.514496 0.857493 0
    outer loop
      vertex 47.9831 -15.6116 3.3
      vertex 48.3506 -15.3911 2.4
      vertex 47.9831 -15.6116 2.4
    endloop
  endfacet
  facet normal -0.114551 0.993417 0
    outer loop
      vertex 47.9831 -15.6116 2.4
      vertex 46.0726 -15.8319 3.3
      vertex 47.9831 -15.6116 3.3
    endloop
  endfacet
  facet normal -0.114551 0.993417 0
    outer loop
      vertex 46.0726 -15.8319 3.3
      vertex 47.9831 -15.6116 2.4
      vertex 46.0726 -15.8319 2.4
    endloop
  endfacet
  facet normal -0.00625621 -0.99998 0
    outer loop
      vertex 46.0726 -15.8319 2.4
      vertex 48.3423 -15.8461 3.3
      vertex 46.0726 -15.8319 3.3
    endloop
  endfacet
  facet normal -0.00625621 -0.99998 -0
    outer loop
      vertex 48.3423 -15.8461 3.3
      vertex 46.0726 -15.8319 2.4
      vertex 48.3423 -15.8461 2.4
    endloop
  endfacet
  facet normal -0.083531 0.996505 0
    outer loop
      vertex 48.3423 -15.8461 2.4
      vertex 8.84284 -19.1571 3.3
      vertex 48.3423 -15.8461 3.3
    endloop
  endfacet
  facet normal -0.083531 0.996505 0
    outer loop
      vertex 8.84284 -19.1571 3.3
      vertex 48.3423 -15.8461 2.4
      vertex 8.84284 -19.1571 2.4
    endloop
  endfacet
  facet normal -0.0665165 0.997785 0
    outer loop
      vertex 8.84284 -19.1571 2.4
      vertex 0 -19.7466 3.3
      vertex 8.84284 -19.1571 3.3
    endloop
  endfacet
  facet normal -0.0665165 0.997785 0
    outer loop
      vertex 0 -19.7466 3.3
      vertex 8.84284 -19.1571 2.4
      vertex 0 -19.7466 2.4
    endloop
  endfacet
  facet normal 0.0665165 0.997785 -0
    outer loop
      vertex 0 -19.7466 2.4
      vertex -8.84284 -19.1571 3.3
      vertex 0 -19.7466 3.3
    endloop
  endfacet
  facet normal 0.0665165 0.997785 0
    outer loop
      vertex -8.84284 -19.1571 3.3
      vertex 0 -19.7466 2.4
      vertex -8.84284 -19.1571 2.4
    endloop
  endfacet
  facet normal 0.955773 -0.294107 0
    outer loop
      vertex -30.4212 12.8933 3.3
      vertex -30.1273 13.8484 2.4
      vertex -30.1273 13.8484 3.3
    endloop
  endfacet
  facet normal 0.955773 -0.294107 0
    outer loop
      vertex -30.1273 13.8484 2.4
      vertex -30.4212 12.8933 3.3
      vertex -30.4212 12.8933 2.4
    endloop
  endfacet
  facet normal 0.624539 -0.780993 0
    outer loop
      vertex -30.1273 13.8484 2.4
      vertex -29.7599 14.1422 3.3
      vertex -30.1273 13.8484 3.3
    endloop
  endfacet
  facet normal 0.624539 -0.780993 0
    outer loop
      vertex -29.7599 14.1422 3.3
      vertex -30.1273 13.8484 2.4
      vertex -29.7599 14.1422 2.4
    endloop
  endfacet
  facet normal -0.364331 -0.93127 0
    outer loop
      vertex -29.7599 14.1422 2.4
      vertex -28.0698 13.481 3.3
      vertex -29.7599 14.1422 3.3
    endloop
  endfacet
  facet normal -0.364331 -0.93127 -0
    outer loop
      vertex -28.0698 13.481 3.3
      vertex -29.7599 14.1422 2.4
      vertex -28.0698 13.481 2.4
    endloop
  endfacet
  facet normal -0.0994635 -0.995041 0
    outer loop
      vertex -28.0698 13.481 2.4
      vertex -26.6002 13.3341 3.3
      vertex -28.0698 13.481 3.3
    endloop
  endfacet
  facet normal -0.0994635 -0.995041 -0
    outer loop
      vertex -26.6002 13.3341 3.3
      vertex -28.0698 13.481 2.4
      vertex -26.6002 13.3341 2.4
    endloop
  endfacet
  facet normal 0 -1 0
    outer loop
      vertex -26.6002 13.3341 2.4
      vertex -25.0571 13.3341 3.3
      vertex -26.6002 13.3341 3.3
    endloop
  endfacet
  facet normal 0 -1 -0
    outer loop
      vertex -25.0571 13.3341 3.3
      vertex -26.6002 13.3341 2.4
      vertex -25.0571 13.3341 2.4
    endloop
  endfacet
  facet normal 0.242419 -0.970172 0
    outer loop
      vertex -25.0571 13.3341 2.4
      vertex -24.4692 13.481 3.3
      vertex -25.0571 13.3341 3.3
    endloop
  endfacet
  facet normal 0.242419 -0.970172 0
    outer loop
      vertex -24.4692 13.481 3.3
      vertex -25.0571 13.3341 2.4
      vertex -24.4692 13.481 2.4
    endloop
  endfacet
  facet normal -0.345615 -0.938376 0
    outer loop
      vertex -24.4692 13.481 2.4
      vertex -23.0731 12.9668 3.3
      vertex -24.4692 13.481 3.3
    endloop
  endfacet
  facet normal -0.345615 -0.938376 -0
    outer loop
      vertex -23.0731 12.9668 3.3
      vertex -24.4692 13.481 2.4
      vertex -23.0731 12.9668 2.4
    endloop
  endfacet
  facet normal -0.0995305 -0.995035 0
    outer loop
      vertex -23.0731 12.9668 2.4
      vertex -21.6035 12.8198 3.3
      vertex -23.0731 12.9668 3.3
    endloop
  endfacet
  facet normal -0.0995305 -0.995035 -0
    outer loop
      vertex -21.6035 12.8198 3.3
      vertex -23.0731 12.9668 2.4
      vertex -21.6035 12.8198 2.4
    endloop
  endfacet
  facet normal 0.759204 -0.650852 0
    outer loop
      vertex -21.6035 12.8198 3.3
      vertex -21.1626 13.3341 2.4
      vertex -21.1626 13.3341 3.3
    endloop
  endfacet
  facet normal 0.759204 -0.650852 0
    outer loop
      vertex -21.1626 13.3341 2.4
      vertex -21.6035 12.8198 3.3
      vertex -21.6035 12.8198 2.4
    endloop
  endfacet
  facet normal 0.514427 0.857534 -0
    outer loop
      vertex -21.1626 13.3341 2.4
      vertex -21.53 13.5545 3.3
      vertex -21.1626 13.3341 3.3
    endloop
  endfacet
  facet normal 0.514427 0.857534 0
    outer loop
      vertex -21.53 13.5545 3.3
      vertex -21.1626 13.3341 2.4
      vertex -21.53 13.5545 2.4
    endloop
  endfacet
  facet normal 0.11041 0.993886 -0
    outer loop
      vertex -21.53 13.5545 2.4
      vertex -25.498 13.9953 3.3
      vertex -21.53 13.5545 3.3
    endloop
  endfacet
  facet normal 0.11041 0.993886 0
    outer loop
      vertex -25.498 13.9953 3.3
      vertex -21.53 13.5545 2.4
      vertex -25.498 13.9953 2.4
    endloop
  endfacet
  facet normal 0.0623743 0.998053 -0
    outer loop
      vertex -25.498 13.9953 2.4
      vertex -30.2007 14.2892 3.3
      vertex -25.498 13.9953 3.3
    endloop
  endfacet
  facet normal 0.0623743 0.998053 0
    outer loop
      vertex -30.2007 14.2892 3.3
      vertex -25.498 13.9953 2.4
      vertex -30.2007 14.2892 2.4
    endloop
  endfacet
  facet normal -0.780819 0.624757 0
    outer loop
      vertex -31.6703 12.4525 2.4
      vertex -30.2007 14.2892 3.3
      vertex -30.2007 14.2892 2.4
    endloop
  endfacet
  facet normal -0.780819 0.624757 0
    outer loop
      vertex -30.2007 14.2892 3.3
      vertex -31.6703 12.4525 2.4
      vertex -31.6703 12.4525 3.3
    endloop
  endfacet
  facet normal -0.843598 0.536975 0
    outer loop
      vertex -33.2135 10.0281 2.4
      vertex -31.6703 12.4525 3.3
      vertex -31.6703 12.4525 2.4
    endloop
  endfacet
  facet normal -0.843598 0.536975 0
    outer loop
      vertex -31.6703 12.4525 3.3
      vertex -33.2135 10.0281 2.4
      vertex -33.2135 10.0281 3.3
    endloop
  endfacet
  facet normal -0.110433 -0.993884 0
    outer loop
      vertex -33.2135 10.0281 2.4
      vertex -32.5521 9.95461 3.3
      vertex -33.2135 10.0281 3.3
    endloop
  endfacet
  facet normal -0.110433 -0.993884 -0
    outer loop
      vertex -32.5521 9.95461 3.3
      vertex -33.2135 10.0281 2.4
      vertex -32.5521 9.95461 2.4
    endloop
  endfacet
  facet normal 0.809565 -0.587031 0
    outer loop
      vertex -32.5521 9.95461 3.3
      vertex -30.4212 12.8933 2.4
      vertex -30.4212 12.8933 3.3
    endloop
  endfacet
  facet normal 0.809565 -0.587031 0
    outer loop
      vertex -30.4212 12.8933 2.4
      vertex -32.5521 9.95461 3.3
      vertex -32.5521 9.95461 2.4
    endloop
  endfacet
  facet normal 0.789378 -0.613908 0
    outer loop
      vertex -51.3633 -11.0567 3.3
      vertex -50.849 -10.3954 2.4
      vertex -50.849 -10.3954 3.3
    endloop
  endfacet
  facet normal 0.789378 -0.613908 0
    outer loop
      vertex -50.849 -10.3954 2.4
      vertex -51.3633 -11.0567 3.3
      vertex -51.3633 -11.0567 2.4
    endloop
  endfacet
  facet normal 0.164218 -0.986424 0
    outer loop
      vertex -50.849 -10.3954 2.4
      vertex -50.4081 -10.322 3.3
      vertex -50.849 -10.3954 3.3
    endloop
  endfacet
  facet normal 0.164218 -0.986424 0
    outer loop
      vertex -50.4081 -10.322 3.3
      vertex -50.849 -10.3954 2.4
      vertex -50.4081 -10.322 2.4
    endloop
  endfacet
  facet normal 0.763335 -0.646003 0
    outer loop
      vertex -50.4081 -10.322 3.3
      vertex -49.5998 -9.36689 2.4
      vertex -49.5998 -9.36689 3.3
    endloop
  endfacet
  facet normal 0.763335 -0.646003 0
    outer loop
      vertex -49.5998 -9.36689 2.4
      vertex -50.4081 -10.322 3.3
      vertex -50.4081 -10.322 2.4
    endloop
  endfacet
  facet normal 0.894387 -0.447295 0
    outer loop
      vertex -49.5998 -9.36689 3.3
      vertex -49.1589 -8.48529 2.4
      vertex -49.1589 -8.48529 3.3
    endloop
  endfacet
  facet normal 0.894387 -0.447295 0
    outer loop
      vertex -49.1589 -8.48529 2.4
      vertex -49.5998 -9.36689 3.3
      vertex -49.5998 -9.36689 2.4
    endloop
  endfacet
  facet normal 1 -0 0
    outer loop
      vertex -49.1589 -8.48529 3.3
      vertex -49.1589 -8.04449 2.4
      vertex -49.1589 -8.04449 3.3
    endloop
  endfacet
  facet normal 1 0 0
    outer loop
      vertex -49.1589 -8.04449 2.4
      vertex -49.1589 -8.48529 3.3
      vertex -49.1589 -8.48529 2.4
    endloop
  endfacet
  facet normal 0.514393 -0.857555 0
    outer loop
      vertex -49.1589 -8.04449 2.4
      vertex -48.0567 -7.38335 3.3
      vertex -49.1589 -8.04449 3.3
    endloop
  endfacet
  facet normal 0.514393 -0.857555 0
    outer loop
      vertex -48.0567 -7.38335 3.3
      vertex -49.1589 -8.04449 2.4
      vertex -48.0567 -7.38335 2.4
    endloop
  endfacet
  facet normal 0.906677 -0.421825 0
    outer loop
      vertex -48.0567 -7.38335 3.3
      vertex -46.587 -4.22435 2.4
      vertex -46.587 -4.22435 3.3
    endloop
  endfacet
  facet normal 0.906677 -0.421825 0
    outer loop
      vertex -46.587 -4.22435 2.4
      vertex -48.0567 -7.38335 3.3
      vertex -48.0567 -7.38335 2.4
    endloop
  endfacet
  facet normal 0.986394 -0.1644 0
    outer loop
      vertex -46.587 -4.22435 3.3
      vertex -46.3666 -2.90196 2.4
      vertex -46.3666 -2.90196 3.3
    endloop
  endfacet
  facet normal 0.986394 -0.1644 0
    outer loop
      vertex -46.3666 -2.90196 2.4
      vertex -46.587 -4.22435 3.3
      vertex -46.587 -4.22435 2.4
    endloop
  endfacet
  facet normal 0.59993 -0.800052 0
    outer loop
      vertex -46.3666 -2.90196 2.4
      vertex -46.0726 -2.6815 3.3
      vertex -46.3666 -2.90196 3.3
    endloop
  endfacet
  facet normal 0.59993 -0.800052 0
    outer loop
      vertex -46.0726 -2.6815 3.3
      vertex -46.3666 -2.90196 2.4
      vertex -46.0726 -2.6815 2.4
    endloop
  endfacet
  facet normal -0.141494 -0.989939 0
    outer loop
      vertex -46.0726 -2.6815 2.4
      vertex -45.5583 -2.75501 3.3
      vertex -46.0726 -2.6815 3.3
    endloop
  endfacet
  facet normal -0.141494 -0.989939 -0
    outer loop
      vertex -45.5583 -2.75501 3.3
      vertex -46.0726 -2.6815 2.4
      vertex -45.5583 -2.75501 2.4
    endloop
  endfacet
  facet normal 0.799993 -0.600009 0
    outer loop
      vertex -45.5583 -2.75501 3.3
      vertex -45.3379 -2.46115 2.4
      vertex -45.3379 -2.46115 3.3
    endloop
  endfacet
  facet normal 0.799993 -0.600009 0
    outer loop
      vertex -45.3379 -2.46115 2.4
      vertex -45.5583 -2.75501 3.3
      vertex -45.5583 -2.75501 2.4
    endloop
  endfacet
  facet normal 0.997044 -0.0768322 0
    outer loop
      vertex -45.3379 -2.46115 3.3
      vertex -45.2643 -1.50605 2.4
      vertex -45.2643 -1.50605 3.3
    endloop
  endfacet
  facet normal 0.997044 -0.0768322 0
    outer loop
      vertex -45.2643 -1.50605 2.4
      vertex -45.3379 -2.46115 3.3
      vertex -45.3379 -2.46115 2.4
    endloop
  endfacet
  facet normal 0.902847 -0.429961 0
    outer loop
      vertex -45.2643 -1.50605 3.3
      vertex -44.5296 0.0366972 2.4
      vertex -44.5296 0.0366972 3.3
    endloop
  endfacet
  facet normal 0.902847 -0.429961 0
    outer loop
      vertex -44.5296 0.0366972 2.4
      vertex -45.2643 -1.50605 3.3
      vertex -45.2643 -1.50605 2.4
    endloop
  endfacet
  facet normal 0.993896 0.110324 0
    outer loop
      vertex -44.5296 0.0366972 3.3
      vertex -44.603 0.697947 2.4
      vertex -44.603 0.697947 3.3
    endloop
  endfacet
  facet normal 0.993896 0.110324 0
    outer loop
      vertex -44.603 0.697947 2.4
      vertex -44.5296 0.0366972 3.3
      vertex -44.5296 0.0366972 2.4
    endloop
  endfacet
  facet normal 0 1 -0
    outer loop
      vertex -44.603 0.697947 2.4
      vertex -44.897 0.697947 3.3
      vertex -44.603 0.697947 3.3
    endloop
  endfacet
  facet normal 0 1 0
    outer loop
      vertex -44.897 0.697947 3.3
      vertex -44.603 0.697947 2.4
      vertex -44.897 0.697947 2.4
    endloop
  endfacet
  facet normal 0.599871 0.800097 -0
    outer loop
      vertex -44.897 0.697947 2.4
      vertex -45.1909 0.918298 3.3
      vertex -44.897 0.697947 3.3
    endloop
  endfacet
  facet normal 0.599871 0.800097 0
    outer loop
      vertex -45.1909 0.918298 3.3
      vertex -44.897 0.697947 2.4
      vertex -45.1909 0.918298 2.4
    endloop
  endfacet
  facet normal 1 -0 0
    outer loop
      vertex -45.1909 0.918298 3.3
      vertex -45.1909 1.28568 2.4
      vertex -45.1909 1.28568 3.3
    endloop
  endfacet
  facet normal 1 0 0
    outer loop
      vertex -45.1909 1.28568 2.4
      vertex -45.1909 0.918298 3.3
      vertex -45.1909 0.918298 2.4
    endloop
  endfacet
  facet normal 0.910328 0.413888 0
    outer loop
      vertex -45.1909 1.28568 3.3
      vertex -45.5583 2.09376 2.4
      vertex -45.5583 2.09376 3.3
    endloop
  endfacet
  facet normal 0.910328 0.413888 0
    outer loop
      vertex -45.5583 2.09376 2.4
      vertex -45.1909 1.28568 3.3
      vertex -45.1909 1.28568 2.4
    endloop
  endfacet
  facet normal 1 -0 0
    outer loop
      vertex -45.5583 2.09376 3.3
      vertex -45.5583 2.31421 2.4
      vertex -45.5583 2.31421 3.3
    endloop
  endfacet
  facet normal 1 0 0
    outer loop
      vertex -45.5583 2.31421 2.4
      vertex -45.5583 2.09376 3.3
      vertex -45.5583 2.09376 2.4
    endloop
  endfacet
  facet normal 0.707027 -0.707187 0
    outer loop
      vertex -45.5583 2.31421 2.4
      vertex -45.3379 2.53456 3.3
      vertex -45.5583 2.31421 3.3
    endloop
  endfacet
  facet normal 0.707027 -0.707187 0
    outer loop
      vertex -45.3379 2.53456 3.3
      vertex -45.5583 2.31421 2.4
      vertex -45.3379 2.53456 2.4
    endloop
  endfacet
  facet normal 0 -1 0
    outer loop
      vertex -45.3379 2.53456 2.4
      vertex -44.897 2.53456 3.3
      vertex -45.3379 2.53456 3.3
    endloop
  endfacet
  facet normal 0 -1 -0
    outer loop
      vertex -44.897 2.53456 3.3
      vertex -45.3379 2.53456 2.4
      vertex -44.897 2.53456 2.4
    endloop
  endfacet
  facet normal -0.87412 -0.48571 0
    outer loop
      vertex -44.1622 1.21216 2.4
      vertex -44.897 2.53456 3.3
      vertex -44.897 2.53456 2.4
    endloop
  endfacet
  facet normal -0.87412 -0.48571 0
    outer loop
      vertex -44.897 2.53456 3.3
      vertex -44.1622 1.21216 2.4
      vertex -44.1622 1.21216 3.3
    endloop
  endfacet
  facet normal -0.54066 -0.841241 0
    outer loop
      vertex -44.1622 1.21216 2.4
      vertex -43.1335 0.551021 3.3
      vertex -44.1622 1.21216 3.3
    endloop
  endfacet
  facet normal -0.54066 -0.841241 -0
    outer loop
      vertex -43.1335 0.551021 3.3
      vertex -44.1622 1.21216 2.4
      vertex -43.1335 0.551021 2.4
    endloop
  endfacet
  facet normal 0.141279 -0.98997 0
    outer loop
      vertex -43.1335 0.551021 2.4
      vertex -42.6191 0.624431 3.3
      vertex -43.1335 0.551021 3.3
    endloop
  endfacet
  facet normal 0.141279 -0.98997 0
    outer loop
      vertex -42.6191 0.624431 3.3
      vertex -43.1335 0.551021 2.4
      vertex -42.6191 0.624431 2.4
    endloop
  endfacet
  facet normal 0.913754 -0.406267 0
    outer loop
      vertex -42.6191 0.624431 3.3
      vertex -42.3251 1.28568 2.4
      vertex -42.3251 1.28568 3.3
    endloop
  endfacet
  facet normal 0.913754 -0.406267 0
    outer loop
      vertex -42.3251 1.28568 2.4
      vertex -42.6191 0.624431 3.3
      vertex -42.6191 0.624431 2.4
    endloop
  endfacet
  facet normal 0.706991 -0.707222 0
    outer loop
      vertex -42.3251 1.28568 2.4
      vertex -41.9577 1.65296 3.3
      vertex -42.3251 1.28568 3.3
    endloop
  endfacet
  facet normal 0.706991 -0.707222 0
    outer loop
      vertex -41.9577 1.65296 3.3
      vertex -42.3251 1.28568 2.4
      vertex -41.9577 1.65296 2.4
    endloop
  endfacet
  facet normal 0.393973 -0.919122 0
    outer loop
      vertex -41.9577 1.65296 2.4
      vertex -41.4434 1.87341 3.3
      vertex -41.9577 1.65296 3.3
    endloop
  endfacet
  facet normal 0.393973 -0.919122 0
    outer loop
      vertex -41.4434 1.87341 3.3
      vertex -41.9577 1.65296 2.4
      vertex -41.4434 1.87341 2.4
    endloop
  endfacet
  facet normal 0 -1 0
    outer loop
      vertex -41.4434 1.87341 2.4
      vertex -40.5616 1.87341 3.3
      vertex -41.4434 1.87341 3.3
    endloop
  endfacet
  facet normal 0 -1 -0
    outer loop
      vertex -40.5616 1.87341 3.3
      vertex -41.4434 1.87341 2.4
      vertex -40.5616 1.87341 2.4
    endloop
  endfacet
  facet normal -0.503825 -0.863806 0
    outer loop
      vertex -40.5616 1.87341 2.4
      vertex -39.6798 1.35909 3.3
      vertex -40.5616 1.87341 3.3
    endloop
  endfacet
  facet normal -0.503825 -0.863806 -0
    outer loop
      vertex -39.6798 1.35909 3.3
      vertex -40.5616 1.87341 2.4
      vertex -39.6798 1.35909 2.4
    endloop
  endfacet
  facet normal 0.729476 -0.684006 0
    outer loop
      vertex -39.6798 1.35909 3.3
      vertex -38.5776 2.53456 2.4
      vertex -38.5776 2.53456 3.3
    endloop
  endfacet
  facet normal 0.729476 -0.684006 0
    outer loop
      vertex -38.5776 2.53456 2.4
      vertex -39.6798 1.35909 3.3
      vertex -39.6798 1.35909 2.4
    endloop
  endfacet
  facet normal 0.936302 -0.351195 0
    outer loop
      vertex -38.5776 2.53456 3.3
      vertex -38.1367 3.71002 2.4
      vertex -38.1367 3.71002 3.3
    endloop
  endfacet
  facet normal 0.936302 -0.351195 0
    outer loop
      vertex -38.1367 3.71002 2.4
      vertex -38.5776 2.53456 3.3
      vertex -38.5776 2.53456 2.4
    endloop
  endfacet
  facet normal 0.997456 0.0712794 0
    outer loop
      vertex -38.1367 3.71002 3.3
      vertex -38.2102 4.73855 2.4
      vertex -38.2102 4.73855 3.3
    endloop
  endfacet
  facet normal 0.997456 0.0712794 0
    outer loop
      vertex -38.2102 4.73855 2.4
      vertex -38.1367 3.71002 3.3
      vertex -38.1367 3.71002 2.4
    endloop
  endfacet
  facet normal 0.529939 -0.848036 0
    outer loop
      vertex -38.2102 4.73855 2.4
      vertex -37.6223 5.10593 3.3
      vertex -38.2102 4.73855 3.3
    endloop
  endfacet
  facet normal 0.529939 -0.848036 0
    outer loop
      vertex -37.6223 5.10593 3.3
      vertex -38.2102 4.73855 2.4
      vertex -37.6223 5.10593 2.4
    endloop
  endfacet
  facet normal 0.995878 0.0907058 0
    outer loop
      vertex -37.6223 5.10593 3.3
      vertex -37.6959 5.914 2.4
      vertex -37.6959 5.914 3.3
    endloop
  endfacet
  facet normal 0.995878 0.0907058 0
    outer loop
      vertex -37.6959 5.914 2.4
      vertex -37.6223 5.10593 3.3
      vertex -37.6223 5.10593 2.4
    endloop
  endfacet
  facet normal 0.59993 -0.800052 0
    outer loop
      vertex -37.6959 5.914 2.4
      vertex -37.4019 6.13446 3.3
      vertex -37.6959 5.914 3.3
    endloop
  endfacet
  facet normal 0.59993 -0.800052 0
    outer loop
      vertex -37.4019 6.13446 3.3
      vertex -37.6959 5.914 2.4
      vertex -37.4019 6.13446 2.4
    endloop
  endfacet
  facet normal -0.59993 -0.800052 0
    outer loop
      vertex -37.4019 6.13446 2.4
      vertex -37.1079 5.914 3.3
      vertex -37.4019 6.13446 3.3
    endloop
  endfacet
  facet normal -0.59993 -0.800052 -0
    outer loop
      vertex -37.1079 5.914 3.3
      vertex -37.4019 6.13446 2.4
      vertex -37.1079 5.914 2.4
    endloop
  endfacet
  facet normal -0.902846 -0.429963 0
    outer loop
      vertex -36.3732 4.37126 2.4
      vertex -37.1079 5.914 3.3
      vertex -37.1079 5.914 2.4
    endloop
  endfacet
  facet normal -0.902846 -0.429963 0
    outer loop
      vertex -37.1079 5.914 3.3
      vertex -36.3732 4.37126 2.4
      vertex -36.3732 4.37126 3.3
    endloop
  endfacet
  facet normal -0.707021 -0.707192 0
    outer loop
      vertex -36.3732 4.37126 2.4
      vertex -35.7118 3.71002 3.3
      vertex -36.3732 4.37126 3.3
    endloop
  endfacet
  facet normal -0.707021 -0.707192 -0
    outer loop
      vertex -35.7118 3.71002 3.3
      vertex -36.3732 4.37126 2.4
      vertex -35.7118 3.71002 2.4
    endloop
  endfacet
  facet normal -0.371331 -0.928501 0
    outer loop
      vertex -35.7118 3.71002 2.4
      vertex -32.7726 2.53456 3.3
      vertex -35.7118 3.71002 3.3
    endloop
  endfacet
  facet normal -0.371331 -0.928501 -0
    outer loop
      vertex -32.7726 2.53456 3.3
      vertex -35.7118 3.71002 2.4
      vertex -32.7726 2.53456 2.4
    endloop
  endfacet
  facet normal -0.116822 -0.993153 0
    outer loop
      vertex -32.7726 2.53456 2.4
      vertex -31.5234 2.38762 3.3
      vertex -32.7726 2.53456 3.3
    endloop
  endfacet
  facet normal -0.116822 -0.993153 -0
    outer loop
      vertex -31.5234 2.38762 3.3
      vertex -32.7726 2.53456 2.4
      vertex -31.5234 2.38762 2.4
    endloop
  endfacet
  facet normal -0.693026 -0.720912 0
    outer loop
      vertex -31.5234 2.38762 2.4
      vertex -29.6129 0.551021 3.3
      vertex -31.5234 2.38762 3.3
    endloop
  endfacet
  facet normal -0.693026 -0.720912 -0
    outer loop
      vertex -29.6129 0.551021 3.3
      vertex -31.5234 2.38762 2.4
      vertex -29.6129 0.551021 2.4
    endloop
  endfacet
  facet normal 0.141305 -0.989966 0
    outer loop
      vertex -29.6129 0.551021 2.4
      vertex -29.0986 0.624431 3.3
      vertex -29.6129 0.551021 3.3
    endloop
  endfacet
  facet normal 0.141305 -0.989966 0
    outer loop
      vertex -29.0986 0.624431 3.3
      vertex -29.6129 0.551021 2.4
      vertex -29.0986 0.624431 2.4
    endloop
  endfacet
  facet normal 0.894224 -0.447619 0
    outer loop
      vertex -29.0986 0.624431 3.3
      vertex -28.9515 0.918298 2.4
      vertex -28.9515 0.918298 3.3
    endloop
  endfacet
  facet normal 0.894224 -0.447619 0
    outer loop
      vertex -28.9515 0.918298 2.4
      vertex -29.0986 0.624431 3.3
      vertex -29.0986 0.624431 2.4
    endloop
  endfacet
  facet normal 0.997783 0.0665465 0
    outer loop
      vertex -28.9515 0.918298 3.3
      vertex -29.025 2.02034 2.4
      vertex -29.025 2.02034 3.3
    endloop
  endfacet
  facet normal 0.997783 0.0665465 0
    outer loop
      vertex -29.025 2.02034 2.4
      vertex -28.9515 0.918298 3.3
      vertex -28.9515 0.918298 2.4
    endloop
  endfacet
  facet normal 0.903682 0.428204 0
    outer loop
      vertex -29.025 2.02034 3.3
      vertex -29.6864 3.41616 2.4
      vertex -29.6864 3.41616 3.3
    endloop
  endfacet
  facet normal 0.903682 0.428204 0
    outer loop
      vertex -29.6864 3.41616 2.4
      vertex -29.025 2.02034 3.3
      vertex -29.025 2.02034 2.4
    endloop
  endfacet
  facet normal 0.996242 0.0866082 0
    outer loop
      vertex -29.6864 3.41616 3.3
      vertex -29.8333 5.10593 2.4
      vertex -29.8333 5.10593 3.3
    endloop
  endfacet
  facet normal 0.996242 0.0866082 0
    outer loop
      vertex -29.8333 5.10593 2.4
      vertex -29.6864 3.41616 3.3
      vertex -29.6864 3.41616 2.4
    endloop
  endfacet
  facet normal 0.913773 0.406226 0
    outer loop
      vertex -29.8333 5.10593 3.3
      vertex -30.7151 7.08947 2.4
      vertex -30.7151 7.08947 3.3
    endloop
  endfacet
  facet normal 0.913773 0.406226 0
    outer loop
      vertex -30.7151 7.08947 2.4
      vertex -29.8333 5.10593 3.3
      vertex -29.8333 5.10593 2.4
    endloop
  endfacet
  facet normal 0.474015 0.880517 -0
    outer loop
      vertex -30.7151 7.08947 2.4
      vertex -31.6703 7.60369 3.3
      vertex -30.7151 7.08947 3.3
    endloop
  endfacet
  facet normal 0.474015 0.880517 0
    outer loop
      vertex -31.6703 7.60369 3.3
      vertex -30.7151 7.08947 2.4
      vertex -31.6703 7.60369 2.4
    endloop
  endfacet
  facet normal 0.928505 -0.371321 0
    outer loop
      vertex -31.6703 7.60369 3.3
      vertex -31.3765 8.33835 2.4
      vertex -31.3765 8.33835 3.3
    endloop
  endfacet
  facet normal 0.928505 -0.371321 0
    outer loop
      vertex -31.3765 8.33835 2.4
      vertex -31.6703 7.60369 3.3
      vertex -31.6703 7.60369 2.4
    endloop
  endfacet
  facet normal 0.599895 -0.800078 0
    outer loop
      vertex -31.3765 8.33835 2.4
      vertex -31.0825 8.55879 3.3
      vertex -31.3765 8.33835 3.3
    endloop
  endfacet
  facet normal 0.599895 -0.800078 0
    outer loop
      vertex -31.0825 8.55879 3.3
      vertex -31.3765 8.33835 2.4
      vertex -31.0825 8.55879 2.4
    endloop
  endfacet
  facet normal -0.242675 -0.970108 0
    outer loop
      vertex -31.0825 8.55879 2.4
      vertex -30.7886 8.48527 3.3
      vertex -31.0825 8.55879 3.3
    endloop
  endfacet
  facet normal -0.242675 -0.970108 -0
    outer loop
      vertex -30.7886 8.48527 3.3
      vertex -31.0825 8.55879 2.4
      vertex -30.7886 8.48527 2.4
    endloop
  endfacet
  facet normal 0.581183 -0.813773 0
    outer loop
      vertex -30.7886 8.48527 2.4
      vertex -29.7599 9.21995 3.3
      vertex -30.7886 8.48527 3.3
    endloop
  endfacet
  facet normal 0.581183 -0.813773 0
    outer loop
      vertex -29.7599 9.21995 3.3
      vertex -30.7886 8.48527 2.4
      vertex -29.7599 9.21995 2.4
    endloop
  endfacet
  facet normal 0.665934 -0.74601 0
    outer loop
      vertex -29.7599 9.21995 2.4
      vertex -27.7024 11.0566 3.3
      vertex -29.7599 9.21995 3.3
    endloop
  endfacet
  facet normal 0.665934 -0.74601 0
    outer loop
      vertex -27.7024 11.0566 3.3
      vertex -29.7599 9.21995 2.4
      vertex -27.7024 11.0566 2.4
    endloop
  endfacet
  facet normal -0.345652 -0.938363 0
    outer loop
      vertex -27.7024 11.0566 2.4
      vertex -26.3062 10.5423 3.3
      vertex -27.7024 11.0566 3.3
    endloop
  endfacet
  facet normal -0.345652 -0.938363 -0
    outer loop
      vertex -26.3062 10.5423 3.3
      vertex -27.7024 11.0566 2.4
      vertex -26.3062 10.5423 2.4
    endloop
  endfacet
  facet normal -0.178821 -0.983882 0
    outer loop
      vertex -26.3062 10.5423 2.4
      vertex -24.6897 10.2485 3.3
      vertex -26.3062 10.5423 3.3
    endloop
  endfacet
  facet normal -0.178821 -0.983882 -0
    outer loop
      vertex -24.6897 10.2485 3.3
      vertex -26.3062 10.5423 2.4
      vertex -24.6897 10.2485 2.4
    endloop
  endfacet
  facet normal 0 -1 0
    outer loop
      vertex -24.6897 10.2485 2.4
      vertex -23.7344 10.2485 3.3
      vertex -24.6897 10.2485 3.3
    endloop
  endfacet
  facet normal 0 -1 -0
    outer loop
      vertex -23.7344 10.2485 3.3
      vertex -24.6897 10.2485 2.4
      vertex -23.7344 10.2485 2.4
    endloop
  endfacet
  facet normal -0.378551 -0.92558 0
    outer loop
      vertex -23.7344 10.2485 2.4
      vertex -22.1178 9.58733 3.3
      vertex -23.7344 10.2485 3.3
    endloop
  endfacet
  facet normal -0.378551 -0.92558 -0
    outer loop
      vertex -22.1178 9.58733 3.3
      vertex -23.7344 10.2485 2.4
      vertex -22.1178 9.58733 2.4
    endloop
  endfacet
  facet normal -0.0905824 -0.995889 0
    outer loop
      vertex -22.1178 9.58733 2.4
      vertex -21.3095 9.51381 3.3
      vertex -22.1178 9.58733 3.3
    endloop
  endfacet
  facet normal -0.0905824 -0.995889 -0
    outer loop
      vertex -21.3095 9.51381 3.3
      vertex -22.1178 9.58733 2.4
      vertex -21.3095 9.51381 2.4
    endloop
  endfacet
  facet normal 0.514599 -0.857431 0
    outer loop
      vertex -21.3095 9.51381 2.4
      vertex -20.9422 9.73425 3.3
      vertex -21.3095 9.51381 3.3
    endloop
  endfacet
  facet normal 0.514599 -0.857431 0
    outer loop
      vertex -20.9422 9.73425 3.3
      vertex -21.3095 9.51381 2.4
      vertex -20.9422 9.73425 2.4
    endloop
  endfacet
  facet normal 0.948494 -0.316796 0
    outer loop
      vertex -20.9422 9.73425 3.3
      vertex -20.8686 9.95461 2.4
      vertex -20.8686 9.95461 3.3
    endloop
  endfacet
  facet normal 0.948494 -0.316796 0
    outer loop
      vertex -20.8686 9.95461 2.4
      vertex -20.9422 9.73425 3.3
      vertex -20.9422 9.73425 2.4
    endloop
  endfacet
  facet normal 0.554644 0.832088 -0
    outer loop
      vertex -20.8686 9.95461 2.4
      vertex -21.3095 10.2485 3.3
      vertex -20.8686 9.95461 3.3
    endloop
  endfacet
  facet normal 0.554644 0.832088 0
    outer loop
      vertex -21.3095 10.2485 3.3
      vertex -20.8686 9.95461 2.4
      vertex -21.3095 10.2485 2.4
    endloop
  endfacet
  facet normal 0.164399 0.986394 -0
    outer loop
      vertex -21.3095 10.2485 2.4
      vertex -23.5139 10.6159 3.3
      vertex -21.3095 10.2485 3.3
    endloop
  endfacet
  facet normal 0.164399 0.986394 0
    outer loop
      vertex -23.5139 10.6159 3.3
      vertex -21.3095 10.2485 2.4
      vertex -23.5139 10.6159 2.4
    endloop
  endfacet
  facet normal 0.291069 0.956702 -0
    outer loop
      vertex -23.5139 10.6159 2.4
      vertex -25.204 11.1301 3.3
      vertex -23.5139 10.6159 3.3
    endloop
  endfacet
  facet normal 0.291069 0.956702 0
    outer loop
      vertex -25.204 11.1301 3.3
      vertex -23.5139 10.6159 2.4
      vertex -25.204 11.1301 2.4
    endloop
  endfacet
  facet normal 0.185868 0.982575 -0
    outer loop
      vertex -25.204 11.1301 2.4
      vertex -27.9228 11.6444 3.3
      vertex -25.204 11.1301 3.3
    endloop
  endfacet
  facet normal 0.185868 0.982575 0
    outer loop
      vertex -27.9228 11.6444 3.3
      vertex -25.204 11.1301 2.4
      vertex -27.9228 11.6444 2.4
    endloop
  endfacet
  facet normal -0.599944 0.800042 0
    outer loop
      vertex -27.9228 11.6444 2.4
      vertex -29.9803 10.1015 3.3
      vertex -27.9228 11.6444 3.3
    endloop
  endfacet
  facet normal -0.599944 0.800042 0
    outer loop
      vertex -29.9803 10.1015 3.3
      vertex -27.9228 11.6444 2.4
      vertex -29.9803 10.1015 2.4
    endloop
  endfacet
  facet normal -0.665916 0.746027 0
    outer loop
      vertex -29.9803 10.1015 2.4
      vertex -32.0378 8.26494 3.3
      vertex -29.9803 10.1015 3.3
    endloop
  endfacet
  facet normal -0.665916 0.746027 0
    outer loop
      vertex -32.0378 8.26494 3.3
      vertex -29.9803 10.1015 2.4
      vertex -32.0378 8.26494 2.4
    endloop
  endfacet
  facet normal 0.521363 0.853335 -0
    outer loop
      vertex -32.0378 8.26494 2.4
      vertex -33.3604 9.07301 3.3
      vertex -32.0378 8.26494 3.3
    endloop
  endfacet
  facet normal 0.521363 0.853335 0
    outer loop
      vertex -33.3604 9.07301 3.3
      vertex -32.0378 8.26494 2.4
      vertex -33.3604 9.07301 2.4
    endloop
  endfacet
  facet normal 0.24252 0.970146 -0
    outer loop
      vertex -33.3604 9.07301 2.4
      vertex -33.9482 9.21995 3.3
      vertex -33.3604 9.07301 3.3
    endloop
  endfacet
  facet normal 0.24252 0.970146 0
    outer loop
      vertex -33.9482 9.21995 3.3
      vertex -33.3604 9.07301 2.4
      vertex -33.9482 9.21995 2.4
    endloop
  endfacet
  facet normal 0.0525772 0.998617 -0
    outer loop
      vertex -33.9482 9.21995 2.4
      vertex -35.3444 9.29346 3.3
      vertex -33.9482 9.21995 3.3
    endloop
  endfacet
  facet normal 0.0525772 0.998617 0
    outer loop
      vertex -35.3444 9.29346 3.3
      vertex -33.9482 9.21995 2.4
      vertex -35.3444 9.29346 2.4
    endloop
  endfacet
  facet normal -0.447189 0.894439 0
    outer loop
      vertex -35.3444 9.29346 2.4
      vertex -35.6383 9.14652 3.3
      vertex -35.3444 9.29346 3.3
    endloop
  endfacet
  facet normal -0.447189 0.894439 0
    outer loop
      vertex -35.6383 9.14652 3.3
      vertex -35.3444 9.29346 2.4
      vertex -35.6383 9.14652 2.4
    endloop
  endfacet
  facet normal 0 1 -0
    outer loop
      vertex -35.6383 9.14652 2.4
      vertex -36.4467 9.14652 3.3
      vertex -35.6383 9.14652 3.3
    endloop
  endfacet
  facet normal 0 1 0
    outer loop
      vertex -36.4467 9.14652 3.3
      vertex -35.6383 9.14652 2.4
      vertex -36.4467 9.14652 2.4
    endloop
  endfacet
  facet normal -0.447279 0.894395 0
    outer loop
      vertex -36.4467 9.14652 2.4
      vertex -36.8875 8.92608 3.3
      vertex -36.4467 9.14652 3.3
    endloop
  endfacet
  facet normal -0.447279 0.894395 0
    outer loop
      vertex -36.8875 8.92608 3.3
      vertex -36.4467 9.14652 2.4
      vertex -36.8875 8.92608 2.4
    endloop
  endfacet
  facet normal -1 0 0
    outer loop
      vertex -36.8875 8.41186 2.4
      vertex -36.8875 8.92608 3.3
      vertex -36.8875 8.92608 2.4
    endloop
  endfacet
  facet normal -1 -0 0
    outer loop
      vertex -36.8875 8.92608 3.3
      vertex -36.8875 8.41186 2.4
      vertex -36.8875 8.41186 3.3
    endloop
  endfacet
  facet normal -0.91612 0.400905 0
    outer loop
      vertex -37.4019 7.23639 2.4
      vertex -36.8875 8.41186 3.3
      vertex -36.8875 8.41186 2.4
    endloop
  endfacet
  facet normal -0.91612 0.400905 0
    outer loop
      vertex -36.8875 8.41186 3.3
      vertex -37.4019 7.23639 2.4
      vertex -37.4019 7.23639 3.3
    endloop
  endfacet
  facet normal -0.995889 -0.0905846 0
    outer loop
      vertex -37.3284 6.42833 2.4
      vertex -37.4019 7.23639 3.3
      vertex -37.4019 7.23639 2.4
    endloop
  endfacet
  facet normal -0.995889 -0.0905846 0
    outer loop
      vertex -37.4019 7.23639 3.3
      vertex -37.3284 6.42833 2.4
      vertex -37.3284 6.42833 3.3
    endloop
  endfacet
  facet normal -0.600061 0.799954 0
    outer loop
      vertex -37.3284 6.42833 2.4
      vertex -37.6223 6.20787 3.3
      vertex -37.3284 6.42833 3.3
    endloop
  endfacet
  facet normal -0.600061 0.799954 0
    outer loop
      vertex -37.6223 6.20787 3.3
      vertex -37.3284 6.42833 2.4
      vertex -37.6223 6.20787 2.4
    endloop
  endfacet
  facet normal 0.316176 0.948701 -0
    outer loop
      vertex -37.6223 6.20787 2.4
      vertex -38.0632 6.35481 3.3
      vertex -37.6223 6.20787 3.3
    endloop
  endfacet
  facet normal 0.316176 0.948701 0
    outer loop
      vertex -38.0632 6.35481 3.3
      vertex -37.6223 6.20787 2.4
      vertex -38.0632 6.35481 2.4
    endloop
  endfacet
  facet normal -0.62463 0.780921 0
    outer loop
      vertex -38.0632 6.35481 2.4
      vertex -38.4306 6.06094 3.3
      vertex -38.0632 6.35481 3.3
    endloop
  endfacet
  facet normal -0.62463 0.780921 0
    outer loop
      vertex -38.4306 6.06094 3.3
      vertex -38.0632 6.35481 2.4
      vertex -38.4306 6.06094 2.4
    endloop
  endfacet
  facet normal 0.680377 0.732862 -0
    outer loop
      vertex -38.4306 6.06094 2.4
      vertex -39.4594 7.01606 3.3
      vertex -38.4306 6.06094 3.3
    endloop
  endfacet
  facet normal 0.680377 0.732862 0
    outer loop
      vertex -39.4594 7.01606 3.3
      vertex -38.4306 6.06094 2.4
      vertex -39.4594 7.01606 2.4
    endloop
  endfacet
  facet normal 0.393727 0.919227 -0
    outer loop
      vertex -39.4594 7.01606 2.4
      vertex -39.9738 7.23639 3.3
      vertex -39.4594 7.01606 3.3
    endloop
  endfacet
  facet normal 0.393727 0.919227 0
    outer loop
      vertex -39.9738 7.23639 3.3
      vertex -39.4594 7.01606 2.4
      vertex -39.9738 7.23639 2.4
    endloop
  endfacet
  facet normal 0.116839 0.993151 -0
    outer loop
      vertex -39.9738 7.23639 2.4
      vertex -41.2229 7.38334 3.3
      vertex -39.9738 7.23639 3.3
    endloop
  endfacet
  facet normal 0.116839 0.993151 0
    outer loop
      vertex -41.2229 7.38334 3.3
      vertex -39.9738 7.23639 2.4
      vertex -41.2229 7.38334 2.4
    endloop
  endfacet
  facet normal -0.209432 0.977823 0
    outer loop
      vertex -41.2229 7.38334 2.4
      vertex -42.2517 7.16299 3.3
      vertex -41.2229 7.38334 3.3
    endloop
  endfacet
  facet normal -0.209432 0.977823 0
    outer loop
      vertex -42.2517 7.16299 3.3
      vertex -41.2229 7.38334 2.4
      vertex -42.2517 7.16299 2.4
    endloop
  endfacet
  facet normal -0.467837 0.883815 0
    outer loop
      vertex -42.2517 7.16299 2.4
      vertex -43.5009 6.50174 3.3
      vertex -42.2517 7.16299 3.3
    endloop
  endfacet
  facet normal -0.467837 0.883815 0
    outer loop
      vertex -43.5009 6.50174 3.3
      vertex -42.2517 7.16299 2.4
      vertex -43.5009 6.50174 2.4
    endloop
  endfacet
  facet normal -0.633178 0.774006 0
    outer loop
      vertex -43.5009 6.50174 2.4
      vertex -44.3091 5.84059 3.3
      vertex -43.5009 6.50174 3.3
    endloop
  endfacet
  facet normal -0.633178 0.774006 0
    outer loop
      vertex -44.3091 5.84059 3.3
      vertex -43.5009 6.50174 2.4
      vertex -44.3091 5.84059 2.4
    endloop
  endfacet
  facet normal -0.851603 0.524188 0
    outer loop
      vertex -44.897 4.88548 2.4
      vertex -44.3091 5.84059 3.3
      vertex -44.3091 5.84059 2.4
    endloop
  endfacet
  facet normal -0.851603 0.524188 0
    outer loop
      vertex -44.3091 5.84059 3.3
      vertex -44.897 4.88548 2.4
      vertex -44.897 4.88548 3.3
    endloop
  endfacet
  facet normal -0.993886 0.110407 0
    outer loop
      vertex -45.0439 3.56308 2.4
      vertex -44.897 4.88548 3.3
      vertex -44.897 4.88548 2.4
    endloop
  endfacet
  facet normal -0.993886 0.110407 0
    outer loop
      vertex -44.897 4.88548 3.3
      vertex -45.0439 3.56308 2.4
      vertex -45.0439 3.56308 3.3
    endloop
  endfacet
  facet normal -0.857454 0.514561 0
    outer loop
      vertex -45.2643 3.19581 2.4
      vertex -45.0439 3.56308 3.3
      vertex -45.0439 3.56308 2.4
    endloop
  endfacet
  facet normal -0.857454 0.514561 0
    outer loop
      vertex -45.0439 3.56308 3.3
      vertex -45.2643 3.19581 2.4
      vertex -45.2643 3.19581 3.3
    endloop
  endfacet
  facet normal -0.141459 0.989944 0
    outer loop
      vertex -45.2643 3.19581 2.4
      vertex -45.7788 3.12229 3.3
      vertex -45.2643 3.19581 3.3
    endloop
  endfacet
  facet normal -0.141459 0.989944 0
    outer loop
      vertex -45.7788 3.12229 3.3
      vertex -45.2643 3.19581 2.4
      vertex -45.7788 3.12229 2.4
    endloop
  endfacet
  facet normal 0.863762 0.5039 0
    outer loop
      vertex -45.7788 3.12229 3.3
      vertex -46.2931 4.00388 2.4
      vertex -46.2931 4.00388 3.3
    endloop
  endfacet
  facet normal 0.863762 0.5039 0
    outer loop
      vertex -46.2931 4.00388 2.4
      vertex -45.7788 3.12229 3.3
      vertex -45.7788 3.12229 2.4
    endloop
  endfacet
  facet normal 0.132146 0.99123 -0
    outer loop
      vertex -46.2931 4.00388 2.4
      vertex -47.3953 4.15082 3.3
      vertex -46.2931 4.00388 3.3
    endloop
  endfacet
  facet normal 0.132146 0.99123 0
    outer loop
      vertex -47.3953 4.15082 3.3
      vertex -46.2931 4.00388 2.4
      vertex -47.3953 4.15082 2.4
    endloop
  endfacet
  facet normal -0.447177 0.894445 0
    outer loop
      vertex -47.3953 4.15082 2.4
      vertex -47.9831 3.85695 3.3
      vertex -47.3953 4.15082 3.3
    endloop
  endfacet
  facet normal -0.447177 0.894445 0
    outer loop
      vertex -47.9831 3.85695 3.3
      vertex -47.3953 4.15082 2.4
      vertex -47.9831 3.85695 2.4
    endloop
  endfacet
  facet normal -0.706895 0.707318 0
    outer loop
      vertex -47.9831 3.85695 2.4
      vertex -48.3506 3.48967 3.3
      vertex -47.9831 3.85695 3.3
    endloop
  endfacet
  facet normal -0.706895 0.707318 0
    outer loop
      vertex -48.3506 3.48967 3.3
      vertex -47.9831 3.85695 2.4
      vertex -48.3506 3.48967 2.4
    endloop
  endfacet
  facet normal -0.936329 0.351125 0
    outer loop
      vertex -48.571 2.90194 2.4
      vertex -48.3506 3.48967 3.3
      vertex -48.3506 3.48967 2.4
    endloop
  endfacet
  facet normal -0.936329 0.351125 0
    outer loop
      vertex -48.3506 3.48967 3.3
      vertex -48.571 2.90194 2.4
      vertex -48.571 2.90194 3.3
    endloop
  endfacet
  facet normal -0.600061 0.799954 0
    outer loop
      vertex -48.571 2.90194 2.4
      vertex -48.8649 2.68148 3.3
      vertex -48.571 2.90194 3.3
    endloop
  endfacet
  facet normal -0.600061 0.799954 0
    outer loop
      vertex -48.8649 2.68148 3.3
      vertex -48.571 2.90194 2.4
      vertex -48.8649 2.68148 2.4
    endloop
  endfacet
  facet normal 0.425727 0.904852 -0
    outer loop
      vertex -48.8649 2.68148 2.4
      vertex -50.1141 3.26922 3.3
      vertex -48.8649 2.68148 3.3
    endloop
  endfacet
  facet normal 0.425727 0.904852 0
    outer loop
      vertex -50.1141 3.26922 3.3
      vertex -48.8649 2.68148 2.4
      vertex -50.1141 3.26922 2.4
    endloop
  endfacet
  facet normal 0.664249 0.747511 -0
    outer loop
      vertex -50.1141 3.26922 2.4
      vertex -50.7755 3.85695 3.3
      vertex -50.1141 3.26922 3.3
    endloop
  endfacet
  facet normal 0.664249 0.747511 0
    outer loop
      vertex -50.7755 3.85695 3.3
      vertex -50.1141 3.26922 2.4
      vertex -50.7755 3.85695 2.4
    endloop
  endfacet
  facet normal 0.970129 0.242589 0
    outer loop
      vertex -50.7755 3.85695 3.3
      vertex -51.2164 5.62014 2.4
      vertex -51.2164 5.62014 3.3
    endloop
  endfacet
  facet normal 0.970129 0.242589 0
    outer loop
      vertex -51.2164 5.62014 2.4
      vertex -50.7755 3.85695 3.3
      vertex -50.7755 3.85695 2.4
    endloop
  endfacet
  facet normal 0.682254 0.731115 -0
    outer loop
      vertex -51.2164 5.62014 2.4
      vertex -52.3186 6.64868 3.3
      vertex -51.2164 5.62014 3.3
    endloop
  endfacet
  facet normal 0.682254 0.731115 0
    outer loop
      vertex -52.3186 6.64868 3.3
      vertex -51.2164 5.62014 2.4
      vertex -52.3186 6.64868 2.4
    endloop
  endfacet
  facet normal 0.447165 0.894452 -0
    outer loop
      vertex -52.3186 6.64868 2.4
      vertex -52.9064 6.94254 3.3
      vertex -52.3186 6.64868 3.3
    endloop
  endfacet
  facet normal 0.447165 0.894452 0
    outer loop
      vertex -52.9064 6.94254 3.3
      vertex -52.3186 6.64868 2.4
      vertex -52.9064 6.94254 2.4
    endloop
  endfacet
  facet normal 0.242497 0.970152 -0
    outer loop
      vertex -52.9064 6.94254 2.4
      vertex -54.6699 7.38334 3.3
      vertex -52.9064 6.94254 3.3
    endloop
  endfacet
  facet normal 0.242497 0.970152 0
    outer loop
      vertex -54.6699 7.38334 3.3
      vertex -52.9064 6.94254 2.4
      vertex -54.6699 7.38334 2.4
    endloop
  endfacet
  facet normal -0.155926 0.987769 0
    outer loop
      vertex -54.6699 7.38334 2.4
      vertex -57.4623 6.94254 3.3
      vertex -54.6699 7.38334 3.3
    endloop
  endfacet
  facet normal -0.155926 0.987769 0
    outer loop
      vertex -57.4623 6.94254 3.3
      vertex -54.6699 7.38334 2.4
      vertex -57.4623 6.94254 2.4
    endloop
  endfacet
  facet normal -0.316168 0.948703 0
    outer loop
      vertex -57.4623 6.94254 2.4
      vertex -59.4462 6.28138 3.3
      vertex -57.4623 6.94254 3.3
    endloop
  endfacet
  facet normal -0.316168 0.948703 0
    outer loop
      vertex -59.4462 6.28138 3.3
      vertex -57.4623 6.94254 2.4
      vertex -59.4462 6.28138 2.4
    endloop
  endfacet
  facet normal -0.474025 0.880512 0
    outer loop
      vertex -59.4462 6.28138 2.4
      vertex -61.3567 5.25286 3.3
      vertex -59.4462 6.28138 3.3
    endloop
  endfacet
  facet normal -0.474025 0.880512 0
    outer loop
      vertex -61.3567 5.25286 3.3
      vertex -59.4462 6.28138 2.4
      vertex -61.3567 5.25286 2.4
    endloop
  endfacet
  facet normal -0.640106 0.768287 0
    outer loop
      vertex -61.3567 5.25286 2.4
      vertex -63.5612 3.41616 3.3
      vertex -61.3567 5.25286 3.3
    endloop
  endfacet
  facet normal -0.640106 0.768287 0
    outer loop
      vertex -63.5612 3.41616 3.3
      vertex -61.3567 5.25286 2.4
      vertex -63.5612 3.41616 2.4
    endloop
  endfacet
  facet normal -0.799949 0.600068 0
    outer loop
      vertex -64.6634 1.94682 2.4
      vertex -63.5612 3.41616 3.3
      vertex -63.5612 3.41616 2.4
    endloop
  endfacet
  facet normal -0.799949 0.600068 0
    outer loop
      vertex -63.5612 3.41616 3.3
      vertex -64.6634 1.94682 2.4
      vertex -64.6634 1.94682 3.3
    endloop
  endfacet
  facet normal -0.907922 0.419138 0
    outer loop
      vertex -65.5452 0.0366972 2.4
      vertex -64.6634 1.94682 3.3
      vertex -64.6634 1.94682 2.4
    endloop
  endfacet
  facet normal -0.907922 0.419138 0
    outer loop
      vertex -64.6634 1.94682 3.3
      vertex -65.5452 0.0366972 2.4
      vertex -65.5452 0.0366972 3.3
    endloop
  endfacet
  facet normal -0.968269 0.249911 0
    outer loop
      vertex -66.133 -2.24071 2.4
      vertex -65.5452 0.0366972 3.3
      vertex -65.5452 0.0366972 2.4
    endloop
  endfacet
  facet normal -0.968269 0.249911 0
    outer loop
      vertex -65.5452 0.0366972 3.3
      vertex -66.133 -2.24071 2.4
      vertex -66.133 -2.24071 3.3
    endloop
  endfacet
  facet normal -0.998463 -0.0554203 0
    outer loop
      vertex -66.0596 -3.5631 2.4
      vertex -66.133 -2.24071 3.3
      vertex -66.133 -2.24071 2.4
    endloop
  endfacet
  facet normal -0.998463 -0.0554203 0
    outer loop
      vertex -66.133 -2.24071 3.3
      vertex -66.0596 -3.5631 2.4
      vertex -66.0596 -3.5631 3.3
    endloop
  endfacet
  facet normal -0.581187 -0.81377 0
    outer loop
      vertex -66.0596 -3.5631 2.4
      vertex -65.5452 -3.93048 3.3
      vertex -66.0596 -3.5631 3.3
    endloop
  endfacet
  facet normal -0.581187 -0.81377 -0
    outer loop
      vertex -65.5452 -3.93048 3.3
      vertex -66.0596 -3.5631 2.4
      vertex -65.5452 -3.93048 2.4
    endloop
  endfacet
  facet normal -0.196044 -0.980595 0
    outer loop
      vertex -65.5452 -3.93048 2.4
      vertex -63.7081 -4.29776 3.3
      vertex -65.5452 -3.93048 3.3
    endloop
  endfacet
  facet normal -0.196044 -0.980595 -0
    outer loop
      vertex -63.7081 -4.29776 3.3
      vertex -65.5452 -3.93048 2.4
      vertex -63.7081 -4.29776 2.4
    endloop
  endfacet
  facet normal 0 -1 0
    outer loop
      vertex -63.7081 -4.29776 2.4
      vertex -61.5772 -4.29776 3.3
      vertex -63.7081 -4.29776 3.3
    endloop
  endfacet
  facet normal 0 -1 -0
    outer loop
      vertex -61.5772 -4.29776 3.3
      vertex -63.7081 -4.29776 2.4
      vertex -61.5772 -4.29776 2.4
    endloop
  endfacet
  facet normal 0.184213 -0.982886 0
    outer loop
      vertex -61.5772 -4.29776 2.4
      vertex -60.4015 -4.07741 3.3
      vertex -61.5772 -4.29776 3.3
    endloop
  endfacet
  facet normal 0.184213 -0.982886 0
    outer loop
      vertex -60.4015 -4.07741 3.3
      vertex -61.5772 -4.29776 2.4
      vertex -60.4015 -4.07741 2.4
    endloop
  endfacet
  facet normal 0.529994 -0.848002 0
    outer loop
      vertex -60.4015 -4.07741 2.4
      vertex -59.8137 -3.71004 3.3
      vertex -60.4015 -4.07741 3.3
    endloop
  endfacet
  facet normal 0.529994 -0.848002 0
    outer loop
      vertex -59.8137 -3.71004 3.3
      vertex -60.4015 -4.07741 2.4
      vertex -59.8137 -3.71004 2.4
    endloop
  endfacet
  facet normal -0.599895 -0.800078 0
    outer loop
      vertex -59.8137 -3.71004 2.4
      vertex -59.5197 -3.93048 3.3
      vertex -59.8137 -3.71004 3.3
    endloop
  endfacet
  facet normal -0.599895 -0.800078 -0
    outer loop
      vertex -59.5197 -3.93048 3.3
      vertex -59.8137 -3.71004 2.4
      vertex -59.5197 -3.93048 2.4
    endloop
  endfacet
  facet normal 0.178834 -0.983879 0
    outer loop
      vertex -59.5197 -3.93048 2.4
      vertex -58.7114 -3.78356 3.3
      vertex -59.5197 -3.93048 3.3
    endloop
  endfacet
  facet normal 0.178834 -0.983879 0
    outer loop
      vertex -58.7114 -3.78356 3.3
      vertex -59.5197 -3.93048 2.4
      vertex -58.7114 -3.78356 2.4
    endloop
  endfacet
  facet normal 0.413765 -0.910384 0
    outer loop
      vertex -58.7114 -3.78356 2.4
      vertex -56.2866 -2.6815 3.3
      vertex -58.7114 -3.78356 3.3
    endloop
  endfacet
  facet normal 0.413765 -0.910384 0
    outer loop
      vertex -56.2866 -2.6815 3.3
      vertex -58.7114 -3.78356 2.4
      vertex -56.2866 -2.6815 2.4
    endloop
  endfacet
  facet normal 0.668819 -0.743425 0
    outer loop
      vertex -56.2866 -2.6815 2.4
      vertex -55.5517 -2.02035 3.3
      vertex -56.2866 -2.6815 3.3
    endloop
  endfacet
  facet normal 0.668819 -0.743425 0
    outer loop
      vertex -55.5517 -2.02035 3.3
      vertex -56.2866 -2.6815 2.4
      vertex -55.5517 -2.02035 2.4
    endloop
  endfacet
  facet normal 0.919154 -0.393898 0
    outer loop
      vertex -55.5517 -2.02035 3.3
      vertex -55.3313 -1.50605 2.4
      vertex -55.3313 -1.50605 3.3
    endloop
  endfacet
  facet normal 0.919154 -0.393898 0
    outer loop
      vertex -55.3313 -1.50605 2.4
      vertex -55.5517 -2.02035 3.3
      vertex -55.5517 -2.02035 2.4
    endloop
  endfacet
  facet normal 0.805001 -0.593274 0
    outer loop
      vertex -55.3313 -1.50605 3.3
      vertex -54.3026 -0.110229 2.4
      vertex -54.3026 -0.110229 3.3
    endloop
  endfacet
  facet normal 0.805001 -0.593274 0
    outer loop
      vertex -54.3026 -0.110229 2.4
      vertex -55.3313 -1.50605 3.3
      vertex -55.3313 -1.50605 2.4
    endloop
  endfacet
  facet normal 0.599899 -0.800076 0
    outer loop
      vertex -54.3026 -0.110229 2.4
      vertex -54.0086 0.110213 3.3
      vertex -54.3026 -0.110229 3.3
    endloop
  endfacet
  facet normal 0.599899 -0.800076 0
    outer loop
      vertex -54.0086 0.110213 3.3
      vertex -54.3026 -0.110229 2.4
      vertex -54.0086 0.110213 2.4
    endloop
  endfacet
  facet normal -0.60003 -0.799978 0
    outer loop
      vertex -54.0086 0.110213 2.4
      vertex -53.7147 -0.110229 3.3
      vertex -54.0086 0.110213 3.3
    endloop
  endfacet
  facet normal -0.60003 -0.799978 -0
    outer loop
      vertex -53.7147 -0.110229 3.3
      vertex -54.0086 0.110213 2.4
      vertex -53.7147 -0.110229 2.4
    endloop
  endfacet
  facet normal -0.961484 0.274861 0
    outer loop
      vertex -53.8617 -0.624446 2.4
      vertex -53.7147 -0.110229 3.3
      vertex -53.7147 -0.110229 2.4
    endloop
  endfacet
  facet normal -0.961484 0.274861 0
    outer loop
      vertex -53.7147 -0.110229 3.3
      vertex -53.8617 -0.624446 2.4
      vertex -53.8617 -0.624446 3.3
    endloop
  endfacet
  facet normal -0.85641 0.516297 0
    outer loop
      vertex -57.0949 -5.98753 2.4
      vertex -53.8617 -0.624446 3.3
      vertex -53.8617 -0.624446 2.4
    endloop
  endfacet
  facet normal -0.85641 0.516297 0
    outer loop
      vertex -53.8617 -0.624446 3.3
      vertex -57.0949 -5.98753 2.4
      vertex -57.0949 -5.98753 3.3
    endloop
  endfacet
  facet normal -0.913837 0.406082 0
    outer loop
      vertex -57.3887 -6.64869 2.4
      vertex -57.0949 -5.98753 3.3
      vertex -57.0949 -5.98753 2.4
    endloop
  endfacet
  facet normal -0.913837 0.406082 0
    outer loop
      vertex -57.0949 -5.98753 3.3
      vertex -57.3887 -6.64869 2.4
      vertex -57.3887 -6.64869 3.3
    endloop
  endfacet
  facet normal -1 0 0
    outer loop
      vertex -57.3887 -7.23641 2.4
      vertex -57.3887 -6.64869 3.3
      vertex -57.3887 -6.64869 2.4
    endloop
  endfacet
  facet normal -1 -0 0
    outer loop
      vertex -57.3887 -6.64869 3.3
      vertex -57.3887 -7.23641 2.4
      vertex -57.3887 -7.23641 3.3
    endloop
  endfacet
  facet normal -0.672573 0.740031 0
    outer loop
      vertex -57.3887 -7.23641 2.4
      vertex -59.0054 -8.70574 3.3
      vertex -57.3887 -7.23641 3.3
    endloop
  endfacet
  facet normal -0.672573 0.740031 0
    outer loop
      vertex -59.0054 -8.70574 3.3
      vertex -57.3887 -7.23641 2.4
      vertex -59.0054 -8.70574 2.4
    endloop
  endfacet
  facet normal -0.780823 0.624752 0
    outer loop
      vertex -59.8871 -9.8077 2.4
      vertex -59.0054 -8.70574 3.3
      vertex -59.0054 -8.70574 2.4
    endloop
  endfacet
  facet normal -0.780823 0.624752 0
    outer loop
      vertex -59.0054 -8.70574 3.3
      vertex -59.8871 -9.8077 2.4
      vertex -59.8871 -9.8077 3.3
    endloop
  endfacet
  facet normal -0.316228 0.948683 0
    outer loop
      vertex -59.8871 -9.8077 2.4
      vertex -60.9893 -10.1751 3.3
      vertex -59.8871 -9.8077 3.3
    endloop
  endfacet
  facet normal -0.316228 0.948683 0
    outer loop
      vertex -60.9893 -10.1751 3.3
      vertex -59.8871 -9.8077 2.4
      vertex -60.9893 -10.1751 2.4
    endloop
  endfacet
  facet normal -0.503737 0.863857 0
    outer loop
      vertex -60.9893 -10.1751 2.4
      vertex -61.8711 -10.6893 3.3
      vertex -60.9893 -10.1751 3.3
    endloop
  endfacet
  facet normal -0.503737 0.863857 0
    outer loop
      vertex -61.8711 -10.6893 3.3
      vertex -60.9893 -10.1751 2.4
      vertex -61.8711 -10.6893 2.4
    endloop
  endfacet
  facet normal -1 0 0
    outer loop
      vertex -61.8711 -10.9097 2.4
      vertex -61.8711 -10.6893 3.3
      vertex -61.8711 -10.6893 2.4
    endloop
  endfacet
  facet normal -1 -0 0
    outer loop
      vertex -61.8711 -10.6893 3.3
      vertex -61.8711 -10.9097 2.4
      vertex -61.8711 -10.9097 3.3
    endloop
  endfacet
  facet normal -0.554874 -0.831934 0
    outer loop
      vertex -61.8711 -10.9097 2.4
      vertex -61.6507 -11.0567 3.3
      vertex -61.8711 -10.9097 3.3
    endloop
  endfacet
  facet normal -0.554874 -0.831934 -0
    outer loop
      vertex -61.6507 -11.0567 3.3
      vertex -61.8711 -10.9097 2.4
      vertex -61.6507 -11.0567 2.4
    endloop
  endfacet
  facet normal 0 -1 0
    outer loop
      vertex -61.6507 -11.0567 2.4
      vertex -60.8424 -11.0567 3.3
      vertex -61.6507 -11.0567 3.3
    endloop
  endfacet
  facet normal 0 -1 -0
    outer loop
      vertex -60.8424 -11.0567 3.3
      vertex -61.6507 -11.0567 2.4
      vertex -60.8424 -11.0567 2.4
    endloop
  endfacet
  facet normal 0.263178 -0.964747 0
    outer loop
      vertex -60.8424 -11.0567 2.4
      vertex -60.0341 -10.8362 3.3
      vertex -60.8424 -11.0567 3.3
    endloop
  endfacet
  facet normal 0.263178 -0.964747 0
    outer loop
      vertex -60.0341 -10.8362 3.3
      vertex -60.8424 -11.0567 2.4
      vertex -60.0341 -10.8362 2.4
    endloop
  endfacet
  facet normal 0.743259 -0.669004 0
    outer loop
      vertex -60.0341 -10.8362 3.3
      vertex -59.3728 -10.1015 2.4
      vertex -59.3728 -10.1015 3.3
    endloop
  endfacet
  facet normal 0.743259 -0.669004 0
    outer loop
      vertex -59.3728 -10.1015 2.4
      vertex -60.0341 -10.8362 3.3
      vertex -60.0341 -10.8362 2.4
    endloop
  endfacet
  facet normal 0.14126 -0.989973 0
    outer loop
      vertex -59.3728 -10.1015 2.4
      vertex -58.8584 -10.0281 3.3
      vertex -59.3728 -10.1015 3.3
    endloop
  endfacet
  facet normal 0.14126 -0.989973 0
    outer loop
      vertex -58.8584 -10.0281 3.3
      vertex -59.3728 -10.1015 2.4
      vertex -58.8584 -10.0281 2.4
    endloop
  endfacet
  facet normal 0.747334 -0.664449 0
    outer loop
      vertex -58.8584 -10.0281 3.3
      vertex -57.6827 -8.70574 2.4
      vertex -57.6827 -8.70574 3.3
    endloop
  endfacet
  facet normal 0.747334 -0.664449 0
    outer loop
      vertex -57.6827 -8.70574 2.4
      vertex -58.8584 -10.0281 3.3
      vertex -58.8584 -10.0281 2.4
    endloop
  endfacet
  facet normal 0.847954 -0.53007 0
    outer loop
      vertex -57.6827 -8.70574 3.3
      vertex -57.3153 -8.11801 2.4
      vertex -57.3153 -8.11801 3.3
    endloop
  endfacet
  facet normal 0.847954 -0.53007 0
    outer loop
      vertex -57.3153 -8.11801 2.4
      vertex -57.6827 -8.70574 3.3
      vertex -57.6827 -8.70574 2.4
    endloop
  endfacet
  facet normal 0.992271 -0.124091 0
    outer loop
      vertex -57.3153 -8.11801 3.3
      vertex -57.2418 -7.53028 2.4
      vertex -57.2418 -7.53028 3.3
    endloop
  endfacet
  facet normal 0.992271 -0.124091 0
    outer loop
      vertex -57.2418 -7.53028 2.4
      vertex -57.3153 -8.11801 3.3
      vertex -57.3153 -8.11801 2.4
    endloop
  endfacet
  facet normal 0.62463 -0.780921 0
    outer loop
      vertex -57.2418 -7.53028 2.4
      vertex -56.8744 -7.23641 3.3
      vertex -57.2418 -7.53028 3.3
    endloop
  endfacet
  facet normal 0.62463 -0.780921 0
    outer loop
      vertex -56.8744 -7.23641 3.3
      vertex -57.2418 -7.53028 2.4
      vertex -56.8744 -7.23641 2.4
    endloop
  endfacet
  facet normal 0.316147 -0.94871 0
    outer loop
      vertex -56.8744 -7.23641 2.4
      vertex -55.9926 -6.94256 3.3
      vertex -56.8744 -7.23641 3.3
    endloop
  endfacet
  facet normal 0.316147 -0.94871 0
    outer loop
      vertex -55.9926 -6.94256 3.3
      vertex -56.8744 -7.23641 2.4
      vertex -55.9926 -6.94256 2.4
    endloop
  endfacet
  facet normal 0.75249 -0.658603 0
    outer loop
      vertex -55.9926 -6.94256 3.3
      vertex -55.4782 -6.35483 2.4
      vertex -55.4782 -6.35483 3.3
    endloop
  endfacet
  facet normal 0.75249 -0.658603 0
    outer loop
      vertex -55.4782 -6.35483 2.4
      vertex -55.9926 -6.94256 3.3
      vertex -55.9926 -6.94256 2.4
    endloop
  endfacet
  facet normal 0.886553 -0.462628 0
    outer loop
      vertex -55.4782 -6.35483 3.3
      vertex -53.7147 -2.97536 2.4
      vertex -53.7147 -2.97536 3.3
    endloop
  endfacet
  facet normal 0.886553 -0.462628 0
    outer loop
      vertex -53.7147 -2.97536 2.4
      vertex -55.4782 -6.35483 3.3
      vertex -55.4782 -6.35483 2.4
    endloop
  endfacet
  facet normal 0.933317 -0.359054 0
    outer loop
      vertex -53.7147 -2.97536 3.3
      vertex -53.3473 -2.02035 2.4
      vertex -53.3473 -2.02035 3.3
    endloop
  endfacet
  facet normal 0.933317 -0.359054 0
    outer loop
      vertex -53.3473 -2.02035 2.4
      vertex -53.7147 -2.97536 3.3
      vertex -53.7147 -2.97536 2.4
    endloop
  endfacet
  facet normal 1 -0 0
    outer loop
      vertex -53.3473 -2.02035 3.3
      vertex -53.3473 -1.21218 2.4
      vertex -53.3473 -1.21218 3.3
    endloop
  endfacet
  facet normal 1 0 0
    outer loop
      vertex -53.3473 -1.21218 2.4
      vertex -53.3473 -2.02035 3.3
      vertex -53.3473 -2.02035 2.4
    endloop
  endfacet
  facet normal 0.707028 -0.707185 0
    outer loop
      vertex -53.3473 -1.21218 2.4
      vertex -53.1269 -0.991829 3.3
      vertex -53.3473 -1.21218 3.3
    endloop
  endfacet
  facet normal 0.707028 -0.707185 0
    outer loop
      vertex -53.1269 -0.991829 3.3
      vertex -53.3473 -1.21218 2.4
      vertex -53.1269 -0.991829 2.4
    endloop
  endfacet
  facet normal 0 -1 0
    outer loop
      vertex -53.1269 -0.991829 2.4
      vertex -52.6125 -0.991829 3.3
      vertex -53.1269 -0.991829 3.3
    endloop
  endfacet
  facet normal 0 -1 -0
    outer loop
      vertex -52.6125 -0.991829 3.3
      vertex -53.1269 -0.991829 2.4
      vertex -52.6125 -0.991829 2.4
    endloop
  endfacet
  facet normal -0.747286 -0.664502 0
    outer loop
      vertex -52.0246 -1.65297 2.4
      vertex -52.6125 -0.991829 3.3
      vertex -52.6125 -0.991829 2.4
    endloop
  endfacet
  facet normal -0.747286 -0.664502 0
    outer loop
      vertex -52.6125 -0.991829 3.3
      vertex -52.0246 -1.65297 2.4
      vertex -52.0246 -1.65297 3.3
    endloop
  endfacet
  facet normal -0.496066 -0.868285 0
    outer loop
      vertex -52.0246 -1.65297 2.4
      vertex -50.4815 -2.53457 3.3
      vertex -52.0246 -1.65297 3.3
    endloop
  endfacet
  facet normal -0.496066 -0.868285 -0
    outer loop
      vertex -50.4815 -2.53457 3.3
      vertex -52.0246 -1.65297 2.4
      vertex -50.4815 -2.53457 2.4
    endloop
  endfacet
  facet normal -0.351144 -0.936321 0
    outer loop
      vertex -50.4815 -2.53457 2.4
      vertex -49.8937 -2.75501 3.3
      vertex -50.4815 -2.53457 3.3
    endloop
  endfacet
  facet normal -0.351144 -0.936321 -0
    outer loop
      vertex -49.8937 -2.75501 3.3
      vertex -50.4815 -2.53457 2.4
      vertex -49.8937 -2.75501 2.4
    endloop
  endfacet
  facet normal 0 -1 0
    outer loop
      vertex -49.8937 -2.75501 2.4
      vertex -48.9385 -2.75501 3.3
      vertex -49.8937 -2.75501 3.3
    endloop
  endfacet
  facet normal 0 -1 -0
    outer loop
      vertex -48.9385 -2.75501 3.3
      vertex -49.8937 -2.75501 2.4
      vertex -48.9385 -2.75501 2.4
    endloop
  endfacet
  facet normal 0.506936 -0.861984 0
    outer loop
      vertex -48.9385 -2.75501 2.4
      vertex -47.6893 -2.02035 3.3
      vertex -48.9385 -2.75501 3.3
    endloop
  endfacet
  facet normal 0.506936 -0.861984 0
    outer loop
      vertex -47.6893 -2.02035 3.3
      vertex -48.9385 -2.75501 2.4
      vertex -47.6893 -2.02035 2.4
    endloop
  endfacet
  facet normal 0.928452 -0.371453 0
    outer loop
      vertex -47.6893 -2.02035 3.3
      vertex -47.2484 -0.918313 2.4
      vertex -47.2484 -0.918313 3.3
    endloop
  endfacet
  facet normal 0.928452 -0.371453 0
    outer loop
      vertex -47.2484 -0.918313 2.4
      vertex -47.6893 -2.02035 3.3
      vertex -47.6893 -2.02035 2.4
    endloop
  endfacet
  facet normal 0.706868 -0.707346 0
    outer loop
      vertex -47.2484 -0.918313 2.4
      vertex -47.0279 -0.697962 3.3
      vertex -47.2484 -0.918313 3.3
    endloop
  endfacet
  facet normal 0.706868 -0.707346 0
    outer loop
      vertex -47.0279 -0.697962 3.3
      vertex -47.2484 -0.918313 2.4
      vertex -47.0279 -0.697962 2.4
    endloop
  endfacet
  facet normal 0.351147 -0.93632 0
    outer loop
      vertex -47.0279 -0.697962 2.4
      vertex -46.4401 -0.47752 3.3
      vertex -47.0279 -0.697962 3.3
    endloop
  endfacet
  facet normal 0.351147 -0.93632 0
    outer loop
      vertex -46.4401 -0.47752 3.3
      vertex -47.0279 -0.697962 2.4
      vertex -46.4401 -0.47752 2.4
    endloop
  endfacet
  facet normal 0.706981 -0.707232 0
    outer loop
      vertex -46.4401 -0.47752 2.4
      vertex -45.9257 0.0366972 3.3
      vertex -46.4401 -0.47752 3.3
    endloop
  endfacet
  facet normal 0.706981 -0.707232 0
    outer loop
      vertex -45.9257 0.0366972 3.3
      vertex -46.4401 -0.47752 2.4
      vertex -45.9257 0.0366972 2.4
    endloop
  endfacet
  facet normal 0.124103 -0.992269 0
    outer loop
      vertex -45.9257 0.0366972 2.4
      vertex -45.3379 0.110213 3.3
      vertex -45.9257 0.0366972 3.3
    endloop
  endfacet
  facet normal 0.124103 -0.992269 0
    outer loop
      vertex -45.3379 0.110213 3.3
      vertex -45.9257 0.0366972 2.4
      vertex -45.3379 0.110213 2.4
    endloop
  endfacet
  facet normal -0.894346 -0.447377 0
    outer loop
      vertex -45.1909 -0.183653 2.4
      vertex -45.3379 0.110213 3.3
      vertex -45.3379 0.110213 2.4
    endloop
  endfacet
  facet normal -0.894346 -0.447377 0
    outer loop
      vertex -45.3379 0.110213 3.3
      vertex -45.1909 -0.183653 2.4
      vertex -45.1909 -0.183653 3.3
    endloop
  endfacet
  facet normal -0.789349 0.613945 0
    outer loop
      vertex -45.7052 -0.844888 2.4
      vertex -45.1909 -0.183653 3.3
      vertex -45.1909 -0.183653 2.4
    endloop
  endfacet
  facet normal -0.789349 0.613945 0
    outer loop
      vertex -45.1909 -0.183653 3.3
      vertex -45.7052 -0.844888 2.4
      vertex -45.7052 -0.844888 3.3
    endloop
  endfacet
  facet normal -0.523964 0.85174 0
    outer loop
      vertex -45.7052 -0.844888 2.4
      vertex -46.6606 -1.43262 3.3
      vertex -45.7052 -0.844888 3.3
    endloop
  endfacet
  facet normal -0.523964 0.85174 0
    outer loop
      vertex -46.6606 -1.43262 3.3
      vertex -45.7052 -0.844888 2.4
      vertex -46.6606 -1.43262 2.4
    endloop
  endfacet
  facet normal -0.928508 0.371312 0
    outer loop
      vertex -46.9544 -2.1673 2.4
      vertex -46.6606 -1.43262 3.3
      vertex -46.6606 -1.43262 2.4
    endloop
  endfacet
  facet normal -0.928508 0.371312 0
    outer loop
      vertex -46.6606 -1.43262 3.3
      vertex -46.9544 -2.1673 2.4
      vertex -46.9544 -2.1673 3.3
    endloop
  endfacet
  facet normal -1 0 0
    outer loop
      vertex -46.9544 -2.60809 2.4
      vertex -46.9544 -2.1673 3.3
      vertex -46.9544 -2.1673 2.4
    endloop
  endfacet
  facet normal -1 -0 0
    outer loop
      vertex -46.9544 -2.1673 3.3
      vertex -46.9544 -2.60809 2.4
      vertex -46.9544 -2.60809 3.3
    endloop
  endfacet
  facet normal -0.789248 0.614074 0
    outer loop
      vertex -47.4688 -3.26923 2.4
      vertex -46.9544 -2.60809 3.3
      vertex -46.9544 -2.60809 2.4
    endloop
  endfacet
  facet normal -0.789248 0.614074 0
    outer loop
      vertex -46.9544 -2.60809 3.3
      vertex -47.4688 -3.26923 2.4
      vertex -47.4688 -3.26923 3.3
    endloop
  endfacet
  facet normal -0.897749 0.440508 0
    outer loop
      vertex -49.3794 -7.163 2.4
      vertex -47.4688 -3.26923 3.3
      vertex -47.4688 -3.26923 2.4
    endloop
  endfacet
  facet normal -0.897749 0.440508 0
    outer loop
      vertex -47.4688 -3.26923 3.3
      vertex -49.3794 -7.163 2.4
      vertex -49.3794 -7.163 3.3
    endloop
  endfacet
  facet normal -1 0 0
    outer loop
      vertex -49.3794 -7.75063 2.4
      vertex -49.3794 -7.163 3.3
      vertex -49.3794 -7.163 2.4
    endloop
  endfacet
  facet normal -1 -0 0
    outer loop
      vertex -49.3794 -7.163 3.3
      vertex -49.3794 -7.75063 2.4
      vertex -49.3794 -7.75063 3.3
    endloop
  endfacet
  facet normal -0.707067 0.707147 0
    outer loop
      vertex -49.3794 -7.75063 2.4
      vertex -50.2611 -8.63223 3.3
      vertex -49.3794 -7.75063 3.3
    endloop
  endfacet
  facet normal -0.707067 0.707147 0
    outer loop
      vertex -50.2611 -8.63223 3.3
      vertex -49.3794 -7.75063 2.4
      vertex -50.2611 -8.63223 2.4
    endloop
  endfacet
  facet normal -0.795387 0.606102 0
    outer loop
      vertex -51.4368 -10.1751 2.4
      vertex -50.2611 -8.63223 3.3
      vertex -50.2611 -8.63223 2.4
    endloop
  endfacet
  facet normal -0.795387 0.606102 0
    outer loop
      vertex -50.2611 -8.63223 3.3
      vertex -51.4368 -10.1751 2.4
      vertex -51.4368 -10.1751 3.3
    endloop
  endfacet
  facet normal -0.362358 0.932039 0
    outer loop
      vertex -51.4368 -10.1751 2.4
      vertex -52.7594 -10.6893 3.3
      vertex -51.4368 -10.1751 3.3
    endloop
  endfacet
  facet normal -0.362358 0.932039 0
    outer loop
      vertex -52.7594 -10.6893 3.3
      vertex -51.4368 -10.1751 2.4
      vertex -52.7594 -10.6893 2.4
    endloop
  endfacet
  facet normal -0.857431 0.514599 0
    outer loop
      vertex -52.9799 -11.0567 2.4
      vertex -52.7594 -10.6893 3.3
      vertex -52.7594 -10.6893 2.4
    endloop
  endfacet
  facet normal -0.857431 0.514599 0
    outer loop
      vertex -52.7594 -10.6893 3.3
      vertex -52.9799 -11.0567 2.4
      vertex -52.9799 -11.0567 3.3
    endloop
  endfacet
  facet normal -0.894305 -0.447457 0
    outer loop
      vertex -52.8329 -11.3505 2.4
      vertex -52.9799 -11.0567 3.3
      vertex -52.9799 -11.0567 2.4
    endloop
  endfacet
  facet normal -0.894305 -0.447457 0
    outer loop
      vertex -52.9799 -11.0567 3.3
      vertex -52.8329 -11.3505 2.4
      vertex -52.8329 -11.3505 3.3
    endloop
  endfacet
  facet normal 0 -1 0
    outer loop
      vertex -52.8329 -11.3505 2.4
      vertex -52.0246 -11.3505 3.3
      vertex -52.8329 -11.3505 3.3
    endloop
  endfacet
  facet normal 0 -1 -0
    outer loop
      vertex -52.0246 -11.3505 3.3
      vertex -52.8329 -11.3505 2.4
      vertex -52.0246 -11.3505 2.4
    endloop
  endfacet
  facet normal 0.40601 -0.913869 0
    outer loop
      vertex -52.0246 -11.3505 2.4
      vertex -51.3633 -11.0567 3.3
      vertex -52.0246 -11.3505 3.3
    endloop
  endfacet
  facet normal 0.40601 -0.913869 0
    outer loop
      vertex -51.3633 -11.0567 3.3
      vertex -52.0246 -11.3505 2.4
      vertex -51.3633 -11.0567 2.4
    endloop
  endfacet
  facet normal 0.919132 0.393949 0
    outer loop
      vertex -32.6991 5.69365 3.3
      vertex -32.9195 6.20787 2.4
      vertex -32.9195 6.20787 3.3
    endloop
  endfacet
  facet normal 0.919132 0.393949 0
    outer loop
      vertex -32.9195 6.20787 2.4
      vertex -32.6991 5.69365 3.3
      vertex -32.6991 5.69365 2.4
    endloop
  endfacet
  facet normal 1 -0 0
    outer loop
      vertex -32.9195 6.20787 3.3
      vertex -32.9195 6.94254 2.4
      vertex -32.9195 6.94254 3.3
    endloop
  endfacet
  facet normal 1 0 0
    outer loop
      vertex -32.9195 6.94254 2.4
      vertex -32.9195 6.20787 3.3
      vertex -32.9195 6.20787 2.4
    endloop
  endfacet
  facet normal 0.707179 -0.707035 0
    outer loop
      vertex -32.9195 6.94254 2.4
      vertex -32.7726 7.08947 3.3
      vertex -32.9195 6.94254 3.3
    endloop
  endfacet
  facet normal 0.707179 -0.707035 0
    outer loop
      vertex -32.7726 7.08947 3.3
      vertex -32.9195 6.94254 2.4
      vertex -32.7726 7.08947 2.4
    endloop
  endfacet
  facet normal 0 -1 0
    outer loop
      vertex -32.7726 7.08947 2.4
      vertex -32.2583 7.08947 3.3
      vertex -32.7726 7.08947 3.3
    endloop
  endfacet
  facet normal 0 -1 -0
    outer loop
      vertex -32.2583 7.08947 3.3
      vertex -32.7726 7.08947 2.4
      vertex -32.2583 7.08947 2.4
    endloop
  endfacet
  facet normal -0.706991 -0.707222 0
    outer loop
      vertex -32.2583 7.08947 2.4
      vertex -31.5234 6.35481 3.3
      vertex -32.2583 7.08947 3.3
    endloop
  endfacet
  facet normal -0.706991 -0.707222 -0
    outer loop
      vertex -31.5234 6.35481 3.3
      vertex -32.2583 7.08947 2.4
      vertex -31.5234 6.35481 2.4
    endloop
  endfacet
  facet normal -0.936329 -0.351125 0
    outer loop
      vertex -31.303 5.76708 2.4
      vertex -31.5234 6.35481 3.3
      vertex -31.5234 6.35481 2.4
    endloop
  endfacet
  facet normal -0.936329 -0.351125 0
    outer loop
      vertex -31.5234 6.35481 3.3
      vertex -31.303 5.76708 2.4
      vertex -31.303 5.76708 3.3
    endloop
  endfacet
  facet normal -1 0 0
    outer loop
      vertex -31.303 5.17934 2.4
      vertex -31.303 5.76708 3.3
      vertex -31.303 5.76708 2.4
    endloop
  endfacet
  facet normal -1 -0 0
    outer loop
      vertex -31.303 5.76708 3.3
      vertex -31.303 5.17934 2.4
      vertex -31.303 5.17934 3.3
    endloop
  endfacet
  facet normal -0.447051 0.894508 0
    outer loop
      vertex -31.303 5.17934 2.4
      vertex -31.7439 4.95899 3.3
      vertex -31.303 5.17934 3.3
    endloop
  endfacet
  facet normal -0.447051 0.894508 0
    outer loop
      vertex -31.7439 4.95899 3.3
      vertex -31.303 5.17934 2.4
      vertex -31.7439 4.95899 2.4
    endloop
  endfacet
  facet normal 0.609654 0.792668 -0
    outer loop
      vertex -31.7439 4.95899 2.4
      vertex -32.6991 5.69365 3.3
      vertex -31.7439 4.95899 3.3
    endloop
  endfacet
  facet normal 0.609654 0.792668 0
    outer loop
      vertex -32.6991 5.69365 3.3
      vertex -31.7439 4.95899 2.4
      vertex -32.6991 5.69365 2.4
    endloop
  endfacet
  facet normal 0.141406 0.989952 -0
    outer loop
      vertex -52.1716 0.330564 2.4
      vertex -53.2003 0.477505 3.3
      vertex -52.1716 0.330564 3.3
    endloop
  endfacet
  facet normal 0.141406 0.989952 0
    outer loop
      vertex -53.2003 0.477505 3.3
      vertex -52.1716 0.330564 2.4
      vertex -53.2003 0.477505 2.4
    endloop
  endfacet
  facet normal -0.640056 0.768328 0
    outer loop
      vertex -53.2003 0.477505 2.4
      vertex -53.6412 0.110213 3.3
      vertex -53.2003 0.477505 3.3
    endloop
  endfacet
  facet normal -0.640056 0.768328 0
    outer loop
      vertex -53.6412 0.110213 3.3
      vertex -53.2003 0.477505 2.4
      vertex -53.6412 0.110213 2.4
    endloop
  endfacet
  facet normal 0.780696 0.624911 0
    outer loop
      vertex -53.6412 0.110213 3.3
      vertex -53.9352 0.477505 2.4
      vertex -53.9352 0.477505 3.3
    endloop
  endfacet
  facet normal 0.780696 0.624911 0
    outer loop
      vertex -53.9352 0.477505 2.4
      vertex -53.6412 0.110213 3.3
      vertex -53.6412 0.110213 2.4
    endloop
  endfacet
  facet normal 0.743188 -0.669082 0
    outer loop
      vertex -53.9352 0.477505 3.3
      vertex -53.2738 1.21216 2.4
      vertex -53.2738 1.21216 3.3
    endloop
  endfacet
  facet normal 0.743188 -0.669082 0
    outer loop
      vertex -53.2738 1.21216 2.4
      vertex -53.9352 0.477505 3.3
      vertex -53.9352 0.477505 2.4
    endloop
  endfacet
  facet normal 0 -1 0
    outer loop
      vertex -53.2738 1.21216 2.4
      vertex -52.6125 1.21216 3.3
      vertex -53.2738 1.21216 3.3
    endloop
  endfacet
  facet normal 0 -1 -0
    outer loop
      vertex -52.6125 1.21216 3.3
      vertex -53.2738 1.21216 2.4
      vertex -52.6125 1.21216 2.4
    endloop
  endfacet
  facet normal -0.316114 -0.948721 0
    outer loop
      vertex -52.6125 1.21216 2.4
      vertex -51.5102 0.844873 3.3
      vertex -52.6125 1.21216 3.3
    endloop
  endfacet
  facet normal -0.316114 -0.948721 -0
    outer loop
      vertex -51.5102 0.844873 3.3
      vertex -52.6125 1.21216 2.4
      vertex -51.5102 0.844873 2.4
    endloop
  endfacet
  facet normal 0.707084 -0.70713 0
    outer loop
      vertex -51.5102 0.844873 2.4
      vertex -50.849 1.50603 3.3
      vertex -51.5102 0.844873 3.3
    endloop
  endfacet
  facet normal 0.707084 -0.70713 0
    outer loop
      vertex -50.849 1.50603 3.3
      vertex -51.5102 0.844873 2.4
      vertex -50.849 1.50603 2.4
    endloop
  endfacet
  facet normal 0 -1 0
    outer loop
      vertex -50.849 1.50603 2.4
      vertex -49.8203 1.50603 3.3
      vertex -50.849 1.50603 3.3
    endloop
  endfacet
  facet normal 0 -1 -0
    outer loop
      vertex -49.8203 1.50603 3.3
      vertex -50.849 1.50603 2.4
      vertex -49.8203 1.50603 2.4
    endloop
  endfacet
  facet normal 0.447197 -0.894435 0
    outer loop
      vertex -49.8203 1.50603 2.4
      vertex -49.3794 1.72647 3.3
      vertex -49.8203 1.50603 3.3
    endloop
  endfacet
  facet normal 0.447197 -0.894435 0
    outer loop
      vertex -49.3794 1.72647 3.3
      vertex -49.8203 1.50603 2.4
      vertex -49.3794 1.72647 2.4
    endloop
  endfacet
  facet normal -0.599895 -0.800078 0
    outer loop
      vertex -49.3794 1.72647 2.4
      vertex -49.0854 1.50603 3.3
      vertex -49.3794 1.72647 3.3
    endloop
  endfacet
  facet normal -0.599895 -0.800078 -0
    outer loop
      vertex -49.0854 1.50603 3.3
      vertex -49.3794 1.72647 2.4
      vertex -49.0854 1.50603 2.4
    endloop
  endfacet
  facet normal -1 0 0
    outer loop
      vertex -49.0854 0.918298 2.4
      vertex -49.0854 1.50603 3.3
      vertex -49.0854 1.50603 2.4
    endloop
  endfacet
  facet normal -1 -0 0
    outer loop
      vertex -49.0854 1.50603 3.3
      vertex -49.0854 0.918298 2.4
      vertex -49.0854 0.918298 3.3
    endloop
  endfacet
  facet normal -0.966203 -0.257782 0
    outer loop
      vertex -48.7914 -0.183653 2.4
      vertex -49.0854 0.918298 3.3
      vertex -49.0854 0.918298 2.4
    endloop
  endfacet
  facet normal -0.966203 -0.257782 0
    outer loop
      vertex -49.0854 0.918298 3.3
      vertex -48.7914 -0.183653 2.4
      vertex -48.7914 -0.183653 3.3
    endloop
  endfacet
  facet normal -0.910304 0.41394 0
    outer loop
      vertex -49.1589 -0.991829 2.4
      vertex -48.7914 -0.183653 3.3
      vertex -48.7914 -0.183653 2.4
    endloop
  endfacet
  facet normal -0.910304 0.41394 0
    outer loop
      vertex -48.7914 -0.183653 3.3
      vertex -49.1589 -0.991829 2.4
      vertex -49.1589 -0.991829 3.3
    endloop
  endfacet
  facet normal -0.599871 0.800097 0
    outer loop
      vertex -49.1589 -0.991829 2.4
      vertex -49.4528 -1.21218 3.3
      vertex -49.1589 -0.991829 3.3
    endloop
  endfacet
  facet normal -0.599871 0.800097 0
    outer loop
      vertex -49.4528 -1.21218 3.3
      vertex -49.1589 -0.991829 2.4
      vertex -49.4528 -1.21218 2.4
    endloop
  endfacet
  facet normal 0.493519 0.869735 -0
    outer loop
      vertex -49.4528 -1.21218 2.4
      vertex -52.1716 0.330564 3.3
      vertex -49.4528 -1.21218 3.3
    endloop
  endfacet
  facet normal 0.493519 0.869735 0
    outer loop
      vertex -52.1716 0.330564 3.3
      vertex -49.4528 -1.21218 2.4
      vertex -52.1716 0.330564 2.4
    endloop
  endfacet
  facet normal 0.62463 -0.780921 0
    outer loop
      vertex 63.8551 9.51381 2.4
      vertex 64.2225 9.80768 3.3
      vertex 63.8551 9.51381 3.3
    endloop
  endfacet
  facet normal 0.62463 -0.780921 0
    outer loop
      vertex 64.2225 9.80768 3.3
      vertex 63.8551 9.51381 2.4
      vertex 64.2225 9.80768 2.4
    endloop
  endfacet
  facet normal 0.988363 -0.152116 0
    outer loop
      vertex 64.2225 9.80768 3.3
      vertex 64.3695 10.7628 2.4
      vertex 64.3695 10.7628 3.3
    endloop
  endfacet
  facet normal 0.988363 -0.152116 0
    outer loop
      vertex 64.3695 10.7628 2.4
      vertex 64.2225 9.80768 3.3
      vertex 64.2225 9.80768 2.4
    endloop
  endfacet
  facet normal 0.799804 0.600261 0
    outer loop
      vertex 64.3695 10.7628 3.3
      vertex 64.149 11.0566 2.4
      vertex 64.149 11.0566 3.3
    endloop
  endfacet
  facet normal 0.799804 0.600261 0
    outer loop
      vertex 64.149 11.0566 2.4
      vertex 64.3695 10.7628 3.3
      vertex 64.3695 10.7628 2.4
    endloop
  endfacet
  facet normal -0.0865965 0.996243 0
    outer loop
      vertex 64.149 11.0566 2.4
      vertex 62.459 10.9097 3.3
      vertex 64.149 11.0566 3.3
    endloop
  endfacet
  facet normal -0.0865965 0.996243 0
    outer loop
      vertex 62.459 10.9097 3.3
      vertex 64.149 11.0566 2.4
      vertex 62.459 10.9097 2.4
    endloop
  endfacet
  facet normal 0.0623492 0.998054 -0
    outer loop
      vertex 62.459 10.9097 2.4
      vertex 60.1075 11.0566 3.3
      vertex 62.459 10.9097 3.3
    endloop
  endfacet
  facet normal 0.0623492 0.998054 0
    outer loop
      vertex 60.1075 11.0566 3.3
      vertex 62.459 10.9097 2.4
      vertex 60.1075 11.0566 2.4
    endloop
  endfacet
  facet normal -0.813701 0.581283 0
    outer loop
      vertex 59.7401 10.5423 2.4
      vertex 60.1075 11.0566 3.3
      vertex 60.1075 11.0566 2.4
    endloop
  endfacet
  facet normal -0.813701 0.581283 0
    outer loop
      vertex 60.1075 11.0566 3.3
      vertex 59.7401 10.5423 2.4
      vertex 59.7401 10.5423 3.3
    endloop
  endfacet
  facet normal -0.995019 -0.0996888 0
    outer loop
      vertex 59.8137 9.80768 2.4
      vertex 59.7401 10.5423 3.3
      vertex 59.7401 10.5423 2.4
    endloop
  endfacet
  facet normal -0.995019 -0.0996888 0
    outer loop
      vertex 59.7401 10.5423 3.3
      vertex 59.8137 9.80768 2.4
      vertex 59.8137 9.80768 3.3
    endloop
  endfacet
  facet normal -0.554617 -0.832105 0
    outer loop
      vertex 59.8137 9.80768 2.4
      vertex 60.2546 9.51381 3.3
      vertex 59.8137 9.80768 3.3
    endloop
  endfacet
  facet normal -0.554617 -0.832105 -0
    outer loop
      vertex 60.2546 9.51381 3.3
      vertex 59.8137 9.80768 2.4
      vertex 60.2546 9.51381 2.4
    endloop
  endfacet
  facet normal 0.0587567 -0.998272 0
    outer loop
      vertex 60.2546 9.51381 2.4
      vertex 61.5037 9.58733 3.3
      vertex 60.2546 9.51381 3.3
    endloop
  endfacet
  facet normal 0.0587567 -0.998272 0
    outer loop
      vertex 61.5037 9.58733 3.3
      vertex 60.2546 9.51381 2.4
      vertex 61.5037 9.58733 2.4
    endloop
  endfacet
  facet normal -0.371347 -0.928494 0
    outer loop
      vertex 61.5037 9.58733 2.4
      vertex 61.8711 9.44039 3.3
      vertex 61.5037 9.58733 3.3
    endloop
  endfacet
  facet normal -0.371347 -0.928494 -0
    outer loop
      vertex 61.8711 9.44039 3.3
      vertex 61.5037 9.58733 2.4
      vertex 61.8711 9.44039 2.4
    endloop
  endfacet
  facet normal 0.0369807 -0.999316 0
    outer loop
      vertex 61.8711 9.44039 2.4
      vertex 63.8551 9.51381 3.3
      vertex 61.8711 9.44039 3.3
    endloop
  endfacet
  facet normal 0.0369807 -0.999316 0
    outer loop
      vertex 63.8551 9.51381 3.3
      vertex 61.8711 9.44039 2.4
      vertex 63.8551 9.51381 2.4
    endloop
  endfacet
  facet normal 0.62463 -0.780921 0
    outer loop
      vertex -10.4343 -4.29776 2.4
      vertex -10.0669 -4.00389 3.3
      vertex -10.4343 -4.29776 3.3
    endloop
  endfacet
  facet normal 0.62463 -0.780921 0
    outer loop
      vertex -10.0669 -4.00389 3.3
      vertex -10.4343 -4.29776 2.4
      vertex -10.0669 -4.00389 2.4
    endloop
  endfacet
  facet normal -0.0905263 -0.995894 0
    outer loop
      vertex -10.0669 -4.00389 2.4
      vertex -8.45039 -4.15083 3.3
      vertex -10.0669 -4.00389 3.3
    endloop
  endfacet
  facet normal -0.0905263 -0.995894 -0
    outer loop
      vertex -8.45039 -4.15083 3.3
      vertex -10.0669 -4.00389 2.4
      vertex -8.45039 -4.15083 2.4
    endloop
  endfacet
  facet normal 0.34164 -0.939831 0
    outer loop
      vertex -8.45039 -4.15083 2.4
      vertex -7.642 -3.85697 3.3
      vertex -8.45039 -4.15083 3.3
    endloop
  endfacet
  facet normal 0.34164 -0.939831 0
    outer loop
      vertex -7.642 -3.85697 3.3
      vertex -8.45039 -4.15083 2.4
      vertex -7.642 -3.85697 2.4
    endloop
  endfacet
  facet normal 0.948683 -0.316228 0
    outer loop
      vertex -7.642 -3.85697 3.3
      vertex -7.2012 -2.53457 2.4
      vertex -7.2012 -2.53457 3.3
    endloop
  endfacet
  facet normal 0.948683 -0.316228 0
    outer loop
      vertex -7.2012 -2.53457 2.4
      vertex -7.642 -3.85697 3.3
      vertex -7.642 -3.85697 2.4
    endloop
  endfacet
  facet normal 0.990485 -0.137619 0
    outer loop
      vertex -7.2012 -2.53457 3.3
      vertex -6.83373 0.110213 2.4
      vertex -6.83373 0.110213 3.3
    endloop
  endfacet
  facet normal 0.990485 -0.137619 0
    outer loop
      vertex -6.83373 0.110213 2.4
      vertex -7.2012 -2.53457 3.3
      vertex -7.2012 -2.53457 2.4
    endloop
  endfacet
  facet normal 0.976733 -0.214461 0
    outer loop
      vertex -6.83373 0.110213 3.3
      vertex -6.17237 3.12229 2.4
      vertex -6.17237 3.12229 3.3
    endloop
  endfacet
  facet normal 0.976733 -0.214461 0
    outer loop
      vertex -6.17237 3.12229 2.4
      vertex -6.83373 0.110213 3.3
      vertex -6.83373 0.110213 2.4
    endloop
  endfacet
  facet normal 1 -0 0
    outer loop
      vertex -6.17237 3.12229 3.3
      vertex -6.17237 3.93047 2.4
      vertex -6.17237 3.93047 3.3
    endloop
  endfacet
  facet normal 1 0 0
    outer loop
      vertex -6.17237 3.93047 2.4
      vertex -6.17237 3.12229 3.3
      vertex -6.17237 3.12229 2.4
    endloop
  endfacet
  facet normal 0.966825 -0.255439 0
    outer loop
      vertex -6.17237 3.93047 3.3
      vertex -5.14365 7.82413 2.4
      vertex -5.14365 7.82413 3.3
    endloop
  endfacet
  facet normal 0.966825 -0.255439 0
    outer loop
      vertex -5.14365 7.82413 2.4
      vertex -6.17237 3.93047 3.3
      vertex -6.17237 3.93047 2.4
    endloop
  endfacet
  facet normal 0.98893 -0.14838 0
    outer loop
      vertex -5.14365 7.82413 3.3
      vertex -4.92319 9.29346 2.4
      vertex -4.92319 9.29346 3.3
    endloop
  endfacet
  facet normal 0.98893 -0.14838 0
    outer loop
      vertex -4.92319 9.29346 2.4
      vertex -5.14365 7.82413 3.3
      vertex -5.14365 7.82413 2.4
    endloop
  endfacet
  facet normal 0.447098 0.894485 -0
    outer loop
      vertex -4.92319 9.29346 2.4
      vertex -5.51112 9.58733 3.3
      vertex -4.92319 9.29346 3.3
    endloop
  endfacet
  facet normal 0.447098 0.894485 0
    outer loop
      vertex -5.51112 9.58733 3.3
      vertex -4.92319 9.29346 2.4
      vertex -5.51112 9.58733 2.4
    endloop
  endfacet
  facet normal -0.0338739 0.999426 0
    outer loop
      vertex -5.51112 9.58733 2.4
      vertex -9.84649 9.44039 3.3
      vertex -5.51112 9.58733 3.3
    endloop
  endfacet
  facet normal -0.0338739 0.999426 0
    outer loop
      vertex -9.84649 9.44039 3.3
      vertex -5.51112 9.58733 2.4
      vertex -9.84649 9.44039 2.4
    endloop
  endfacet
  facet normal -0.825751 0.564035 0
    outer loop
      vertex -11.9039 6.42833 2.4
      vertex -9.84649 9.44039 3.3
      vertex -9.84649 9.44039 2.4
    endloop
  endfacet
  facet normal -0.825751 0.564035 0
    outer loop
      vertex -9.84649 9.44039 3.3
      vertex -11.9039 6.42833 2.4
      vertex -11.9039 6.42833 3.3
    endloop
  endfacet
  facet normal -0.910349 0.413841 0
    outer loop
      vertex -12.2713 5.62014 2.4
      vertex -11.9039 6.42833 3.3
      vertex -11.9039 6.42833 2.4
    endloop
  endfacet
  facet normal -0.910349 0.413841 0
    outer loop
      vertex -11.9039 6.42833 3.3
      vertex -12.2713 5.62014 2.4
      vertex -12.2713 5.62014 3.3
    endloop
  endfacet
  facet normal -0.813645 0.581362 0
    outer loop
      vertex -13.0062 4.59161 2.4
      vertex -12.2713 5.62014 3.3
      vertex -12.2713 5.62014 2.4
    endloop
  endfacet
  facet normal -0.813645 0.581362 0
    outer loop
      vertex -12.2713 5.62014 3.3
      vertex -13.0062 4.59161 2.4
      vertex -13.0062 4.59161 3.3
    endloop
  endfacet
  facet normal -0.514341 0.857586 0
    outer loop
      vertex -13.0062 4.59161 2.4
      vertex -13.3736 4.37126 3.3
      vertex -13.0062 4.59161 3.3
    endloop
  endfacet
  facet normal -0.514341 0.857586 0
    outer loop
      vertex -13.3736 4.37126 3.3
      vertex -13.0062 4.59161 2.4
      vertex -13.3736 4.37126 2.4
    endloop
  endfacet
  facet normal 0.768171 0.640244 0
    outer loop
      vertex -13.3736 4.37126 3.3
      vertex -13.741 4.81207 2.4
      vertex -13.741 4.81207 3.3
    endloop
  endfacet
  facet normal 0.768171 0.640244 0
    outer loop
      vertex -13.741 4.81207 2.4
      vertex -13.3736 4.37126 3.3
      vertex -13.3736 4.37126 2.4
    endloop
  endfacet
  facet normal 0.987326 0.158706 0
    outer loop
      vertex -13.741 4.81207 3.3
      vertex -14.4023 8.92608 2.4
      vertex -14.4023 8.92608 3.3
    endloop
  endfacet
  facet normal 0.987326 0.158706 0
    outer loop
      vertex -14.4023 8.92608 2.4
      vertex -13.741 4.81207 3.3
      vertex -13.741 4.81207 2.4
    endloop
  endfacet
  facet normal 0.989942 -0.141473 0
    outer loop
      vertex -14.4023 8.92608 3.3
      vertex -14.3288 9.44039 2.4
      vertex -14.3288 9.44039 3.3
    endloop
  endfacet
  facet normal 0.989942 -0.141473 0
    outer loop
      vertex -14.3288 9.44039 2.4
      vertex -14.4023 8.92608 3.3
      vertex -14.4023 8.92608 2.4
    endloop
  endfacet
  facet normal 0.706962 0.707251 -0
    outer loop
      vertex -14.3288 9.44039 2.4
      vertex -14.4758 9.58733 3.3
      vertex -14.3288 9.44039 3.3
    endloop
  endfacet
  facet normal 0.706962 0.707251 0
    outer loop
      vertex -14.4758 9.58733 3.3
      vertex -14.3288 9.44039 2.4
      vertex -14.4758 9.58733 2.4
    endloop
  endfacet
  facet normal 0 1 -0
    outer loop
      vertex -14.4758 9.58733 2.4
      vertex -19.0316 9.58733 3.3
      vertex -14.4758 9.58733 3.3
    endloop
  endfacet
  facet normal 0 1 0
    outer loop
      vertex -19.0316 9.58733 3.3
      vertex -14.4758 9.58733 2.4
      vertex -19.0316 9.58733 2.4
    endloop
  endfacet
  facet normal -0.939102 0.343637 0
    outer loop
      vertex -21.236 3.56308 2.4
      vertex -19.0316 9.58733 3.3
      vertex -19.0316 9.58733 2.4
    endloop
  endfacet
  facet normal -0.939102 0.343637 0
    outer loop
      vertex -19.0316 9.58733 3.3
      vertex -21.236 3.56308 2.4
      vertex -21.236 3.56308 3.3
    endloop
  endfacet
  facet normal -0.952403 0.304842 0
    outer loop
      vertex -22.9996 -1.94684 2.4
      vertex -21.236 3.56308 3.3
      vertex -21.236 3.56308 2.4
    endloop
  endfacet
  facet normal -0.952403 0.304842 0
    outer loop
      vertex -21.236 3.56308 3.3
      vertex -22.9996 -1.94684 2.4
      vertex -22.9996 -1.94684 3.3
    endloop
  endfacet
  facet normal -0.907932 0.419117 0
    outer loop
      vertex -23.4405 -2.90196 2.4
      vertex -22.9996 -1.94684 3.3
      vertex -22.9996 -1.94684 2.4
    endloop
  endfacet
  facet normal -0.907932 0.419117 0
    outer loop
      vertex -22.9996 -1.94684 3.3
      vertex -23.4405 -2.90196 2.4
      vertex -23.4405 -2.90196 3.3
    endloop
  endfacet
  facet normal -0.980561 0.196214 0
    outer loop
      vertex -23.661 -4.00389 2.4
      vertex -23.4405 -2.90196 3.3
      vertex -23.4405 -2.90196 2.4
    endloop
  endfacet
  facet normal -0.980561 0.196214 0
    outer loop
      vertex -23.4405 -2.90196 3.3
      vertex -23.661 -4.00389 2.4
      vertex -23.661 -4.00389 3.3
    endloop
  endfacet
  facet normal -0.706991 -0.707222 0
    outer loop
      vertex -23.661 -4.00389 2.4
      vertex -23.2935 -4.37127 3.3
      vertex -23.661 -4.00389 3.3
    endloop
  endfacet
  facet normal -0.706991 -0.707222 -0
    outer loop
      vertex -23.2935 -4.37127 3.3
      vertex -23.661 -4.00389 2.4
      vertex -23.2935 -4.37127 2.4
    endloop
  endfacet
  facet normal 0.124036 -0.992278 0
    outer loop
      vertex -23.2935 -4.37127 2.4
      vertex -21.53 -4.15083 3.3
      vertex -23.2935 -4.37127 3.3
    endloop
  endfacet
  facet normal 0.124036 -0.992278 0
    outer loop
      vertex -21.53 -4.15083 3.3
      vertex -23.2935 -4.37127 2.4
      vertex -21.53 -4.15083 2.4
    endloop
  endfacet
  facet normal -0.0766801 -0.997056 0
    outer loop
      vertex -21.53 -4.15083 2.4
      vertex -19.6195 -4.29776 3.3
      vertex -21.53 -4.15083 3.3
    endloop
  endfacet
  facet normal -0.0766801 -0.997056 -0
    outer loop
      vertex -19.6195 -4.29776 3.3
      vertex -21.53 -4.15083 2.4
      vertex -19.6195 -4.29776 2.4
    endloop
  endfacet
  facet normal 0.930374 -0.366611 0
    outer loop
      vertex -19.6195 -4.29776 3.3
      vertex -18.6642 -1.87343 2.4
      vertex -18.6642 -1.87343 3.3
    endloop
  endfacet
  facet normal 0.930374 -0.366611 0
    outer loop
      vertex -18.6642 -1.87343 2.4
      vertex -19.6195 -4.29776 3.3
      vertex -19.6195 -4.29776 2.4
    endloop
  endfacet
  facet normal 0.964199 -0.265178 0
    outer loop
      vertex -18.6642 -1.87343 3.3
      vertex -17.856 1.06522 2.4
      vertex -17.856 1.06522 3.3
    endloop
  endfacet
  facet normal 0.964199 -0.265178 0
    outer loop
      vertex -17.856 1.06522 2.4
      vertex -18.6642 -1.87343 3.3
      vertex -18.6642 -1.87343 2.4
    endloop
  endfacet
  facet normal 0.707001 -0.707213 0
    outer loop
      vertex -17.856 1.06522 2.4
      vertex -17.4885 1.43261 3.3
      vertex -17.856 1.06522 3.3
    endloop
  endfacet
  facet normal 0.707001 -0.707213 0
    outer loop
      vertex -17.4885 1.43261 3.3
      vertex -17.856 1.06522 2.4
      vertex -17.4885 1.43261 2.4
    endloop
  endfacet
  facet normal -0.600044 -0.799967 0
    outer loop
      vertex -17.4885 1.43261 2.4
      vertex -17.1946 1.21216 3.3
      vertex -17.4885 1.43261 3.3
    endloop
  endfacet
  facet normal -0.600044 -0.799967 -0
    outer loop
      vertex -17.1946 1.21216 3.3
      vertex -17.4885 1.43261 2.4
      vertex -17.1946 1.21216 2.4
    endloop
  endfacet
  facet normal -0.992275 -0.124054 0
    outer loop
      vertex -16.5333 -4.07741 2.4
      vertex -17.1946 1.21216 3.3
      vertex -17.1946 1.21216 2.4
    endloop
  endfacet
  facet normal -0.992275 -0.124054 0
    outer loop
      vertex -17.1946 1.21216 3.3
      vertex -16.5333 -4.07741 2.4
      vertex -16.5333 -4.07741 3.3
    endloop
  endfacet
  facet normal -0.706866 -0.707347 0
    outer loop
      vertex -16.5333 -4.07741 2.4
      vertex -16.3128 -4.29776 3.3
      vertex -16.5333 -4.07741 3.3
    endloop
  endfacet
  facet normal -0.706866 -0.707347 -0
    outer loop
      vertex -16.3128 -4.29776 3.3
      vertex -16.5333 -4.07741 2.4
      vertex -16.3128 -4.29776 2.4
    endloop
  endfacet
  facet normal 0.447051 -0.894508 0
    outer loop
      vertex -16.3128 -4.29776 2.4
      vertex -15.8719 -4.07741 3.3
      vertex -16.3128 -4.29776 3.3
    endloop
  endfacet
  facet normal 0.447051 -0.894508 0
    outer loop
      vertex -15.8719 -4.07741 3.3
      vertex -16.3128 -4.29776 2.4
      vertex -15.8719 -4.07741 2.4
    endloop
  endfacet
  facet normal 0 -1 0
    outer loop
      vertex -15.8719 -4.07741 2.4
      vertex -15.1372 -4.07741 3.3
      vertex -15.8719 -4.07741 3.3
    endloop
  endfacet
  facet normal 0 -1 -0
    outer loop
      vertex -15.1372 -4.07741 3.3
      vertex -15.8719 -4.07741 2.4
      vertex -15.1372 -4.07741 2.4
    endloop
  endfacet
  facet normal -0.447068 -0.8945 0
    outer loop
      vertex -15.1372 -4.07741 2.4
      vertex -14.8432 -4.22435 3.3
      vertex -15.1372 -4.07741 3.3
    endloop
  endfacet
  facet normal -0.447068 -0.8945 -0
    outer loop
      vertex -14.8432 -4.22435 3.3
      vertex -15.1372 -4.07741 2.4
      vertex -14.8432 -4.22435 2.4
    endloop
  endfacet
  facet normal 0.847923 -0.530119 0
    outer loop
      vertex -14.8432 -4.22435 3.3
      vertex -14.1083 -3.04888 2.4
      vertex -14.1083 -3.04888 3.3
    endloop
  endfacet
  facet normal 0.847923 -0.530119 0
    outer loop
      vertex -14.1083 -3.04888 2.4
      vertex -14.8432 -4.22435 3.3
      vertex -14.8432 -4.22435 2.4
    endloop
  endfacet
  facet normal 0.961547 -0.274642 0
    outer loop
      vertex -14.1083 -3.04888 3.3
      vertex -13.9614 -2.53457 2.4
      vertex -13.9614 -2.53457 3.3
    endloop
  endfacet
  facet normal 0.961547 -0.274642 0
    outer loop
      vertex -13.9614 -2.53457 2.4
      vertex -14.1083 -3.04888 3.3
      vertex -14.1083 -3.04888 2.4
    endloop
  endfacet
  facet normal 0.806334 -0.59146 0
    outer loop
      vertex -13.9614 -2.53457 3.3
      vertex -13.1531 -1.43262 2.4
      vertex -13.1531 -1.43262 3.3
    endloop
  endfacet
  facet normal 0.806334 -0.59146 0
    outer loop
      vertex -13.1531 -1.43262 2.4
      vertex -13.9614 -2.53457 3.3
      vertex -13.9614 -2.53457 2.4
    endloop
  endfacet
  facet normal 0.980568 -0.196178 0
    outer loop
      vertex -13.1531 -1.43262 3.3
      vertex -13.0796 -1.06524 2.4
      vertex -13.0796 -1.06524 3.3
    endloop
  endfacet
  facet normal 0.980568 -0.196178 0
    outer loop
      vertex -13.0796 -1.06524 2.4
      vertex -13.1531 -1.43262 3.3
      vertex -13.1531 -1.43262 2.4
    endloop
  endfacet
  facet normal 0.640042 -0.76834 0
    outer loop
      vertex -13.0796 -1.06524 2.4
      vertex -12.6387 -0.697962 3.3
      vertex -13.0796 -1.06524 3.3
    endloop
  endfacet
  facet normal 0.640042 -0.76834 0
    outer loop
      vertex -12.6387 -0.697962 3.3
      vertex -13.0796 -1.06524 2.4
      vertex -12.6387 -0.697962 2.4
    endloop
  endfacet
  facet normal 0.885797 -0.464074 0
    outer loop
      vertex -12.6387 -0.697962 3.3
      vertex -11.8304 0.844873 2.4
      vertex -11.8304 0.844873 3.3
    endloop
  endfacet
  facet normal 0.885797 -0.464074 0
    outer loop
      vertex -11.8304 0.844873 2.4
      vertex -12.6387 -0.697962 3.3
      vertex -12.6387 -0.697962 2.4
    endloop
  endfacet
  facet normal 0.768206 -0.640203 0
    outer loop
      vertex -11.8304 0.844873 3.3
      vertex -11.0957 1.72647 2.4
      vertex -11.0957 1.72647 3.3
    endloop
  endfacet
  facet normal 0.768206 -0.640203 0
    outer loop
      vertex -11.0957 1.72647 2.4
      vertex -11.8304 0.844873 3.3
      vertex -11.8304 0.844873 2.4
    endloop
  endfacet
  facet normal -0.599895 -0.800078 0
    outer loop
      vertex -11.0957 1.72647 2.4
      vertex -10.8017 1.50603 3.3
      vertex -11.0957 1.72647 3.3
    endloop
  endfacet
  facet normal -0.599895 -0.800078 -0
    outer loop
      vertex -10.8017 1.50603 3.3
      vertex -11.0957 1.72647 2.4
      vertex -10.8017 1.50603 2.4
    endloop
  endfacet
  facet normal -1 0 0
    outer loop
      vertex -10.8017 0.991814 2.4
      vertex -10.8017 1.50603 3.3
      vertex -10.8017 1.50603 2.4
    endloop
  endfacet
  facet normal -1 -0 0
    outer loop
      vertex -10.8017 1.50603 3.3
      vertex -10.8017 0.991814 2.4
      vertex -10.8017 0.991814 3.3
    endloop
  endfacet
  facet normal -0.980571 0.196162 0
    outer loop
      vertex -11.3161 -1.57956 2.4
      vertex -10.8017 0.991814 3.3
      vertex -10.8017 0.991814 2.4
    endloop
  endfacet
  facet normal -0.980571 0.196162 0
    outer loop
      vertex -10.8017 0.991814 3.3
      vertex -11.3161 -1.57956 2.4
      vertex -11.3161 -1.57956 3.3
    endloop
  endfacet
  facet normal -0.939772 0.341801 0
    outer loop
      vertex -11.61 -2.38763 2.4
      vertex -11.3161 -1.57956 3.3
      vertex -11.3161 -1.57956 2.4
    endloop
  endfacet
  facet normal -0.939772 0.341801 0
    outer loop
      vertex -11.3161 -1.57956 3.3
      vertex -11.61 -2.38763 2.4
      vertex -11.61 -2.38763 3.3
    endloop
  endfacet
  facet normal -0.995889 0.0905769 0
    outer loop
      vertex -11.757 -4.00389 2.4
      vertex -11.61 -2.38763 3.3
      vertex -11.61 -2.38763 2.4
    endloop
  endfacet
  facet normal -0.995889 0.0905769 0
    outer loop
      vertex -11.61 -2.38763 3.3
      vertex -11.757 -4.00389 2.4
      vertex -11.757 -4.00389 3.3
    endloop
  endfacet
  facet normal -0.780873 -0.62469 0
    outer loop
      vertex -11.4631 -4.37127 2.4
      vertex -11.757 -4.00389 3.3
      vertex -11.757 -4.00389 2.4
    endloop
  endfacet
  facet normal -0.780873 -0.62469 0
    outer loop
      vertex -11.757 -4.00389 3.3
      vertex -11.4631 -4.37127 2.4
      vertex -11.4631 -4.37127 3.3
    endloop
  endfacet
  facet normal 0.0712705 -0.997457 0
    outer loop
      vertex -11.4631 -4.37127 2.4
      vertex -10.4343 -4.29776 3.3
      vertex -11.4631 -4.37127 3.3
    endloop
  endfacet
  facet normal 0.0712705 -0.997457 0
    outer loop
      vertex -10.4343 -4.29776 3.3
      vertex -11.4631 -4.37127 2.4
      vertex -10.4343 -4.29776 2.4
    endloop
  endfacet
  facet normal 0.0980495 -0.995182 0
    outer loop
      vertex 0.293578 -4.47916 2.4
      vertex 0.585892 -4.45036 3.3
      vertex 0.293578 -4.47916 3.3
    endloop
  endfacet
  facet normal 0.0980495 -0.995182 0
    outer loop
      vertex 0.585892 -4.45036 3.3
      vertex 0.293578 -4.47916 2.4
      vertex 0.585892 -4.45036 2.4
    endloop
  endfacet
  facet normal 0.162865 -0.986648 0
    outer loop
      vertex 0.585892 -4.45036 2.4
      vertex 0.87571 -4.40252 3.3
      vertex 0.585892 -4.45036 3.3
    endloop
  endfacet
  facet normal 0.162865 -0.986648 0
    outer loop
      vertex 0.87571 -4.40252 3.3
      vertex 0.585892 -4.45036 2.4
      vertex 0.87571 -4.40252 2.4
    endloop
  endfacet
  facet normal 0.227077 -0.973877 0
    outer loop
      vertex 0.87571 -4.40252 2.4
      vertex 1.16177 -4.33582 3.3
      vertex 0.87571 -4.40252 3.3
    endloop
  endfacet
  facet normal 0.227077 -0.973877 0
    outer loop
      vertex 1.16177 -4.33582 3.3
      vertex 0.87571 -4.40252 2.4
      vertex 1.16177 -4.33582 2.4
    endloop
  endfacet
  facet normal 0.290251 -0.956951 0
    outer loop
      vertex 1.16177 -4.33582 2.4
      vertex 1.44287 -4.25056 3.3
      vertex 1.16177 -4.33582 3.3
    endloop
  endfacet
  facet normal 0.290251 -0.956951 0
    outer loop
      vertex 1.44287 -4.25056 3.3
      vertex 1.16177 -4.33582 2.4
      vertex 1.44287 -4.25056 2.4
    endloop
  endfacet
  facet normal 0.352265 -0.9359 0
    outer loop
      vertex 1.44287 -4.25056 2.4
      vertex 1.71777 -4.14709 3.3
      vertex 1.44287 -4.25056 3.3
    endloop
  endfacet
  facet normal 0.352265 -0.9359 0
    outer loop
      vertex 1.71777 -4.14709 3.3
      vertex 1.44287 -4.25056 2.4
      vertex 1.71777 -4.14709 2.4
    endloop
  endfacet
  facet normal 0.412736 -0.910851 0
    outer loop
      vertex 1.71777 -4.14709 2.4
      vertex 1.98533 -4.02585 3.3
      vertex 1.71777 -4.14709 3.3
    endloop
  endfacet
  facet normal 0.412736 -0.910851 0
    outer loop
      vertex 1.98533 -4.02585 3.3
      vertex 1.71777 -4.14709 2.4
      vertex 1.98533 -4.02585 2.4
    endloop
  endfacet
  facet normal 0.470588 -0.882353 0
    outer loop
      vertex 1.98533 -4.02585 2.4
      vertex 1.99523 -4.02057 3.3
      vertex 1.98533 -4.02585 3.3
    endloop
  endfacet
  facet normal 0.470588 -0.882353 0
    outer loop
      vertex 1.99523 -4.02057 3.3
      vertex 1.98533 -4.02585 2.4
      vertex 1.99523 -4.02057 2.4
    endloop
  endfacet
  facet normal 0.0256515 -0.999671 0
    outer loop
      vertex 1.99523 -4.02057 2.4
      vertex 2.64527 -4.00389 3.3
      vertex 1.99523 -4.02057 3.3
    endloop
  endfacet
  facet normal 0.0256515 -0.999671 0
    outer loop
      vertex 2.64527 -4.00389 3.3
      vertex 1.99523 -4.02057 2.4
      vertex 2.64527 -4.00389 2.4
    endloop
  endfacet
  facet normal 0.384493 -0.923128 0
    outer loop
      vertex 2.64527 -4.00389 2.4
      vertex 3.52707 -3.63661 3.3
      vertex 2.64527 -4.00389 3.3
    endloop
  endfacet
  facet normal 0.384493 -0.923128 0
    outer loop
      vertex 3.52707 -3.63661 3.3
      vertex 2.64527 -4.00389 2.4
      vertex 3.52707 -3.63661 2.4
    endloop
  endfacet
  facet normal 0 -1 0
    outer loop
      vertex 3.52707 -3.63661 2.4
      vertex 3.89445 -3.63661 3.3
      vertex 3.52707 -3.63661 3.3
    endloop
  endfacet
  facet normal 0 -1 -0
    outer loop
      vertex 3.89445 -3.63661 3.3
      vertex 3.52707 -3.63661 2.4
      vertex 3.89445 -3.63661 2.4
    endloop
  endfacet
  facet normal 0.686555 -0.727078 0
    outer loop
      vertex 3.89445 -3.63661 2.4
      vertex 5.21715 -2.38763 3.3
      vertex 3.89445 -3.63661 3.3
    endloop
  endfacet
  facet normal 0.686555 -0.727078 0
    outer loop
      vertex 5.21715 -2.38763 3.3
      vertex 3.89445 -3.63661 2.4
      vertex 5.21715 -2.38763 2.4
    endloop
  endfacet
  facet normal 1 -0 0
    outer loop
      vertex 5.21715 -2.38763 3.3
      vertex 5.21715 -1.94684 2.4
      vertex 5.21715 -1.94684 3.3
    endloop
  endfacet
  facet normal 1 0 0
    outer loop
      vertex 5.21715 -1.94684 2.4
      vertex 5.21715 -2.38763 3.3
      vertex 5.21715 -2.38763 2.4
    endloop
  endfacet
  facet normal 0.874112 -0.485724 0
    outer loop
      vertex 5.21715 -1.94684 3.3
      vertex 5.58453 -1.2857 2.4
      vertex 5.58453 -1.2857 3.3
    endloop
  endfacet
  facet normal 0.874112 -0.485724 0
    outer loop
      vertex 5.58453 -1.2857 2.4
      vertex 5.21715 -1.94684 3.3
      vertex 5.21715 -1.94684 2.4
    endloop
  endfacet
  facet normal 0.955757 -0.294156 0
    outer loop
      vertex 5.58453 -1.2857 3.3
      vertex 5.87849 -0.330579 2.4
      vertex 5.87849 -0.330579 3.3
    endloop
  endfacet
  facet normal 0.955757 -0.294156 0
    outer loop
      vertex 5.87849 -0.330579 2.4
      vertex 5.58453 -1.2857 3.3
      vertex 5.58453 -1.2857 2.4
    endloop
  endfacet
  facet normal 0.948606 0.31646 0
    outer loop
      vertex 5.87849 -0.330579 3.3
      vertex 5.80498 -0.110229 2.4
      vertex 5.80498 -0.110229 3.3
    endloop
  endfacet
  facet normal 0.948606 0.31646 0
    outer loop
      vertex 5.80498 -0.110229 2.4
      vertex 5.87849 -0.330579 3.3
      vertex 5.87849 -0.330579 2.4
    endloop
  endfacet
  facet normal 0.923057 -0.384662 0
    outer loop
      vertex 5.80498 -0.110229 3.3
      vertex 6.17236 0.771357 2.4
      vertex 6.17236 0.771357 3.3
    endloop
  endfacet
  facet normal 0.923057 -0.384662 0
    outer loop
      vertex 6.17236 0.771357 2.4
      vertex 5.80498 -0.110229 3.3
      vertex 5.80498 -0.110229 2.4
    endloop
  endfacet
  facet normal 0.986385 -0.164455 0
    outer loop
      vertex 6.17236 0.771357 3.3
      vertex 6.46633 2.53456 2.4
      vertex 6.46633 2.53456 3.3
    endloop
  endfacet
  facet normal 0.986385 -0.164455 0
    outer loop
      vertex 6.46633 2.53456 2.4
      vertex 6.17236 0.771357 3.3
      vertex 6.17236 0.771357 2.4
    endloop
  endfacet
  facet normal 0.957809 -0.287406 0
    outer loop
      vertex 6.46633 2.53456 3.3
      vertex 7.34812 5.47321 2.4
      vertex 7.34812 5.47321 3.3
    endloop
  endfacet
  facet normal 0.957809 -0.287406 0
    outer loop
      vertex 7.34812 5.47321 2.4
      vertex 6.46633 2.53456 3.3
      vertex 6.46633 2.53456 2.4
    endloop
  endfacet
  facet normal 1 -0 0
    outer loop
      vertex 7.34812 5.47321 3.3
      vertex 7.34812 5.914 2.4
      vertex 7.34812 5.914 3.3
    endloop
  endfacet
  facet normal 1 0 0
    outer loop
      vertex 7.34812 5.914 2.4
      vertex 7.34812 5.47321 3.3
      vertex 7.34812 5.47321 2.4
    endloop
  endfacet
  facet normal 0.919117 -0.393985 0
    outer loop
      vertex 7.34812 5.914 3.3
      vertex 7.78901 6.94254 2.4
      vertex 7.78901 6.94254 3.3
    endloop
  endfacet
  facet normal 0.919117 -0.393985 0
    outer loop
      vertex 7.78901 6.94254 2.4
      vertex 7.34812 5.914 3.3
      vertex 7.34812 5.914 2.4
    endloop
  endfacet
  facet normal 1 -0 0
    outer loop
      vertex 7.78901 6.94254 3.3
      vertex 7.78901 7.60369 2.4
      vertex 7.78901 7.60369 3.3
    endloop
  endfacet
  facet normal 1 0 0
    outer loop
      vertex 7.78901 7.60369 2.4
      vertex 7.78901 6.94254 3.3
      vertex 7.78901 6.94254 2.4
    endloop
  endfacet
  facet normal 0.967605 -0.25247 0
    outer loop
      vertex 7.78901 7.60369 3.3
      vertex 8.22991 9.29346 2.4
      vertex 8.22991 9.29346 3.3
    endloop
  endfacet
  facet normal 0.967605 -0.25247 0
    outer loop
      vertex 8.22991 9.29346 2.4
      vertex 7.78901 7.60369 3.3
      vertex 7.78901 7.60369 2.4
    endloop
  endfacet
  facet normal 0.554622 0.832103 -0
    outer loop
      vertex 8.22991 9.29346 2.4
      vertex 8.00947 9.44039 3.3
      vertex 8.22991 9.29346 3.3
    endloop
  endfacet
  facet normal 0.554622 0.832103 0
    outer loop
      vertex 8.00947 9.44039 3.3
      vertex 8.22991 9.29346 2.4
      vertex 8.00947 9.44039 2.4
    endloop
  endfacet
  facet normal -0.0196145 0.999808 0
    outer loop
      vertex 8.00947 9.44039 2.4
      vertex 4.26194 9.36687 3.3
      vertex 8.00947 9.44039 3.3
    endloop
  endfacet
  facet normal -0.0196145 0.999808 0
    outer loop
      vertex 4.26194 9.36687 3.3
      vertex 8.00947 9.44039 2.4
      vertex 4.26194 9.36687 2.4
    endloop
  endfacet
  facet normal -0.965021 0.262172 0
    outer loop
      vertex 2.69249 3.58992 2.4
      vertex 4.26194 9.36687 3.3
      vertex 4.26194 9.36687 2.4
    endloop
  endfacet
  facet normal -0.965021 0.262172 0
    outer loop
      vertex 4.26194 9.36687 3.3
      vertex 2.69249 3.58992 2.4
      vertex 2.69249 3.58992 3.3
    endloop
  endfacet
  facet normal 0.582484 0.812842 -0
    outer loop
      vertex 2.69249 3.58992 2.4
      vertex 2.49383 3.73228 3.3
      vertex 2.69249 3.58992 3.3
    endloop
  endfacet
  facet normal 0.582484 0.812842 0
    outer loop
      vertex 2.49383 3.73228 3.3
      vertex 2.69249 3.58992 2.4
      vertex 2.49383 3.73228 2.4
    endloop
  endfacet
  facet normal 0.528064 0.849205 -0
    outer loop
      vertex 2.49383 3.73228 2.4
      vertex 2.24439 3.88739 3.3
      vertex 2.49383 3.73228 3.3
    endloop
  endfacet
  facet normal 0.528064 0.849205 0
    outer loop
      vertex 2.24439 3.88739 3.3
      vertex 2.49383 3.73228 2.4
      vertex 2.24439 3.88739 2.4
    endloop
  endfacet
  facet normal 0.471369 0.881936 -0
    outer loop
      vertex 2.24439 3.88739 2.4
      vertex 1.98533 4.02585 3.3
      vertex 2.24439 3.88739 3.3
    endloop
  endfacet
  facet normal 0.471369 0.881936 0
    outer loop
      vertex 1.98533 4.02585 3.3
      vertex 2.24439 3.88739 2.4
      vertex 1.98533 4.02585 2.4
    endloop
  endfacet
  facet normal 0.412736 0.910851 -0
    outer loop
      vertex 1.98533 4.02585 2.4
      vertex 1.71777 4.14709 3.3
      vertex 1.98533 4.02585 3.3
    endloop
  endfacet
  facet normal 0.412736 0.910851 0
    outer loop
      vertex 1.71777 4.14709 3.3
      vertex 1.98533 4.02585 2.4
      vertex 1.71777 4.14709 2.4
    endloop
  endfacet
  facet normal 0.352265 0.9359 -0
    outer loop
      vertex 1.71777 4.14709 2.4
      vertex 1.44287 4.25056 3.3
      vertex 1.71777 4.14709 3.3
    endloop
  endfacet
  facet normal 0.352265 0.9359 0
    outer loop
      vertex 1.44287 4.25056 3.3
      vertex 1.71777 4.14709 2.4
      vertex 1.44287 4.25056 2.4
    endloop
  endfacet
  facet normal 0.290251 0.956951 -0
    outer loop
      vertex 1.44287 4.25056 2.4
      vertex 1.16177 4.33582 3.3
      vertex 1.44287 4.25056 3.3
    endloop
  endfacet
  facet normal 0.290251 0.956951 0
    outer loop
      vertex 1.16177 4.33582 3.3
      vertex 1.44287 4.25056 2.4
      vertex 1.16177 4.33582 2.4
    endloop
  endfacet
  facet normal 0.227077 0.973877 -0
    outer loop
      vertex 1.16177 4.33582 2.4
      vertex 0.87571 4.40252 3.3
      vertex 1.16177 4.33582 3.3
    endloop
  endfacet
  facet normal 0.227077 0.973877 0
    outer loop
      vertex 0.87571 4.40252 3.3
      vertex 1.16177 4.33582 2.4
      vertex 0.87571 4.40252 2.4
    endloop
  endfacet
  facet normal 0.162865 0.986648 -0
    outer loop
      vertex 0.87571 4.40252 2.4
      vertex 0.585892 4.45036 3.3
      vertex 0.87571 4.40252 3.3
    endloop
  endfacet
  facet normal 0.162865 0.986648 0
    outer loop
      vertex 0.585892 4.45036 3.3
      vertex 0.87571 4.40252 2.4
      vertex 0.585892 4.45036 2.4
    endloop
  endfacet
  facet normal 0.0980002 0.995186 -0
    outer loop
      vertex 0.585892 4.45036 2.4
      vertex 0.447277 4.46401 3.3
      vertex 0.585892 4.45036 3.3
    endloop
  endfacet
  facet normal 0.0980002 0.995186 0
    outer loop
      vertex 0.447277 4.46401 3.3
      vertex 0.585892 4.45036 2.4
      vertex 0.447277 4.46401 2.4
    endloop
  endfacet
  facet normal 0.948661 -0.316293 0
    outer loop
      vertex 0.447277 4.46401 3.3
      vertex 0.808267 5.54673 2.4
      vertex 0.808267 5.54673 3.3
    endloop
  endfacet
  facet normal 0.948661 -0.316293 0
    outer loop
      vertex 0.808267 5.54673 2.4
      vertex 0.447277 4.46401 3.3
      vertex 0.447277 4.46401 2.4
    endloop
  endfacet
  facet normal 0.997455 -0.0712956 0
    outer loop
      vertex 0.808267 5.54673 3.3
      vertex 0.881783 6.57525 2.4
      vertex 0.881783 6.57525 3.3
    endloop
  endfacet
  facet normal 0.997455 -0.0712956 0
    outer loop
      vertex 0.881783 6.57525 2.4
      vertex 0.808267 5.54673 3.3
      vertex 0.808267 5.54673 2.4
    endloop
  endfacet
  facet normal 0.960547 -0.278117 0
    outer loop
      vertex 0.881783 6.57525 3.3
      vertex 1.69007 9.36687 2.4
      vertex 1.69007 9.36687 3.3
    endloop
  endfacet
  facet normal 0.960547 -0.278117 0
    outer loop
      vertex 1.69007 9.36687 2.4
      vertex 0.881783 6.57525 3.3
      vertex 0.881783 6.57525 2.4
    endloop
  endfacet
  facet normal 0.0185251 0.999828 -0
    outer loop
      vertex 1.69007 9.36687 2.4
      vertex -2.27792 9.44039 3.3
      vertex 1.69007 9.36687 3.3
    endloop
  endfacet
  facet normal 0.0185251 0.999828 0
    outer loop
      vertex -2.27792 9.44039 3.3
      vertex 1.69007 9.36687 2.4
      vertex -2.27792 9.44039 2.4
    endloop
  endfacet
  facet normal -0.967871 0.251448 0
    outer loop
      vertex -3.74754 3.78354 2.4
      vertex -2.27792 9.44039 3.3
      vertex -2.27792 9.44039 2.4
    endloop
  endfacet
  facet normal -0.967871 0.251448 0
    outer loop
      vertex -2.27792 9.44039 3.3
      vertex -3.74754 3.78354 2.4
      vertex -3.74754 3.78354 3.3
    endloop
  endfacet
  facet normal -0.989946 -0.141447 0
    outer loop
      vertex -3.59136 2.69048 2.4
      vertex -3.74754 3.78354 3.3
      vertex -3.74754 3.78354 2.4
    endloop
  endfacet
  facet normal -0.989946 -0.141447 0
    outer loop
      vertex -3.74754 3.78354 3.3
      vertex -3.59136 2.69048 2.4
      vertex -3.59136 2.69048 3.3
    endloop
  endfacet
  facet normal -0.812842 0.582485 0
    outer loop
      vertex -3.73228 2.49383 2.4
      vertex -3.59136 2.69048 3.3
      vertex -3.59136 2.69048 2.4
    endloop
  endfacet
  facet normal -0.812842 0.582485 0
    outer loop
      vertex -3.59136 2.69048 3.3
      vertex -3.73228 2.49383 2.4
      vertex -3.73228 2.49383 3.3
    endloop
  endfacet
  facet normal -0.849205 0.528064 0
    outer loop
      vertex -3.88739 2.24439 2.4
      vertex -3.73228 2.49383 3.3
      vertex -3.73228 2.49383 2.4
    endloop
  endfacet
  facet normal -0.849205 0.528064 0
    outer loop
      vertex -3.73228 2.49383 3.3
      vertex -3.88739 2.24439 2.4
      vertex -3.88739 2.24439 3.3
    endloop
  endfacet
  facet normal -0.881936 0.471369 0
    outer loop
      vertex -4.02585 1.98533 2.4
      vertex -3.88739 2.24439 3.3
      vertex -3.88739 2.24439 2.4
    endloop
  endfacet
  facet normal -0.881936 0.471369 0
    outer loop
      vertex -3.88739 2.24439 3.3
      vertex -4.02585 1.98533 2.4
      vertex -4.02585 1.98533 3.3
    endloop
  endfacet
  facet normal -0.910851 0.412736 0
    outer loop
      vertex -4.14709 1.71777 2.4
      vertex -4.02585 1.98533 3.3
      vertex -4.02585 1.98533 2.4
    endloop
  endfacet
  facet normal -0.910851 0.412736 0
    outer loop
      vertex -4.02585 1.98533 3.3
      vertex -4.14709 1.71777 2.4
      vertex -4.14709 1.71777 3.3
    endloop
  endfacet
  facet normal -0.9359 0.352265 0
    outer loop
      vertex -4.25056 1.44287 2.4
      vertex -4.14709 1.71777 3.3
      vertex -4.14709 1.71777 2.4
    endloop
  endfacet
  facet normal -0.9359 0.352265 0
    outer loop
      vertex -4.14709 1.71777 3.3
      vertex -4.25056 1.44287 2.4
      vertex -4.25056 1.44287 3.3
    endloop
  endfacet
  facet normal -0.956951 0.290251 0
    outer loop
      vertex -4.33582 1.16177 2.4
      vertex -4.25056 1.44287 3.3
      vertex -4.25056 1.44287 2.4
    endloop
  endfacet
  facet normal -0.956951 0.290251 0
    outer loop
      vertex -4.25056 1.44287 3.3
      vertex -4.33582 1.16177 2.4
      vertex -4.33582 1.16177 3.3
    endloop
  endfacet
  facet normal -0.973877 0.227077 0
    outer loop
      vertex -4.40252 0.87571 2.4
      vertex -4.33582 1.16177 3.3
      vertex -4.33582 1.16177 2.4
    endloop
  endfacet
  facet normal -0.973877 0.227077 0
    outer loop
      vertex -4.33582 1.16177 3.3
      vertex -4.40252 0.87571 2.4
      vertex -4.40252 0.87571 3.3
    endloop
  endfacet
  facet normal -0.986648 0.162865 0
    outer loop
      vertex -4.45036 0.585892 2.4
      vertex -4.40252 0.87571 3.3
      vertex -4.40252 0.87571 2.4
    endloop
  endfacet
  facet normal -0.986648 0.162865 0
    outer loop
      vertex -4.40252 0.87571 3.3
      vertex -4.45036 0.585892 2.4
      vertex -4.45036 0.585892 3.3
    endloop
  endfacet
  facet normal -0.995182 0.0980495 0
    outer loop
      vertex -4.47916 0.293578 2.4
      vertex -4.45036 0.585892 3.3
      vertex -4.45036 0.585892 2.4
    endloop
  endfacet
  facet normal -0.995182 0.0980495 0
    outer loop
      vertex -4.45036 0.585892 3.3
      vertex -4.47916 0.293578 2.4
      vertex -4.47916 0.293578 3.3
    endloop
  endfacet
  facet normal -0.999464 0.0327505 0
    outer loop
      vertex -4.48878 0 2.4
      vertex -4.47916 0.293578 3.3
      vertex -4.47916 0.293578 2.4
    endloop
  endfacet
  facet normal -0.999464 0.0327505 0
    outer loop
      vertex -4.47916 0.293578 3.3
      vertex -4.48878 0 2.4
      vertex -4.48878 0 3.3
    endloop
  endfacet
  facet normal -0.999464 -0.0327505 0
    outer loop
      vertex -4.47916 -0.293578 2.4
      vertex -4.48878 0 3.3
      vertex -4.48878 0 2.4
    endloop
  endfacet
  facet normal -0.999464 -0.0327505 0
    outer loop
      vertex -4.48878 0 3.3
      vertex -4.47916 -0.293578 2.4
      vertex -4.47916 -0.293578 3.3
    endloop
  endfacet
  facet normal -0.995182 -0.0980495 0
    outer loop
      vertex -4.45036 -0.585892 2.4
      vertex -4.47916 -0.293578 3.3
      vertex -4.47916 -0.293578 2.4
    endloop
  endfacet
  facet normal -0.995182 -0.0980495 0
    outer loop
      vertex -4.47916 -0.293578 3.3
      vertex -4.45036 -0.585892 2.4
      vertex -4.45036 -0.585892 3.3
    endloop
  endfacet
  facet normal -0.986648 -0.162865 0
    outer loop
      vertex -4.40252 -0.87571 2.4
      vertex -4.45036 -0.585892 3.3
      vertex -4.45036 -0.585892 2.4
    endloop
  endfacet
  facet normal -0.986648 -0.162865 0
    outer loop
      vertex -4.45036 -0.585892 3.3
      vertex -4.40252 -0.87571 2.4
      vertex -4.40252 -0.87571 3.3
    endloop
  endfacet
  facet normal -0.973877 -0.227077 0
    outer loop
      vertex -4.33582 -1.16177 2.4
      vertex -4.40252 -0.87571 3.3
      vertex -4.40252 -0.87571 2.4
    endloop
  endfacet
  facet normal -0.973877 -0.227077 0
    outer loop
      vertex -4.40252 -0.87571 3.3
      vertex -4.33582 -1.16177 2.4
      vertex -4.33582 -1.16177 3.3
    endloop
  endfacet
  facet normal -0.956951 -0.290251 0
    outer loop
      vertex -4.25056 -1.44287 2.4
      vertex -4.33582 -1.16177 3.3
      vertex -4.33582 -1.16177 2.4
    endloop
  endfacet
  facet normal -0.956951 -0.290251 0
    outer loop
      vertex -4.33582 -1.16177 3.3
      vertex -4.25056 -1.44287 2.4
      vertex -4.25056 -1.44287 3.3
    endloop
  endfacet
  facet normal -0.9359 -0.352265 0
    outer loop
      vertex -4.14709 -1.71777 2.4
      vertex -4.25056 -1.44287 3.3
      vertex -4.25056 -1.44287 2.4
    endloop
  endfacet
  facet normal -0.9359 -0.352265 0
    outer loop
      vertex -4.25056 -1.44287 3.3
      vertex -4.14709 -1.71777 2.4
      vertex -4.14709 -1.71777 3.3
    endloop
  endfacet
  facet normal -0.910851 -0.412736 0
    outer loop
      vertex -4.02585 -1.98533 2.4
      vertex -4.14709 -1.71777 3.3
      vertex -4.14709 -1.71777 2.4
    endloop
  endfacet
  facet normal -0.910851 -0.412736 0
    outer loop
      vertex -4.14709 -1.71777 3.3
      vertex -4.02585 -1.98533 2.4
      vertex -4.02585 -1.98533 3.3
    endloop
  endfacet
  facet normal -0.881936 -0.471369 0
    outer loop
      vertex -3.88739 -2.24439 2.4
      vertex -4.02585 -1.98533 3.3
      vertex -4.02585 -1.98533 2.4
    endloop
  endfacet
  facet normal -0.881936 -0.471369 0
    outer loop
      vertex -4.02585 -1.98533 3.3
      vertex -3.88739 -2.24439 2.4
      vertex -3.88739 -2.24439 3.3
    endloop
  endfacet
  facet normal -0.849205 -0.528064 0
    outer loop
      vertex -3.73228 -2.49383 2.4
      vertex -3.88739 -2.24439 3.3
      vertex -3.88739 -2.24439 2.4
    endloop
  endfacet
  facet normal -0.849205 -0.528064 0
    outer loop
      vertex -3.88739 -2.24439 3.3
      vertex -3.73228 -2.49383 2.4
      vertex -3.73228 -2.49383 3.3
    endloop
  endfacet
  facet normal -0.812835 -0.582493 0
    outer loop
      vertex -3.56118 -2.73259 2.4
      vertex -3.73228 -2.49383 3.3
      vertex -3.73228 -2.49383 2.4
    endloop
  endfacet
  facet normal -0.812835 -0.582493 0
    outer loop
      vertex -3.73228 -2.49383 3.3
      vertex -3.56118 -2.73259 2.4
      vertex -3.56118 -2.73259 3.3
    endloop
  endfacet
  facet normal -0.773007 -0.634397 0
    outer loop
      vertex -3.49477 -2.81351 2.4
      vertex -3.56118 -2.73259 3.3
      vertex -3.56118 -2.73259 2.4
    endloop
  endfacet
  facet normal -0.773007 -0.634397 0
    outer loop
      vertex -3.56118 -2.73259 3.3
      vertex -3.49477 -2.81351 2.4
      vertex -3.49477 -2.81351 3.3
    endloop
  endfacet
  facet normal -0.0829995 0.99655 0
    outer loop
      vertex -3.49477 -2.81351 2.4
      vertex -3.67403 -2.82844 3.3
      vertex -3.49477 -2.81351 3.3
    endloop
  endfacet
  facet normal -0.0829995 0.99655 0
    outer loop
      vertex -3.67403 -2.82844 3.3
      vertex -3.49477 -2.81351 2.4
      vertex -3.67403 -2.82844 2.4
    endloop
  endfacet
  facet normal -0.554617 0.832105 0
    outer loop
      vertex -3.67403 -2.82844 2.4
      vertex -4.11493 -3.12231 3.3
      vertex -3.67403 -2.82844 3.3
    endloop
  endfacet
  facet normal -0.554617 0.832105 0
    outer loop
      vertex -4.11493 -3.12231 3.3
      vertex -3.67403 -2.82844 2.4
      vertex -4.11493 -3.12231 2.4
    endloop
  endfacet
  facet normal 0.780755 0.624838 0
    outer loop
      vertex -4.11493 -3.12231 3.3
      vertex -4.40888 -2.75501 2.4
      vertex -4.40888 -2.75501 3.3
    endloop
  endfacet
  facet normal 0.780755 0.624838 0
    outer loop
      vertex -4.40888 -2.75501 2.4
      vertex -4.11493 -3.12231 3.3
      vertex -4.11493 -3.12231 2.4
    endloop
  endfacet
  facet normal 0.759212 -0.650844 0
    outer loop
      vertex -4.40888 -2.75501 3.3
      vertex -3.96799 -2.24071 2.4
      vertex -3.96799 -2.24071 3.3
    endloop
  endfacet
  facet normal 0.759212 -0.650844 0
    outer loop
      vertex -3.96799 -2.24071 2.4
      vertex -4.40888 -2.75501 3.3
      vertex -4.40888 -2.75501 2.4
    endloop
  endfacet
  facet normal 0.242279 0.970207 -0
    outer loop
      vertex -3.96799 -2.24071 2.4
      vertex -4.26196 -2.1673 3.3
      vertex -3.96799 -2.24071 3.3
    endloop
  endfacet
  facet normal 0.242279 0.970207 0
    outer loop
      vertex -4.26196 -2.1673 3.3
      vertex -3.96799 -2.24071 2.4
      vertex -4.26196 -2.1673 2.4
    endloop
  endfacet
  facet normal -0.832042 0.554713 0
    outer loop
      vertex -4.55583 -2.60809 2.4
      vertex -4.26196 -2.1673 3.3
      vertex -4.26196 -2.1673 2.4
    endloop
  endfacet
  facet normal -0.832042 0.554713 0
    outer loop
      vertex -4.26196 -2.1673 3.3
      vertex -4.55583 -2.60809 2.4
      vertex -4.55583 -2.60809 3.3
    endloop
  endfacet
  facet normal -0.984777 0.173823 0
    outer loop
      vertex -4.77627 -3.85697 2.4
      vertex -4.55583 -2.60809 3.3
      vertex -4.55583 -2.60809 2.4
    endloop
  endfacet
  facet normal -0.984777 0.173823 0
    outer loop
      vertex -4.55583 -2.60809 3.3
      vertex -4.77627 -3.85697 2.4
      vertex -4.77627 -3.85697 3.3
    endloop
  endfacet
  facet normal -0.274677 -0.961537 0
    outer loop
      vertex -4.77627 -3.85697 2.4
      vertex -4.26196 -4.00389 3.3
      vertex -4.77627 -3.85697 3.3
    endloop
  endfacet
  facet normal -0.274677 -0.961537 -0
    outer loop
      vertex -4.26196 -4.00389 3.3
      vertex -4.77627 -3.85697 2.4
      vertex -4.26196 -4.00389 2.4
    endloop
  endfacet
  facet normal -0.0181847 -0.999835 0
    outer loop
      vertex -4.26196 -4.00389 2.4
      vertex -1.94061 -4.04611 3.3
      vertex -4.26196 -4.00389 3.3
    endloop
  endfacet
  facet normal -0.0181847 -0.999835 -0
    outer loop
      vertex -1.94061 -4.04611 3.3
      vertex -4.26196 -4.00389 2.4
      vertex -1.94061 -4.04611 2.4
    endloop
  endfacet
  facet normal -0.412749 -0.910845 0
    outer loop
      vertex -1.94061 -4.04611 2.4
      vertex -1.71777 -4.14709 3.3
      vertex -1.94061 -4.04611 3.3
    endloop
  endfacet
  facet normal -0.412749 -0.910845 -0
    outer loop
      vertex -1.71777 -4.14709 3.3
      vertex -1.94061 -4.04611 2.4
      vertex -1.71777 -4.14709 2.4
    endloop
  endfacet
  facet normal -0.352265 -0.9359 0
    outer loop
      vertex -1.71777 -4.14709 2.4
      vertex -1.44287 -4.25056 3.3
      vertex -1.71777 -4.14709 3.3
    endloop
  endfacet
  facet normal -0.352265 -0.9359 -0
    outer loop
      vertex -1.44287 -4.25056 3.3
      vertex -1.71777 -4.14709 2.4
      vertex -1.44287 -4.25056 2.4
    endloop
  endfacet
  facet normal -0.290251 -0.956951 0
    outer loop
      vertex -1.44287 -4.25056 2.4
      vertex -1.16177 -4.33582 3.3
      vertex -1.44287 -4.25056 3.3
    endloop
  endfacet
  facet normal -0.290251 -0.956951 -0
    outer loop
      vertex -1.16177 -4.33582 3.3
      vertex -1.44287 -4.25056 2.4
      vertex -1.16177 -4.33582 2.4
    endloop
  endfacet
  facet normal -0.227077 -0.973877 0
    outer loop
      vertex -1.16177 -4.33582 2.4
      vertex -0.87571 -4.40252 3.3
      vertex -1.16177 -4.33582 3.3
    endloop
  endfacet
  facet normal -0.227077 -0.973877 -0
    outer loop
      vertex -0.87571 -4.40252 3.3
      vertex -1.16177 -4.33582 2.4
      vertex -0.87571 -4.40252 2.4
    endloop
  endfacet
  facet normal -0.162865 -0.986648 0
    outer loop
      vertex -0.87571 -4.40252 2.4
      vertex -0.585892 -4.45036 3.3
      vertex -0.87571 -4.40252 3.3
    endloop
  endfacet
  facet normal -0.162865 -0.986648 -0
    outer loop
      vertex -0.585892 -4.45036 3.3
      vertex -0.87571 -4.40252 2.4
      vertex -0.585892 -4.45036 2.4
    endloop
  endfacet
  facet normal -0.0980495 -0.995182 0
    outer loop
      vertex -0.585892 -4.45036 2.4
      vertex -0.293578 -4.47916 3.3
      vertex -0.585892 -4.45036 3.3
    endloop
  endfacet
  facet normal -0.0980495 -0.995182 -0
    outer loop
      vertex -0.293578 -4.47916 3.3
      vertex -0.585892 -4.45036 2.4
      vertex -0.293578 -4.47916 2.4
    endloop
  endfacet
  facet normal -0.0327505 -0.999464 0
    outer loop
      vertex -0.293578 -4.47916 2.4
      vertex 0 -4.48878 3.3
      vertex -0.293578 -4.47916 3.3
    endloop
  endfacet
  facet normal -0.0327505 -0.999464 -0
    outer loop
      vertex 0 -4.48878 3.3
      vertex -0.293578 -4.47916 2.4
      vertex 0 -4.48878 2.4
    endloop
  endfacet
  facet normal 0.0327505 -0.999464 0
    outer loop
      vertex 0 -4.48878 2.4
      vertex 0.293578 -4.47916 3.3
      vertex 0 -4.48878 3.3
    endloop
  endfacet
  facet normal 0.0327505 -0.999464 0
    outer loop
      vertex 0.293578 -4.47916 3.3
      vertex 0 -4.48878 2.4
      vertex 0.293578 -4.47916 2.4
    endloop
  endfacet
  facet normal 0.683641 0.729819 -0
    outer loop
      vertex -1.84156 -2.0999 2.4
      vertex -1.97495 -1.97495 3.3
      vertex -1.84156 -2.0999 3.3
    endloop
  endfacet
  facet normal 0.683641 0.729819 0
    outer loop
      vertex -1.97495 -1.97495 3.3
      vertex -1.84156 -2.0999 2.4
      vertex -1.97495 -1.97495 2.4
    endloop
  endfacet
  facet normal 0.729819 0.683641 0
    outer loop
      vertex -1.97495 -1.97495 3.3
      vertex -2.0999 -1.84156 2.4
      vertex -2.0999 -1.84156 3.3
    endloop
  endfacet
  facet normal 0.729819 0.683641 0
    outer loop
      vertex -2.0999 -1.84156 2.4
      vertex -1.97495 -1.97495 3.3
      vertex -1.97495 -1.97495 2.4
    endloop
  endfacet
  facet normal 0.773052 0.634343 0
    outer loop
      vertex -2.0999 -1.84156 3.3
      vertex -2.21583 -1.70028 2.4
      vertex -2.21583 -1.70028 3.3
    endloop
  endfacet
  facet normal 0.773052 0.634343 0
    outer loop
      vertex -2.21583 -1.70028 2.4
      vertex -2.0999 -1.84156 3.3
      vertex -2.0999 -1.84156 2.4
    endloop
  endfacet
  facet normal 0.812831 0.5825 0
    outer loop
      vertex -2.21583 -1.70028 3.3
      vertex -2.3223 -1.55171 2.4
      vertex -2.3223 -1.55171 3.3
    endloop
  endfacet
  facet normal 0.812831 0.5825 0
    outer loop
      vertex -2.3223 -1.55171 2.4
      vertex -2.21583 -1.70028 3.3
      vertex -2.21583 -1.70028 2.4
    endloop
  endfacet
  facet normal 0.849192 0.528085 0
    outer loop
      vertex -2.3223 -1.55171 3.3
      vertex -2.41882 -1.3965 2.4
      vertex -2.41882 -1.3965 3.3
    endloop
  endfacet
  facet normal 0.849192 0.528085 0
    outer loop
      vertex -2.41882 -1.3965 2.4
      vertex -2.3223 -1.55171 3.3
      vertex -2.3223 -1.55171 2.4
    endloop
  endfacet
  facet normal 0.881927 0.471386 0
    outer loop
      vertex -2.41882 -1.3965 3.3
      vertex -2.50497 -1.23532 2.4
      vertex -2.50497 -1.23532 3.3
    endloop
  endfacet
  facet normal 0.881927 0.471386 0
    outer loop
      vertex -2.50497 -1.23532 2.4
      vertex -2.41882 -1.3965 3.3
      vertex -2.41882 -1.3965 2.4
    endloop
  endfacet
  facet normal 0.910875 0.412681 0
    outer loop
      vertex -2.50497 -1.23532 3.3
      vertex -2.5804 -1.06883 2.4
      vertex -2.5804 -1.06883 3.3
    endloop
  endfacet
  facet normal 0.910875 0.412681 0
    outer loop
      vertex -2.5804 -1.06883 2.4
      vertex -2.50497 -1.23532 3.3
      vertex -2.50497 -1.23532 2.4
    endloop
  endfacet
  facet normal 0.935885 0.352304 0
    outer loop
      vertex -2.5804 -1.06883 3.3
      vertex -2.64479 -0.89778 2.4
      vertex -2.64479 -0.89778 3.3
    endloop
  endfacet
  facet normal 0.935885 0.352304 0
    outer loop
      vertex -2.64479 -0.89778 2.4
      vertex -2.5804 -1.06883 3.3
      vertex -2.5804 -1.06883 2.4
    endloop
  endfacet
  facet normal 0.956934 0.290305 0
    outer loop
      vertex -2.64479 -0.89778 3.3
      vertex -2.69785 -0.722878 2.4
      vertex -2.69785 -0.722878 3.3
    endloop
  endfacet
  facet normal 0.956934 0.290305 0
    outer loop
      vertex -2.69785 -0.722878 2.4
      vertex -2.64479 -0.89778 3.3
      vertex -2.64479 -0.89778 2.4
    endloop
  endfacet
  facet normal 0.973891 0.227016 0
    outer loop
      vertex -2.69785 -0.722878 3.3
      vertex -2.73934 -0.544887 2.4
      vertex -2.73934 -0.544887 3.3
    endloop
  endfacet
  facet normal 0.973891 0.227016 0
    outer loop
      vertex -2.73934 -0.544887 2.4
      vertex -2.69785 -0.722878 3.3
      vertex -2.69785 -0.722878 2.4
    endloop
  endfacet
  facet normal 0.986646 0.162877 0
    outer loop
      vertex -2.73934 -0.544887 3.3
      vertex -2.76911 -0.364552 2.4
      vertex -2.76911 -0.364552 3.3
    endloop
  endfacet
  facet normal 0.986646 0.162877 0
    outer loop
      vertex -2.76911 -0.364552 2.4
      vertex -2.73934 -0.544887 3.3
      vertex -2.73934 -0.544887 2.4
    endloop
  endfacet
  facet normal 0.995187 0.0979933 0
    outer loop
      vertex -2.76911 -0.364552 3.3
      vertex -2.78702 -0.182664 2.4
      vertex -2.78702 -0.182664 3.3
    endloop
  endfacet
  facet normal 0.995187 0.0979933 0
    outer loop
      vertex -2.78702 -0.182664 2.4
      vertex -2.76911 -0.364552 3.3
      vertex -2.76911 -0.364552 2.4
    endloop
  endfacet
  facet normal 0.999463 0.0327748 0
    outer loop
      vertex -2.78702 -0.182664 3.3
      vertex -2.79301 0 2.4
      vertex -2.79301 0 3.3
    endloop
  endfacet
  facet normal 0.999463 0.0327748 0
    outer loop
      vertex -2.79301 0 2.4
      vertex -2.78702 -0.182664 3.3
      vertex -2.78702 -0.182664 2.4
    endloop
  endfacet
  facet normal 0.999463 -0.0327748 0
    outer loop
      vertex -2.79301 0 3.3
      vertex -2.78702 0.182664 2.4
      vertex -2.78702 0.182664 3.3
    endloop
  endfacet
  facet normal 0.999463 -0.0327748 0
    outer loop
      vertex -2.78702 0.182664 2.4
      vertex -2.79301 0 3.3
      vertex -2.79301 0 2.4
    endloop
  endfacet
  facet normal 0.995187 -0.0979933 0
    outer loop
      vertex -2.78702 0.182664 3.3
      vertex -2.76911 0.364552 2.4
      vertex -2.76911 0.364552 3.3
    endloop
  endfacet
  facet normal 0.995187 -0.0979933 0
    outer loop
      vertex -2.76911 0.364552 2.4
      vertex -2.78702 0.182664 3.3
      vertex -2.78702 0.182664 2.4
    endloop
  endfacet
  facet normal 0.986646 -0.162877 0
    outer loop
      vertex -2.76911 0.364552 3.3
      vertex -2.73934 0.544887 2.4
      vertex -2.73934 0.544887 3.3
    endloop
  endfacet
  facet normal 0.986646 -0.162877 0
    outer loop
      vertex -2.73934 0.544887 2.4
      vertex -2.76911 0.364552 3.3
      vertex -2.76911 0.364552 2.4
    endloop
  endfacet
  facet normal 0.973891 -0.227016 0
    outer loop
      vertex -2.73934 0.544887 3.3
      vertex -2.69785 0.722878 2.4
      vertex -2.69785 0.722878 3.3
    endloop
  endfacet
  facet normal 0.973891 -0.227016 0
    outer loop
      vertex -2.69785 0.722878 2.4
      vertex -2.73934 0.544887 3.3
      vertex -2.73934 0.544887 2.4
    endloop
  endfacet
  facet normal 0.956934 -0.290305 0
    outer loop
      vertex -2.69785 0.722878 3.3
      vertex -2.64479 0.89778 2.4
      vertex -2.64479 0.89778 3.3
    endloop
  endfacet
  facet normal 0.956934 -0.290305 0
    outer loop
      vertex -2.64479 0.89778 2.4
      vertex -2.69785 0.722878 3.3
      vertex -2.69785 0.722878 2.4
    endloop
  endfacet
  facet normal 0.935885 -0.352304 0
    outer loop
      vertex -2.64479 0.89778 3.3
      vertex -2.5804 1.06883 2.4
      vertex -2.5804 1.06883 3.3
    endloop
  endfacet
  facet normal 0.935885 -0.352304 0
    outer loop
      vertex -2.5804 1.06883 2.4
      vertex -2.64479 0.89778 3.3
      vertex -2.64479 0.89778 2.4
    endloop
  endfacet
  facet normal 0.910845 -0.412749 0
    outer loop
      vertex -2.5804 1.06883 3.3
      vertex -2.52227 1.19711 2.4
      vertex -2.52227 1.19711 3.3
    endloop
  endfacet
  facet normal 0.910845 -0.412749 0
    outer loop
      vertex -2.52227 1.19711 2.4
      vertex -2.5804 1.06883 3.3
      vertex -2.5804 1.06883 2.4
    endloop
  endfacet
  facet normal -0.514395 -0.857553 0
    outer loop
      vertex -2.52227 1.19711 2.4
      vertex -2.05746 0.918298 3.3
      vertex -2.52227 1.19711 3.3
    endloop
  endfacet
  facet normal -0.514395 -0.857553 -0
    outer loop
      vertex -2.05746 0.918298 3.3
      vertex -2.52227 1.19711 2.4
      vertex -2.05746 0.918298 2.4
    endloop
  endfacet
  facet normal -0.164272 -0.986415 0
    outer loop
      vertex -2.05746 0.918298 2.4
      vertex -1.61656 0.844873 3.3
      vertex -2.05746 0.918298 3.3
    endloop
  endfacet
  facet normal -0.164272 -0.986415 -0
    outer loop
      vertex -1.61656 0.844873 3.3
      vertex -2.05746 0.918298 2.4
      vertex -1.61656 0.844873 2.4
    endloop
  endfacet
  facet normal 0.316185 -0.948698 0
    outer loop
      vertex -1.61656 0.844873 2.4
      vertex -1.17567 0.991814 3.3
      vertex -1.61656 0.844873 3.3
    endloop
  endfacet
  facet normal 0.316185 -0.948698 0
    outer loop
      vertex -1.17567 0.991814 3.3
      vertex -1.61656 0.844873 2.4
      vertex -1.17567 0.991814 2.4
    endloop
  endfacet
  facet normal -0.16439 -0.986395 0
    outer loop
      vertex -1.17567 0.991814 2.4
      vertex -0.293973 0.844873 3.3
      vertex -1.17567 0.991814 3.3
    endloop
  endfacet
  facet normal -0.16439 -0.986395 -0
    outer loop
      vertex -0.293973 0.844873 3.3
      vertex -1.17567 0.991814 2.4
      vertex -0.293973 0.844873 2.4
    endloop
  endfacet
  facet normal 0.447103 -0.894483 0
    outer loop
      vertex -0.293973 0.844873 2.4
      vertex 0 0.991814 3.3
      vertex -0.293973 0.844873 3.3
    endloop
  endfacet
  facet normal 0.447103 -0.894483 0
    outer loop
      vertex 0 0.991814 3.3
      vertex -0.293973 0.844873 2.4
      vertex 0 0.991814 2.4
    endloop
  endfacet
  facet normal 0 -1 0
    outer loop
      vertex 0 0.991814 2.4
      vertex 1.39611 0.991814 3.3
      vertex 0 0.991814 3.3
    endloop
  endfacet
  facet normal 0 -1 -0
    outer loop
      vertex 1.39611 0.991814 3.3
      vertex 0 0.991814 2.4
      vertex 1.39611 0.991814 2.4
    endloop
  endfacet
  facet normal -0.496035 -0.868302 0
    outer loop
      vertex 1.39611 0.991814 2.4
      vertex 1.91052 0.697947 3.3
      vertex 1.39611 0.991814 3.3
    endloop
  endfacet
  facet normal -0.496035 -0.868302 -0
    outer loop
      vertex 1.91052 0.697947 3.3
      vertex 1.39611 0.991814 2.4
      vertex 1.91052 0.697947 2.4
    endloop
  endfacet
  facet normal -1 0 0
    outer loop
      vertex 1.91052 0.330564 2.4
      vertex 1.91052 0.697947 3.3
      vertex 1.91052 0.697947 2.4
    endloop
  endfacet
  facet normal -1 -0 0
    outer loop
      vertex 1.91052 0.697947 3.3
      vertex 1.91052 0.330564 2.4
      vertex 1.91052 0.330564 3.3
    endloop
  endfacet
  facet normal -0.957807 0.287411 0
    outer loop
      vertex 1.46962 -1.13875 2.4
      vertex 1.91052 0.330564 3.3
      vertex 1.91052 0.330564 2.4
    endloop
  endfacet
  facet normal -0.957807 0.287411 0
    outer loop
      vertex 1.91052 0.330564 3.3
      vertex 1.46962 -1.13875 2.4
      vertex 1.46962 -1.13875 3.3
    endloop
  endfacet
  facet normal -0.707004 0.70721 0
    outer loop
      vertex 1.46962 -1.13875 2.4
      vertex 0.808267 -1.79991 3.3
      vertex 1.46962 -1.13875 3.3
    endloop
  endfacet
  facet normal -0.707004 0.70721 0
    outer loop
      vertex 0.808267 -1.79991 3.3
      vertex 1.46962 -1.13875 2.4
      vertex 0.808267 -1.79991 2.4
    endloop
  endfacet
  facet normal -0.40607 0.913842 0
    outer loop
      vertex 0.808267 -1.79991 2.4
      vertex 0.146926 -2.09378 3.3
      vertex 0.808267 -1.79991 3.3
    endloop
  endfacet
  facet normal -0.40607 0.913842 0
    outer loop
      vertex 0.146926 -2.09378 3.3
      vertex 0.808267 -1.79991 2.4
      vertex 0.146926 -2.09378 2.4
    endloop
  endfacet
  facet normal -0.0244008 0.999702 0
    outer loop
      vertex 0.146926 -2.09378 2.4
      vertex -1.79137 -2.14109 3.3
      vertex 0.146926 -2.09378 3.3
    endloop
  endfacet
  facet normal -0.0244008 0.999702 0
    outer loop
      vertex -1.79137 -2.14109 3.3
      vertex 0.146926 -2.09378 2.4
      vertex -1.79137 -2.14109 2.4
    endloop
  endfacet
  facet normal 0.634394 0.773009 -0
    outer loop
      vertex -1.79137 -2.14109 2.4
      vertex -1.84156 -2.0999 3.3
      vertex -1.79137 -2.14109 3.3
    endloop
  endfacet
  facet normal 0.634394 0.773009 0
    outer loop
      vertex -1.84156 -2.0999 3.3
      vertex -1.79137 -2.14109 2.4
      vertex -1.84156 -2.0999 2.4
    endloop
  endfacet
  facet normal -0.06654 -0.997784 0
    outer loop
      vertex 9.9934 -4.29776 2.4
      vertex 11.0957 -4.37127 3.3
      vertex 9.9934 -4.29776 3.3
    endloop
  endfacet
  facet normal -0.06654 -0.997784 -0
    outer loop
      vertex 11.0957 -4.37127 3.3
      vertex 9.9934 -4.29776 2.4
      vertex 11.0957 -4.37127 2.4
    endloop
  endfacet
  facet normal 0.759204 -0.650852 0
    outer loop
      vertex 11.0957 -4.37127 3.3
      vertex 11.5366 -3.85697 2.4
      vertex 11.5366 -3.85697 3.3
    endloop
  endfacet
  facet normal 0.759204 -0.650852 0
    outer loop
      vertex 11.5366 -3.85697 2.4
      vertex 11.0957 -4.37127 3.3
      vertex 11.0957 -4.37127 2.4
    endloop
  endfacet
  facet normal 0.977174 -0.21244 0
    outer loop
      vertex 11.5366 -3.85697 3.3
      vertex 12.2713 -0.47752 2.4
      vertex 12.2713 -0.47752 3.3
    endloop
  endfacet
  facet normal 0.977174 -0.21244 0
    outer loop
      vertex 12.2713 -0.47752 2.4
      vertex 11.5366 -3.85697 3.3
      vertex 11.5366 -3.85697 2.4
    endloop
  endfacet
  facet normal 0.868126 -0.496345 0
    outer loop
      vertex 12.2713 -0.47752 3.3
      vertex 12.5653 0.0366972 2.4
      vertex 12.5653 0.0366972 3.3
    endloop
  endfacet
  facet normal 0.868126 -0.496345 0
    outer loop
      vertex 12.5653 0.0366972 2.4
      vertex 12.2713 -0.47752 3.3
      vertex 12.2713 -0.47752 2.4
    endloop
  endfacet
  facet normal 0.0192364 -0.999815 0
    outer loop
      vertex 12.5653 0.0366972 2.4
      vertex 16.3863 0.110213 3.3
      vertex 12.5653 0.0366972 3.3
    endloop
  endfacet
  facet normal 0.0192364 -0.999815 0
    outer loop
      vertex 16.3863 0.110213 3.3
      vertex 12.5653 0.0366972 2.4
      vertex 16.3863 0.110213 2.4
    endloop
  endfacet
  facet normal 0.463914 -0.88588 0
    outer loop
      vertex 16.3863 0.110213 2.4
      vertex 17.9294 0.918298 3.3
      vertex 16.3863 0.110213 3.3
    endloop
  endfacet
  facet normal 0.463914 -0.88588 0
    outer loop
      vertex 17.9294 0.918298 3.3
      vertex 16.3863 0.110213 2.4
      vertex 17.9294 0.918298 2.4
    endloop
  endfacet
  facet normal 0.613916 -0.789371 0
    outer loop
      vertex 17.9294 0.918298 2.4
      vertex 18.5907 1.43261 3.3
      vertex 17.9294 0.918298 3.3
    endloop
  endfacet
  facet normal 0.613916 -0.789371 0
    outer loop
      vertex 18.5907 1.43261 3.3
      vertex 17.9294 0.918298 2.4
      vertex 18.5907 1.43261 2.4
    endloop
  endfacet
  facet normal 0.885785 -0.464096 0
    outer loop
      vertex 18.5907 1.43261 3.3
      vertex 19.399 2.97535 2.4
      vertex 19.399 2.97535 3.3
    endloop
  endfacet
  facet normal 0.885785 -0.464096 0
    outer loop
      vertex 19.399 2.97535 2.4
      vertex 18.5907 1.43261 3.3
      vertex 18.5907 1.43261 2.4
    endloop
  endfacet
  facet normal 0.970124 -0.242609 0
    outer loop
      vertex 19.399 2.97535 3.3
      vertex 20.1339 5.914 2.4
      vertex 20.1339 5.914 3.3
    endloop
  endfacet
  facet normal 0.970124 -0.242609 0
    outer loop
      vertex 20.1339 5.914 2.4
      vertex 19.399 2.97535 3.3
      vertex 19.399 2.97535 2.4
    endloop
  endfacet
  facet normal 1 -0 0
    outer loop
      vertex 20.1339 5.914 3.3
      vertex 20.1339 7.23639 2.4
      vertex 20.1339 7.23639 3.3
    endloop
  endfacet
  facet normal 1 0 0
    outer loop
      vertex 20.1339 7.23639 2.4
      vertex 20.1339 5.914 3.3
      vertex 20.1339 5.914 2.4
    endloop
  endfacet
  facet normal 0.939738 0.341896 0
    outer loop
      vertex 20.1339 7.23639 3.3
      vertex 19.8399 8.04448 2.4
      vertex 19.8399 8.04448 3.3
    endloop
  endfacet
  facet normal 0.939738 0.341896 0
    outer loop
      vertex 19.8399 8.04448 2.4
      vertex 20.1339 7.23639 3.3
      vertex 20.1339 7.23639 2.4
    endloop
  endfacet
  facet normal 0.630538 0.776158 -0
    outer loop
      vertex 19.8399 8.04448 2.4
      vertex 18.6642 8.9996 3.3
      vertex 19.8399 8.04448 3.3
    endloop
  endfacet
  facet normal 0.630538 0.776158 0
    outer loop
      vertex 18.6642 8.9996 3.3
      vertex 19.8399 8.04448 2.4
      vertex 18.6642 8.9996 2.4
    endloop
  endfacet
  facet normal 0.229005 0.973425 -0
    outer loop
      vertex 18.6642 8.9996 2.4
      vertex 17.4151 9.29346 3.3
      vertex 18.6642 8.9996 3.3
    endloop
  endfacet
  facet normal 0.229005 0.973425 0
    outer loop
      vertex 17.4151 9.29346 3.3
      vertex 18.6642 8.9996 2.4
      vertex 17.4151 9.29346 2.4
    endloop
  endfacet
  facet normal 0.0166481 0.999861 -0
    outer loop
      vertex 17.4151 9.29346 2.4
      vertex 13.0062 9.36687 3.3
      vertex 17.4151 9.29346 3.3
    endloop
  endfacet
  facet normal 0.0166481 0.999861 0
    outer loop
      vertex 13.0062 9.36687 3.3
      vertex 17.4151 9.29346 2.4
      vertex 13.0062 9.36687 2.4
    endloop
  endfacet
  facet normal -0.132117 0.991234 0
    outer loop
      vertex 13.0062 9.36687 2.4
      vertex 11.9039 9.21995 3.3
      vertex 13.0062 9.36687 3.3
    endloop
  endfacet
  facet normal -0.132117 0.991234 0
    outer loop
      vertex 11.9039 9.21995 3.3
      vertex 13.0062 9.36687 2.4
      vertex 11.9039 9.21995 2.4
    endloop
  endfacet
  facet normal 0.132128 0.991233 -0
    outer loop
      vertex 11.9039 9.21995 2.4
      vertex 10.8017 9.36687 3.3
      vertex 11.9039 9.21995 3.3
    endloop
  endfacet
  facet normal 0.132128 0.991233 0
    outer loop
      vertex 10.8017 9.36687 3.3
      vertex 11.9039 9.21995 2.4
      vertex 10.8017 9.36687 2.4
    endloop
  endfacet
  facet normal -0.447051 0.894508 0
    outer loop
      vertex 10.8017 9.36687 2.4
      vertex 10.3608 9.14652 3.3
      vertex 10.8017 9.36687 3.3
    endloop
  endfacet
  facet normal -0.447051 0.894508 0
    outer loop
      vertex 10.3608 9.14652 3.3
      vertex 10.8017 9.36687 2.4
      vertex 10.3608 9.14652 2.4
    endloop
  endfacet
  facet normal -0.986391 0.164419 0
    outer loop
      vertex 10.0669 7.38334 2.4
      vertex 10.3608 9.14652 3.3
      vertex 10.3608 9.14652 2.4
    endloop
  endfacet
  facet normal -0.986391 0.164419 0
    outer loop
      vertex 10.3608 9.14652 3.3
      vertex 10.0669 7.38334 2.4
      vertex 10.0669 7.38334 3.3
    endloop
  endfacet
  facet normal -0.948671 0.316265 0
    outer loop
      vertex 9.47909 5.62014 2.4
      vertex 10.0669 7.38334 3.3
      vertex 10.0669 7.38334 2.4
    endloop
  endfacet
  facet normal -0.948671 0.316265 0
    outer loop
      vertex 10.0669 7.38334 3.3
      vertex 9.47909 5.62014 2.4
      vertex 9.47909 5.62014 3.3
    endloop
  endfacet
  facet normal -0.979121 0.203277 0
    outer loop
      vertex 8.67072 1.72647 2.4
      vertex 9.47909 5.62014 3.3
      vertex 9.47909 5.62014 2.4
    endloop
  endfacet
  facet normal -0.979121 0.203277 0
    outer loop
      vertex 9.47909 5.62014 3.3
      vertex 8.67072 1.72647 2.4
      vertex 8.67072 1.72647 3.3
    endloop
  endfacet
  facet normal -0.942991 0.332819 0
    outer loop
      vertex 8.22991 0.477505 2.4
      vertex 8.67072 1.72647 3.3
      vertex 8.67072 1.72647 2.4
    endloop
  endfacet
  facet normal -0.942991 0.332819 0
    outer loop
      vertex 8.67072 1.72647 3.3
      vertex 8.22991 0.477505 2.4
      vertex 8.22991 0.477505 3.3
    endloop
  endfacet
  facet normal -1 0 0
    outer loop
      vertex 8.22991 0.0366972 2.4
      vertex 8.22991 0.477505 3.3
      vertex 8.22991 0.477505 2.4
    endloop
  endfacet
  facet normal -1 -0 0
    outer loop
      vertex 8.22991 0.477505 3.3
      vertex 8.22991 0.0366972 2.4
      vertex 8.22991 0.0366972 3.3
    endloop
  endfacet
  facet normal -0.964749 0.263171 0
    outer loop
      vertex 7.34812 -3.19582 2.4
      vertex 8.22991 0.0366972 3.3
      vertex 8.22991 0.0366972 2.4
    endloop
  endfacet
  facet normal -0.964749 0.263171 0
    outer loop
      vertex 8.22991 0.0366972 3.3
      vertex 7.34812 -3.19582 2.4
      vertex 7.34812 -3.19582 3.3
    endloop
  endfacet
  facet normal -0.995887 0.090608 0
    outer loop
      vertex 7.2746 -4.00389 2.4
      vertex 7.34812 -3.19582 3.3
      vertex 7.34812 -3.19582 2.4
    endloop
  endfacet
  facet normal -0.995887 0.090608 0
    outer loop
      vertex 7.34812 -3.19582 3.3
      vertex 7.2746 -4.00389 2.4
      vertex 7.2746 -4.00389 3.3
    endloop
  endfacet
  facet normal -0.831966 -0.554826 0
    outer loop
      vertex 7.56857 -4.4447 2.4
      vertex 7.2746 -4.00389 3.3
      vertex 7.2746 -4.00389 2.4
    endloop
  endfacet
  facet normal -0.831966 -0.554826 0
    outer loop
      vertex 7.2746 -4.00389 3.3
      vertex 7.56857 -4.4447 2.4
      vertex 7.56857 -4.4447 3.3
    endloop
  endfacet
  facet normal 0.0604871 -0.998169 0
    outer loop
      vertex 7.56857 -4.4447 2.4
      vertex 9.9934 -4.29776 3.3
      vertex 7.56857 -4.4447 3.3
    endloop
  endfacet
  facet normal 0.0604871 -0.998169 0
    outer loop
      vertex 9.9934 -4.29776 3.3
      vertex 7.56857 -4.4447 2.4
      vertex 9.9934 -4.29776 2.4
    endloop
  endfacet
  facet normal 0.94864 0.316357 0
    outer loop
      vertex 13.2266 2.60807 3.3
      vertex 13.0796 3.04887 2.4
      vertex 13.0796 3.04887 3.3
    endloop
  endfacet
  facet normal 0.94864 0.316357 0
    outer loop
      vertex 13.0796 3.04887 2.4
      vertex 13.2266 2.60807 3.3
      vertex 13.2266 2.60807 2.4
    endloop
  endfacet
  facet normal 0.955049 -0.296448 0
    outer loop
      vertex 13.0796 3.04887 3.3
      vertex 13.7409 5.17934 2.4
      vertex 13.7409 5.17934 3.3
    endloop
  endfacet
  facet normal 0.955049 -0.296448 0
    outer loop
      vertex 13.7409 5.17934 2.4
      vertex 13.0796 3.04887 3.3
      vertex 13.0796 3.04887 2.4
    endloop
  endfacet
  facet normal 0.989941 -0.14148 0
    outer loop
      vertex 13.7409 5.17934 3.3
      vertex 13.9614 6.72219 2.4
      vertex 13.9614 6.72219 3.3
    endloop
  endfacet
  facet normal 0.989941 -0.14148 0
    outer loop
      vertex 13.9614 6.72219 2.4
      vertex 13.7409 5.17934 3.3
      vertex 13.7409 5.17934 2.4
    endloop
  endfacet
  facet normal 0.599869 -0.800098 0
    outer loop
      vertex 13.9614 6.72219 2.4
      vertex 14.2553 6.94254 3.3
      vertex 13.9614 6.72219 3.3
    endloop
  endfacet
  facet normal 0.599869 -0.800098 0
    outer loop
      vertex 14.2553 6.94254 3.3
      vertex 13.9614 6.72219 2.4
      vertex 14.2553 6.94254 2.4
    endloop
  endfacet
  facet normal -0.148271 -0.988947 0
    outer loop
      vertex 14.2553 6.94254 2.4
      vertex 15.725 6.72219 3.3
      vertex 14.2553 6.94254 3.3
    endloop
  endfacet
  facet normal -0.148271 -0.988947 -0
    outer loop
      vertex 15.725 6.72219 3.3
      vertex 14.2553 6.94254 2.4
      vertex 15.725 6.72219 2.4
    endloop
  endfacet
  facet normal -0.707187 -0.707027 0
    outer loop
      vertex 15.9454 6.50174 2.4
      vertex 15.725 6.72219 3.3
      vertex 15.725 6.72219 2.4
    endloop
  endfacet
  facet normal -0.707187 -0.707027 0
    outer loop
      vertex 15.725 6.72219 3.3
      vertex 15.9454 6.50174 2.4
      vertex 15.9454 6.50174 3.3
    endloop
  endfacet
  facet normal -0.989939 -0.141497 0
    outer loop
      vertex 16.0189 5.98752 2.4
      vertex 15.9454 6.50174 3.3
      vertex 15.9454 6.50174 2.4
    endloop
  endfacet
  facet normal -0.989939 -0.141497 0
    outer loop
      vertex 15.9454 6.50174 3.3
      vertex 16.0189 5.98752 2.4
      vertex 16.0189 5.98752 3.3
    endloop
  endfacet
  facet normal -0.948656 0.31631 0
    outer loop
      vertex 15.431 4.22433 2.4
      vertex 16.0189 5.98752 3.3
      vertex 16.0189 5.98752 2.4
    endloop
  endfacet
  facet normal -0.948656 0.31631 0
    outer loop
      vertex 16.0189 5.98752 3.3
      vertex 15.431 4.22433 2.4
      vertex 15.431 4.22433 3.3
    endloop
  endfacet
  facet normal -0.988378 0.152017 0
    outer loop
      vertex 15.2841 3.26922 2.4
      vertex 15.431 4.22433 3.3
      vertex 15.431 4.22433 2.4
    endloop
  endfacet
  facet normal -0.988378 0.152017 0
    outer loop
      vertex 15.431 4.22433 3.3
      vertex 15.2841 3.26922 2.4
      vertex 15.2841 3.26922 3.3
    endloop
  endfacet
  facet normal -0.707011 0.707203 0
    outer loop
      vertex 15.2841 3.26922 2.4
      vertex 14.6962 2.68148 3.3
      vertex 15.2841 3.26922 3.3
    endloop
  endfacet
  facet normal -0.707011 0.707203 0
    outer loop
      vertex 14.6962 2.68148 3.3
      vertex 15.2841 3.26922 2.4
      vertex 14.6962 2.68148 2.4
    endloop
  endfacet
  facet normal -0.371304 0.928512 0
    outer loop
      vertex 14.6962 2.68148 2.4
      vertex 14.3288 2.53456 3.3
      vertex 14.6962 2.68148 3.3
    endloop
  endfacet
  facet normal -0.371304 0.928512 0
    outer loop
      vertex 14.3288 2.53456 3.3
      vertex 14.6962 2.68148 2.4
      vertex 14.3288 2.53456 2.4
    endloop
  endfacet
  facet normal 0.066546 0.997783 -0
    outer loop
      vertex 14.3288 2.53456 2.4
      vertex 13.2266 2.60807 3.3
      vertex 14.3288 2.53456 3.3
    endloop
  endfacet
  facet normal 0.066546 0.997783 0
    outer loop
      vertex 13.2266 2.60807 3.3
      vertex 14.3288 2.53456 2.4
      vertex 13.2266 2.60807 2.4
    endloop
  endfacet
  facet normal 0.961515 -0.274751 0
    outer loop
      vertex 23.8079 -4.00389 3.3
      vertex 24.1018 -2.97536 2.4
      vertex 24.1018 -2.97536 3.3
    endloop
  endfacet
  facet normal 0.961515 -0.274751 0
    outer loop
      vertex 24.1018 -2.97536 2.4
      vertex 23.8079 -4.00389 3.3
      vertex 23.8079 -4.00389 2.4
    endloop
  endfacet
  facet normal 0.996237 -0.0866724 0
    outer loop
      vertex 24.1018 -2.97536 3.3
      vertex 24.2488 -1.2857 2.4
      vertex 24.2488 -1.2857 3.3
    endloop
  endfacet
  facet normal 0.996237 -0.0866724 0
    outer loop
      vertex 24.2488 -1.2857 2.4
      vertex 24.1018 -2.97536 3.3
      vertex 24.1018 -2.97536 2.4
    endloop
  endfacet
  facet normal 0.624735 -0.780837 0
    outer loop
      vertex 24.2488 -1.2857 2.4
      vertex 24.6161 -0.991829 3.3
      vertex 24.2488 -1.2857 3.3
    endloop
  endfacet
  facet normal 0.624735 -0.780837 0
    outer loop
      vertex 24.6161 -0.991829 3.3
      vertex 24.2488 -1.2857 2.4
      vertex 24.6161 -0.991829 2.4
    endloop
  endfacet
  facet normal -0.19604 -0.980596 0
    outer loop
      vertex 24.6161 -0.991829 2.4
      vertex 25.351 -1.13875 3.3
      vertex 24.6161 -0.991829 3.3
    endloop
  endfacet
  facet normal -0.19604 -0.980596 -0
    outer loop
      vertex 25.351 -1.13875 3.3
      vertex 24.6161 -0.991829 2.4
      vertex 25.351 -1.13875 2.4
    endloop
  endfacet
  facet normal 0.178835 -0.983879 0
    outer loop
      vertex 25.351 -1.13875 2.4
      vertex 26.1593 -0.991829 3.3
      vertex 25.351 -1.13875 3.3
    endloop
  endfacet
  facet normal 0.178835 -0.983879 0
    outer loop
      vertex 26.1593 -0.991829 3.3
      vertex 25.351 -1.13875 2.4
      vertex 26.1593 -0.991829 2.4
    endloop
  endfacet
  facet normal -0.624632 -0.78092 0
    outer loop
      vertex 26.1593 -0.991829 2.4
      vertex 26.5267 -1.2857 3.3
      vertex 26.1593 -0.991829 3.3
    endloop
  endfacet
  facet normal -0.624632 -0.78092 -0
    outer loop
      vertex 26.5267 -1.2857 3.3
      vertex 26.1593 -0.991829 2.4
      vertex 26.5267 -1.2857 2.4
    endloop
  endfacet
  facet normal -1 0 0
    outer loop
      vertex 26.5267 -3.71004 2.4
      vertex 26.5267 -1.2857 3.3
      vertex 26.5267 -1.2857 2.4
    endloop
  endfacet
  facet normal -1 -0 0
    outer loop
      vertex 26.5267 -1.2857 3.3
      vertex 26.5267 -3.71004 2.4
      vertex 26.5267 -3.71004 3.3
    endloop
  endfacet
  facet normal -0.928519 -0.371286 0
    outer loop
      vertex 26.6736 -4.07741 2.4
      vertex 26.5267 -3.71004 3.3
      vertex 26.5267 -3.71004 2.4
    endloop
  endfacet
  facet normal -0.928519 -0.371286 0
    outer loop
      vertex 26.5267 -3.71004 3.3
      vertex 26.6736 -4.07741 2.4
      vertex 26.6736 -4.07741 3.3
    endloop
  endfacet
  facet normal -0.0434298 -0.999056 0
    outer loop
      vertex 26.6736 -4.07741 2.4
      vertex 30.0538 -4.22435 3.3
      vertex 26.6736 -4.07741 3.3
    endloop
  endfacet
  facet normal -0.0434298 -0.999056 -0
    outer loop
      vertex 30.0538 -4.22435 3.3
      vertex 26.6736 -4.07741 2.4
      vertex 30.0538 -4.22435 2.4
    endloop
  endfacet
  facet normal 0.393924 -0.919143 0
    outer loop
      vertex 30.0538 -4.22435 2.4
      vertex 30.5682 -4.00389 3.3
      vertex 30.0538 -4.22435 3.3
    endloop
  endfacet
  facet normal 0.393924 -0.919143 0
    outer loop
      vertex 30.5682 -4.00389 3.3
      vertex 30.0538 -4.22435 2.4
      vertex 30.5682 -4.00389 2.4
    endloop
  endfacet
  facet normal 0.997331 0.0730103 0
    outer loop
      vertex 30.5682 -4.00389 3.3
      vertex 30.3477 -0.991829 2.4
      vertex 30.3477 -0.991829 3.3
    endloop
  endfacet
  facet normal 0.997331 0.0730103 0
    outer loop
      vertex 30.3477 -0.991829 2.4
      vertex 30.5682 -4.00389 3.3
      vertex 30.5682 -4.00389 2.4
    endloop
  endfacet
  facet normal 0.999513 -0.0312066 0
    outer loop
      vertex 30.3477 -0.991829 3.3
      vertex 30.4211 1.35909 2.4
      vertex 30.4211 1.35909 3.3
    endloop
  endfacet
  facet normal 0.999513 -0.0312066 0
    outer loop
      vertex 30.4211 1.35909 2.4
      vertex 30.3477 -0.991829 3.3
      vertex 30.3477 -0.991829 2.4
    endloop
  endfacet
  facet normal 0.987909 -0.155035 0
    outer loop
      vertex 30.4211 1.35909 3.3
      vertex 31.0091 5.10593 2.4
      vertex 31.0091 5.10593 3.3
    endloop
  endfacet
  facet normal 0.987909 -0.155035 0
    outer loop
      vertex 31.0091 5.10593 2.4
      vertex 30.4211 1.35909 3.3
      vertex 30.4211 1.35909 2.4
    endloop
  endfacet
  facet normal 0.959004 -0.283392 0
    outer loop
      vertex 31.0091 5.10593 3.3
      vertex 31.9643 8.33835 2.4
      vertex 31.9643 8.33835 3.3
    endloop
  endfacet
  facet normal 0.959004 -0.283392 0
    outer loop
      vertex 31.9643 8.33835 2.4
      vertex 31.0091 5.10593 3.3
      vertex 31.0091 5.10593 2.4
    endloop
  endfacet
  facet normal 1 -0 0
    outer loop
      vertex 31.9643 8.33835 3.3
      vertex 31.9643 8.85265 2.4
      vertex 31.9643 8.85265 3.3
    endloop
  endfacet
  facet normal 1 0 0
    outer loop
      vertex 31.9643 8.85265 2.4
      vertex 31.9643 8.33835 3.3
      vertex 31.9643 8.33835 2.4
    endloop
  endfacet
  facet normal 0.832062 0.554683 0
    outer loop
      vertex 31.9643 8.85265 3.3
      vertex 31.8174 9.07301 2.4
      vertex 31.8174 9.07301 3.3
    endloop
  endfacet
  facet normal 0.832062 0.554683 0
    outer loop
      vertex 31.8174 9.07301 2.4
      vertex 31.9643 8.85265 3.3
      vertex 31.9643 8.85265 2.4
    endloop
  endfacet
  facet normal 0.05546 0.998461 -0
    outer loop
      vertex 31.8174 9.07301 2.4
      vertex 29.172 9.21995 3.3
      vertex 31.8174 9.07301 3.3
    endloop
  endfacet
  facet normal 0.05546 0.998461 0
    outer loop
      vertex 29.172 9.21995 3.3
      vertex 31.8174 9.07301 2.4
      vertex 29.172 9.21995 2.4
    endloop
  endfacet
  facet normal -0.0192139 0.999815 0
    outer loop
      vertex 29.172 9.21995 2.4
      vertex 25.351 9.14652 3.3
      vertex 29.172 9.21995 3.3
    endloop
  endfacet
  facet normal -0.0192139 0.999815 0
    outer loop
      vertex 25.351 9.14652 3.3
      vertex 29.172 9.21995 2.4
      vertex 25.351 9.14652 2.4
    endloop
  endfacet
  facet normal -0.294023 0.955798 0
    outer loop
      vertex 25.351 9.14652 2.4
      vertex 24.3957 8.85265 3.3
      vertex 25.351 9.14652 3.3
    endloop
  endfacet
  facet normal -0.294023 0.955798 0
    outer loop
      vertex 24.3957 8.85265 3.3
      vertex 25.351 9.14652 2.4
      vertex 24.3957 8.85265 2.4
    endloop
  endfacet
  facet normal -0.675658 0.737215 0
    outer loop
      vertex 24.3957 8.85265 2.4
      vertex 23.5139 8.04448 3.3
      vertex 24.3957 8.85265 3.3
    endloop
  endfacet
  facet normal -0.675658 0.737215 0
    outer loop
      vertex 23.5139 8.04448 3.3
      vertex 24.3957 8.85265 2.4
      vertex 23.5139 8.04448 2.4
    endloop
  endfacet
  facet normal -0.916133 0.400874 0
    outer loop
      vertex 21.9709 4.5182 2.4
      vertex 23.5139 8.04448 3.3
      vertex 23.5139 8.04448 2.4
    endloop
  endfacet
  facet normal -0.916133 0.400874 0
    outer loop
      vertex 23.5139 8.04448 3.3
      vertex 21.9709 4.5182 2.4
      vertex 21.9709 4.5182 3.3
    endloop
  endfacet
  facet normal -0.946752 0.321965 0
    outer loop
      vertex 20.7217 0.844873 2.4
      vertex 21.9709 4.5182 3.3
      vertex 21.9709 4.5182 2.4
    endloop
  endfacet
  facet normal -0.946752 0.321965 0
    outer loop
      vertex 21.9709 4.5182 3.3
      vertex 20.7217 0.844873 2.4
      vertex 20.7217 0.844873 3.3
    endloop
  endfacet
  facet normal -0.975831 0.218528 0
    outer loop
      vertex 19.6194 -4.07741 2.4
      vertex 20.7217 0.844873 3.3
      vertex 20.7217 0.844873 2.4
    endloop
  endfacet
  facet normal -0.975831 0.218528 0
    outer loop
      vertex 20.7217 0.844873 3.3
      vertex 19.6194 -4.07741 2.4
      vertex 19.6194 -4.07741 3.3
    endloop
  endfacet
  facet normal -0.780695 -0.624913 0
    outer loop
      vertex 19.9134 -4.4447 2.4
      vertex 19.6194 -4.07741 3.3
      vertex 19.6194 -4.07741 2.4
    endloop
  endfacet
  facet normal -0.780695 -0.624913 0
    outer loop
      vertex 19.6194 -4.07741 3.3
      vertex 19.9134 -4.4447 2.4
      vertex 19.9134 -4.4447 3.3
    endloop
  endfacet
  facet normal 0 -1 0
    outer loop
      vertex 19.9134 -4.4447 2.4
      vertex 22.9996 -4.4447 3.3
      vertex 19.9134 -4.4447 3.3
    endloop
  endfacet
  facet normal 0 -1 -0
    outer loop
      vertex 22.9996 -4.4447 3.3
      vertex 19.9134 -4.4447 2.4
      vertex 22.9996 -4.4447 2.4
    endloop
  endfacet
  facet normal 0.478784 -0.877933 0
    outer loop
      vertex 22.9996 -4.4447 2.4
      vertex 23.8079 -4.00389 3.3
      vertex 22.9996 -4.4447 3.3
    endloop
  endfacet
  facet normal 0.478784 -0.877933 0
    outer loop
      vertex 23.8079 -4.00389 3.3
      vertex 22.9996 -4.4447 2.4
      vertex 23.8079 -4.00389 2.4
    endloop
  endfacet
  facet normal 0.970129 -0.242589 0
    outer loop
      vertex 24.7631 1.50603 3.3
      vertex 25.204 3.26922 2.4
      vertex 25.204 3.26922 3.3
    endloop
  endfacet
  facet normal 0.970129 -0.242589 0
    outer loop
      vertex 25.204 3.26922 2.4
      vertex 24.7631 1.50603 3.3
      vertex 24.7631 1.50603 2.4
    endloop
  endfacet
  facet normal 0.919121 -0.393975 0
    outer loop
      vertex 25.204 3.26922 3.3
      vertex 26.3062 5.84059 2.4
      vertex 26.3062 5.84059 3.3
    endloop
  endfacet
  facet normal 0.919121 -0.393975 0
    outer loop
      vertex 26.3062 5.84059 2.4
      vertex 25.204 3.26922 3.3
      vertex 25.204 3.26922 2.4
    endloop
  endfacet
  facet normal 0.737085 -0.6758 0
    outer loop
      vertex 26.3062 5.84059 3.3
      vertex 27.1145 6.72219 2.4
      vertex 27.1145 6.72219 3.3
    endloop
  endfacet
  facet normal 0.737085 -0.6758 0
    outer loop
      vertex 27.1145 6.72219 2.4
      vertex 26.3062 5.84059 3.3
      vertex 26.3062 5.84059 2.4
    endloop
  endfacet
  facet normal -0.780769 -0.624819 0
    outer loop
      vertex 27.4085 6.35481 2.4
      vertex 27.1145 6.72219 3.3
      vertex 27.1145 6.72219 2.4
    endloop
  endfacet
  facet normal -0.780769 -0.624819 0
    outer loop
      vertex 27.1145 6.72219 3.3
      vertex 27.4085 6.35481 2.4
      vertex 27.4085 6.35481 3.3
    endloop
  endfacet
  facet normal -0.948661 0.316294 0
    outer loop
      vertex 26.6002 3.93047 2.4
      vertex 27.4085 6.35481 3.3
      vertex 27.4085 6.35481 2.4
    endloop
  endfacet
  facet normal -0.948661 0.316294 0
    outer loop
      vertex 27.4085 6.35481 3.3
      vertex 26.6002 3.93047 2.4
      vertex 26.6002 3.93047 3.3
    endloop
  endfacet
  facet normal -0.998167 0.0605214 0
    outer loop
      vertex 26.4532 1.50603 2.4
      vertex 26.6002 3.93047 3.3
      vertex 26.6002 3.93047 2.4
    endloop
  endfacet
  facet normal -0.998167 0.0605214 0
    outer loop
      vertex 26.6002 3.93047 3.3
      vertex 26.4532 1.50603 2.4
      vertex 26.4532 1.50603 3.3
    endloop
  endfacet
  facet normal -0.62463 0.780921 0
    outer loop
      vertex 26.4532 1.50603 2.4
      vertex 26.0858 1.21216 3.3
      vertex 26.4532 1.50603 3.3
    endloop
  endfacet
  facet normal -0.62463 0.780921 0
    outer loop
      vertex 26.0858 1.21216 3.3
      vertex 26.4532 1.50603 2.4
      vertex 26.0858 1.21216 2.4
    endloop
  endfacet
  facet normal -0.0711837 0.997463 0
    outer loop
      vertex 26.0858 1.21216 2.4
      vertex 25.057 1.13874 3.3
      vertex 26.0858 1.21216 3.3
    endloop
  endfacet
  facet normal -0.0711837 0.997463 0
    outer loop
      vertex 25.057 1.13874 3.3
      vertex 26.0858 1.21216 2.4
      vertex 25.057 1.13874 2.4
    endloop
  endfacet
  facet normal 0.780798 0.624783 0
    outer loop
      vertex 25.057 1.13874 3.3
      vertex 24.7631 1.50603 2.4
      vertex 24.7631 1.50603 3.3
    endloop
  endfacet
  facet normal 0.780798 0.624783 0
    outer loop
      vertex 24.7631 1.50603 2.4
      vertex 25.057 1.13874 3.3
      vertex 25.057 1.13874 2.4
    endloop
  endfacet
  facet normal 0.529825 -0.848107 0
    outer loop
      vertex 40.635 -4.15083 2.4
      vertex 41.2229 -3.78356 3.3
      vertex 40.635 -4.15083 3.3
    endloop
  endfacet
  facet normal 0.529825 -0.848107 0
    outer loop
      vertex 41.2229 -3.78356 3.3
      vertex 40.635 -4.15083 2.4
      vertex 41.2229 -3.78356 2.4
    endloop
  endfacet
  facet normal 1 -0 0
    outer loop
      vertex 41.2229 -3.78356 3.3
      vertex 41.2229 -3.5631 2.4
      vertex 41.2229 -3.5631 3.3
    endloop
  endfacet
  facet normal 1 0 0
    outer loop
      vertex 41.2229 -3.5631 2.4
      vertex 41.2229 -3.78356 3.3
      vertex 41.2229 -3.78356 2.4
    endloop
  endfacet
  facet normal 0.729476 -0.684006 0
    outer loop
      vertex 41.2229 -3.5631 3.3
      vertex 42.3251 -2.38763 2.4
      vertex 42.3251 -2.38763 3.3
    endloop
  endfacet
  facet normal 0.729476 -0.684006 0
    outer loop
      vertex 42.3251 -2.38763 2.4
      vertex 41.2229 -3.5631 3.3
      vertex 41.2229 -3.5631 2.4
    endloop
  endfacet
  facet normal 0.976174 -0.21699 0
    outer loop
      vertex 42.3251 -2.38763 3.3
      vertex 42.913 0.257154 2.4
      vertex 42.913 0.257154 3.3
    endloop
  endfacet
  facet normal 0.976174 -0.21699 0
    outer loop
      vertex 42.913 0.257154 2.4
      vertex 42.3251 -2.38763 3.3
      vertex 42.3251 -2.38763 2.4
    endloop
  endfacet
  facet normal 0.997456 0.0712797 0
    outer loop
      vertex 42.913 0.257154 3.3
      vertex 42.8395 1.28568 2.4
      vertex 42.8395 1.28568 3.3
    endloop
  endfacet
  facet normal 0.997456 0.0712797 0
    outer loop
      vertex 42.8395 1.28568 2.4
      vertex 42.913 0.257154 3.3
      vertex 42.913 0.257154 2.4
    endloop
  endfacet
  facet normal 0.894345 0.447378 0
    outer loop
      vertex 42.8395 1.28568 3.3
      vertex 42.5455 1.87341 2.4
      vertex 42.5455 1.87341 3.3
    endloop
  endfacet
  facet normal 0.894345 0.447378 0
    outer loop
      vertex 42.5455 1.87341 2.4
      vertex 42.8395 1.28568 3.3
      vertex 42.8395 1.28568 2.4
    endloop
  endfacet
  facet normal 0.707027 0.707187 -0
    outer loop
      vertex 42.5455 1.87341 2.4
      vertex 42.1046 2.31421 3.3
      vertex 42.5455 1.87341 3.3
    endloop
  endfacet
  facet normal 0.707027 0.707187 0
    outer loop
      vertex 42.1046 2.31421 3.3
      vertex 42.5455 1.87341 2.4
      vertex 42.1046 2.31421 2.4
    endloop
  endfacet
  facet normal 0.371391 0.928477 -0
    outer loop
      vertex 42.1046 2.31421 2.4
      vertex 41.7373 2.46113 3.3
      vertex 42.1046 2.31421 3.3
    endloop
  endfacet
  facet normal 0.371391 0.928477 0
    outer loop
      vertex 41.7373 2.46113 3.3
      vertex 42.1046 2.31421 2.4
      vertex 41.7373 2.46113 2.4
    endloop
  endfacet
  facet normal 0.857363 0.514712 0
    outer loop
      vertex 41.7373 2.46113 3.3
      vertex 41.5168 2.82842 2.4
      vertex 41.5168 2.82842 3.3
    endloop
  endfacet
  facet normal 0.857363 0.514712 0
    outer loop
      vertex 41.5168 2.82842 2.4
      vertex 41.7373 2.46113 3.3
      vertex 41.7373 2.46113 2.4
    endloop
  endfacet
  facet normal 0.478776 -0.877937 0
    outer loop
      vertex 41.5168 2.82842 2.4
      vertex 42.3251 3.26922 3.3
      vertex 41.5168 2.82842 3.3
    endloop
  endfacet
  facet normal 0.478776 -0.877937 0
    outer loop
      vertex 42.3251 3.26922 3.3
      vertex 41.5168 2.82842 2.4
      vertex 42.3251 3.26922 2.4
    endloop
  endfacet
  facet normal 0.682247 -0.731121 0
    outer loop
      vertex 42.3251 3.26922 2.4
      vertex 43.4273 4.29774 3.3
      vertex 42.3251 3.26922 3.3
    endloop
  endfacet
  facet normal 0.682247 -0.731121 0
    outer loop
      vertex 43.4273 4.29774 3.3
      vertex 42.3251 3.26922 2.4
      vertex 43.4273 4.29774 2.4
    endloop
  endfacet
  facet normal 0.97438 -0.224908 0
    outer loop
      vertex 43.4273 4.29774 3.3
      vertex 43.8682 6.20787 2.4
      vertex 43.8682 6.20787 3.3
    endloop
  endfacet
  facet normal 0.97438 -0.224908 0
    outer loop
      vertex 43.8682 6.20787 2.4
      vertex 43.4273 4.29774 3.3
      vertex 43.4273 4.29774 2.4
    endloop
  endfacet
  facet normal 1 -0 0
    outer loop
      vertex 43.8682 6.20787 3.3
      vertex 43.8682 6.86912 2.4
      vertex 43.8682 6.86912 3.3
    endloop
  endfacet
  facet normal 1 0 0
    outer loop
      vertex 43.8682 6.86912 2.4
      vertex 43.8682 6.20787 3.3
      vertex 43.8682 6.20787 2.4
    endloop
  endfacet
  facet normal 0.957816 0.287383 0
    outer loop
      vertex 43.8682 6.86912 3.3
      vertex 43.6478 7.60369 2.4
      vertex 43.6478 7.60369 3.3
    endloop
  endfacet
  facet normal 0.957816 0.287383 0
    outer loop
      vertex 43.6478 7.60369 2.4
      vertex 43.8682 6.86912 3.3
      vertex 43.8682 6.86912 2.4
    endloop
  endfacet
  facet normal 0.789355 0.613936 0
    outer loop
      vertex 43.6478 7.60369 3.3
      vertex 43.1335 8.26494 2.4
      vertex 43.1335 8.26494 3.3
    endloop
  endfacet
  facet normal 0.789355 0.613936 0
    outer loop
      vertex 43.1335 8.26494 2.4
      vertex 43.6478 7.60369 3.3
      vertex 43.6478 7.60369 2.4
    endloop
  endfacet
  facet normal 0.613775 0.789481 -0
    outer loop
      vertex 43.1335 8.26494 2.4
      vertex 42.4721 8.77914 3.3
      vertex 43.1335 8.26494 3.3
    endloop
  endfacet
  facet normal 0.613775 0.789481 0
    outer loop
      vertex 42.4721 8.77914 3.3
      vertex 43.1335 8.26494 2.4
      vertex 42.4721 8.77914 2.4
    endloop
  endfacet
  facet normal 0.242546 0.97014 -0
    outer loop
      vertex 42.4721 8.77914 2.4
      vertex 41.5903 8.9996 3.3
      vertex 42.4721 8.77914 3.3
    endloop
  endfacet
  facet normal 0.242546 0.97014 0
    outer loop
      vertex 41.5903 8.9996 3.3
      vertex 42.4721 8.77914 2.4
      vertex 41.5903 8.9996 2.4
    endloop
  endfacet
  facet normal 0.015135 0.999885 -0
    outer loop
      vertex 41.5903 8.9996 2.4
      vertex 36.7405 9.07301 3.3
      vertex 41.5903 8.9996 3.3
    endloop
  endfacet
  facet normal 0.015135 0.999885 0
    outer loop
      vertex 36.7405 9.07301 3.3
      vertex 41.5903 8.9996 2.4
      vertex 36.7405 9.07301 2.4
    endloop
  endfacet
  facet normal -0.0604838 0.998169 0
    outer loop
      vertex 36.7405 9.07301 2.4
      vertex 34.3157 8.92608 3.3
      vertex 36.7405 9.07301 3.3
    endloop
  endfacet
  facet normal -0.0604838 0.998169 0
    outer loop
      vertex 34.3157 8.92608 3.3
      vertex 36.7405 9.07301 2.4
      vertex 34.3157 8.92608 2.4
    endloop
  endfacet
  facet normal -0.993144 0.116898 0
    outer loop
      vertex 34.1687 7.6772 2.4
      vertex 34.3157 8.92608 3.3
      vertex 34.3157 8.92608 2.4
    endloop
  endfacet
  facet normal -0.993144 0.116898 0
    outer loop
      vertex 34.3157 8.92608 3.3
      vertex 34.1687 7.6772 2.4
      vertex 34.1687 7.6772 3.3
    endloop
  endfacet
  facet normal -0.959995 0.280017 0
    outer loop
      vertex 33.6544 5.914 2.4
      vertex 34.1687 7.6772 3.3
      vertex 34.1687 7.6772 2.4
    endloop
  endfacet
  facet normal -0.959995 0.280017 0
    outer loop
      vertex 34.1687 7.6772 3.3
      vertex 33.6544 5.914 2.4
      vertex 33.6544 5.914 3.3
    endloop
  endfacet
  facet normal -0.980984 0.194088 0
    outer loop
      vertex 32.3317 -0.771372 2.4
      vertex 33.6544 5.914 3.3
      vertex 33.6544 5.914 2.4
    endloop
  endfacet
  facet normal -0.980984 0.194088 0
    outer loop
      vertex 33.6544 5.914 3.3
      vertex 32.3317 -0.771372 2.4
      vertex 32.3317 -0.771372 3.3
    endloop
  endfacet
  facet normal -0.919097 0.394031 0
    outer loop
      vertex 32.1112 -1.2857 2.4
      vertex 32.3317 -0.771372 3.3
      vertex 32.3317 -0.771372 2.4
    endloop
  endfacet
  facet normal -0.919097 0.394031 0
    outer loop
      vertex 32.3317 -0.771372 3.3
      vertex 32.1112 -1.2857 2.4
      vertex 32.1112 -1.2857 3.3
    endloop
  endfacet
  facet normal -1 0 0
    outer loop
      vertex 32.1112 -1.87343 2.4
      vertex 32.1112 -1.2857 3.3
      vertex 32.1112 -1.2857 2.4
    endloop
  endfacet
  facet normal -1 -0 0
    outer loop
      vertex 32.1112 -1.2857 3.3
      vertex 32.1112 -1.87343 2.4
      vertex 32.1112 -1.87343 3.3
    endloop
  endfacet
  facet normal -0.977792 0.209576 0
    outer loop
      vertex 31.6703 -3.93048 2.4
      vertex 32.1112 -1.87343 3.3
      vertex 32.1112 -1.87343 2.4
    endloop
  endfacet
  facet normal -0.977792 0.209576 0
    outer loop
      vertex 32.1112 -1.87343 3.3
      vertex 31.6703 -3.93048 2.4
      vertex 31.6703 -3.93048 3.3
    endloop
  endfacet
  facet normal -0.813584 -0.581448 0
    outer loop
      vertex 32.0378 -4.4447 2.4
      vertex 31.6703 -3.93048 3.3
      vertex 31.6703 -3.93048 2.4
    endloop
  endfacet
  facet normal -0.813584 -0.581448 0
    outer loop
      vertex 31.6703 -3.93048 3.3
      vertex 32.0378 -4.4447 2.4
      vertex 32.0378 -4.4447 3.3
    endloop
  endfacet
  facet normal -0.0204151 -0.999792 0
    outer loop
      vertex 32.0378 -4.4447 2.4
      vertex 35.6383 -4.51822 3.3
      vertex 32.0378 -4.4447 3.3
    endloop
  endfacet
  facet normal -0.0204151 -0.999792 -0
    outer loop
      vertex 35.6383 -4.51822 3.3
      vertex 32.0378 -4.4447 2.4
      vertex 35.6383 -4.51822 2.4
    endloop
  endfacet
  facet normal 0.447092 -0.894488 0
    outer loop
      vertex 35.6383 -4.51822 2.4
      vertex 35.9323 -4.37127 3.3
      vertex 35.6383 -4.51822 3.3
    endloop
  endfacet
  facet normal 0.447092 -0.894488 0
    outer loop
      vertex 35.9323 -4.37127 3.3
      vertex 35.6383 -4.51822 2.4
      vertex 35.9323 -4.37127 2.4
    endloop
  endfacet
  facet normal 0 -1 0
    outer loop
      vertex 35.9323 -4.37127 2.4
      vertex 37.5488 -4.37127 3.3
      vertex 35.9323 -4.37127 3.3
    endloop
  endfacet
  facet normal 0 -1 -0
    outer loop
      vertex 37.5488 -4.37127 3.3
      vertex 35.9323 -4.37127 2.4
      vertex 37.5488 -4.37127 2.4
    endloop
  endfacet
  facet normal -0.447092 -0.894488 0
    outer loop
      vertex 37.5488 -4.37127 2.4
      vertex 37.8428 -4.51822 3.3
      vertex 37.5488 -4.37127 3.3
    endloop
  endfacet
  facet normal -0.447092 -0.894488 -0
    outer loop
      vertex 37.8428 -4.51822 3.3
      vertex 37.5488 -4.37127 2.4
      vertex 37.8428 -4.51822 2.4
    endloop
  endfacet
  facet normal 0 -1 0
    outer loop
      vertex 37.8428 -4.51822 2.4
      vertex 39.3124 -4.51822 3.3
      vertex 37.8428 -4.51822 3.3
    endloop
  endfacet
  facet normal 0 -1 -0
    outer loop
      vertex 39.3124 -4.51822 3.3
      vertex 37.8428 -4.51822 2.4
      vertex 39.3124 -4.51822 2.4
    endloop
  endfacet
  facet normal 0.267645 -0.963518 0
    outer loop
      vertex 39.3124 -4.51822 2.4
      vertex 40.635 -4.15083 3.3
      vertex 39.3124 -4.51822 3.3
    endloop
  endfacet
  facet normal 0.267645 -0.963518 0
    outer loop
      vertex 40.635 -4.15083 3.3
      vertex 39.3124 -4.51822 2.4
      vertex 40.635 -4.15083 2.4
    endloop
  endfacet
  facet normal 0.600044 0.799967 -0
    outer loop
      vertex 37.7693 4.00388 2.4
      vertex 37.4754 4.22433 3.3
      vertex 37.7693 4.00388 3.3
    endloop
  endfacet
  facet normal 0.600044 0.799967 0
    outer loop
      vertex 37.4754 4.22433 3.3
      vertex 37.7693 4.00388 2.4
      vertex 37.4754 4.22433 2.4
    endloop
  endfacet
  facet normal 0.984422 -0.175823 0
    outer loop
      vertex 37.4754 4.22433 3.3
      vertex 37.8428 6.28138 2.4
      vertex 37.8428 6.28138 3.3
    endloop
  endfacet
  facet normal 0.984422 -0.175823 0
    outer loop
      vertex 37.8428 6.28138 2.4
      vertex 37.4754 4.22433 3.3
      vertex 37.4754 4.22433 2.4
    endloop
  endfacet
  facet normal 0.707035 -0.707179 0
    outer loop
      vertex 37.8428 6.28138 2.4
      vertex 38.2837 6.72219 3.3
      vertex 37.8428 6.28138 3.3
    endloop
  endfacet
  facet normal 0.707035 -0.707179 0
    outer loop
      vertex 38.2837 6.72219 3.3
      vertex 37.8428 6.28138 2.4
      vertex 38.2837 6.72219 2.4
    endloop
  endfacet
  facet normal -0.132158 -0.991229 0
    outer loop
      vertex 38.2837 6.72219 2.4
      vertex 39.3858 6.57525 3.3
      vertex 38.2837 6.72219 3.3
    endloop
  endfacet
  facet normal -0.132158 -0.991229 -0
    outer loop
      vertex 39.3858 6.57525 3.3
      vertex 38.2837 6.72219 2.4
      vertex 39.3858 6.57525 2.4
    endloop
  endfacet
  facet normal -0.624527 -0.781004 0
    outer loop
      vertex 39.3858 6.57525 2.4
      vertex 39.7533 6.28138 3.3
      vertex 39.3858 6.57525 3.3
    endloop
  endfacet
  facet normal -0.624527 -0.781004 -0
    outer loop
      vertex 39.7533 6.28138 3.3
      vertex 39.3858 6.57525 2.4
      vertex 39.7533 6.28138 2.4
    endloop
  endfacet
  facet normal -1 0 0
    outer loop
      vertex 39.7533 5.69365 2.4
      vertex 39.7533 6.28138 3.3
      vertex 39.7533 6.28138 2.4
    endloop
  endfacet
  facet normal -1 -0 0
    outer loop
      vertex 39.7533 6.28138 3.3
      vertex 39.7533 5.69365 2.4
      vertex 39.7533 5.69365 3.3
    endloop
  endfacet
  facet normal -0.894423 0.447222 0
    outer loop
      vertex 39.5329 5.25286 2.4
      vertex 39.7533 5.69365 3.3
      vertex 39.7533 5.69365 2.4
    endloop
  endfacet
  facet normal -0.894423 0.447222 0
    outer loop
      vertex 39.7533 5.69365 3.3
      vertex 39.5329 5.25286 2.4
      vertex 39.5329 5.25286 3.3
    endloop
  endfacet
  facet normal -0.993879 0.110473 0
    outer loop
      vertex 39.4594 4.59161 2.4
      vertex 39.5329 5.25286 3.3
      vertex 39.5329 5.25286 2.4
    endloop
  endfacet
  facet normal -0.993879 0.110473 0
    outer loop
      vertex 39.5329 5.25286 3.3
      vertex 39.4594 4.59161 2.4
      vertex 39.4594 4.59161 3.3
    endloop
  endfacet
  facet normal -0.707019 0.707195 0
    outer loop
      vertex 39.4594 4.59161 2.4
      vertex 39.0185 4.15082 3.3
      vertex 39.4594 4.59161 3.3
    endloop
  endfacet
  facet normal -0.707019 0.707195 0
    outer loop
      vertex 39.0185 4.15082 3.3
      vertex 39.4594 4.59161 2.4
      vertex 39.0185 4.15082 2.4
    endloop
  endfacet
  facet normal -0.393758 0.919214 0
    outer loop
      vertex 39.0185 4.15082 2.4
      vertex 38.5041 3.93047 3.3
      vertex 39.0185 4.15082 3.3
    endloop
  endfacet
  facet normal -0.393758 0.919214 0
    outer loop
      vertex 38.5041 3.93047 3.3
      vertex 39.0185 4.15082 2.4
      vertex 38.5041 3.93047 2.4
    endloop
  endfacet
  facet normal 0.0994099 0.995047 -0
    outer loop
      vertex 38.5041 3.93047 2.4
      vertex 37.7693 4.00388 3.3
      vertex 38.5041 3.93047 3.3
    endloop
  endfacet
  facet normal 0.0994099 0.995047 0
    outer loop
      vertex 37.7693 4.00388 3.3
      vertex 38.5041 3.93047 2.4
      vertex 37.7693 4.00388 2.4
    endloop
  endfacet
  facet normal 0.706698 0.707515 -0
    outer loop
      vertex 36.4467 -1.94684 2.4
      vertex 36.2996 -1.79991 3.3
      vertex 36.4467 -1.94684 3.3
    endloop
  endfacet
  facet normal 0.706698 0.707515 0
    outer loop
      vertex 36.2996 -1.79991 3.3
      vertex 36.4467 -1.94684 2.4
      vertex 36.2996 -1.79991 2.4
    endloop
  endfacet
  facet normal 1 -0 0
    outer loop
      vertex 36.2996 -1.79991 3.3
      vertex 36.2996 -1.35911 2.4
      vertex 36.2996 -1.35911 3.3
    endloop
  endfacet
  facet normal 1 0 0
    outer loop
      vertex 36.2996 -1.35911 2.4
      vertex 36.2996 -1.79991 3.3
      vertex 36.2996 -1.79991 2.4
    endloop
  endfacet
  facet normal 0.970129 -0.242589 0
    outer loop
      vertex 36.2996 -1.35911 3.3
      vertex 36.7405 0.40408 2.4
      vertex 36.7405 0.40408 3.3
    endloop
  endfacet
  facet normal 0.970129 -0.242589 0
    outer loop
      vertex 36.7405 0.40408 2.4
      vertex 36.2996 -1.35911 3.3
      vertex 36.2996 -1.35911 2.4
    endloop
  endfacet
  facet normal 0.996533 -0.0831952 0
    outer loop
      vertex 36.7405 0.40408 3.3
      vertex 36.8141 1.28568 2.4
      vertex 36.8141 1.28568 3.3
    endloop
  endfacet
  facet normal 0.996533 -0.0831952 0
    outer loop
      vertex 36.8141 1.28568 2.4
      vertex 36.7405 0.40408 3.3
      vertex 36.7405 0.40408 2.4
    endloop
  endfacet
  facet normal 0.624734 -0.780838 0
    outer loop
      vertex 36.8141 1.28568 2.4
      vertex 37.1814 1.57955 3.3
      vertex 36.8141 1.28568 3.3
    endloop
  endfacet
  facet normal 0.624734 -0.780838 0
    outer loop
      vertex 37.1814 1.57955 3.3
      vertex 36.8141 1.28568 2.4
      vertex 37.1814 1.57955 2.4
    endloop
  endfacet
  facet normal -0.116822 -0.993153 0
    outer loop
      vertex 37.1814 1.57955 2.4
      vertex 38.4306 1.43261 3.3
      vertex 37.1814 1.57955 3.3
    endloop
  endfacet
  facet normal -0.116822 -0.993153 -0
    outer loop
      vertex 38.4306 1.43261 3.3
      vertex 37.1814 1.57955 2.4
      vertex 38.4306 1.43261 2.4
    endloop
  endfacet
  facet normal -0.768161 -0.640256 0
    outer loop
      vertex 38.798 0.991814 2.4
      vertex 38.4306 1.43261 3.3
      vertex 38.4306 1.43261 2.4
    endloop
  endfacet
  facet normal -0.768161 -0.640256 0
    outer loop
      vertex 38.4306 1.43261 3.3
      vertex 38.798 0.991814 2.4
      vertex 38.798 0.991814 3.3
    endloop
  endfacet
  facet normal -1 0 0
    outer loop
      vertex 38.798 0.551021 2.4
      vertex 38.798 0.991814 3.3
      vertex 38.798 0.991814 2.4
    endloop
  endfacet
  facet normal -1 -0 0
    outer loop
      vertex 38.798 0.991814 3.3
      vertex 38.798 0.551021 2.4
      vertex 38.798 0.551021 3.3
    endloop
  endfacet
  facet normal -0.970139 0.24255 0
    outer loop
      vertex 38.2837 -1.50605 2.4
      vertex 38.798 0.551021 3.3
      vertex 38.798 0.551021 2.4
    endloop
  endfacet
  facet normal -0.970139 0.24255 0
    outer loop
      vertex 38.798 0.551021 3.3
      vertex 38.2837 -1.50605 2.4
      vertex 38.2837 -1.50605 3.3
    endloop
  endfacet
  facet normal -0.536821 0.843696 0
    outer loop
      vertex 38.2837 -1.50605 2.4
      vertex 37.4754 -2.02035 3.3
      vertex 38.2837 -1.50605 3.3
    endloop
  endfacet
  facet normal -0.536821 0.843696 0
    outer loop
      vertex 37.4754 -2.02035 3.3
      vertex 38.2837 -1.50605 2.4
      vertex 37.4754 -2.02035 2.4
    endloop
  endfacet
  facet normal 0.0712774 0.997457 -0
    outer loop
      vertex 37.4754 -2.02035 2.4
      vertex 36.4467 -1.94684 3.3
      vertex 37.4754 -2.02035 3.3
    endloop
  endfacet
  facet normal 0.0712774 0.997457 0
    outer loop
      vertex 36.4467 -1.94684 3.3
      vertex 37.4754 -2.02035 2.4
      vertex 36.4467 -1.94684 2.4
    endloop
  endfacet
  facet normal 0.707035 -0.707179 0
    outer loop
      vertex 51.9511 -4.4447 2.4
      vertex 52.392 -4.00389 3.3
      vertex 51.9511 -4.4447 3.3
    endloop
  endfacet
  facet normal 0.707035 -0.707179 0
    outer loop
      vertex 52.392 -4.00389 3.3
      vertex 51.9511 -4.4447 2.4
      vertex 52.392 -4.00389 2.4
    endloop
  endfacet
  facet normal 0.988926 -0.148408 0
    outer loop
      vertex 52.392 -4.00389 3.3
      vertex 52.6125 -2.53457 2.4
      vertex 52.6125 -2.53457 3.3
    endloop
  endfacet
  facet normal 0.988926 -0.148408 0
    outer loop
      vertex 52.6125 -2.53457 2.4
      vertex 52.392 -4.00389 3.3
      vertex 52.392 -4.00389 2.4
    endloop
  endfacet
  facet normal 0.857351 0.514733 0
    outer loop
      vertex 52.6125 -2.53457 3.3
      vertex 52.392 -2.1673 2.4
      vertex 52.392 -2.1673 3.3
    endloop
  endfacet
  facet normal 0.857351 0.514733 0
    outer loop
      vertex 52.392 -2.1673 2.4
      vertex 52.6125 -2.53457 3.3
      vertex 52.6125 -2.53457 2.4
    endloop
  endfacet
  facet normal 0.0208398 0.999783 -0
    outer loop
      vertex 52.392 -2.1673 2.4
      vertex 48.8649 -2.09378 3.3
      vertex 52.392 -2.1673 3.3
    endloop
  endfacet
  facet normal 0.0208398 0.999783 0
    outer loop
      vertex 48.8649 -2.09378 3.3
      vertex 52.392 -2.1673 2.4
      vertex 48.8649 -2.09378 2.4
    endloop
  endfacet
  facet normal 0.780798 0.624783 0
    outer loop
      vertex 48.8649 -2.09378 3.3
      vertex 48.571 -1.72649 2.4
      vertex 48.571 -1.72649 3.3
    endloop
  endfacet
  facet normal 0.780798 0.624783 0
    outer loop
      vertex 48.571 -1.72649 2.4
      vertex 48.8649 -2.09378 3.3
      vertex 48.8649 -2.09378 2.4
    endloop
  endfacet
  facet normal 0.959354 -0.282206 0
    outer loop
      vertex 48.571 -1.72649 3.3
      vertex 48.9384 -0.47752 2.4
      vertex 48.9384 -0.47752 3.3
    endloop
  endfacet
  facet normal 0.959354 -0.282206 0
    outer loop
      vertex 48.9384 -0.47752 2.4
      vertex 48.571 -1.72649 3.3
      vertex 48.571 -1.72649 2.4
    endloop
  endfacet
  facet normal 0.99287 -0.119202 0
    outer loop
      vertex 48.9384 -0.47752 3.3
      vertex 49.1589 1.35909 2.4
      vertex 49.1589 1.35909 3.3
    endloop
  endfacet
  facet normal 0.99287 -0.119202 0
    outer loop
      vertex 49.1589 1.35909 2.4
      vertex 48.9384 -0.47752 3.3
      vertex 48.9384 -0.47752 2.4
    endloop
  endfacet
  facet normal 0.600061 -0.799954 0
    outer loop
      vertex 49.1589 1.35909 2.4
      vertex 49.4528 1.57955 3.3
      vertex 49.1589 1.35909 3.3
    endloop
  endfacet
  facet normal 0.600061 -0.799954 0
    outer loop
      vertex 49.4528 1.57955 3.3
      vertex 49.1589 1.35909 2.4
      vertex 49.4528 1.57955 2.4
    endloop
  endfacet
  facet normal -0.19609 -0.980586 0
    outer loop
      vertex 49.4528 1.57955 2.4
      vertex 50.1876 1.43261 3.3
      vertex 49.4528 1.57955 3.3
    endloop
  endfacet
  facet normal -0.19609 -0.980586 -0
    outer loop
      vertex 50.1876 1.43261 3.3
      vertex 49.4528 1.57955 2.4
      vertex 50.1876 1.43261 2.4
    endloop
  endfacet
  facet normal 0.28724 -0.957859 0
    outer loop
      vertex 50.1876 1.43261 2.4
      vertex 50.9224 1.65296 3.3
      vertex 50.1876 1.43261 3.3
    endloop
  endfacet
  facet normal 0.28724 -0.957859 0
    outer loop
      vertex 50.9224 1.65296 3.3
      vertex 50.1876 1.43261 2.4
      vertex 50.9224 1.65296 2.4
    endloop
  endfacet
  facet normal 0.0687902 -0.997631 0
    outer loop
      vertex 50.9224 1.65296 2.4
      vertex 53.0534 1.7999 3.3
      vertex 50.9224 1.65296 3.3
    endloop
  endfacet
  facet normal 0.0687902 -0.997631 0
    outer loop
      vertex 53.0534 1.7999 3.3
      vertex 50.9224 1.65296 2.4
      vertex 53.0534 1.7999 2.4
    endloop
  endfacet
  facet normal 0.910388 -0.413756 0
    outer loop
      vertex 53.0534 1.7999 3.3
      vertex 53.4207 2.60807 2.4
      vertex 53.4207 2.60807 3.3
    endloop
  endfacet
  facet normal 0.910388 -0.413756 0
    outer loop
      vertex 53.4207 2.60807 2.4
      vertex 53.0534 1.7999 3.3
      vertex 53.0534 1.7999 2.4
    endloop
  endfacet
  facet normal 0.997777 -0.0666422 0
    outer loop
      vertex 53.4207 2.60807 3.3
      vertex 53.4943 3.71002 2.4
      vertex 53.4943 3.71002 3.3
    endloop
  endfacet
  facet normal 0.997777 -0.0666422 0
    outer loop
      vertex 53.4943 3.71002 2.4
      vertex 53.4207 2.60807 3.3
      vertex 53.4207 2.60807 2.4
    endloop
  endfacet
  facet normal 0.706938 0.707275 -0
    outer loop
      vertex 53.4943 3.71002 2.4
      vertex 53.3473 3.85695 3.3
      vertex 53.4943 3.71002 3.3
    endloop
  endfacet
  facet normal 0.706938 0.707275 0
    outer loop
      vertex 53.3473 3.85695 3.3
      vertex 53.4943 3.71002 2.4
      vertex 53.3473 3.85695 2.4
    endloop
  endfacet
  facet normal 0 1 -0
    outer loop
      vertex 53.3473 3.85695 2.4
      vertex 49.9672 3.85695 3.3
      vertex 53.3473 3.85695 3.3
    endloop
  endfacet
  facet normal 0 1 0
    outer loop
      vertex 49.9672 3.85695 3.3
      vertex 53.3473 3.85695 2.4
      vertex 49.9672 3.85695 2.4
    endloop
  endfacet
  facet normal 0.599895 0.800078 -0
    outer loop
      vertex 49.9672 3.85695 2.4
      vertex 49.6732 4.07739 3.3
      vertex 49.9672 3.85695 3.3
    endloop
  endfacet
  facet normal 0.599895 0.800078 0
    outer loop
      vertex 49.6732 4.07739 3.3
      vertex 49.9672 3.85695 2.4
      vertex 49.6732 4.07739 2.4
    endloop
  endfacet
  facet normal 1 -0 0
    outer loop
      vertex 49.6732 4.07739 3.3
      vertex 49.6732 4.59161 2.4
      vertex 49.6732 4.59161 3.3
    endloop
  endfacet
  facet normal 1 0 0
    outer loop
      vertex 49.6732 4.59161 2.4
      vertex 49.6732 4.07739 3.3
      vertex 49.6732 4.07739 2.4
    endloop
  endfacet
  facet normal 0.913755 -0.406267 0
    outer loop
      vertex 49.6732 4.59161 3.3
      vertex 49.9672 5.25286 2.4
      vertex 49.9672 5.25286 3.3
    endloop
  endfacet
  facet normal 0.913755 -0.406267 0
    outer loop
      vertex 49.9672 5.25286 2.4
      vertex 49.6732 4.59161 3.3
      vertex 49.6732 4.59161 2.4
    endloop
  endfacet
  facet normal 0.991231 -0.13214 0
    outer loop
      vertex 49.9672 5.25286 3.3
      vertex 50.1141 6.35481 2.4
      vertex 50.1141 6.35481 3.3
    endloop
  endfacet
  facet normal 0.991231 -0.13214 0
    outer loop
      vertex 50.1141 6.35481 2.4
      vertex 49.9672 5.25286 3.3
      vertex 49.9672 5.25286 2.4
    endloop
  endfacet
  facet normal 0.62463 -0.780921 0
    outer loop
      vertex 50.1141 6.35481 2.4
      vertex 50.4815 6.64868 3.3
      vertex 50.1141 6.35481 3.3
    endloop
  endfacet
  facet normal 0.62463 -0.780921 0
    outer loop
      vertex 50.4815 6.64868 3.3
      vertex 50.1141 6.35481 2.4
      vertex 50.4815 6.64868 2.4
    endloop
  endfacet
  facet normal -0.0525202 -0.99862 0
    outer loop
      vertex 50.4815 6.64868 2.4
      vertex 51.8777 6.57525 3.3
      vertex 50.4815 6.64868 3.3
    endloop
  endfacet
  facet normal -0.0525202 -0.99862 -0
    outer loop
      vertex 51.8777 6.57525 3.3
      vertex 50.4815 6.64868 2.4
      vertex 51.8777 6.57525 2.4
    endloop
  endfacet
  facet normal 0.19609 -0.980586 0
    outer loop
      vertex 51.8777 6.57525 2.4
      vertex 52.6125 6.72219 3.3
      vertex 51.8777 6.57525 3.3
    endloop
  endfacet
  facet normal 0.19609 -0.980586 0
    outer loop
      vertex 52.6125 6.72219 3.3
      vertex 51.8777 6.57525 2.4
      vertex 52.6125 6.72219 2.4
    endloop
  endfacet
  facet normal 0 -1 0
    outer loop
      vertex 52.6125 6.72219 2.4
      vertex 54.1556 6.72219 3.3
      vertex 52.6125 6.72219 3.3
    endloop
  endfacet
  facet normal 0 -1 -0
    outer loop
      vertex 54.1556 6.72219 3.3
      vertex 52.6125 6.72219 2.4
      vertex 54.1556 6.72219 2.4
    endloop
  endfacet
  facet normal 0.961505 -0.274787 0
    outer loop
      vertex 54.1556 6.72219 3.3
      vertex 54.5965 8.26494 2.4
      vertex 54.5965 8.26494 3.3
    endloop
  endfacet
  facet normal 0.961505 -0.274787 0
    outer loop
      vertex 54.5965 8.26494 2.4
      vertex 54.1556 6.72219 3.3
      vertex 54.1556 6.72219 2.4
    endloop
  endfacet
  facet normal 0.989938 0.141502 0
    outer loop
      vertex 54.5965 8.26494 3.3
      vertex 54.523 8.77914 2.4
      vertex 54.523 8.77914 3.3
    endloop
  endfacet
  facet normal 0.989938 0.141502 0
    outer loop
      vertex 54.523 8.77914 2.4
      vertex 54.5965 8.26494 3.3
      vertex 54.5965 8.26494 2.4
    endloop
  endfacet
  facet normal 0.554543 0.832155 -0
    outer loop
      vertex 54.523 8.77914 2.4
      vertex 54.3025 8.92608 3.3
      vertex 54.523 8.77914 3.3
    endloop
  endfacet
  facet normal 0.554543 0.832155 0
    outer loop
      vertex 54.3025 8.92608 3.3
      vertex 54.523 8.77914 2.4
      vertex 54.3025 8.92608 2.4
    endloop
  endfacet
  facet normal 0 1 -0
    outer loop
      vertex 54.3025 8.92608 2.4
      vertex 46.6605 8.92608 3.3
      vertex 54.3025 8.92608 3.3
    endloop
  endfacet
  facet normal 0 1 0
    outer loop
      vertex 46.6605 8.92608 3.3
      vertex 54.3025 8.92608 2.4
      vertex 46.6605 8.92608 2.4
    endloop
  endfacet
  facet normal -0.966214 0.257743 0
    outer loop
      vertex 46.0726 6.72219 2.4
      vertex 46.6605 8.92608 3.3
      vertex 46.6605 8.92608 2.4
    endloop
  endfacet
  facet normal -0.966214 0.257743 0
    outer loop
      vertex 46.6605 8.92608 3.3
      vertex 46.0726 6.72219 2.4
      vertex 46.0726 6.72219 3.3
    endloop
  endfacet
  facet normal -0.995039 0.0994816 0
    outer loop
      vertex 45.9257 5.25286 2.4
      vertex 46.0726 6.72219 3.3
      vertex 46.0726 6.72219 2.4
    endloop
  endfacet
  facet normal -0.995039 0.0994816 0
    outer loop
      vertex 46.0726 6.72219 3.3
      vertex 45.9257 5.25286 2.4
      vertex 45.9257 5.25286 3.3
    endloop
  endfacet
  facet normal -0.913806 0.406151 0
    outer loop
      vertex 45.6318 4.59161 2.4
      vertex 45.9257 5.25286 3.3
      vertex 45.9257 5.25286 2.4
    endloop
  endfacet
  facet normal -0.913806 0.406151 0
    outer loop
      vertex 45.9257 5.25286 3.3
      vertex 45.6318 4.59161 2.4
      vertex 45.6318 4.59161 3.3
    endloop
  endfacet
  facet normal -1 0 0
    outer loop
      vertex 45.6318 3.48967 2.4
      vertex 45.6318 4.59161 3.3
      vertex 45.6318 4.59161 2.4
    endloop
  endfacet
  facet normal -1 -0 0
    outer loop
      vertex 45.6318 4.59161 3.3
      vertex 45.6318 3.48967 2.4
      vertex 45.6318 3.48967 3.3
    endloop
  endfacet
  facet normal -0.970124 0.242609 0
    outer loop
      vertex 44.8969 0.551021 2.4
      vertex 45.6318 3.48967 3.3
      vertex 45.6318 3.48967 2.4
    endloop
  endfacet
  facet normal -0.970124 0.242609 0
    outer loop
      vertex 45.6318 3.48967 3.3
      vertex 44.8969 0.551021 2.4
      vertex 44.8969 0.551021 3.3
    endloop
  endfacet
  facet normal -1 0 0
    outer loop
      vertex 44.8969 -0.110229 2.4
      vertex 44.8969 0.551021 3.3
      vertex 44.8969 0.551021 2.4
    endloop
  endfacet
  facet normal -1 -0 0
    outer loop
      vertex 44.8969 0.551021 3.3
      vertex 44.8969 -0.110229 2.4
      vertex 44.8969 -0.110229 3.3
    endloop
  endfacet
  facet normal -0.972077 0.23466 0
    outer loop
      vertex 44.3826 -2.24071 2.4
      vertex 44.8969 -0.110229 3.3
      vertex 44.8969 -0.110229 2.4
    endloop
  endfacet
  facet normal -0.972077 0.23466 0
    outer loop
      vertex 44.8969 -0.110229 3.3
      vertex 44.3826 -2.24071 2.4
      vertex 44.3826 -2.24071 3.3
    endloop
  endfacet
  facet normal -0.992877 0.119143 0
    outer loop
      vertex 44.1622 -4.07741 2.4
      vertex 44.3826 -2.24071 3.3
      vertex 44.3826 -2.24071 2.4
    endloop
  endfacet
  facet normal -0.992877 0.119143 0
    outer loop
      vertex 44.3826 -2.24071 3.3
      vertex 44.1622 -4.07741 2.4
      vertex 44.1622 -4.07741 3.3
    endloop
  endfacet
  facet normal -0.832027 -0.554735 0
    outer loop
      vertex 44.4561 -4.51822 2.4
      vertex 44.1622 -4.07741 3.3
      vertex 44.1622 -4.07741 2.4
    endloop
  endfacet
  facet normal -0.832027 -0.554735 0
    outer loop
      vertex 44.1622 -4.07741 3.3
      vertex 44.4561 -4.51822 2.4
      vertex 44.4561 -4.51822 3.3
    endloop
  endfacet
  facet normal 0.00980873 -0.999952 0
    outer loop
      vertex 44.4561 -4.51822 2.4
      vertex 51.9511 -4.4447 3.3
      vertex 44.4561 -4.51822 3.3
    endloop
  endfacet
  facet normal 0.00980873 -0.999952 0
    outer loop
      vertex 51.9511 -4.4447 3.3
      vertex 44.4561 -4.51822 2.4
      vertex 51.9511 -4.4447 2.4
    endloop
  endfacet
  facet normal -0.0285315 -0.999593 0
    outer loop
      vertex 55.9926 -4.22435 2.4
      vertex 58.5645 -4.29776 3.3
      vertex 55.9926 -4.22435 3.3
    endloop
  endfacet
  facet normal -0.0285315 -0.999593 -0
    outer loop
      vertex 58.5645 -4.29776 3.3
      vertex 55.9926 -4.22435 2.4
      vertex 58.5645 -4.29776 2.4
    endloop
  endfacet
  facet normal 0.870521 -0.492131 0
    outer loop
      vertex 58.5645 -4.29776 3.3
      vertex 60.475 -0.918313 2.4
      vertex 60.475 -0.918313 3.3
    endloop
  endfacet
  facet normal 0.870521 -0.492131 0
    outer loop
      vertex 60.475 -0.918313 2.4
      vertex 58.5645 -4.29776 3.3
      vertex 58.5645 -4.29776 2.4
    endloop
  endfacet
  facet normal 0.773891 -0.633318 0
    outer loop
      vertex 60.475 -0.918313 3.3
      vertex 61.1363 -0.110229 2.4
      vertex 61.1363 -0.110229 3.3
    endloop
  endfacet
  facet normal 0.773891 -0.633318 0
    outer loop
      vertex 61.1363 -0.110229 2.4
      vertex 60.475 -0.918313 3.3
      vertex 60.475 -0.918313 2.4
    endloop
  endfacet
  facet normal -0.599869 -0.800098 0
    outer loop
      vertex 61.1363 -0.110229 2.4
      vertex 61.4302 -0.330579 3.3
      vertex 61.1363 -0.110229 3.3
    endloop
  endfacet
  facet normal -0.599869 -0.800098 -0
    outer loop
      vertex 61.4302 -0.330579 3.3
      vertex 61.1363 -0.110229 2.4
      vertex 61.4302 -0.330579 2.4
    endloop
  endfacet
  facet normal -1 0 0
    outer loop
      vertex 61.4302 -1.35911 2.4
      vertex 61.4302 -0.330579 3.3
      vertex 61.4302 -0.330579 2.4
    endloop
  endfacet
  facet normal -1 -0 0
    outer loop
      vertex 61.4302 -0.330579 3.3
      vertex 61.4302 -1.35911 2.4
      vertex 61.4302 -1.35911 3.3
    endloop
  endfacet
  facet normal -0.97438 0.224909 0
    outer loop
      vertex 60.9893 -3.26923 2.4
      vertex 61.4302 -1.35911 3.3
      vertex 61.4302 -1.35911 2.4
    endloop
  endfacet
  facet normal -0.97438 0.224909 0
    outer loop
      vertex 61.4302 -1.35911 3.3
      vertex 60.9893 -3.26923 2.4
      vertex 60.9893 -3.26923 3.3
    endloop
  endfacet
  facet normal -1 0 0
    outer loop
      vertex 60.9893 -4.15083 2.4
      vertex 60.9893 -3.26923 3.3
      vertex 60.9893 -3.26923 2.4
    endloop
  endfacet
  facet normal -1 -0 0
    outer loop
      vertex 60.9893 -3.26923 3.3
      vertex 60.9893 -4.15083 2.4
      vertex 60.9893 -4.15083 3.3
    endloop
  endfacet
  facet normal -0.371325 -0.928503 0
    outer loop
      vertex 60.9893 -4.15083 2.4
      vertex 61.3567 -4.29776 3.3
      vertex 60.9893 -4.15083 3.3
    endloop
  endfacet
  facet normal -0.371325 -0.928503 -0
    outer loop
      vertex 61.3567 -4.29776 3.3
      vertex 60.9893 -4.15083 2.4
      vertex 61.3567 -4.29776 2.4
    endloop
  endfacet
  facet normal 0 -1 0
    outer loop
      vertex 61.3567 -4.29776 2.4
      vertex 64.7369 -4.29776 3.3
      vertex 61.3567 -4.29776 3.3
    endloop
  endfacet
  facet normal 0 -1 -0
    outer loop
      vertex 64.7369 -4.29776 3.3
      vertex 61.3567 -4.29776 2.4
      vertex 64.7369 -4.29776 2.4
    endloop
  endfacet
  facet normal 0.85746 -0.514551 0
    outer loop
      vertex 64.7369 -4.29776 3.3
      vertex 64.9573 -3.93048 2.4
      vertex 64.9573 -3.93048 3.3
    endloop
  endfacet
  facet normal 0.85746 -0.514551 0
    outer loop
      vertex 64.9573 -3.93048 2.4
      vertex 64.7369 -4.29776 3.3
      vertex 64.7369 -4.29776 2.4
    endloop
  endfacet
  facet normal 0.986386 -0.164448 0
    outer loop
      vertex 64.9573 -3.93048 3.3
      vertex 65.6187 0.0366972 2.4
      vertex 65.6187 0.0366972 3.3
    endloop
  endfacet
  facet normal 0.986386 -0.164448 0
    outer loop
      vertex 65.6187 0.0366972 2.4
      vertex 64.9573 -3.93048 3.3
      vertex 64.9573 -3.93048 2.4
    endloop
  endfacet
  facet normal 1 -0 0
    outer loop
      vertex 65.6187 0.0366972 3.3
      vertex 65.6187 6.06094 2.4
      vertex 65.6187 6.06094 3.3
    endloop
  endfacet
  facet normal 1 0 0
    outer loop
      vertex 65.6187 6.06094 2.4
      vertex 65.6187 0.0366972 3.3
      vertex 65.6187 0.0366972 2.4
    endloop
  endfacet
  facet normal 0.62463 0.780921 -0
    outer loop
      vertex 65.6187 6.06094 2.4
      vertex 65.2513 6.35481 3.3
      vertex 65.6187 6.06094 3.3
    endloop
  endfacet
  facet normal 0.62463 0.780921 0
    outer loop
      vertex 65.2513 6.35481 3.3
      vertex 65.6187 6.06094 2.4
      vertex 65.2513 6.35481 2.4
    endloop
  endfacet
  facet normal 1 -0 0
    outer loop
      vertex 65.2513 6.35481 3.3
      vertex 65.2513 6.57525 2.4
      vertex 65.2513 6.57525 3.3
    endloop
  endfacet
  facet normal 1 0 0
    outer loop
      vertex 65.2513 6.57525 2.4
      vertex 65.2513 6.35481 3.3
      vertex 65.2513 6.35481 2.4
    endloop
  endfacet
  facet normal 0.62463 -0.780921 0
    outer loop
      vertex 65.2513 6.57525 2.4
      vertex 65.6187 6.86912 3.3
      vertex 65.2513 6.57525 3.3
    endloop
  endfacet
  facet normal 0.62463 -0.780921 0
    outer loop
      vertex 65.6187 6.86912 3.3
      vertex 65.2513 6.57525 2.4
      vertex 65.6187 6.86912 2.4
    endloop
  endfacet
  facet normal 0.860239 0.509891 0
    outer loop
      vertex 65.6187 6.86912 3.3
      vertex 64.443 8.85265 2.4
      vertex 64.443 8.85265 3.3
    endloop
  endfacet
  facet normal 0.860239 0.509891 0
    outer loop
      vertex 64.443 8.85265 2.4
      vertex 65.6187 6.86912 3.3
      vertex 65.6187 6.86912 2.4
    endloop
  endfacet
  facet normal -0.447019 0.894525 0
    outer loop
      vertex 64.443 8.85265 2.4
      vertex 64.149 8.70573 3.3
      vertex 64.443 8.85265 3.3
    endloop
  endfacet
  facet normal -0.447019 0.894525 0
    outer loop
      vertex 64.149 8.70573 3.3
      vertex 64.443 8.85265 2.4
      vertex 64.149 8.70573 2.4
    endloop
  endfacet
  facet normal 0 1 -0
    outer loop
      vertex 64.149 8.70573 2.4
      vertex 63.1203 8.70573 3.3
      vertex 64.149 8.70573 3.3
    endloop
  endfacet
  facet normal 0 1 0
    outer loop
      vertex 63.1203 8.70573 3.3
      vertex 64.149 8.70573 2.4
      vertex 63.1203 8.70573 2.4
    endloop
  endfacet
  facet normal -0.810609 0.585587 0
    outer loop
      vertex 62.165 7.38334 2.4
      vertex 63.1203 8.70573 3.3
      vertex 63.1203 8.70573 2.4
    endloop
  endfacet
  facet normal -0.810609 0.585587 0
    outer loop
      vertex 63.1203 8.70573 3.3
      vertex 62.165 7.38334 2.4
      vertex 62.165 7.38334 3.3
    endloop
  endfacet
  facet normal -0.877861 0.478916 0
    outer loop
      vertex 60.8424 4.95899 2.4
      vertex 62.165 7.38334 3.3
      vertex 62.165 7.38334 2.4
    endloop
  endfacet
  facet normal -0.877861 0.478916 0
    outer loop
      vertex 62.165 7.38334 3.3
      vertex 60.8424 4.95899 2.4
      vertex 60.8424 4.95899 3.3
    endloop
  endfacet
  facet normal -0.707045 0.707169 0
    outer loop
      vertex 60.8424 4.95899 2.4
      vertex 60.328 4.44468 3.3
      vertex 60.8424 4.95899 3.3
    endloop
  endfacet
  facet normal -0.707045 0.707169 0
    outer loop
      vertex 60.328 4.44468 3.3
      vertex 60.8424 4.95899 2.4
      vertex 60.328 4.44468 2.4
    endloop
  endfacet
  facet normal 0.600044 0.799967 -0
    outer loop
      vertex 60.328 4.44468 2.4
      vertex 60.0341 4.66513 3.3
      vertex 60.328 4.44468 3.3
    endloop
  endfacet
  facet normal 0.600044 0.799967 0
    outer loop
      vertex 60.0341 4.66513 3.3
      vertex 60.328 4.44468 2.4
      vertex 60.0341 4.66513 2.4
    endloop
  endfacet
  facet normal 1 -0 0
    outer loop
      vertex 60.0341 4.66513 3.3
      vertex 60.0341 5.32628 2.4
      vertex 60.0341 5.32628 3.3
    endloop
  endfacet
  facet normal 1 0 0
    outer loop
      vertex 60.0341 5.32628 2.4
      vertex 60.0341 4.66513 3.3
      vertex 60.0341 4.66513 2.4
    endloop
  endfacet
  facet normal 0.975437 -0.22028 0
    outer loop
      vertex 60.0341 5.32628 3.3
      vertex 60.5484 7.60369 2.4
      vertex 60.5484 7.60369 3.3
    endloop
  endfacet
  facet normal 0.975437 -0.22028 0
    outer loop
      vertex 60.5484 7.60369 2.4
      vertex 60.0341 5.32628 3.3
      vertex 60.0341 5.32628 2.4
    endloop
  endfacet
  facet normal 0.997052 -0.0767284 0
    outer loop
      vertex 60.5484 7.60369 3.3
      vertex 60.6219 8.55879 2.4
      vertex 60.6219 8.55879 3.3
    endloop
  endfacet
  facet normal 0.997052 -0.0767284 0
    outer loop
      vertex 60.6219 8.55879 2.4
      vertex 60.5484 7.60369 3.3
      vertex 60.5484 7.60369 2.4
    endloop
  endfacet
  facet normal 0.707203 0.707011 -0
    outer loop
      vertex 60.6219 8.55879 2.4
      vertex 60.475 8.70573 3.3
      vertex 60.6219 8.55879 3.3
    endloop
  endfacet
  facet normal 0.707203 0.707011 0
    outer loop
      vertex 60.475 8.70573 3.3
      vertex 60.6219 8.55879 2.4
      vertex 60.475 8.70573 2.4
    endloop
  endfacet
  facet normal 0 1 -0
    outer loop
      vertex 60.475 8.70573 2.4
      vertex 59.8871 8.70573 3.3
      vertex 60.475 8.70573 3.3
    endloop
  endfacet
  facet normal 0 1 0
    outer loop
      vertex 59.8871 8.70573 3.3
      vertex 60.475 8.70573 2.4
      vertex 59.8871 8.70573 2.4
    endloop
  endfacet
  facet normal 0.554491 0.83219 -0
    outer loop
      vertex 59.8871 8.70573 2.4
      vertex 59.6666 8.85265 3.3
      vertex 59.8871 8.70573 3.3
    endloop
  endfacet
  facet normal 0.554491 0.83219 0
    outer loop
      vertex 59.6666 8.85265 3.3
      vertex 59.8871 8.70573 2.4
      vertex 59.6666 8.85265 2.4
    endloop
  endfacet
  facet normal 0 1 -0
    outer loop
      vertex 59.6666 8.85265 2.4
      vertex 56.8009 8.85265 3.3
      vertex 59.6666 8.85265 3.3
    endloop
  endfacet
  facet normal 0 1 0
    outer loop
      vertex 56.8009 8.85265 3.3
      vertex 59.6666 8.85265 2.4
      vertex 56.8009 8.85265 2.4
    endloop
  endfacet
  facet normal -0.707155 0.707059 0
    outer loop
      vertex 56.8009 8.85265 2.4
      vertex 56.654 8.70573 3.3
      vertex 56.8009 8.85265 3.3
    endloop
  endfacet
  facet normal -0.707155 0.707059 0
    outer loop
      vertex 56.654 8.70573 3.3
      vertex 56.8009 8.85265 2.4
      vertex 56.654 8.70573 2.4
    endloop
  endfacet
  facet normal -0.998613 0.0526557 0
    outer loop
      vertex 56.5804 7.30991 2.4
      vertex 56.654 8.70573 3.3
      vertex 56.654 8.70573 2.4
    endloop
  endfacet
  facet normal -0.998613 0.0526557 0
    outer loop
      vertex 56.654 8.70573 3.3
      vertex 56.5804 7.30991 2.4
      vertex 56.5804 7.30991 3.3
    endloop
  endfacet
  facet normal -0.894423 0.447222 0
    outer loop
      vertex 56.36 6.86912 2.4
      vertex 56.5804 7.30991 3.3
      vertex 56.5804 7.30991 2.4
    endloop
  endfacet
  facet normal -0.894423 0.447222 0
    outer loop
      vertex 56.5804 7.30991 3.3
      vertex 56.36 6.86912 2.4
      vertex 56.36 6.86912 3.3
    endloop
  endfacet
  facet normal -0.989946 0.141444 0
    outer loop
      vertex 55.9926 4.29774 2.4
      vertex 56.36 6.86912 3.3
      vertex 56.36 6.86912 2.4
    endloop
  endfacet
  facet normal -0.989946 0.141444 0
    outer loop
      vertex 56.36 6.86912 3.3
      vertex 55.9926 4.29774 2.4
      vertex 55.9926 4.29774 3.3
    endloop
  endfacet
  facet normal -0.981345 0.192257 0
    outer loop
      vertex 54.5965 -2.82844 2.4
      vertex 55.9926 4.29774 3.3
      vertex 55.9926 4.29774 2.4
    endloop
  endfacet
  facet normal -0.981345 0.192257 0
    outer loop
      vertex 55.9926 4.29774 3.3
      vertex 54.5965 -2.82844 2.4
      vertex 54.5965 -2.82844 3.3
    endloop
  endfacet
  facet normal -0.998459 0.0554955 0
    outer loop
      vertex 54.523 -4.15083 2.4
      vertex 54.5965 -2.82844 3.3
      vertex 54.5965 -2.82844 2.4
    endloop
  endfacet
  facet normal -0.998459 0.0554955 0
    outer loop
      vertex 54.5965 -2.82844 3.3
      vertex 54.523 -4.15083 2.4
      vertex 54.523 -4.15083 3.3
    endloop
  endfacet
  facet normal -0.780778 -0.624809 0
    outer loop
      vertex 54.817 -4.51822 2.4
      vertex 54.523 -4.15083 3.3
      vertex 54.523 -4.15083 2.4
    endloop
  endfacet
  facet normal -0.780778 -0.624809 0
    outer loop
      vertex 54.523 -4.15083 3.3
      vertex 54.817 -4.51822 2.4
      vertex 54.817 -4.51822 3.3
    endloop
  endfacet
  facet normal 0 -1 0
    outer loop
      vertex 54.817 -4.51822 2.4
      vertex 55.3313 -4.51822 3.3
      vertex 54.817 -4.51822 3.3
    endloop
  endfacet
  facet normal 0 -1 -0
    outer loop
      vertex 55.3313 -4.51822 3.3
      vertex 54.817 -4.51822 2.4
      vertex 55.3313 -4.51822 2.4
    endloop
  endfacet
  facet normal 0.406091 -0.913833 0
    outer loop
      vertex 55.3313 -4.51822 2.4
      vertex 55.9926 -4.22435 3.3
      vertex 55.3313 -4.51822 3.3
    endloop
  endfacet
  facet normal 0.406091 -0.913833 0
    outer loop
      vertex 55.9926 -4.22435 3.3
      vertex 55.3313 -4.51822 2.4
      vertex 55.9926 -4.22435 2.4
    endloop
  endfacet
  facet normal 1 -0 0
    outer loop
      vertex 59.9606 2.31421 3.3
      vertex 59.9606 2.46113 2.4
      vertex 59.9606 2.46113 3.3
    endloop
  endfacet
  facet normal 1 0 0
    outer loop
      vertex 59.9606 2.46113 2.4
      vertex 59.9606 2.31421 3.3
      vertex 59.9606 2.31421 2.4
    endloop
  endfacet
  facet normal 0.706983 -0.707231 0
    outer loop
      vertex 59.9606 2.46113 2.4
      vertex 60.475 2.97535 3.3
      vertex 59.9606 2.46113 3.3
    endloop
  endfacet
  facet normal 0.706983 -0.707231 0
    outer loop
      vertex 60.475 2.97535 3.3
      vertex 59.9606 2.46113 2.4
      vertex 60.475 2.97535 2.4
    endloop
  endfacet
  facet normal -0.514341 -0.857586 0
    outer loop
      vertex 60.475 2.97535 2.4
      vertex 60.8424 2.755 3.3
      vertex 60.475 2.97535 3.3
    endloop
  endfacet
  facet normal -0.514341 -0.857586 -0
    outer loop
      vertex 60.8424 2.755 3.3
      vertex 60.475 2.97535 2.4
      vertex 60.8424 2.755 2.4
    endloop
  endfacet
  facet normal -0.89447 -0.447128 0
    outer loop
      vertex 60.9893 2.46113 2.4
      vertex 60.8424 2.755 3.3
      vertex 60.8424 2.755 2.4
    endloop
  endfacet
  facet normal -0.89447 -0.447128 0
    outer loop
      vertex 60.8424 2.755 3.3
      vertex 60.9893 2.46113 2.4
      vertex 60.9893 2.46113 3.3
    endloop
  endfacet
  facet normal -0.658494 0.752586 0
    outer loop
      vertex 60.9893 2.46113 2.4
      vertex 60.4015 1.94682 3.3
      vertex 60.9893 2.46113 3.3
    endloop
  endfacet
  facet normal -0.658494 0.752586 0
    outer loop
      vertex 60.4015 1.94682 3.3
      vertex 60.9893 2.46113 2.4
      vertex 60.4015 1.94682 2.4
    endloop
  endfacet
  facet normal 0.640157 0.768244 -0
    outer loop
      vertex 60.4015 1.94682 2.4
      vertex 59.9606 2.31421 3.3
      vertex 60.4015 1.94682 3.3
    endloop
  endfacet
  facet normal 0.640157 0.768244 0
    outer loop
      vertex 59.9606 2.31421 3.3
      vertex 60.4015 1.94682 2.4
      vertex 59.9606 2.31421 2.4
    endloop
  endfacet
  facet normal 0.462509 -0.886615 0
    outer loop
      vertex -38.8715 -1.87343 2.4
      vertex -37.1815 -0.991829 3.3
      vertex -38.8715 -1.87343 3.3
    endloop
  endfacet
  facet normal 0.462509 -0.886615 0
    outer loop
      vertex -37.1815 -0.991829 3.3
      vertex -38.8715 -1.87343 2.4
      vertex -37.1815 -0.991829 2.4
    endloop
  endfacet
  facet normal 0.68867 -0.725075 0
    outer loop
      vertex -37.1815 -0.991829 2.4
      vertex -35.7118 0.40408 3.3
      vertex -37.1815 -0.991829 3.3
    endloop
  endfacet
  facet normal 0.68867 -0.725075 0
    outer loop
      vertex -35.7118 0.40408 3.3
      vertex -37.1815 -0.991829 2.4
      vertex -35.7118 0.40408 2.4
    endloop
  endfacet
  facet normal 0.274718 -0.961525 0
    outer loop
      vertex -35.7118 0.40408 2.4
      vertex -35.1975 0.551021 3.3
      vertex -35.7118 0.40408 3.3
    endloop
  endfacet
  facet normal 0.274718 -0.961525 0
    outer loop
      vertex -35.1975 0.551021 3.3
      vertex -35.7118 0.40408 2.4
      vertex -35.1975 0.551021 2.4
    endloop
  endfacet
  facet normal 0.894337 -0.447394 0
    outer loop
      vertex -35.1975 0.551021 3.3
      vertex -35.0505 0.844873 2.4
      vertex -35.0505 0.844873 3.3
    endloop
  endfacet
  facet normal 0.894337 -0.447394 0
    outer loop
      vertex -35.0505 0.844873 2.4
      vertex -35.1975 0.551021 3.3
      vertex -35.1975 0.551021 2.4
    endloop
  endfacet
  facet normal 0.894346 0.447375 0
    outer loop
      vertex -35.0505 0.844873 3.3
      vertex -35.1975 1.13874 2.4
      vertex -35.1975 1.13874 3.3
    endloop
  endfacet
  facet normal 0.894346 0.447375 0
    outer loop
      vertex -35.1975 1.13874 2.4
      vertex -35.0505 0.844873 3.3
      vertex -35.0505 0.844873 2.4
    endloop
  endfacet
  facet normal 0.599965 0.800026 -0
    outer loop
      vertex -35.1975 1.13874 2.4
      vertex -35.7853 1.57955 3.3
      vertex -35.1975 1.13874 3.3
    endloop
  endfacet
  facet normal 0.599965 0.800026 0
    outer loop
      vertex -35.7853 1.57955 3.3
      vertex -35.1975 1.13874 2.4
      vertex -35.7853 1.57955 2.4
    endloop
  endfacet
  facet normal -0.110478 0.993879 0
    outer loop
      vertex -35.7853 1.57955 2.4
      vertex -36.4467 1.50603 3.3
      vertex -35.7853 1.57955 3.3
    endloop
  endfacet
  facet normal -0.110478 0.993879 0
    outer loop
      vertex -36.4467 1.50603 3.3
      vertex -35.7853 1.57955 2.4
      vertex -36.4467 1.50603 2.4
    endloop
  endfacet
  facet normal -0.496119 0.868255 0
    outer loop
      vertex -36.4467 1.50603 2.4
      vertex -36.961 1.21216 3.3
      vertex -36.4467 1.50603 3.3
    endloop
  endfacet
  facet normal -0.496119 0.868255 0
    outer loop
      vertex -36.961 1.21216 3.3
      vertex -36.4467 1.50603 2.4
      vertex -36.961 1.21216 2.4
    endloop
  endfacet
  facet normal 0 1 -0
    outer loop
      vertex -36.961 1.21216 2.4
      vertex -37.255 1.21216 3.3
      vertex -36.961 1.21216 3.3
    endloop
  endfacet
  facet normal 0 1 0
    outer loop
      vertex -37.255 1.21216 3.3
      vertex -36.961 1.21216 2.4
      vertex -37.255 1.21216 2.4
    endloop
  endfacet
  facet normal -0.707094 0.707119 0
    outer loop
      vertex -37.255 1.21216 2.4
      vertex -37.6223 0.844873 3.3
      vertex -37.255 1.21216 3.3
    endloop
  endfacet
  facet normal -0.707094 0.707119 0
    outer loop
      vertex -37.6223 0.844873 3.3
      vertex -37.255 1.21216 2.4
      vertex -37.6223 0.844873 2.4
    endloop
  endfacet
  facet normal -0.384572 0.923095 0
    outer loop
      vertex -37.6223 0.844873 2.4
      vertex -38.5041 0.477505 3.3
      vertex -37.6223 0.844873 3.3
    endloop
  endfacet
  facet normal -0.384572 0.923095 0
    outer loop
      vertex -38.5041 0.477505 3.3
      vertex -37.6223 0.844873 2.4
      vertex -38.5041 0.477505 2.4
    endloop
  endfacet
  facet normal -0.59127 0.806473 0
    outer loop
      vertex -38.5041 0.477505 2.4
      vertex -39.6063 -0.330579 3.3
      vertex -38.5041 0.477505 3.3
    endloop
  endfacet
  facet normal -0.59127 0.806473 0
    outer loop
      vertex -39.6063 -0.330579 3.3
      vertex -38.5041 0.477505 2.4
      vertex -39.6063 -0.330579 2.4
    endloop
  endfacet
  facet normal 0.599869 0.800098 -0
    outer loop
      vertex -39.6063 -0.330579 2.4
      vertex -39.9002 -0.110229 3.3
      vertex -39.6063 -0.330579 3.3
    endloop
  endfacet
  facet normal 0.599869 0.800098 0
    outer loop
      vertex -39.9002 -0.110229 3.3
      vertex -39.6063 -0.330579 2.4
      vertex -39.9002 -0.110229 2.4
    endloop
  endfacet
  facet normal 0.97617 0.217009 0
    outer loop
      vertex -39.9002 -0.110229 3.3
      vertex -40.0472 0.551021 2.4
      vertex -40.0472 0.551021 3.3
    endloop
  endfacet
  facet normal 0.97617 0.217009 0
    outer loop
      vertex -40.0472 0.551021 2.4
      vertex -39.9002 -0.110229 3.3
      vertex -39.9002 -0.110229 2.4
    endloop
  endfacet
  facet normal 0.768073 0.640362 0
    outer loop
      vertex -40.0472 0.551021 3.3
      vertex -40.4147 0.991814 2.4
      vertex -40.4147 0.991814 3.3
    endloop
  endfacet
  facet normal 0.768073 0.640362 0
    outer loop
      vertex -40.4147 0.991814 2.4
      vertex -40.0472 0.551021 3.3
      vertex -40.0472 0.551021 2.4
    endloop
  endfacet
  facet normal 0.152029 0.988376 -0
    outer loop
      vertex -40.4147 0.991814 2.4
      vertex -41.3699 1.13874 3.3
      vertex -40.4147 0.991814 3.3
    endloop
  endfacet
  facet normal 0.152029 0.988376 0
    outer loop
      vertex -41.3699 1.13874 3.3
      vertex -40.4147 0.991814 2.4
      vertex -41.3699 1.13874 2.4
    endloop
  endfacet
  facet normal -0.70709 0.707123 0
    outer loop
      vertex -41.7373 0.771357 2.4
      vertex -41.3699 1.13874 3.3
      vertex -41.3699 1.13874 2.4
    endloop
  endfacet
  facet normal -0.70709 0.707123 0
    outer loop
      vertex -41.3699 1.13874 3.3
      vertex -41.7373 0.771357 2.4
      vertex -41.7373 0.771357 3.3
    endloop
  endfacet
  facet normal -0.993877 0.11049 0
    outer loop
      vertex -41.8108 0.110213 2.4
      vertex -41.7373 0.771357 3.3
      vertex -41.7373 0.771357 2.4
    endloop
  endfacet
  facet normal -0.993877 0.11049 0
    outer loop
      vertex -41.7373 0.771357 3.3
      vertex -41.8108 0.110213 2.4
      vertex -41.8108 0.110213 3.3
    endloop
  endfacet
  facet normal -0.906147 -0.422962 0
    outer loop
      vertex -41.2964 -0.991829 2.4
      vertex -41.8108 0.110213 3.3
      vertex -41.8108 0.110213 2.4
    endloop
  endfacet
  facet normal -0.906147 -0.422962 0
    outer loop
      vertex -41.8108 0.110213 3.3
      vertex -41.2964 -0.991829 2.4
      vertex -41.2964 -0.991829 3.3
    endloop
  endfacet
  facet normal -0.58541 -0.810737 0
    outer loop
      vertex -41.2964 -0.991829 2.4
      vertex -39.9738 -1.94684 3.3
      vertex -41.2964 -0.991829 3.3
    endloop
  endfacet
  facet normal -0.58541 -0.810737 -0
    outer loop
      vertex -39.9738 -1.94684 3.3
      vertex -41.2964 -0.991829 2.4
      vertex -39.9738 -1.94684 2.4
    endloop
  endfacet
  facet normal 0.0664499 -0.99779 0
    outer loop
      vertex -39.9738 -1.94684 2.4
      vertex -38.8715 -1.87343 3.3
      vertex -39.9738 -1.94684 3.3
    endloop
  endfacet
  facet normal 0.0664499 -0.99779 0
    outer loop
      vertex -38.8715 -1.87343 3.3
      vertex -39.9738 -1.94684 2.4
      vertex -38.8715 -1.87343 2.4
    endloop
  endfacet
  facet normal 0.970123 -0.242613 0
    outer loop
      vertex -27.8494 -10.5424 3.3
      vertex -27.7759 -10.2485 2.4
      vertex -27.7759 -10.2485 3.3
    endloop
  endfacet
  facet normal 0.970123 -0.242613 0
    outer loop
      vertex -27.7759 -10.2485 2.4
      vertex -27.8494 -10.5424 3.3
      vertex -27.8494 -10.5424 2.4
    endloop
  endfacet
  facet normal 0.707107 0.707107 -0
    outer loop
      vertex -27.7759 -10.2485 2.4
      vertex -27.9963 -10.0281 3.3
      vertex -27.7759 -10.2485 3.3
    endloop
  endfacet
  facet normal 0.707107 0.707107 0
    outer loop
      vertex -27.9963 -10.0281 3.3
      vertex -27.7759 -10.2485 2.4
      vertex -27.9963 -10.0281 2.4
    endloop
  endfacet
  facet normal 0.406055 0.913849 -0
    outer loop
      vertex -27.9963 -10.0281 2.4
      vertex -29.9803 -9.14654 3.3
      vertex -27.9963 -10.0281 3.3
    endloop
  endfacet
  facet normal 0.406055 0.913849 0
    outer loop
      vertex -29.9803 -9.14654 3.3
      vertex -27.9963 -10.0281 2.4
      vertex -29.9803 -9.14654 2.4
    endloop
  endfacet
  facet normal 0.94864 0.316357 0
    outer loop
      vertex -29.9803 -9.14654 3.3
      vertex -30.1273 -8.70574 2.4
      vertex -30.1273 -8.70574 3.3
    endloop
  endfacet
  facet normal 0.94864 0.316357 0
    outer loop
      vertex -30.1273 -8.70574 2.4
      vertex -29.9803 -9.14654 3.3
      vertex -29.9803 -9.14654 2.4
    endloop
  endfacet
  facet normal 0.82084 0.571158 0
    outer loop
      vertex -30.1273 -8.70574 3.3
      vertex -31.303 -7.01608 2.4
      vertex -31.303 -7.01608 3.3
    endloop
  endfacet
  facet normal 0.82084 0.571158 0
    outer loop
      vertex -31.303 -7.01608 2.4
      vertex -30.1273 -8.70574 3.3
      vertex -30.1273 -8.70574 2.4
    endloop
  endfacet
  facet normal 0.678195 0.734882 -0
    outer loop
      vertex -31.303 -7.01608 2.4
      vertex -32.2583 -6.13447 3.3
      vertex -31.303 -7.01608 3.3
    endloop
  endfacet
  facet normal 0.678195 0.734882 0
    outer loop
      vertex -32.2583 -6.13447 3.3
      vertex -31.303 -7.01608 2.4
      vertex -32.2583 -6.13447 2.4
    endloop
  endfacet
  facet normal 1 -0 0
    outer loop
      vertex -32.2583 -6.13447 3.3
      vertex -32.2583 -5.17936 2.4
      vertex -32.2583 -5.17936 3.3
    endloop
  endfacet
  facet normal 1 0 0
    outer loop
      vertex -32.2583 -5.17936 2.4
      vertex -32.2583 -6.13447 3.3
      vertex -32.2583 -6.13447 2.4
    endloop
  endfacet
  facet normal 0.921119 0.389281 0
    outer loop
      vertex -32.2583 -5.17936 3.3
      vertex -34.4627 0.0366972 2.4
      vertex -34.4627 0.0366972 3.3
    endloop
  endfacet
  facet normal 0.921119 0.389281 0
    outer loop
      vertex -34.4627 0.0366972 2.4
      vertex -32.2583 -5.17936 3.3
      vertex -32.2583 -5.17936 2.4
    endloop
  endfacet
  facet normal 0.371436 0.928459 -0
    outer loop
      vertex -34.4627 0.0366972 2.4
      vertex -34.83 0.183638 3.3
      vertex -34.4627 0.0366972 3.3
    endloop
  endfacet
  facet normal 0.371436 0.928459 0
    outer loop
      vertex -34.83 0.183638 3.3
      vertex -34.4627 0.0366972 2.4
      vertex -34.83 0.183638 2.4
    endloop
  endfacet
  facet normal -0.640055 0.768329 0
    outer loop
      vertex -34.83 0.183638 2.4
      vertex -35.2709 -0.183653 3.3
      vertex -34.83 0.183638 3.3
    endloop
  endfacet
  facet normal -0.640055 0.768329 0
    outer loop
      vertex -35.2709 -0.183653 3.3
      vertex -34.83 0.183638 2.4
      vertex -35.2709 -0.183653 2.4
    endloop
  endfacet
  facet normal 0 1 -0
    outer loop
      vertex -35.2709 -0.183653 2.4
      vertex -35.5649 -0.183653 3.3
      vertex -35.2709 -0.183653 3.3
    endloop
  endfacet
  facet normal 0 1 0
    outer loop
      vertex -35.5649 -0.183653 3.3
      vertex -35.2709 -0.183653 2.4
      vertex -35.5649 -0.183653 2.4
    endloop
  endfacet
  facet normal -1 0 0
    outer loop
      vertex -35.5649 -0.991829 2.4
      vertex -35.5649 -0.183653 3.3
      vertex -35.5649 -0.183653 2.4
    endloop
  endfacet
  facet normal -1 -0 0
    outer loop
      vertex -35.5649 -0.183653 3.3
      vertex -35.5649 -0.991829 2.4
      vertex -35.5649 -0.991829 3.3
    endloop
  endfacet
  facet normal -0.970117 -0.242638 0
    outer loop
      vertex -35.2709 -2.1673 2.4
      vertex -35.5649 -0.991829 3.3
      vertex -35.5649 -0.991829 2.4
    endloop
  endfacet
  facet normal -0.970117 -0.242638 0
    outer loop
      vertex -35.5649 -0.991829 3.3
      vertex -35.2709 -2.1673 2.4
      vertex -35.2709 -2.1673 3.3
    endloop
  endfacet
  facet normal -0.907914 -0.419157 0
    outer loop
      vertex -34.83 -3.12231 2.4
      vertex -35.2709 -2.1673 3.3
      vertex -35.2709 -2.1673 2.4
    endloop
  endfacet
  facet normal -0.907914 -0.419157 0
    outer loop
      vertex -35.2709 -2.1673 3.3
      vertex -34.83 -3.12231 2.4
      vertex -34.83 -3.12231 3.3
    endloop
  endfacet
  facet normal -0.989969 -0.141287 0
    outer loop
      vertex -34.7566 -3.63661 2.4
      vertex -34.83 -3.12231 3.3
      vertex -34.83 -3.12231 2.4
    endloop
  endfacet
  facet normal -0.989969 -0.141287 0
    outer loop
      vertex -34.83 -3.12231 3.3
      vertex -34.7566 -3.63661 2.4
      vertex -34.7566 -3.63661 3.3
    endloop
  endfacet
  facet normal -0.887718 -0.460387 0
    outer loop
      vertex -33.7279 -5.62015 2.4
      vertex -34.7566 -3.63661 3.3
      vertex -34.7566 -3.63661 2.4
    endloop
  endfacet
  facet normal -0.887718 -0.460387 0
    outer loop
      vertex -34.7566 -3.63661 3.3
      vertex -33.7279 -5.62015 2.4
      vertex -33.7279 -5.62015 3.3
    endloop
  endfacet
  facet normal -0.490184 -0.871619 0
    outer loop
      vertex -33.7279 -5.62015 2.4
      vertex -32.5521 -6.2814 3.3
      vertex -33.7279 -5.62015 3.3
    endloop
  endfacet
  facet normal -0.490184 -0.871619 -0
    outer loop
      vertex -32.5521 -6.2814 3.3
      vertex -33.7279 -5.62015 2.4
      vertex -32.5521 -6.2814 2.4
    endloop
  endfacet
  facet normal -0.98059 -0.19607 0
    outer loop
      vertex -32.4052 -7.01608 2.4
      vertex -32.5521 -6.2814 3.3
      vertex -32.5521 -6.2814 2.4
    endloop
  endfacet
  facet normal -0.98059 -0.19607 0
    outer loop
      vertex -32.5521 -6.2814 3.3
      vertex -32.4052 -7.01608 2.4
      vertex -32.4052 -7.01608 3.3
    endloop
  endfacet
  facet normal -0.857442 -0.51458 0
    outer loop
      vertex -31.303 -8.85267 2.4
      vertex -32.4052 -7.01608 3.3
      vertex -32.4052 -7.01608 2.4
    endloop
  endfacet
  facet normal -0.857442 -0.51458 0
    outer loop
      vertex -32.4052 -7.01608 3.3
      vertex -31.303 -8.85267 2.4
      vertex -31.303 -8.85267 3.3
    endloop
  endfacet
  facet normal -0.707035 -0.707179 0
    outer loop
      vertex -31.303 -8.85267 2.4
      vertex -30.8621 -9.29348 3.3
      vertex -31.303 -8.85267 3.3
    endloop
  endfacet
  facet normal -0.707035 -0.707179 -0
    outer loop
      vertex -30.8621 -9.29348 3.3
      vertex -31.303 -8.85267 2.4
      vertex -30.8621 -9.29348 2.4
    endloop
  endfacet
  facet normal -0.274632 -0.961549 0
    outer loop
      vertex -30.8621 -9.29348 2.4
      vertex -30.3477 -9.4404 3.3
      vertex -30.8621 -9.29348 3.3
    endloop
  endfacet
  facet normal -0.274632 -0.961549 -0
    outer loop
      vertex -30.3477 -9.4404 3.3
      vertex -30.8621 -9.29348 2.4
      vertex -30.3477 -9.4404 2.4
    endloop
  endfacet
  facet normal -0.857452 -0.514564 0
    outer loop
      vertex -29.9068 -10.1751 2.4
      vertex -30.3477 -9.4404 3.3
      vertex -30.3477 -9.4404 2.4
    endloop
  endfacet
  facet normal -0.857452 -0.514564 0
    outer loop
      vertex -30.3477 -9.4404 3.3
      vertex -29.9068 -10.1751 2.4
      vertex -29.9068 -10.1751 3.3
    endloop
  endfacet
  facet normal -0.473962 -0.880545 0
    outer loop
      vertex -29.9068 -10.1751 2.4
      vertex -28.9515 -10.6893 3.3
      vertex -29.9068 -10.1751 3.3
    endloop
  endfacet
  facet normal -0.473962 -0.880545 -0
    outer loop
      vertex -28.9515 -10.6893 3.3
      vertex -29.9068 -10.1751 2.4
      vertex -28.9515 -10.6893 2.4
    endloop
  endfacet
  facet normal 0.132122 -0.991233 0
    outer loop
      vertex -28.9515 -10.6893 2.4
      vertex -27.8494 -10.5424 3.3
      vertex -28.9515 -10.6893 3.3
    endloop
  endfacet
  facet normal 0.132122 -0.991233 0
    outer loop
      vertex -27.8494 -10.5424 3.3
      vertex -28.9515 -10.6893 2.4
      vertex -27.8494 -10.5424 2.4
    endloop
  endfacet
  facet normal 0.948726 -0.316099 0
    outer loop
      vertex -37.5488 -12.1586 3.3
      vertex -37.4754 -11.9383 2.4
      vertex -37.4754 -11.9383 3.3
    endloop
  endfacet
  facet normal 0.948726 -0.316099 0
    outer loop
      vertex -37.4754 -11.9383 2.4
      vertex -37.5488 -12.1586 3.3
      vertex -37.5488 -12.1586 2.4
    endloop
  endfacet
  facet normal 0.78089 0.624669 0
    outer loop
      vertex -37.4754 -11.9383 3.3
      vertex -37.7693 -11.5709 2.4
      vertex -37.7693 -11.5709 3.3
    endloop
  endfacet
  facet normal 0.78089 0.624669 0
    outer loop
      vertex -37.7693 -11.5709 2.4
      vertex -37.4754 -11.9383 3.3
      vertex -37.4754 -11.9383 2.4
    endloop
  endfacet
  facet normal 0.554613 0.832108 -0
    outer loop
      vertex -37.7693 -11.5709 2.4
      vertex -39.092 -10.6893 3.3
      vertex -37.7693 -11.5709 3.3
    endloop
  endfacet
  facet normal 0.554613 0.832108 0
    outer loop
      vertex -39.092 -10.6893 3.3
      vertex -37.7693 -11.5709 2.4
      vertex -39.092 -10.6893 2.4
    endloop
  endfacet
  facet normal 1 -0 0
    outer loop
      vertex -39.092 -10.6893 3.3
      vertex -39.092 -10.3954 2.4
      vertex -39.092 -10.3954 3.3
    endloop
  endfacet
  facet normal 1 0 0
    outer loop
      vertex -39.092 -10.3954 2.4
      vertex -39.092 -10.6893 3.3
      vertex -39.092 -10.6893 2.4
    endloop
  endfacet
  facet normal 0.907912 0.419161 0
    outer loop
      vertex -39.092 -10.3954 3.3
      vertex -39.5329 -9.4404 2.4
      vertex -39.5329 -9.4404 3.3
    endloop
  endfacet
  facet normal 0.907912 0.419161 0
    outer loop
      vertex -39.5329 -9.4404 2.4
      vertex -39.092 -10.3954 3.3
      vertex -39.092 -10.3954 2.4
    endloop
  endfacet
  facet normal 0.794323 0.607495 0
    outer loop
      vertex -39.5329 -9.4404 3.3
      vertex -40.4881 -8.19144 2.4
      vertex -40.4881 -8.19144 3.3
    endloop
  endfacet
  facet normal 0.794323 0.607495 0
    outer loop
      vertex -40.4881 -8.19144 2.4
      vertex -39.5329 -9.4404 3.3
      vertex -39.5329 -9.4404 2.4
    endloop
  endfacet
  facet normal 0.970117 -0.242637 0
    outer loop
      vertex -40.4881 -8.19144 3.3
      vertex -40.3411 -7.6037 2.4
      vertex -40.3411 -7.6037 3.3
    endloop
  endfacet
  facet normal 0.970117 -0.242637 0
    outer loop
      vertex -40.3411 -7.6037 2.4
      vertex -40.4881 -8.19144 3.3
      vertex -40.4881 -8.19144 2.4
    endloop
  endfacet
  facet normal 0.965126 0.261785 0
    outer loop
      vertex -40.3411 -7.6037 3.3
      vertex -41.5168 -3.26923 2.4
      vertex -41.5168 -3.26923 3.3
    endloop
  endfacet
  facet normal 0.965126 0.261785 0
    outer loop
      vertex -41.5168 -3.26923 2.4
      vertex -40.3411 -7.6037 3.3
      vertex -40.3411 -7.6037 2.4
    endloop
  endfacet
  facet normal 0.813584 0.581448 0
    outer loop
      vertex -41.5168 -3.26923 3.3
      vertex -41.8843 -2.75501 2.4
      vertex -41.8843 -2.75501 3.3
    endloop
  endfacet
  facet normal 0.813584 0.581448 0
    outer loop
      vertex -41.8843 -2.75501 2.4
      vertex -41.5168 -3.26923 3.3
      vertex -41.5168 -3.26923 2.4
    endloop
  endfacet
  facet normal 0.997463 0.0711836 0
    outer loop
      vertex -41.8843 -2.75501 3.3
      vertex -41.9577 -1.72649 2.4
      vertex -41.9577 -1.72649 3.3
    endloop
  endfacet
  facet normal 0.997463 0.0711836 0
    outer loop
      vertex -41.9577 -1.72649 2.4
      vertex -41.8843 -2.75501 3.3
      vertex -41.8843 -2.75501 2.4
    endloop
  endfacet
  facet normal 0.759211 0.650845 0
    outer loop
      vertex -41.9577 -1.72649 3.3
      vertex -42.3986 -1.21218 2.4
      vertex -42.3986 -1.21218 3.3
    endloop
  endfacet
  facet normal 0.759211 0.650845 0
    outer loop
      vertex -42.3986 -1.21218 2.4
      vertex -41.9577 -1.72649 3.3
      vertex -41.9577 -1.72649 2.4
    endloop
  endfacet
  facet normal 0.393759 0.919214 -0
    outer loop
      vertex -42.3986 -1.21218 2.4
      vertex -42.913 -0.991829 3.3
      vertex -42.3986 -1.21218 3.3
    endloop
  endfacet
  facet normal 0.393759 0.919214 0
    outer loop
      vertex -42.913 -0.991829 3.3
      vertex -42.3986 -1.21218 2.4
      vertex -42.913 -0.991829 2.4
    endloop
  endfacet
  facet normal -0.707052 0.707161 0
    outer loop
      vertex -42.913 -0.991829 2.4
      vertex -43.4273 -1.50605 3.3
      vertex -42.913 -0.991829 3.3
    endloop
  endfacet
  facet normal -0.707052 0.707161 0
    outer loop
      vertex -43.4273 -1.50605 3.3
      vertex -42.913 -0.991829 2.4
      vertex -43.4273 -1.50605 2.4
    endloop
  endfacet
  facet normal -1 0 0
    outer loop
      vertex -43.4273 -2.46115 2.4
      vertex -43.4273 -1.50605 3.3
      vertex -43.4273 -1.50605 2.4
    endloop
  endfacet
  facet normal -1 -0 0
    outer loop
      vertex -43.4273 -1.50605 3.3
      vertex -43.4273 -2.46115 2.4
      vertex -43.4273 -2.46115 3.3
    endloop
  endfacet
  facet normal -0.799993 -0.600009 0
    outer loop
      vertex -43.2069 -2.75501 2.4
      vertex -43.4273 -2.46115 3.3
      vertex -43.4273 -2.46115 2.4
    endloop
  endfacet
  facet normal -0.799993 -0.600009 0
    outer loop
      vertex -43.4273 -2.46115 3.3
      vertex -43.2069 -2.75501 2.4
      vertex -43.2069 -2.75501 3.3
    endloop
  endfacet
  facet normal -0.164283 -0.986413 0
    outer loop
      vertex -43.2069 -2.75501 2.4
      vertex -42.766 -2.82844 3.3
      vertex -43.2069 -2.75501 3.3
    endloop
  endfacet
  facet normal -0.164283 -0.986413 -0
    outer loop
      vertex -42.766 -2.82844 3.3
      vertex -43.2069 -2.75501 2.4
      vertex -42.766 -2.82844 2.4
    endloop
  endfacet
  facet normal -0.799873 -0.60017 0
    outer loop
      vertex -42.5455 -3.12231 2.4
      vertex -42.766 -2.82844 3.3
      vertex -42.766 -2.82844 2.4
    endloop
  endfacet
  facet normal -0.799873 -0.60017 0
    outer loop
      vertex -42.766 -2.82844 3.3
      vertex -42.5455 -3.12231 2.4
      vertex -42.5455 -3.12231 3.3
    endloop
  endfacet
  facet normal -0.996242 -0.0866082 0
    outer loop
      vertex -42.3986 -4.81208 2.4
      vertex -42.5455 -3.12231 3.3
      vertex -42.5455 -3.12231 2.4
    endloop
  endfacet
  facet normal -0.996242 -0.0866082 0
    outer loop
      vertex -42.5455 -3.12231 3.3
      vertex -42.3986 -4.81208 2.4
      vertex -42.3986 -4.81208 3.3
    endloop
  endfacet
  facet normal -0.973411 -0.229065 0
    outer loop
      vertex -41.8108 -7.30993 2.4
      vertex -42.3986 -4.81208 3.3
      vertex -42.3986 -4.81208 2.4
    endloop
  endfacet
  facet normal -0.973411 -0.229065 0
    outer loop
      vertex -42.3986 -4.81208 3.3
      vertex -41.8108 -7.30993 2.4
      vertex -41.8108 -7.30993 3.3
    endloop
  endfacet
  facet normal -0.813653 -0.58135 0
    outer loop
      vertex -41.4434 -7.82414 2.4
      vertex -41.8108 -7.30993 3.3
      vertex -41.8108 -7.30993 2.4
    endloop
  endfacet
  facet normal -0.813653 -0.58135 0
    outer loop
      vertex -41.8108 -7.30993 3.3
      vertex -41.4434 -7.82414 2.4
      vertex -41.4434 -7.82414 3.3
    endloop
  endfacet
  facet normal -0.536715 -0.843764 0
    outer loop
      vertex -41.4434 -7.82414 2.4
      vertex -40.635 -8.33836 3.3
      vertex -41.4434 -7.82414 3.3
    endloop
  endfacet
  facet normal -0.536715 -0.843764 -0
    outer loop
      vertex -40.635 -8.33836 3.3
      vertex -41.4434 -7.82414 2.4
      vertex -40.635 -8.33836 2.4
    endloop
  endfacet
  facet normal -0.993879 0.110473 0
    outer loop
      vertex -40.7085 -8.99961 2.4
      vertex -40.635 -8.33836 3.3
      vertex -40.635 -8.33836 2.4
    endloop
  endfacet
  facet normal -0.993879 0.110473 0
    outer loop
      vertex -40.635 -8.33836 3.3
      vertex -40.7085 -8.99961 2.4
      vertex -40.7085 -8.99961 3.3
    endloop
  endfacet
  facet normal -0.920935 -0.389716 0
    outer loop
      vertex -39.9002 -10.9097 2.4
      vertex -40.7085 -8.99961 3.3
      vertex -40.7085 -8.99961 2.4
    endloop
  endfacet
  facet normal -0.920935 -0.389716 0
    outer loop
      vertex -40.7085 -8.99961 3.3
      vertex -39.9002 -10.9097 2.4
      vertex -39.9002 -10.9097 3.3
    endloop
  endfacet
  facet normal -0.599956 -0.800033 0
    outer loop
      vertex -39.9002 -10.9097 2.4
      vertex -39.3124 -11.3505 3.3
      vertex -39.9002 -10.9097 3.3
    endloop
  endfacet
  facet normal -0.599956 -0.800033 -0
    outer loop
      vertex -39.3124 -11.3505 3.3
      vertex -39.9002 -10.9097 2.4
      vertex -39.3124 -11.3505 2.4
    endloop
  endfacet
  facet normal -0.919127 -0.393962 0
    outer loop
      vertex -39.092 -11.8647 2.4
      vertex -39.3124 -11.3505 3.3
      vertex -39.3124 -11.3505 2.4
    endloop
  endfacet
  facet normal -0.919127 -0.393962 0
    outer loop
      vertex -39.3124 -11.3505 3.3
      vertex -39.092 -11.8647 2.4
      vertex -39.092 -11.8647 3.3
    endloop
  endfacet
  facet normal -0.514376 -0.857565 0
    outer loop
      vertex -39.092 -11.8647 2.4
      vertex -38.3571 -12.3055 3.3
      vertex -39.092 -11.8647 3.3
    endloop
  endfacet
  facet normal -0.514376 -0.857565 -0
    outer loop
      vertex -38.3571 -12.3055 3.3
      vertex -39.092 -11.8647 2.4
      vertex -38.3571 -12.3055 2.4
    endloop
  endfacet
  facet normal 0.17881 -0.983884 0
    outer loop
      vertex -38.3571 -12.3055 2.4
      vertex -37.5488 -12.1586 3.3
      vertex -38.3571 -12.3055 3.3
    endloop
  endfacet
  facet normal 0.17881 -0.983884 0
    outer loop
      vertex -37.5488 -12.1586 3.3
      vertex -38.3571 -12.3055 2.4
      vertex -37.5488 -12.1586 2.4
    endloop
  endfacet
  facet normal -0.0665145 -0.997785 0
    outer loop
      vertex -19.6195 -8.04449 2.4
      vertex -17.4151 -8.19144 3.3
      vertex -19.6195 -8.04449 3.3
    endloop
  endfacet
  facet normal -0.0665145 -0.997785 -0
    outer loop
      vertex -17.4151 -8.19144 3.3
      vertex -19.6195 -8.04449 2.4
      vertex -17.4151 -8.19144 2.4
    endloop
  endfacet
  facet normal 0 -1 0
    outer loop
      vertex -17.4151 -8.19144 2.4
      vertex -10.2874 -8.19144 3.3
      vertex -17.4151 -8.19144 3.3
    endloop
  endfacet
  facet normal 0 -1 -0
    outer loop
      vertex -10.2874 -8.19144 3.3
      vertex -17.4151 -8.19144 2.4
      vertex -10.2874 -8.19144 2.4
    endloop
  endfacet
  facet normal 0.0752424 -0.997165 0
    outer loop
      vertex -10.2874 -8.19144 2.4
      vertex -6.39283 -7.89757 3.3
      vertex -10.2874 -8.19144 3.3
    endloop
  endfacet
  facet normal 0.0752424 -0.997165 0
    outer loop
      vertex -6.39283 -7.89757 3.3
      vertex -10.2874 -8.19144 2.4
      vertex -6.39283 -7.89757 2.4
    endloop
  endfacet
  facet normal -0.171309 -0.985217 0
    outer loop
      vertex -6.39283 -7.89757 2.4
      vertex -4.70275 -8.19144 3.3
      vertex -6.39283 -7.89757 3.3
    endloop
  endfacet
  facet normal -0.171309 -0.985217 -0
    outer loop
      vertex -4.70275 -8.19144 3.3
      vertex -6.39283 -7.89757 2.4
      vertex -4.70275 -8.19144 2.4
    endloop
  endfacet
  facet normal 0 -1 0
    outer loop
      vertex -4.70275 -8.19144 2.4
      vertex -0.220457 -8.19144 3.3
      vertex -4.70275 -8.19144 3.3
    endloop
  endfacet
  facet normal 0 -1 -0
    outer loop
      vertex -0.220457 -8.19144 3.3
      vertex -4.70275 -8.19144 2.4
      vertex -0.220457 -8.19144 2.4
    endloop
  endfacet
  facet normal 0.0548465 -0.998495 0
    outer loop
      vertex -0.220457 -8.19144 2.4
      vertex 6.46633 -7.82414 3.3
      vertex -0.220457 -8.19144 3.3
    endloop
  endfacet
  facet normal 0.0548465 -0.998495 0
    outer loop
      vertex 6.46633 -7.82414 3.3
      vertex -0.220457 -8.19144 2.4
      vertex 6.46633 -7.82414 2.4
    endloop
  endfacet
  facet normal 0 -1 0
    outer loop
      vertex 6.46633 -7.82414 2.4
      vertex 10.8752 -7.82414 3.3
      vertex 6.46633 -7.82414 3.3
    endloop
  endfacet
  facet normal 0 -1 -0
    outer loop
      vertex 10.8752 -7.82414 3.3
      vertex 6.46633 -7.82414 2.4
      vertex 10.8752 -7.82414 2.4
    endloop
  endfacet
  facet normal -0.132142 -0.991231 0
    outer loop
      vertex 10.8752 -7.82414 2.4
      vertex 13.0796 -8.11801 3.3
      vertex 10.8752 -7.82414 3.3
    endloop
  endfacet
  facet normal -0.132142 -0.991231 -0
    outer loop
      vertex 13.0796 -8.11801 3.3
      vertex 10.8752 -7.82414 2.4
      vertex 13.0796 -8.11801 2.4
    endloop
  endfacet
  facet normal 0.110397 -0.993888 0
    outer loop
      vertex 13.0796 -8.11801 2.4
      vertex 14.4023 -7.97109 3.3
      vertex 13.0796 -8.11801 3.3
    endloop
  endfacet
  facet normal 0.110397 -0.993888 0
    outer loop
      vertex 14.4023 -7.97109 3.3
      vertex 13.0796 -8.11801 2.4
      vertex 14.4023 -7.97109 2.4
    endloop
  endfacet
  facet normal -0.0149073 -0.999889 0
    outer loop
      vertex 14.4023 -7.97109 2.4
      vertex 19.3255 -8.04449 3.3
      vertex 14.4023 -7.97109 3.3
    endloop
  endfacet
  facet normal -0.0149073 -0.999889 -0
    outer loop
      vertex 19.3255 -8.04449 3.3
      vertex 14.4023 -7.97109 2.4
      vertex 19.3255 -8.04449 2.4
    endloop
  endfacet
  facet normal 0.0293901 -0.999568 0
    outer loop
      vertex 19.3255 -8.04449 2.4
      vertex 24.3223 -7.89757 3.3
      vertex 19.3255 -8.04449 3.3
    endloop
  endfacet
  facet normal 0.0293901 -0.999568 0
    outer loop
      vertex 24.3223 -7.89757 3.3
      vertex 19.3255 -8.04449 2.4
      vertex 24.3223 -7.89757 2.4
    endloop
  endfacet
  facet normal 0 -1 0
    outer loop
      vertex 24.3223 -7.89757 2.4
      vertex 33.7279 -7.89757 3.3
      vertex 24.3223 -7.89757 3.3
    endloop
  endfacet
  facet normal 0 -1 -0
    outer loop
      vertex 33.7279 -7.89757 3.3
      vertex 24.3223 -7.89757 2.4
      vertex 33.7279 -7.89757 2.4
    endloop
  endfacet
  facet normal -0.19609 -0.980586 0
    outer loop
      vertex 33.7279 -7.89757 2.4
      vertex 34.4626 -8.04449 3.3
      vertex 33.7279 -7.89757 3.3
    endloop
  endfacet
  facet normal -0.19609 -0.980586 -0
    outer loop
      vertex 34.4626 -8.04449 3.3
      vertex 33.7279 -7.89757 2.4
      vertex 34.4626 -8.04449 2.4
    endloop
  endfacet
  facet normal 0.0118908 -0.999929 0
    outer loop
      vertex 34.4626 -8.04449 2.4
      vertex 40.635 -7.97109 3.3
      vertex 34.4626 -8.04449 3.3
    endloop
  endfacet
  facet normal 0.0118908 -0.999929 0
    outer loop
      vertex 40.635 -7.97109 3.3
      vertex 34.4626 -8.04449 2.4
      vertex 40.635 -7.97109 2.4
    endloop
  endfacet
  facet normal -0.0416125 -0.999134 0
    outer loop
      vertex 40.635 -7.97109 2.4
      vertex 45.9257 -8.19144 3.3
      vertex 40.635 -7.97109 3.3
    endloop
  endfacet
  facet normal -0.0416125 -0.999134 -0
    outer loop
      vertex 45.9257 -8.19144 3.3
      vertex 40.635 -7.97109 2.4
      vertex 45.9257 -8.19144 2.4
    endloop
  endfacet
  facet normal 0.00960817 -0.999954 0
    outer loop
      vertex 45.9257 -8.19144 2.4
      vertex 53.5678 -8.11801 3.3
      vertex 45.9257 -8.19144 3.3
    endloop
  endfacet
  facet normal 0.00960817 -0.999954 0
    outer loop
      vertex 53.5678 -8.11801 3.3
      vertex 45.9257 -8.19144 2.4
      vertex 53.5678 -8.11801 2.4
    endloop
  endfacet
  facet normal 0.224868 -0.974389 0
    outer loop
      vertex 53.5678 -8.11801 2.4
      vertex 54.523 -7.89757 3.3
      vertex 53.5678 -8.11801 3.3
    endloop
  endfacet
  facet normal 0.224868 -0.974389 0
    outer loop
      vertex 54.523 -7.89757 3.3
      vertex 53.5678 -8.11801 2.4
      vertex 54.523 -7.89757 2.4
    endloop
  endfacet
  facet normal 0 -1 0
    outer loop
      vertex 54.523 -7.89757 2.4
      vertex 55.6986 -7.89757 3.3
      vertex 54.523 -7.89757 3.3
    endloop
  endfacet
  facet normal 0 -1 -0
    outer loop
      vertex 55.6986 -7.89757 3.3
      vertex 54.523 -7.89757 2.4
      vertex 55.6986 -7.89757 2.4
    endloop
  endfacet
  facet normal -0.554491 -0.83219 0
    outer loop
      vertex 55.6986 -7.89757 2.4
      vertex 55.9191 -8.04449 3.3
      vertex 55.6986 -7.89757 3.3
    endloop
  endfacet
  facet normal -0.554491 -0.83219 -0
    outer loop
      vertex 55.9191 -8.04449 3.3
      vertex 55.6986 -7.89757 2.4
      vertex 55.9191 -8.04449 2.4
    endloop
  endfacet
  facet normal -0.0475904 -0.998867 0
    outer loop
      vertex 55.9191 -8.04449 2.4
      vertex 57.4622 -8.11801 3.3
      vertex 55.9191 -8.04449 3.3
    endloop
  endfacet
  facet normal -0.0475904 -0.998867 -0
    outer loop
      vertex 57.4622 -8.11801 3.3
      vertex 55.9191 -8.04449 2.4
      vertex 57.4622 -8.11801 2.4
    endloop
  endfacet
  facet normal 0.141411 -0.989951 0
    outer loop
      vertex 57.4622 -8.11801 2.4
      vertex 59.0054 -7.89757 3.3
      vertex 57.4622 -8.11801 3.3
    endloop
  endfacet
  facet normal 0.141411 -0.989951 0
    outer loop
      vertex 59.0054 -7.89757 3.3
      vertex 57.4622 -8.11801 2.4
      vertex 59.0054 -7.89757 2.4
    endloop
  endfacet
  facet normal -0.152023 -0.988377 0
    outer loop
      vertex 59.0054 -7.89757 2.4
      vertex 59.9606 -8.04449 3.3
      vertex 59.0054 -7.89757 3.3
    endloop
  endfacet
  facet normal -0.152023 -0.988377 -0
    outer loop
      vertex 59.9606 -8.04449 3.3
      vertex 59.0054 -7.89757 2.4
      vertex 59.9606 -8.04449 2.4
    endloop
  endfacet
  facet normal 0.242489 -0.970154 0
    outer loop
      vertex 59.9606 -8.04449 2.4
      vertex 60.5484 -7.89757 3.3
      vertex 59.9606 -8.04449 3.3
    endloop
  endfacet
  facet normal 0.242489 -0.970154 0
    outer loop
      vertex 60.5484 -7.89757 3.3
      vertex 59.9606 -8.04449 2.4
      vertex 60.5484 -7.89757 2.4
    endloop
  endfacet
  facet normal 0.0332907 -0.999446 0
    outer loop
      vertex 60.5484 -7.89757 2.4
      vertex 62.7529 -7.82414 3.3
      vertex 60.5484 -7.89757 3.3
    endloop
  endfacet
  facet normal 0.0332907 -0.999446 0
    outer loop
      vertex 62.7529 -7.82414 3.3
      vertex 60.5484 -7.89757 2.4
      vertex 62.7529 -7.82414 2.4
    endloop
  endfacet
  facet normal -0.0262892 -0.999654 0
    outer loop
      vertex 62.7529 -7.82414 2.4
      vertex 65.5451 -7.89757 3.3
      vertex 62.7529 -7.82414 3.3
    endloop
  endfacet
  facet normal -0.0262892 -0.999654 -0
    outer loop
      vertex 65.5451 -7.89757 3.3
      vertex 62.7529 -7.82414 2.4
      vertex 65.5451 -7.89757 2.4
    endloop
  endfacet
  facet normal 0.998268 -0.0588307 0
    outer loop
      vertex 65.5451 -7.89757 3.3
      vertex 65.6187 -6.64869 2.4
      vertex 65.6187 -6.64869 3.3
    endloop
  endfacet
  facet normal 0.998268 -0.0588307 0
    outer loop
      vertex 65.6187 -6.64869 2.4
      vertex 65.5451 -7.89757 3.3
      vertex 65.5451 -7.89757 2.4
    endloop
  endfacet
  facet normal 0.00283049 0.999996 -0
    outer loop
      vertex 65.6187 -6.64869 2.4
      vertex 39.6798 -6.57527 3.3
      vertex 65.6187 -6.64869 3.3
    endloop
  endfacet
  facet normal 0.00283049 0.999996 0
    outer loop
      vertex 39.6798 -6.57527 3.3
      vertex 65.6187 -6.64869 2.4
      vertex 39.6798 -6.57527 2.4
    endloop
  endfacet
  facet normal -0.116822 0.993153 0
    outer loop
      vertex 39.6798 -6.57527 2.4
      vertex 38.4306 -6.72221 3.3
      vertex 39.6798 -6.57527 3.3
    endloop
  endfacet
  facet normal -0.116822 0.993153 0
    outer loop
      vertex 38.4306 -6.72221 3.3
      vertex 39.6798 -6.57527 2.4
      vertex 38.4306 -6.72221 2.4
    endloop
  endfacet
  facet normal 0 1 -0
    outer loop
      vertex 38.4306 -6.72221 2.4
      vertex 34.9035 -6.72221 3.3
      vertex 38.4306 -6.72221 3.3
    endloop
  endfacet
  facet normal 0 1 0
    outer loop
      vertex 34.9035 -6.72221 3.3
      vertex 38.4306 -6.72221 2.4
      vertex 34.9035 -6.72221 2.4
    endloop
  endfacet
  facet normal 0.132146 0.99123 -0
    outer loop
      vertex 34.9035 -6.72221 2.4
      vertex 33.8013 -6.57527 3.3
      vertex 34.9035 -6.72221 3.3
    endloop
  endfacet
  facet normal 0.132146 0.99123 0
    outer loop
      vertex 33.8013 -6.57527 3.3
      vertex 34.9035 -6.72221 2.4
      vertex 33.8013 -6.57527 2.4
    endloop
  endfacet
  facet normal -0.0256119 0.999672 0
    outer loop
      vertex 33.8013 -6.57527 2.4
      vertex 30.9356 -6.64869 3.3
      vertex 33.8013 -6.57527 3.3
    endloop
  endfacet
  facet normal -0.0256119 0.999672 0
    outer loop
      vertex 30.9356 -6.64869 3.3
      vertex 33.8013 -6.57527 2.4
      vertex 30.9356 -6.64869 2.4
    endloop
  endfacet
  facet normal 0.045399 0.998969 -0
    outer loop
      vertex 30.9356 -6.64869 2.4
      vertex 27.7023 -6.50175 3.3
      vertex 30.9356 -6.64869 3.3
    endloop
  endfacet
  facet normal 0.045399 0.998969 0
    outer loop
      vertex 27.7023 -6.50175 3.3
      vertex 30.9356 -6.64869 2.4
      vertex 27.7023 -6.50175 2.4
    endloop
  endfacet
  facet normal -0.0623714 0.998053 0
    outer loop
      vertex 27.7023 -6.50175 2.4
      vertex 25.351 -6.64869 3.3
      vertex 27.7023 -6.50175 3.3
    endloop
  endfacet
  facet normal -0.0623714 0.998053 0
    outer loop
      vertex 25.351 -6.64869 3.3
      vertex 27.7023 -6.50175 2.4
      vertex 25.351 -6.64869 2.4
    endloop
  endfacet
  facet normal 0.0112259 0.999937 -0
    outer loop
      vertex 25.351 -6.64869 2.4
      vertex 18.8112 -6.57527 3.3
      vertex 25.351 -6.64869 3.3
    endloop
  endfacet
  facet normal 0.0112259 0.999937 0
    outer loop
      vertex 18.8112 -6.57527 3.3
      vertex 25.351 -6.64869 2.4
      vertex 18.8112 -6.57527 2.4
    endloop
  endfacet
  facet normal -0.16437 0.986399 0
    outer loop
      vertex 18.8112 -6.57527 2.4
      vertex 17.9294 -6.72221 3.3
      vertex 18.8112 -6.57527 3.3
    endloop
  endfacet
  facet normal -0.16437 0.986399 0
    outer loop
      vertex 17.9294 -6.72221 3.3
      vertex 18.8112 -6.57527 2.4
      vertex 17.9294 -6.72221 2.4
    endloop
  endfacet
  facet normal 0.00495304 0.999988 -0
    outer loop
      vertex 17.9294 -6.72221 2.4
      vertex 3.08617 -6.64869 3.3
      vertex 17.9294 -6.72221 3.3
    endloop
  endfacet
  facet normal 0.00495304 0.999988 0
    outer loop
      vertex 3.08617 -6.64869 3.3
      vertex 17.9294 -6.72221 2.4
      vertex 3.08617 -6.64869 2.4
    endloop
  endfacet
  facet normal 0.110421 0.993885 -0
    outer loop
      vertex 3.08617 -6.64869 2.4
      vertex 1.76358 -6.50175 3.3
      vertex 3.08617 -6.64869 3.3
    endloop
  endfacet
  facet normal 0.110421 0.993885 0
    outer loop
      vertex 1.76358 -6.50175 3.3
      vertex 3.08617 -6.64869 2.4
      vertex 1.76358 -6.50175 2.4
    endloop
  endfacet
  facet normal 0 1 -0
    outer loop
      vertex 1.76358 -6.50175 2.4
      vertex -11.9039 -6.50175 3.3
      vertex 1.76358 -6.50175 3.3
    endloop
  endfacet
  facet normal 0 1 0
    outer loop
      vertex -11.9039 -6.50175 3.3
      vertex 1.76358 -6.50175 2.4
      vertex -11.9039 -6.50175 2.4
    endloop
  endfacet
  facet normal -0.141392 0.989954 0
    outer loop
      vertex -11.9039 -6.50175 2.4
      vertex -12.9327 -6.64869 3.3
      vertex -11.9039 -6.50175 3.3
    endloop
  endfacet
  facet normal -0.141392 0.989954 0
    outer loop
      vertex -12.9327 -6.64869 3.3
      vertex -11.9039 -6.50175 2.4
      vertex -12.9327 -6.64869 2.4
    endloop
  endfacet
  facet normal 0.00632368 0.99998 -0
    outer loop
      vertex -12.9327 -6.64869 2.4
      vertex -24.5428 -6.57527 3.3
      vertex -12.9327 -6.64869 3.3
    endloop
  endfacet
  facet normal 0.00632368 0.99998 0
    outer loop
      vertex -24.5428 -6.57527 3.3
      vertex -12.9327 -6.64869 2.4
      vertex -24.5428 -6.57527 2.4
    endloop
  endfacet
  facet normal -0.976194 0.216899 0
    outer loop
      vertex -24.8366 -7.89757 2.4
      vertex -24.5428 -6.57527 3.3
      vertex -24.5428 -6.57527 2.4
    endloop
  endfacet
  facet normal -0.976194 0.216899 0
    outer loop
      vertex -24.5428 -6.57527 3.3
      vertex -24.8366 -7.89757 2.4
      vertex -24.8366 -7.89757 3.3
    endloop
  endfacet
  facet normal -0.62463 -0.780921 0
    outer loop
      vertex -24.8366 -7.89757 2.4
      vertex -24.4692 -8.19144 3.3
      vertex -24.8366 -7.89757 3.3
    endloop
  endfacet
  facet normal -0.62463 -0.780921 -0
    outer loop
      vertex -24.4692 -8.19144 3.3
      vertex -24.8366 -7.89757 2.4
      vertex -24.4692 -8.19144 2.4
    endloop
  endfacet
  facet normal 0 -1 0
    outer loop
      vertex -24.4692 -8.19144 2.4
      vertex -19.9868 -8.19144 3.3
      vertex -24.4692 -8.19144 3.3
    endloop
  endfacet
  facet normal 0 -1 -0
    outer loop
      vertex -19.9868 -8.19144 3.3
      vertex -24.4692 -8.19144 2.4
      vertex -19.9868 -8.19144 2.4
    endloop
  endfacet
  facet normal 0.371456 -0.928451 0
    outer loop
      vertex -19.9868 -8.19144 2.4
      vertex -19.6195 -8.04449 3.3
      vertex -19.9868 -8.19144 3.3
    endloop
  endfacet
  facet normal 0.371456 -0.928451 0
    outer loop
      vertex -19.6195 -8.04449 3.3
      vertex -19.9868 -8.19144 2.4
      vertex -19.6195 -8.04449 2.4
    endloop
  endfacet
  facet normal 0.496012 -0.868316 0
    outer loop
      vertex 31.3029 -14.2892 2.4
      vertex 31.8174 -13.9953 3.3
      vertex 31.3029 -14.2892 3.3
    endloop
  endfacet
  facet normal 0.496012 -0.868316 0
    outer loop
      vertex 31.8174 -13.9953 3.3
      vertex 31.3029 -14.2892 2.4
      vertex 31.8174 -13.9953 2.4
    endloop
  endfacet
  facet normal 0 -1 0
    outer loop
      vertex 31.8174 -13.9953 2.4
      vertex 33.7279 -13.9953 3.3
      vertex 31.8174 -13.9953 3.3
    endloop
  endfacet
  facet normal 0 -1 -0
    outer loop
      vertex 33.7279 -13.9953 3.3
      vertex 31.8174 -13.9953 2.4
      vertex 33.7279 -13.9953 2.4
    endloop
  endfacet
  facet normal -0.600087 -0.799935 0
    outer loop
      vertex 33.7279 -13.9953 2.4
      vertex 34.0217 -14.2157 3.3
      vertex 33.7279 -13.9953 3.3
    endloop
  endfacet
  facet normal -0.600087 -0.799935 -0
    outer loop
      vertex 34.0217 -14.2157 3.3
      vertex 33.7279 -13.9953 2.4
      vertex 34.0217 -14.2157 2.4
    endloop
  endfacet
  facet normal -0.992249 -0.124263 0
    outer loop
      vertex 34.0953 -14.8034 2.4
      vertex 34.0217 -14.2157 3.3
      vertex 34.0217 -14.2157 2.4
    endloop
  endfacet
  facet normal -0.992249 -0.124263 0
    outer loop
      vertex 34.0217 -14.2157 3.3
      vertex 34.0953 -14.8034 2.4
      vertex 34.0953 -14.8034 3.3
    endloop
  endfacet
  facet normal 0 -1 0
    outer loop
      vertex 34.0953 -14.8034 2.4
      vertex 34.9771 -14.8034 3.3
      vertex 34.0953 -14.8034 3.3
    endloop
  endfacet
  facet normal 0 -1 -0
    outer loop
      vertex 34.9771 -14.8034 3.3
      vertex 34.0953 -14.8034 2.4
      vertex 34.9771 -14.8034 2.4
    endloop
  endfacet
  facet normal 0.894458 -0.447153 0
    outer loop
      vertex 34.9771 -14.8034 3.3
      vertex 35.2709 -14.2157 2.4
      vertex 35.2709 -14.2157 3.3
    endloop
  endfacet
  facet normal 0.894458 -0.447153 0
    outer loop
      vertex 35.2709 -14.2157 2.4
      vertex 34.9771 -14.8034 3.3
      vertex 34.9771 -14.8034 2.4
    endloop
  endfacet
  facet normal 0.995033 -0.0995439 0
    outer loop
      vertex 35.2709 -14.2157 3.3
      vertex 35.3444 -13.481 2.4
      vertex 35.3444 -13.481 3.3
    endloop
  endfacet
  facet normal 0.995033 -0.0995439 0
    outer loop
      vertex 35.3444 -13.481 2.4
      vertex 35.2709 -14.2157 3.3
      vertex 35.2709 -14.2157 2.4
    endloop
  endfacet
  facet normal 0.799918 0.600109 0
    outer loop
      vertex 35.3444 -13.481 3.3
      vertex 34.9035 -12.8933 2.4
      vertex 34.9035 -12.8933 3.3
    endloop
  endfacet
  facet normal 0.799918 0.600109 0
    outer loop
      vertex 34.9035 -12.8933 2.4
      vertex 35.3444 -13.481 3.3
      vertex 35.3444 -13.481 2.4
    endloop
  endfacet
  facet normal 0.948659 -0.316302 0
    outer loop
      vertex 34.9035 -12.8933 3.3
      vertex 35.4179 -11.3505 2.4
      vertex 35.4179 -11.3505 3.3
    endloop
  endfacet
  facet normal 0.948659 -0.316302 0
    outer loop
      vertex 35.4179 -11.3505 2.4
      vertex 34.9035 -12.8933 3.3
      vertex 34.9035 -12.8933 2.4
    endloop
  endfacet
  facet normal 0.98994 -0.141489 0
    outer loop
      vertex 35.4179 -11.3505 3.3
      vertex 35.5649 -10.322 2.4
      vertex 35.5649 -10.322 3.3
    endloop
  endfacet
  facet normal 0.98994 -0.141489 0
    outer loop
      vertex 35.5649 -10.322 2.4
      vertex 35.4179 -11.3505 3.3
      vertex 35.4179 -11.3505 2.4
    endloop
  endfacet
  facet normal 0.6 0.8 -0
    outer loop
      vertex 35.5649 -10.322 2.4
      vertex 35.2709 -10.1015 3.3
      vertex 35.5649 -10.322 3.3
    endloop
  endfacet
  facet normal 0.6 0.8 0
    outer loop
      vertex 35.2709 -10.1015 3.3
      vertex 35.5649 -10.322 2.4
      vertex 35.2709 -10.1015 2.4
    endloop
  endfacet
  facet normal 0.0332786 0.999446 -0
    outer loop
      vertex 35.2709 -10.1015 2.4
      vertex 33.0665 -10.0281 3.3
      vertex 35.2709 -10.1015 3.3
    endloop
  endfacet
  facet normal 0.0332786 0.999446 0
    outer loop
      vertex 33.0665 -10.0281 3.3
      vertex 35.2709 -10.1015 2.4
      vertex 33.0665 -10.0281 2.4
    endloop
  endfacet
  facet normal -0.216993 0.976173 0
    outer loop
      vertex 33.0665 -10.0281 2.4
      vertex 32.4052 -10.1751 3.3
      vertex 33.0665 -10.0281 3.3
    endloop
  endfacet
  facet normal -0.216993 0.976173 0
    outer loop
      vertex 32.4052 -10.1751 3.3
      vertex 33.0665 -10.0281 2.4
      vertex 32.4052 -10.1751 2.4
    endloop
  endfacet
  facet normal -0.813648 0.581358 0
    outer loop
      vertex 32.0378 -10.6893 2.4
      vertex 32.4052 -10.1751 3.3
      vertex 32.4052 -10.1751 2.4
    endloop
  endfacet
  facet normal -0.813648 0.581358 0
    outer loop
      vertex 32.4052 -10.1751 3.3
      vertex 32.0378 -10.6893 2.4
      vertex 32.0378 -10.6893 3.3
    endloop
  endfacet
  facet normal -0.922163 0.386802 0
    outer loop
      vertex 31.0825 -12.9668 2.4
      vertex 32.0378 -10.6893 3.3
      vertex 32.0378 -10.6893 2.4
    endloop
  endfacet
  facet normal -0.922163 0.386802 0
    outer loop
      vertex 32.0378 -10.6893 3.3
      vertex 31.0825 -12.9668 2.4
      vertex 31.0825 -12.9668 3.3
    endloop
  endfacet
  facet normal -0.573343 0.819316 0
    outer loop
      vertex 31.0825 -12.9668 2.4
      vertex 30.3477 -13.481 3.3
      vertex 31.0825 -12.9668 3.3
    endloop
  endfacet
  facet normal -0.573343 0.819316 0
    outer loop
      vertex 30.3477 -13.481 3.3
      vertex 31.0825 -12.9668 2.4
      vertex 30.3477 -13.481 2.4
    endloop
  endfacet
  facet normal -0.992271 0.124087 0
    outer loop
      vertex 30.2007 -14.6565 2.4
      vertex 30.3477 -13.481 3.3
      vertex 30.3477 -13.481 2.4
    endloop
  endfacet
  facet normal -0.992271 0.124087 0
    outer loop
      vertex 30.3477 -13.481 3.3
      vertex 30.2007 -14.6565 2.4
      vertex 30.2007 -14.6565 3.3
    endloop
  endfacet
  facet normal -0.706866 -0.707347 0
    outer loop
      vertex 30.2007 -14.6565 2.4
      vertex 30.3477 -14.8034 3.3
      vertex 30.2007 -14.6565 3.3
    endloop
  endfacet
  facet normal -0.706866 -0.707347 -0
    outer loop
      vertex 30.3477 -14.8034 3.3
      vertex 30.2007 -14.6565 2.4
      vertex 30.3477 -14.8034 2.4
    endloop
  endfacet
  facet normal 0 -1 0
    outer loop
      vertex 30.3477 -14.8034 2.4
      vertex 31.156 -14.8034 3.3
      vertex 30.3477 -14.8034 3.3
    endloop
  endfacet
  facet normal 0 -1 -0
    outer loop
      vertex 31.156 -14.8034 3.3
      vertex 30.3477 -14.8034 2.4
      vertex 31.156 -14.8034 2.4
    endloop
  endfacet
  facet normal 0.961531 -0.274696 0
    outer loop
      vertex 31.156 -14.8034 3.3
      vertex 31.3029 -14.2892 2.4
      vertex 31.3029 -14.2892 3.3
    endloop
  endfacet
  facet normal 0.961531 -0.274696 0
    outer loop
      vertex 31.3029 -14.2892 2.4
      vertex 31.156 -14.8034 3.3
      vertex 31.156 -14.8034 2.4
    endloop
  endfacet
  facet normal 0.894427 0.447214 0
    outer loop
      vertex 32.4052 -13.1871 3.3
      vertex 32.2583 -12.8933 2.4
      vertex 32.2583 -12.8933 3.3
    endloop
  endfacet
  facet normal 0.894427 0.447214 0
    outer loop
      vertex 32.2583 -12.8933 2.4
      vertex 32.4052 -13.1871 3.3
      vertex 32.4052 -13.1871 2.4
    endloop
  endfacet
  facet normal 0.909052 -0.416683 0
    outer loop
      vertex 32.2583 -12.8933 3.3
      vertex 33.0665 -11.1301 2.4
      vertex 33.0665 -11.1301 3.3
    endloop
  endfacet
  facet normal 0.909052 -0.416683 0
    outer loop
      vertex 33.0665 -11.1301 2.4
      vertex 32.2583 -12.8933 3.3
      vertex 32.2583 -12.8933 2.4
    endloop
  endfacet
  facet normal 0.496157 -0.868233 0
    outer loop
      vertex 33.0665 -11.1301 2.4
      vertex 33.5808 -10.8362 3.3
      vertex 33.0665 -11.1301 3.3
    endloop
  endfacet
  facet normal 0.496157 -0.868233 0
    outer loop
      vertex 33.5808 -10.8362 3.3
      vertex 33.0665 -11.1301 2.4
      vertex 33.5808 -10.8362 2.4
    endloop
  endfacet
  facet normal -0.164435 -0.986388 0
    outer loop
      vertex 33.5808 -10.8362 2.4
      vertex 34.0217 -10.9097 3.3
      vertex 33.5808 -10.8362 3.3
    endloop
  endfacet
  facet normal -0.164435 -0.986388 -0
    outer loop
      vertex 34.0217 -10.9097 3.3
      vertex 33.5808 -10.8362 2.4
      vertex 34.0217 -10.9097 2.4
    endloop
  endfacet
  facet normal -0.94864 -0.316357 0
    outer loop
      vertex 34.1687 -11.3505 2.4
      vertex 34.0217 -10.9097 3.3
      vertex 34.0217 -10.9097 2.4
    endloop
  endfacet
  facet normal -0.94864 -0.316357 0
    outer loop
      vertex 34.0217 -10.9097 3.3
      vertex 34.1687 -11.3505 2.4
      vertex 34.1687 -11.3505 3.3
    endloop
  endfacet
  facet normal -0.964765 0.263112 0
    outer loop
      vertex 33.7279 -12.9668 2.4
      vertex 34.1687 -11.3505 3.3
      vertex 34.1687 -11.3505 2.4
    endloop
  endfacet
  facet normal -0.964765 0.263112 0
    outer loop
      vertex 34.1687 -11.3505 3.3
      vertex 33.7279 -12.9668 2.4
      vertex 33.7279 -12.9668 3.3
    endloop
  endfacet
  facet normal -0.624565 0.780972 0
    outer loop
      vertex 33.7279 -12.9668 2.4
      vertex 33.3604 -13.2607 3.3
      vertex 33.7279 -12.9668 3.3
    endloop
  endfacet
  facet normal -0.624565 0.780972 0
    outer loop
      vertex 33.3604 -13.2607 3.3
      vertex 33.7279 -12.9668 2.4
      vertex 33.3604 -13.2607 2.4
    endloop
  endfacet
  facet normal 0.0768242 0.997045 -0
    outer loop
      vertex 33.3604 -13.2607 2.4
      vertex 32.4052 -13.1871 3.3
      vertex 33.3604 -13.2607 3.3
    endloop
  endfacet
  facet normal 0.0768242 0.997045 0
    outer loop
      vertex 32.4052 -13.1871 3.3
      vertex 33.3604 -13.2607 2.4
      vertex 32.4052 -13.1871 2.4
    endloop
  endfacet
  facet normal 0.832079 -0.554657 0
    outer loop
      vertex 11.3161 -14.1423 3.3
      vertex 11.61 -13.7014 2.4
      vertex 11.61 -13.7014 3.3
    endloop
  endfacet
  facet normal 0.832079 -0.554657 0
    outer loop
      vertex 11.61 -13.7014 2.4
      vertex 11.3161 -14.1423 3.3
      vertex 11.3161 -14.1423 2.4
    endloop
  endfacet
  facet normal 0.928407 0.371565 0
    outer loop
      vertex 11.61 -13.7014 3.3
      vertex 11.463 -13.3341 2.4
      vertex 11.463 -13.3341 3.3
    endloop
  endfacet
  facet normal 0.928407 0.371565 0
    outer loop
      vertex 11.463 -13.3341 2.4
      vertex 11.61 -13.7014 3.3
      vertex 11.61 -13.7014 2.4
    endloop
  endfacet
  facet normal 0.0369724 0.999316 -0
    outer loop
      vertex 11.463 -13.3341 2.4
      vertex 9.47909 -13.2607 3.3
      vertex 11.463 -13.3341 3.3
    endloop
  endfacet
  facet normal 0.0369724 0.999316 0
    outer loop
      vertex 9.47909 -13.2607 3.3
      vertex 11.463 -13.3341 2.4
      vertex 9.47909 -13.2607 2.4
    endloop
  endfacet
  facet normal 0.600065 0.799951 -0
    outer loop
      vertex 9.47909 -13.2607 2.4
      vertex 9.18514 -13.0402 3.3
      vertex 9.47909 -13.2607 3.3
    endloop
  endfacet
  facet normal 0.600065 0.799951 0
    outer loop
      vertex 9.18514 -13.0402 3.3
      vertex 9.47909 -13.2607 2.4
      vertex 9.18514 -13.0402 2.4
    endloop
  endfacet
  facet normal 0.978977 -0.203968 0
    outer loop
      vertex 9.18514 -13.0402 3.3
      vertex 9.5525 -11.277 2.4
      vertex 9.5525 -11.277 3.3
    endloop
  endfacet
  facet normal 0.978977 -0.203968 0
    outer loop
      vertex 9.5525 -11.277 2.4
      vertex 9.18514 -13.0402 3.3
      vertex 9.18514 -13.0402 2.4
    endloop
  endfacet
  facet normal 0.707027 -0.707187 0
    outer loop
      vertex 9.5525 -11.277 2.4
      vertex 9.9934 -10.8362 3.3
      vertex 9.5525 -11.277 3.3
    endloop
  endfacet
  facet normal 0.707027 -0.707187 0
    outer loop
      vertex 9.9934 -10.8362 3.3
      vertex 9.5525 -11.277 2.4
      vertex 9.9934 -10.8362 2.4
    endloop
  endfacet
  facet normal -0.0554826 -0.99846 0
    outer loop
      vertex 9.9934 -10.8362 2.4
      vertex 11.3161 -10.9097 3.3
      vertex 9.9934 -10.8362 3.3
    endloop
  endfacet
  facet normal -0.0554826 -0.99846 -0
    outer loop
      vertex 11.3161 -10.9097 3.3
      vertex 9.9934 -10.8362 2.4
      vertex 11.3161 -10.9097 2.4
    endloop
  endfacet
  facet normal 0.152003 -0.98838 0
    outer loop
      vertex 11.3161 -10.9097 2.4
      vertex 12.2713 -10.7628 3.3
      vertex 11.3161 -10.9097 3.3
    endloop
  endfacet
  facet normal 0.152003 -0.98838 0
    outer loop
      vertex 12.2713 -10.7628 3.3
      vertex 11.3161 -10.9097 2.4
      vertex 12.2713 -10.7628 2.4
    endloop
  endfacet
  facet normal 0.961496 -0.27482 0
    outer loop
      vertex 12.2713 -10.7628 3.3
      vertex 12.4183 -10.2485 2.4
      vertex 12.4183 -10.2485 3.3
    endloop
  endfacet
  facet normal 0.961496 -0.27482 0
    outer loop
      vertex 12.4183 -10.2485 2.4
      vertex 12.2713 -10.7628 3.3
      vertex 12.2713 -10.7628 2.4
    endloop
  endfacet
  facet normal 0.447132 0.894468 -0
    outer loop
      vertex 12.4183 -10.2485 2.4
      vertex 11.9774 -10.0281 3.3
      vertex 12.4183 -10.2485 3.3
    endloop
  endfacet
  facet normal 0.447132 0.894468 0
    outer loop
      vertex 11.9774 -10.0281 3.3
      vertex 12.4183 -10.2485 2.4
      vertex 11.9774 -10.0281 2.4
    endloop
  endfacet
  facet normal 0 1 -0
    outer loop
      vertex 11.9774 -10.0281 2.4
      vertex 9.40558 -10.0281 3.3
      vertex 11.9774 -10.0281 3.3
    endloop
  endfacet
  facet normal 0 1 0
    outer loop
      vertex 9.40558 -10.0281 3.3
      vertex 11.9774 -10.0281 2.4
      vertex 9.40558 -10.0281 2.4
    endloop
  endfacet
  facet normal -0.371495 0.928435 0
    outer loop
      vertex 9.40558 -10.0281 2.4
      vertex 9.0382 -10.1751 3.3
      vertex 9.40558 -10.0281 3.3
    endloop
  endfacet
  facet normal -0.371495 0.928435 0
    outer loop
      vertex 9.0382 -10.1751 3.3
      vertex 9.40558 -10.0281 2.4
      vertex 9.0382 -10.1751 2.4
    endloop
  endfacet
  facet normal -0.640064 0.768321 0
    outer loop
      vertex 9.0382 -10.1751 2.4
      vertex 8.5973 -10.5424 3.3
      vertex 9.0382 -10.1751 3.3
    endloop
  endfacet
  facet normal -0.640064 0.768321 0
    outer loop
      vertex 8.5973 -10.5424 3.3
      vertex 9.0382 -10.1751 2.4
      vertex 8.5973 -10.5424 2.4
    endloop
  endfacet
  facet normal -0.959343 0.282242 0
    outer loop
      vertex 7.86244 -13.0402 2.4
      vertex 8.5973 -10.5424 3.3
      vertex 8.5973 -10.5424 2.4
    endloop
  endfacet
  facet normal -0.959343 0.282242 0
    outer loop
      vertex 8.5973 -10.5424 3.3
      vertex 7.86244 -13.0402 2.4
      vertex 7.86244 -13.0402 3.3
    endloop
  endfacet
  facet normal -0.993875 -0.110511 0
    outer loop
      vertex 7.93596 -13.7014 2.4
      vertex 7.86244 -13.0402 3.3
      vertex 7.86244 -13.0402 2.4
    endloop
  endfacet
  facet normal -0.993875 -0.110511 0
    outer loop
      vertex 7.86244 -13.0402 3.3
      vertex 7.93596 -13.7014 2.4
      vertex 7.93596 -13.7014 3.3
    endloop
  endfacet
  facet normal -0.658474 -0.752604 0
    outer loop
      vertex 7.93596 -13.7014 2.4
      vertex 8.52378 -14.2157 3.3
      vertex 7.93596 -13.7014 3.3
    endloop
  endfacet
  facet normal -0.658474 -0.752604 -0
    outer loop
      vertex 8.52378 -14.2157 3.3
      vertex 7.93596 -13.7014 2.4
      vertex 8.52378 -14.2157 2.4
    endloop
  endfacet
  facet normal 0.0262773 -0.999655 0
    outer loop
      vertex 8.52378 -14.2157 2.4
      vertex 11.3161 -14.1423 3.3
      vertex 8.52378 -14.2157 3.3
    endloop
  endfacet
  facet normal 0.0262773 -0.999655 0
    outer loop
      vertex 11.3161 -14.1423 3.3
      vertex 8.52378 -14.2157 2.4
      vertex 11.3161 -14.1423 2.4
    endloop
  endfacet
  facet normal 0.707107 -0.707107 0
    outer loop
      vertex 29.025 -13.9953 2.4
      vertex 29.3924 -13.6279 3.3
      vertex 29.025 -13.9953 3.3
    endloop
  endfacet
  facet normal 0.707107 -0.707107 0
    outer loop
      vertex 29.3924 -13.6279 3.3
      vertex 29.025 -13.9953 2.4
      vertex 29.3924 -13.6279 2.4
    endloop
  endfacet
  facet normal 0.956996 -0.290103 0
    outer loop
      vertex 29.3924 -13.6279 3.3
      vertex 30.1273 -11.2036 2.4
      vertex 30.1273 -11.2036 3.3
    endloop
  endfacet
  facet normal 0.956996 -0.290103 0
    outer loop
      vertex 30.1273 -11.2036 2.4
      vertex 29.3924 -13.6279 3.3
      vertex 29.3924 -13.6279 2.4
    endloop
  endfacet
  facet normal 0.995033 0.0995439 0
    outer loop
      vertex 30.1273 -11.2036 3.3
      vertex 30.0538 -10.4689 2.4
      vertex 30.0538 -10.4689 3.3
    endloop
  endfacet
  facet normal 0.995033 0.0995439 0
    outer loop
      vertex 30.0538 -10.4689 2.4
      vertex 30.1273 -11.2036 3.3
      vertex 30.1273 -11.2036 2.4
    endloop
  endfacet
  facet normal 0.599891 0.800082 -0
    outer loop
      vertex 30.0538 -10.4689 2.4
      vertex 29.4659 -10.0281 3.3
      vertex 30.0538 -10.4689 3.3
    endloop
  endfacet
  facet normal 0.599891 0.800082 0
    outer loop
      vertex 29.4659 -10.0281 3.3
      vertex 30.0538 -10.4689 2.4
      vertex 29.4659 -10.0281 2.4
    endloop
  endfacet
  facet normal 0 1 -0
    outer loop
      vertex 29.4659 -10.0281 2.4
      vertex 26.9676 -10.0281 3.3
      vertex 29.4659 -10.0281 3.3
    endloop
  endfacet
  facet normal 0 1 0
    outer loop
      vertex 26.9676 -10.0281 3.3
      vertex 29.4659 -10.0281 2.4
      vertex 26.9676 -10.0281 2.4
    endloop
  endfacet
  facet normal -0.393833 0.919182 0
    outer loop
      vertex 26.9676 -10.0281 2.4
      vertex 26.4532 -10.2485 3.3
      vertex 26.9676 -10.0281 3.3
    endloop
  endfacet
  facet normal -0.393833 0.919182 0
    outer loop
      vertex 26.4532 -10.2485 3.3
      vertex 26.9676 -10.0281 2.4
      vertex 26.4532 -10.2485 2.4
    endloop
  endfacet
  facet normal -0.799918 0.600109 0
    outer loop
      vertex 26.0123 -10.8362 2.4
      vertex 26.4532 -10.2485 3.3
      vertex 26.4532 -10.2485 2.4
    endloop
  endfacet
  facet normal -0.799918 0.600109 0
    outer loop
      vertex 26.4532 -10.2485 3.3
      vertex 26.0123 -10.8362 2.4
      vertex 26.0123 -10.8362 3.3
    endloop
  endfacet
  facet normal -0.988362 0.152119 0
    outer loop
      vertex 25.8653 -11.7913 2.4
      vertex 26.0123 -10.8362 3.3
      vertex 26.0123 -10.8362 2.4
    endloop
  endfacet
  facet normal -0.988362 0.152119 0
    outer loop
      vertex 26.0123 -10.8362 3.3
      vertex 25.8653 -11.7913 2.4
      vertex 25.8653 -11.7913 3.3
    endloop
  endfacet
  facet normal -0.942964 0.332895 0
    outer loop
      vertex 25.4244 -13.0402 2.4
      vertex 25.8653 -11.7913 3.3
      vertex 25.8653 -11.7913 2.4
    endloop
  endfacet
  facet normal -0.942964 0.332895 0
    outer loop
      vertex 25.8653 -11.7913 3.3
      vertex 25.4244 -13.0402 2.4
      vertex 25.4244 -13.0402 3.3
    endloop
  endfacet
  facet normal -0.955744 -0.294198 0
    outer loop
      vertex 25.7184 -13.9953 2.4
      vertex 25.4244 -13.0402 3.3
      vertex 25.4244 -13.0402 2.4
    endloop
  endfacet
  facet normal -0.955744 -0.294198 0
    outer loop
      vertex 25.4244 -13.0402 3.3
      vertex 25.7184 -13.9953 2.4
      vertex 25.7184 -13.9953 3.3
    endloop
  endfacet
  facet normal -0.707347 -0.706866 0
    outer loop
      vertex 25.8653 -14.1423 2.4
      vertex 25.7184 -13.9953 3.3
      vertex 25.7184 -13.9953 2.4
    endloop
  endfacet
  facet normal -0.707347 -0.706866 0
    outer loop
      vertex 25.7184 -13.9953 3.3
      vertex 25.8653 -14.1423 2.4
      vertex 25.8653 -14.1423 3.3
    endloop
  endfacet
  facet normal 0 -1 0
    outer loop
      vertex 25.8653 -14.1423 2.4
      vertex 28.6576 -14.1423 3.3
      vertex 25.8653 -14.1423 3.3
    endloop
  endfacet
  facet normal 0 -1 -0
    outer loop
      vertex 28.6576 -14.1423 3.3
      vertex 25.8653 -14.1423 2.4
      vertex 28.6576 -14.1423 2.4
    endloop
  endfacet
  facet normal 0.371478 -0.928442 0
    outer loop
      vertex 28.6576 -14.1423 2.4
      vertex 29.025 -13.9953 3.3
      vertex 28.6576 -14.1423 3.3
    endloop
  endfacet
  facet normal 0.371478 -0.928442 0
    outer loop
      vertex 29.025 -13.9953 3.3
      vertex 28.6576 -14.1423 2.4
      vertex 29.025 -13.9953 2.4
    endloop
  endfacet
  facet normal 0.928372 0.371652 0
    outer loop
      vertex 26.8941 -13.1871 3.3
      vertex 26.7471 -12.8199 2.4
      vertex 26.7471 -12.8199 3.3
    endloop
  endfacet
  facet normal 0.928372 0.371652 0
    outer loop
      vertex 26.7471 -12.8199 2.4
      vertex 26.8941 -13.1871 3.3
      vertex 26.8941 -13.1871 2.4
    endloop
  endfacet
  facet normal 0.939753 -0.341855 0
    outer loop
      vertex 26.7471 -12.8199 3.3
      vertex 27.0411 -12.0117 2.4
      vertex 27.0411 -12.0117 3.3
    endloop
  endfacet
  facet normal 0.939753 -0.341855 0
    outer loop
      vertex 27.0411 -12.0117 2.4
      vertex 26.7471 -12.8199 3.3
      vertex 26.7471 -12.8199 2.4
    endloop
  endfacet
  facet normal 0.9959 -0.090458 0
    outer loop
      vertex 27.0411 -12.0117 3.3
      vertex 27.1145 -11.2036 2.4
      vertex 27.1145 -11.2036 3.3
    endloop
  endfacet
  facet normal 0.9959 -0.090458 0
    outer loop
      vertex 27.1145 -11.2036 2.4
      vertex 27.0411 -12.0117 3.3
      vertex 27.0411 -12.0117 2.4
    endloop
  endfacet
  facet normal 0.581208 -0.813755 0
    outer loop
      vertex 27.1145 -11.2036 2.4
      vertex 27.6289 -10.8362 3.3
      vertex 27.1145 -11.2036 3.3
    endloop
  endfacet
  facet normal 0.581208 -0.813755 0
    outer loop
      vertex 27.6289 -10.8362 3.3
      vertex 27.1145 -11.2036 2.4
      vertex 27.6289 -10.8362 2.4
    endloop
  endfacet
  facet normal -0.141367 -0.989957 0
    outer loop
      vertex 27.6289 -10.8362 2.4
      vertex 28.6576 -10.9831 3.3
      vertex 27.6289 -10.8362 3.3
    endloop
  endfacet
  facet normal -0.141367 -0.989957 -0
    outer loop
      vertex 28.6576 -10.9831 3.3
      vertex 27.6289 -10.8362 2.4
      vertex 28.6576 -10.9831 2.4
    endloop
  endfacet
  facet normal -0.948662 -0.316292 0
    outer loop
      vertex 28.8046 -11.424 2.4
      vertex 28.6576 -10.9831 3.3
      vertex 28.6576 -10.9831 2.4
    endloop
  endfacet
  facet normal -0.948662 -0.316292 0
    outer loop
      vertex 28.6576 -10.9831 3.3
      vertex 28.8046 -11.424 2.4
      vertex 28.8046 -11.424 3.3
    endloop
  endfacet
  facet normal -0.961507 0.274779 0
    outer loop
      vertex 28.3637 -12.9668 2.4
      vertex 28.8046 -11.424 3.3
      vertex 28.8046 -11.424 2.4
    endloop
  endfacet
  facet normal -0.961507 0.274779 0
    outer loop
      vertex 28.8046 -11.424 3.3
      vertex 28.3637 -12.9668 2.4
      vertex 28.3637 -12.9668 3.3
    endloop
  endfacet
  facet normal -0.624669 0.78089 0
    outer loop
      vertex 28.3637 -12.9668 2.4
      vertex 27.9963 -13.2607 3.3
      vertex 28.3637 -12.9668 3.3
    endloop
  endfacet
  facet normal -0.624669 0.78089 0
    outer loop
      vertex 27.9963 -13.2607 3.3
      vertex 28.3637 -12.9668 2.4
      vertex 27.9963 -13.2607 2.4
    endloop
  endfacet
  facet normal 0.0666272 0.997778 -0
    outer loop
      vertex 27.9963 -13.2607 2.4
      vertex 26.8941 -13.1871 3.3
      vertex 27.9963 -13.2607 3.3
    endloop
  endfacet
  facet normal 0.0666272 0.997778 0
    outer loop
      vertex 26.8941 -13.1871 3.3
      vertex 27.9963 -13.2607 2.4
      vertex 26.8941 -13.1871 2.4
    endloop
  endfacet
  facet normal 0.831934 -0.554874 0
    outer loop
      vertex 52.9798 -13.9218 3.3
      vertex 53.2738 -13.481 2.4
      vertex 53.2738 -13.481 3.3
    endloop
  endfacet
  facet normal 0.831934 -0.554874 0
    outer loop
      vertex 53.2738 -13.481 2.4
      vertex 52.9798 -13.9218 3.3
      vertex 52.9798 -13.9218 2.4
    endloop
  endfacet
  facet normal 0.581103 -0.81383 0
    outer loop
      vertex 53.2738 -13.481 2.4
      vertex 53.7882 -13.1137 3.3
      vertex 53.2738 -13.481 3.3
    endloop
  endfacet
  facet normal 0.581103 -0.81383 0
    outer loop
      vertex 53.7882 -13.1137 3.3
      vertex 53.2738 -13.481 2.4
      vertex 53.7882 -13.1137 2.4
    endloop
  endfacet
  facet normal 0 -1 0
    outer loop
      vertex 53.7882 -13.1137 2.4
      vertex 54.817 -13.1137 3.3
      vertex 53.7882 -13.1137 3.3
    endloop
  endfacet
  facet normal 0 -1 -0
    outer loop
      vertex 54.817 -13.1137 3.3
      vertex 53.7882 -13.1137 2.4
      vertex 54.817 -13.1137 2.4
    endloop
  endfacet
  facet normal -0.600087 -0.799935 0
    outer loop
      vertex 54.817 -13.1137 2.4
      vertex 55.1108 -13.3341 3.3
      vertex 54.817 -13.1137 3.3
    endloop
  endfacet
  facet normal -0.600087 -0.799935 -0
    outer loop
      vertex 55.1108 -13.3341 3.3
      vertex 54.817 -13.1137 2.4
      vertex 55.1108 -13.3341 2.4
    endloop
  endfacet
  facet normal -0.986382 -0.164472 0
    outer loop
      vertex 55.1843 -13.7749 2.4
      vertex 55.1108 -13.3341 3.3
      vertex 55.1108 -13.3341 2.4
    endloop
  endfacet
  facet normal -0.986382 -0.164472 0
    outer loop
      vertex 55.1108 -13.3341 3.3
      vertex 55.1843 -13.7749 2.4
      vertex 55.1843 -13.7749 3.3
    endloop
  endfacet
  facet normal 0.090558 -0.995891 0
    outer loop
      vertex 55.1843 -13.7749 2.4
      vertex 55.9926 -13.7014 3.3
      vertex 55.1843 -13.7749 3.3
    endloop
  endfacet
  facet normal 0.090558 -0.995891 0
    outer loop
      vertex 55.9926 -13.7014 3.3
      vertex 55.1843 -13.7749 2.4
      vertex 55.9926 -13.7014 2.4
    endloop
  endfacet
  facet normal 0.832108 -0.554613 0
    outer loop
      vertex 55.9926 -13.7014 3.3
      vertex 56.1395 -13.481 2.4
      vertex 56.1395 -13.481 3.3
    endloop
  endfacet
  facet normal 0.832108 -0.554613 0
    outer loop
      vertex 56.1395 -13.481 2.4
      vertex 55.9926 -13.7014 3.3
      vertex 55.9926 -13.7014 2.4
    endloop
  endfacet
  facet normal 0.99973 0.0232289 0
    outer loop
      vertex 56.1395 -13.481 3.3
      vertex 56.0661 -10.322 2.4
      vertex 56.0661 -10.322 3.3
    endloop
  endfacet
  facet normal 0.99973 0.0232289 0
    outer loop
      vertex 56.0661 -10.322 2.4
      vertex 56.1395 -13.481 3.3
      vertex 56.1395 -13.481 2.4
    endloop
  endfacet
  facet normal 0.600131 0.799902 -0
    outer loop
      vertex 56.0661 -10.322 2.4
      vertex 55.7722 -10.1015 3.3
      vertex 56.0661 -10.322 3.3
    endloop
  endfacet
  facet normal 0.600131 0.799902 0
    outer loop
      vertex 55.7722 -10.1015 3.3
      vertex 56.0661 -10.322 2.4
      vertex 55.7722 -10.1015 2.4
    endloop
  endfacet
  facet normal -0.0400332 0.999198 0
    outer loop
      vertex 55.7722 -10.1015 2.4
      vertex 53.9352 -10.1751 3.3
      vertex 55.7722 -10.1015 3.3
    endloop
  endfacet
  facet normal -0.0400332 0.999198 0
    outer loop
      vertex 53.9352 -10.1751 3.3
      vertex 55.7722 -10.1015 2.4
      vertex 53.9352 -10.1751 2.4
    endloop
  endfacet
  facet normal -0.813637 0.581373 0
    outer loop
      vertex 53.2003 -11.2036 2.4
      vertex 53.9352 -10.1751 3.3
      vertex 53.9352 -10.1751 2.4
    endloop
  endfacet
  facet normal -0.813637 0.581373 0
    outer loop
      vertex 53.9352 -10.1751 3.3
      vertex 53.2003 -11.2036 2.4
      vertex 53.2003 -11.2036 3.3
    endloop
  endfacet
  facet normal -0.909441 0.415832 0
    outer loop
      vertex 52.0246 -13.7749 2.4
      vertex 53.2003 -11.2036 3.3
      vertex 53.2003 -11.2036 2.4
    endloop
  endfacet
  facet normal -0.909441 0.415832 0
    outer loop
      vertex 53.2003 -11.2036 3.3
      vertex 52.0246 -13.7749 2.4
      vertex 52.0246 -13.7749 3.3
    endloop
  endfacet
  facet normal -0.447132 -0.894468 0
    outer loop
      vertex 52.0246 -13.7749 2.4
      vertex 52.4655 -13.9953 3.3
      vertex 52.0246 -13.7749 3.3
    endloop
  endfacet
  facet normal -0.447132 -0.894468 -0
    outer loop
      vertex 52.4655 -13.9953 3.3
      vertex 52.0246 -13.7749 2.4
      vertex 52.4655 -13.9953 2.4
    endloop
  endfacet
  facet normal 0.141475 -0.989942 0
    outer loop
      vertex 52.4655 -13.9953 2.4
      vertex 52.9798 -13.9218 3.3
      vertex 52.4655 -13.9953 3.3
    endloop
  endfacet
  facet normal 0.141475 -0.989942 0
    outer loop
      vertex 52.9798 -13.9218 3.3
      vertex 52.4655 -13.9953 2.4
      vertex 52.9798 -13.9218 2.4
    endloop
  endfacet
  facet normal 0.599956 0.800033 -0
    outer loop
      vertex 54.3025 -12.4525 2.4
      vertex 54.0086 -12.2321 3.3
      vertex 54.3025 -12.4525 3.3
    endloop
  endfacet
  facet normal 0.599956 0.800033 0
    outer loop
      vertex 54.0086 -12.2321 3.3
      vertex 54.3025 -12.4525 2.4
      vertex 54.0086 -12.2321 2.4
    endloop
  endfacet
  facet normal 1 -0 0
    outer loop
      vertex 54.0086 -12.2321 3.3
      vertex 54.0086 -12.0117 2.4
      vertex 54.0086 -12.0117 3.3
    endloop
  endfacet
  facet normal 1 0 0
    outer loop
      vertex 54.0086 -12.0117 2.4
      vertex 54.0086 -12.2321 3.3
      vertex 54.0086 -12.2321 2.4
    endloop
  endfacet
  facet normal 0.894354 -0.44736 0
    outer loop
      vertex 54.0086 -12.0117 3.3
      vertex 54.3761 -11.277 2.4
      vertex 54.3761 -11.277 3.3
    endloop
  endfacet
  facet normal 0.894354 -0.44736 0
    outer loop
      vertex 54.3761 -11.277 2.4
      vertex 54.0086 -12.0117 3.3
      vertex 54.0086 -12.0117 2.4
    endloop
  endfacet
  facet normal 0.599913 -0.800065 0
    outer loop
      vertex 54.3761 -11.277 2.4
      vertex 54.6699 -11.0567 3.3
      vertex 54.3761 -11.277 3.3
    endloop
  endfacet
  facet normal 0.599913 -0.800065 0
    outer loop
      vertex 54.6699 -11.0567 3.3
      vertex 54.3761 -11.277 2.4
      vertex 54.6699 -11.0567 2.4
    endloop
  endfacet
  facet normal -0.599652 -0.800261 0
    outer loop
      vertex 54.6699 -11.0567 2.4
      vertex 54.9639 -11.277 3.3
      vertex 54.6699 -11.0567 3.3
    endloop
  endfacet
  facet normal -0.599652 -0.800261 -0
    outer loop
      vertex 54.9639 -11.277 3.3
      vertex 54.6699 -11.0567 2.4
      vertex 54.9639 -11.277 2.4
    endloop
  endfacet
  facet normal -0.997052 -0.0767284 0
    outer loop
      vertex 55.0374 -12.2321 2.4
      vertex 54.9639 -11.277 3.3
      vertex 54.9639 -11.277 2.4
    endloop
  endfacet
  facet normal -0.997052 -0.0767284 0
    outer loop
      vertex 54.9639 -11.277 3.3
      vertex 55.0374 -12.2321 2.4
      vertex 55.0374 -12.2321 3.3
    endloop
  endfacet
  facet normal -0.599826 0.800131 0
    outer loop
      vertex 55.0374 -12.2321 2.4
      vertex 54.7434 -12.4525 3.3
      vertex 55.0374 -12.2321 3.3
    endloop
  endfacet
  facet normal -0.599826 0.800131 0
    outer loop
      vertex 54.7434 -12.4525 3.3
      vertex 55.0374 -12.2321 2.4
      vertex 54.7434 -12.4525 2.4
    endloop
  endfacet
  facet normal 0 1 -0
    outer loop
      vertex 54.7434 -12.4525 2.4
      vertex 54.3025 -12.4525 3.3
      vertex 54.7434 -12.4525 3.3
    endloop
  endfacet
  facet normal 0 1 0
    outer loop
      vertex 54.3025 -12.4525 3.3
      vertex 54.7434 -12.4525 2.4
      vertex 54.3025 -12.4525 2.4
    endloop
  endfacet
  facet normal 0.908645 -0.41757 0
    outer loop
      vertex 42.4721 -13.8484 3.3
      vertex 43.7213 -11.1301 2.4
      vertex 43.7213 -11.1301 3.3
    endloop
  endfacet
  facet normal 0.908645 -0.41757 0
    outer loop
      vertex 43.7213 -11.1301 2.4
      vertex 42.4721 -13.8484 3.3
      vertex 42.4721 -13.8484 2.4
    endloop
  endfacet
  facet normal 0.658414 -0.752656 0
    outer loop
      vertex 43.7213 -11.1301 2.4
      vertex 44.3091 -10.6159 3.3
      vertex 43.7213 -11.1301 3.3
    endloop
  endfacet
  facet normal 0.658414 -0.752656 0
    outer loop
      vertex 44.3091 -10.6159 3.3
      vertex 43.7213 -11.1301 2.4
      vertex 44.3091 -10.6159 2.4
    endloop
  endfacet
  facet normal -0.554526 -0.832166 0
    outer loop
      vertex 44.3091 -10.6159 2.4
      vertex 44.75 -10.9097 3.3
      vertex 44.3091 -10.6159 3.3
    endloop
  endfacet
  facet normal -0.554526 -0.832166 -0
    outer loop
      vertex 44.75 -10.9097 3.3
      vertex 44.3091 -10.6159 2.4
      vertex 44.75 -10.9097 2.4
    endloop
  endfacet
  facet normal -0.981486 0.191533 0
    outer loop
      vertex 44.1622 -13.9218 2.4
      vertex 44.75 -10.9097 3.3
      vertex 44.75 -10.9097 2.4
    endloop
  endfacet
  facet normal -0.981486 0.191533 0
    outer loop
      vertex 44.75 -10.9097 3.3
      vertex 44.1622 -13.9218 2.4
      vertex 44.1622 -13.9218 3.3
    endloop
  endfacet
  facet normal -0.0830735 -0.996543 0
    outer loop
      vertex 44.1622 -13.9218 2.4
      vertex 45.0439 -13.9953 3.3
      vertex 44.1622 -13.9218 3.3
    endloop
  endfacet
  facet normal -0.0830735 -0.996543 -0
    outer loop
      vertex 45.0439 -13.9953 3.3
      vertex 44.1622 -13.9218 2.4
      vertex 45.0439 -13.9953 2.4
    endloop
  endfacet
  facet normal 0.78089 -0.624669 0
    outer loop
      vertex 45.0439 -13.9953 3.3
      vertex 45.3378 -13.6279 2.4
      vertex 45.3378 -13.6279 3.3
    endloop
  endfacet
  facet normal 0.78089 -0.624669 0
    outer loop
      vertex 45.3378 -13.6279 2.4
      vertex 45.0439 -13.9953 3.3
      vertex 45.0439 -13.9953 2.4
    endloop
  endfacet
  facet normal 0.972795 -0.231667 0
    outer loop
      vertex 45.3378 -13.6279 3.3
      vertex 46.0726 -10.5424 2.4
      vertex 46.0726 -10.5424 3.3
    endloop
  endfacet
  facet normal 0.972795 -0.231667 0
    outer loop
      vertex 46.0726 -10.5424 2.4
      vertex 45.3378 -13.6279 3.3
      vertex 45.3378 -13.6279 2.4
    endloop
  endfacet
  facet normal 0.970201 0.242303 0
    outer loop
      vertex 46.0726 -10.5424 3.3
      vertex 45.9992 -10.2485 2.4
      vertex 45.9992 -10.2485 3.3
    endloop
  endfacet
  facet normal 0.970201 0.242303 0
    outer loop
      vertex 45.9992 -10.2485 2.4
      vertex 46.0726 -10.5424 3.3
      vertex 46.0726 -10.5424 2.4
    endloop
  endfacet
  facet normal 0.447214 0.894427 -0
    outer loop
      vertex 45.9992 -10.2485 2.4
      vertex 45.7052 -10.1015 3.3
      vertex 45.9992 -10.2485 3.3
    endloop
  endfacet
  facet normal 0.447214 0.894427 0
    outer loop
      vertex 45.7052 -10.1015 3.3
      vertex 45.9992 -10.2485 2.4
      vertex 45.7052 -10.1015 2.4
    endloop
  endfacet
  facet normal -0.0294473 0.999566 0
    outer loop
      vertex 45.7052 -10.1015 2.4
      vertex 43.2069 -10.1751 3.3
      vertex 45.7052 -10.1015 3.3
    endloop
  endfacet
  facet normal -0.0294473 0.999566 0
    outer loop
      vertex 43.2069 -10.1751 3.3
      vertex 45.7052 -10.1015 2.4
      vertex 43.2069 -10.1751 2.4
    endloop
  endfacet
  facet normal -0.831953 0.554845 0
    outer loop
      vertex 42.766 -10.8362 2.4
      vertex 43.2069 -10.1751 3.3
      vertex 43.2069 -10.1751 2.4
    endloop
  endfacet
  facet normal -0.831953 0.554845 0
    outer loop
      vertex 43.2069 -10.1751 3.3
      vertex 42.766 -10.8362 2.4
      vertex 42.766 -10.8362 3.3
    endloop
  endfacet
  facet normal -0.919131 0.393952 0
    outer loop
      vertex 41.8843 -12.8933 2.4
      vertex 42.766 -10.8362 3.3
      vertex 42.766 -10.8362 2.4
    endloop
  endfacet
  facet normal -0.919131 0.393952 0
    outer loop
      vertex 42.766 -10.8362 3.3
      vertex 41.8843 -12.8933 2.4
      vertex 41.8843 -12.8933 3.3
    endloop
  endfacet
  facet normal -0.624552 0.780983 0
    outer loop
      vertex 41.8843 -12.8933 2.4
      vertex 41.1494 -13.481 3.3
      vertex 41.8843 -12.8933 3.3
    endloop
  endfacet
  facet normal -0.624552 0.780983 0
    outer loop
      vertex 41.1494 -13.481 3.3
      vertex 41.8843 -12.8933 2.4
      vertex 41.1494 -13.481 2.4
    endloop
  endfacet
  facet normal -1 0 0
    outer loop
      vertex 41.1494 -13.8484 2.4
      vertex 41.1494 -13.481 3.3
      vertex 41.1494 -13.481 2.4
    endloop
  endfacet
  facet normal -1 -0 0
    outer loop
      vertex 41.1494 -13.481 3.3
      vertex 41.1494 -13.8484 2.4
      vertex 41.1494 -13.8484 3.3
    endloop
  endfacet
  facet normal -0.706866 -0.707347 0
    outer loop
      vertex 41.1494 -13.8484 2.4
      vertex 41.2964 -13.9953 3.3
      vertex 41.1494 -13.8484 3.3
    endloop
  endfacet
  facet normal -0.706866 -0.707347 -0
    outer loop
      vertex 41.2964 -13.9953 3.3
      vertex 41.1494 -13.8484 2.4
      vertex 41.2964 -13.9953 2.4
    endloop
  endfacet
  facet normal -0.082952 -0.996554 0
    outer loop
      vertex 41.2964 -13.9953 2.4
      vertex 42.1782 -14.0687 3.3
      vertex 41.2964 -13.9953 3.3
    endloop
  endfacet
  facet normal -0.082952 -0.996554 -0
    outer loop
      vertex 42.1782 -14.0687 3.3
      vertex 41.2964 -13.9953 2.4
      vertex 42.1782 -14.0687 2.4
    endloop
  endfacet
  facet normal 0.599782 -0.800163 0
    outer loop
      vertex 42.1782 -14.0687 2.4
      vertex 42.4721 -13.8484 3.3
      vertex 42.1782 -14.0687 3.3
    endloop
  endfacet
  facet normal 0.599782 -0.800163 0
    outer loop
      vertex 42.4721 -13.8484 3.3
      vertex 42.1782 -14.0687 2.4
      vertex 42.4721 -13.8484 2.4
    endloop
  endfacet
  facet normal -0.0623545 -0.998054 0
    outer loop
      vertex 37.4754 -13.8484 2.4
      vertex 39.8267 -13.9953 3.3
      vertex 37.4754 -13.8484 3.3
    endloop
  endfacet
  facet normal -0.0623545 -0.998054 -0
    outer loop
      vertex 39.8267 -13.9953 3.3
      vertex 37.4754 -13.8484 2.4
      vertex 39.8267 -13.9953 2.4
    endloop
  endfacet
  facet normal 0.857431 -0.514599 0
    outer loop
      vertex 39.8267 -13.9953 3.3
      vertex 40.0472 -13.6279 2.4
      vertex 40.0472 -13.6279 3.3
    endloop
  endfacet
  facet normal 0.857431 -0.514599 0
    outer loop
      vertex 40.0472 -13.6279 2.4
      vertex 39.8267 -13.9953 3.3
      vertex 39.8267 -13.9953 2.4
    endloop
  endfacet
  facet normal 0.970181 0.24238 0
    outer loop
      vertex 40.0472 -13.6279 3.3
      vertex 39.9738 -13.3341 2.4
      vertex 39.9738 -13.3341 3.3
    endloop
  endfacet
  facet normal 0.970181 0.24238 0
    outer loop
      vertex 39.9738 -13.3341 2.4
      vertex 40.0472 -13.6279 3.3
      vertex 40.0472 -13.6279 2.4
    endloop
  endfacet
  facet normal 0.0383889 0.999263 -0
    outer loop
      vertex 39.9738 -13.3341 2.4
      vertex 38.0632 -13.2607 3.3
      vertex 39.9738 -13.3341 3.3
    endloop
  endfacet
  facet normal 0.0383889 0.999263 0
    outer loop
      vertex 38.0632 -13.2607 3.3
      vertex 39.9738 -13.3341 2.4
      vertex 38.0632 -13.2607 2.4
    endloop
  endfacet
  facet normal 0.78089 0.624669 0
    outer loop
      vertex 38.0632 -13.2607 3.3
      vertex 37.7693 -12.8933 2.4
      vertex 37.7693 -12.8933 3.3
    endloop
  endfacet
  facet normal 0.78089 0.624669 0
    outer loop
      vertex 37.7693 -12.8933 2.4
      vertex 38.0632 -13.2607 3.3
      vertex 38.0632 -13.2607 2.4
    endloop
  endfacet
  facet normal 0.759142 -0.650925 0
    outer loop
      vertex 37.7693 -12.8933 3.3
      vertex 38.2102 -12.3791 2.4
      vertex 38.2102 -12.3791 3.3
    endloop
  endfacet
  facet normal 0.759142 -0.650925 0
    outer loop
      vertex 38.2102 -12.3791 2.4
      vertex 37.7693 -12.8933 3.3
      vertex 37.7693 -12.8933 2.4
    endloop
  endfacet
  facet normal 0 -1 0
    outer loop
      vertex 38.2102 -12.3791 2.4
      vertex 39.3858 -12.3791 3.3
      vertex 38.2102 -12.3791 3.3
    endloop
  endfacet
  facet normal 0 -1 -0
    outer loop
      vertex 39.3858 -12.3791 3.3
      vertex 38.2102 -12.3791 2.4
      vertex 39.3858 -12.3791 2.4
    endloop
  endfacet
  facet normal 0.371325 -0.928503 0
    outer loop
      vertex 39.3858 -12.3791 2.4
      vertex 40.1207 -12.0852 3.3
      vertex 39.3858 -12.3791 3.3
    endloop
  endfacet
  facet normal 0.371325 -0.928503 0
    outer loop
      vertex 40.1207 -12.0852 3.3
      vertex 39.3858 -12.3791 2.4
      vertex 40.1207 -12.0852 2.4
    endloop
  endfacet
  facet normal 0.928529 0.37126 0
    outer loop
      vertex 40.1207 -12.0852 3.3
      vertex 39.9738 -11.7178 2.4
      vertex 39.9738 -11.7178 3.3
    endloop
  endfacet
  facet normal 0.928529 0.37126 0
    outer loop
      vertex 39.9738 -11.7178 2.4
      vertex 40.1207 -12.0852 3.3
      vertex 40.1207 -12.0852 2.4
    endloop
  endfacet
  facet normal 0.0453544 0.998971 -0
    outer loop
      vertex 39.9738 -11.7178 2.4
      vertex 38.3571 -11.6444 3.3
      vertex 39.9738 -11.7178 3.3
    endloop
  endfacet
  facet normal 0.0453544 0.998971 0
    outer loop
      vertex 38.3571 -11.6444 3.3
      vertex 39.9738 -11.7178 2.4
      vertex 38.3571 -11.6444 2.4
    endloop
  endfacet
  facet normal 0.928529 0.37126 0
    outer loop
      vertex 38.3571 -11.6444 3.3
      vertex 38.2102 -11.277 2.4
      vertex 38.2102 -11.277 3.3
    endloop
  endfacet
  facet normal 0.928529 0.37126 0
    outer loop
      vertex 38.2102 -11.277 2.4
      vertex 38.3571 -11.6444 3.3
      vertex 38.3571 -11.6444 2.4
    endloop
  endfacet
  facet normal 0.780807 -0.624773 0
    outer loop
      vertex 38.2102 -11.277 3.3
      vertex 38.5041 -10.9097 2.4
      vertex 38.5041 -10.9097 3.3
    endloop
  endfacet
  facet normal 0.780807 -0.624773 0
    outer loop
      vertex 38.5041 -10.9097 2.4
      vertex 38.2102 -11.277 3.3
      vertex 38.2102 -11.277 2.4
    endloop
  endfacet
  facet normal 0.124056 -0.992275 0
    outer loop
      vertex 38.5041 -10.9097 2.4
      vertex 39.092 -10.8362 3.3
      vertex 38.5041 -10.9097 3.3
    endloop
  endfacet
  facet normal 0.124056 -0.992275 0
    outer loop
      vertex 39.092 -10.8362 3.3
      vertex 38.5041 -10.9097 2.4
      vertex 39.092 -10.8362 2.4
    endloop
  endfacet
  facet normal 0.599913 -0.800065 0
    outer loop
      vertex 39.092 -10.8362 2.4
      vertex 39.3858 -10.6159 3.3
      vertex 39.092 -10.8362 3.3
    endloop
  endfacet
  facet normal 0.599913 -0.800065 0
    outer loop
      vertex 39.3858 -10.6159 3.3
      vertex 39.092 -10.8362 2.4
      vertex 39.3858 -10.6159 2.4
    endloop
  endfacet
  facet normal -0.0554073 -0.998464 0
    outer loop
      vertex 39.3858 -10.6159 2.4
      vertex 40.7085 -10.6893 3.3
      vertex 39.3858 -10.6159 3.3
    endloop
  endfacet
  facet normal -0.0554073 -0.998464 -0
    outer loop
      vertex 40.7085 -10.6893 3.3
      vertex 39.3858 -10.6159 2.4
      vertex 40.7085 -10.6893 2.4
    endloop
  endfacet
  facet normal 0.986382 -0.164472 0
    outer loop
      vertex 40.7085 -10.6893 3.3
      vertex 40.782 -10.2485 2.4
      vertex 40.782 -10.2485 3.3
    endloop
  endfacet
  facet normal 0.986382 -0.164472 0
    outer loop
      vertex 40.782 -10.2485 2.4
      vertex 40.7085 -10.6893 3.3
      vertex 40.7085 -10.6893 2.4
    endloop
  endfacet
  facet normal 0.707107 0.707107 -0
    outer loop
      vertex 40.782 -10.2485 2.4
      vertex 40.635 -10.1015 3.3
      vertex 40.782 -10.2485 3.3
    endloop
  endfacet
  facet normal 0.707107 0.707107 0
    outer loop
      vertex 40.635 -10.1015 3.3
      vertex 40.782 -10.2485 2.4
      vertex 40.635 -10.1015 2.4
    endloop
  endfacet
  facet normal 0 1 -0
    outer loop
      vertex 40.635 -10.1015 2.4
      vertex 37.4754 -10.1015 3.3
      vertex 40.635 -10.1015 3.3
    endloop
  endfacet
  facet normal 0 1 0
    outer loop
      vertex 37.4754 -10.1015 3.3
      vertex 40.635 -10.1015 2.4
      vertex 37.4754 -10.1015 2.4
    endloop
  endfacet
  facet normal -0.952017 0.306047 0
    outer loop
      vertex 36.8141 -12.1586 2.4
      vertex 37.4754 -10.1015 3.3
      vertex 37.4754 -10.1015 2.4
    endloop
  endfacet
  facet normal -0.952017 0.306047 0
    outer loop
      vertex 37.4754 -10.1015 3.3
      vertex 36.8141 -12.1586 2.4
      vertex 36.8141 -12.1586 3.3
    endloop
  endfacet
  facet normal -0.983856 0.17896 0
    outer loop
      vertex 36.5201 -13.7749 2.4
      vertex 36.8141 -12.1586 3.3
      vertex 36.8141 -12.1586 2.4
    endloop
  endfacet
  facet normal -0.983856 0.17896 0
    outer loop
      vertex 36.8141 -12.1586 3.3
      vertex 36.5201 -13.7749 2.4
      vertex 36.5201 -13.7749 3.3
    endloop
  endfacet
  facet normal -0.707107 -0.707107 0
    outer loop
      vertex 36.5201 -13.7749 2.4
      vertex 36.7405 -13.9953 3.3
      vertex 36.5201 -13.7749 3.3
    endloop
  endfacet
  facet normal -0.707107 -0.707107 -0
    outer loop
      vertex 36.7405 -13.9953 3.3
      vertex 36.5201 -13.7749 2.4
      vertex 36.7405 -13.9953 2.4
    endloop
  endfacet
  facet normal 0 -1 0
    outer loop
      vertex 36.7405 -13.9953 2.4
      vertex 37.255 -13.9953 3.3
      vertex 36.7405 -13.9953 3.3
    endloop
  endfacet
  facet normal 0 -1 -0
    outer loop
      vertex 37.255 -13.9953 3.3
      vertex 36.7405 -13.9953 2.4
      vertex 37.255 -13.9953 2.4
    endloop
  endfacet
  facet normal 0.554613 -0.832108 0
    outer loop
      vertex 37.255 -13.9953 2.4
      vertex 37.4754 -13.8484 3.3
      vertex 37.255 -13.9953 3.3
    endloop
  endfacet
  facet normal 0.554613 -0.832108 0
    outer loop
      vertex 37.4754 -13.8484 3.3
      vertex 37.255 -13.9953 2.4
      vertex 37.4754 -13.8484 2.4
    endloop
  endfacet
  facet normal 0.857503 -0.514479 0
    outer loop
      vertex 13.888 -14.1423 3.3
      vertex 14.3288 -13.4076 2.4
      vertex 14.3288 -13.4076 3.3
    endloop
  endfacet
  facet normal 0.857503 -0.514479 0
    outer loop
      vertex 14.3288 -13.4076 2.4
      vertex 13.888 -14.1423 3.3
      vertex 13.888 -14.1423 2.4
    endloop
  endfacet
  facet normal 0.28742 -0.957805 0
    outer loop
      vertex 14.3288 -13.4076 2.4
      vertex 15.0636 -13.1871 3.3
      vertex 14.3288 -13.4076 3.3
    endloop
  endfacet
  facet normal 0.28742 -0.957805 0
    outer loop
      vertex 15.0636 -13.1871 3.3
      vertex 14.3288 -13.4076 2.4
      vertex 15.0636 -13.1871 2.4
    endloop
  endfacet
  facet normal -0.178928 -0.983862 0
    outer loop
      vertex 15.0636 -13.1871 2.4
      vertex 15.8719 -13.3341 3.3
      vertex 15.0636 -13.1871 3.3
    endloop
  endfacet
  facet normal -0.178928 -0.983862 -0
    outer loop
      vertex 15.8719 -13.3341 3.3
      vertex 15.0636 -13.1871 2.4
      vertex 15.8719 -13.3341 2.4
    endloop
  endfacet
  facet normal -0.939753 -0.341855 0
    outer loop
      vertex 16.1659 -14.1423 2.4
      vertex 15.8719 -13.3341 3.3
      vertex 15.8719 -13.3341 2.4
    endloop
  endfacet
  facet normal -0.939753 -0.341855 0
    outer loop
      vertex 15.8719 -13.3341 3.3
      vertex 16.1659 -14.1423 2.4
      vertex 16.1659 -14.1423 3.3
    endloop
  endfacet
  facet normal 0.394049 -0.91909 0
    outer loop
      vertex 16.1659 -14.1423 2.4
      vertex 16.6802 -13.9218 3.3
      vertex 16.1659 -14.1423 3.3
    endloop
  endfacet
  facet normal 0.394049 -0.91909 0
    outer loop
      vertex 16.6802 -13.9218 3.3
      vertex 16.1659 -14.1423 2.4
      vertex 16.6802 -13.9218 2.4
    endloop
  endfacet
  facet normal -0.554613 -0.832108 0
    outer loop
      vertex 16.6802 -13.9218 2.4
      vertex 16.9006 -14.0687 3.3
      vertex 16.6802 -13.9218 3.3
    endloop
  endfacet
  facet normal -0.554613 -0.832108 -0
    outer loop
      vertex 16.9006 -14.0687 3.3
      vertex 16.6802 -13.9218 2.4
      vertex 16.9006 -14.0687 2.4
    endloop
  endfacet
  facet normal 0.799804 -0.600261 0
    outer loop
      vertex 16.9006 -14.0687 3.3
      vertex 17.1211 -13.7749 2.4
      vertex 17.1211 -13.7749 3.3
    endloop
  endfacet
  facet normal 0.799804 -0.600261 0
    outer loop
      vertex 17.1211 -13.7749 2.4
      vertex 16.9006 -14.0687 3.3
      vertex 16.9006 -14.0687 2.4
    endloop
  endfacet
  facet normal 0.999774 0.0212816 0
    outer loop
      vertex 17.1211 -13.7749 3.3
      vertex 17.0476 -10.322 2.4
      vertex 17.0476 -10.322 3.3
    endloop
  endfacet
  facet normal 0.999774 0.0212816 0
    outer loop
      vertex 17.0476 -10.322 2.4
      vertex 17.1211 -13.7749 3.3
      vertex 17.1211 -13.7749 2.4
    endloop
  endfacet
  facet normal 0.600131 0.799902 -0
    outer loop
      vertex 17.0476 -10.322 2.4
      vertex 16.7537 -10.1015 3.3
      vertex 17.0476 -10.322 3.3
    endloop
  endfacet
  facet normal 0.600131 0.799902 0
    outer loop
      vertex 16.7537 -10.1015 3.3
      vertex 17.0476 -10.322 2.4
      vertex 16.7537 -10.1015 2.4
    endloop
  endfacet
  facet normal -0.0370713 0.999313 0
    outer loop
      vertex 16.7537 -10.1015 2.4
      vertex 14.7697 -10.1751 3.3
      vertex 16.7537 -10.1015 3.3
    endloop
  endfacet
  facet normal -0.0370713 0.999313 0
    outer loop
      vertex 14.7697 -10.1751 3.3
      vertex 16.7537 -10.1015 2.4
      vertex 14.7697 -10.1751 2.4
    endloop
  endfacet
  facet normal -0.876169 0.482003 0
    outer loop
      vertex 13.1531 -13.1137 2.4
      vertex 14.7697 -10.1751 3.3
      vertex 14.7697 -10.1751 2.4
    endloop
  endfacet
  facet normal -0.876169 0.482003 0
    outer loop
      vertex 14.7697 -10.1751 3.3
      vertex 13.1531 -13.1137 2.4
      vertex 13.1531 -13.1137 3.3
    endloop
  endfacet
  facet normal -0.933315 0.359058 0
    outer loop
      vertex 12.7857 -14.0687 2.4
      vertex 13.1531 -13.1137 3.3
      vertex 13.1531 -13.1137 2.4
    endloop
  endfacet
  facet normal -0.933315 0.359058 0
    outer loop
      vertex 13.1531 -13.1137 3.3
      vertex 12.7857 -14.0687 2.4
      vertex 12.7857 -14.0687 3.3
    endloop
  endfacet
  facet normal -0.707107 -0.707107 0
    outer loop
      vertex 12.7857 -14.0687 2.4
      vertex 12.9327 -14.2157 3.3
      vertex 12.7857 -14.0687 3.3
    endloop
  endfacet
  facet normal -0.707107 -0.707107 -0
    outer loop
      vertex 12.9327 -14.2157 3.3
      vertex 12.7857 -14.0687 2.4
      vertex 12.9327 -14.2157 2.4
    endloop
  endfacet
  facet normal 0.0766087 -0.997061 0
    outer loop
      vertex 12.9327 -14.2157 2.4
      vertex 13.888 -14.1423 3.3
      vertex 12.9327 -14.2157 3.3
    endloop
  endfacet
  facet normal 0.0766087 -0.997061 0
    outer loop
      vertex 13.888 -14.1423 3.3
      vertex 12.9327 -14.2157 2.4
      vertex 13.888 -14.1423 2.4
    endloop
  endfacet
  facet normal 0.877842 -0.478951 0
    outer loop
      vertex 14.8432 -12.1586 3.3
      vertex 15.2841 -11.3505 2.4
      vertex 15.2841 -11.3505 3.3
    endloop
  endfacet
  facet normal 0.877842 -0.478951 0
    outer loop
      vertex 15.2841 -11.3505 2.4
      vertex 14.8432 -12.1586 3.3
      vertex 14.8432 -12.1586 2.4
    endloop
  endfacet
  facet normal 0.599956 -0.800033 0
    outer loop
      vertex 15.2841 -11.3505 2.4
      vertex 15.578 -11.1301 3.3
      vertex 15.2841 -11.3505 3.3
    endloop
  endfacet
  facet normal 0.599956 -0.800033 0
    outer loop
      vertex 15.578 -11.1301 3.3
      vertex 15.2841 -11.3505 2.4
      vertex 15.578 -11.1301 2.4
    endloop
  endfacet
  facet normal -0.599956 -0.800033 0
    outer loop
      vertex 15.578 -11.1301 2.4
      vertex 15.8719 -11.3505 3.3
      vertex 15.578 -11.1301 3.3
    endloop
  endfacet
  facet normal -0.599956 -0.800033 -0
    outer loop
      vertex 15.8719 -11.3505 3.3
      vertex 15.578 -11.1301 2.4
      vertex 15.8719 -11.3505 2.4
    endloop
  endfacet
  facet normal -0.996543 -0.0830829 0
    outer loop
      vertex 15.9454 -12.2321 2.4
      vertex 15.8719 -11.3505 3.3
      vertex 15.8719 -11.3505 2.4
    endloop
  endfacet
  facet normal -0.996543 -0.0830829 0
    outer loop
      vertex 15.8719 -11.3505 3.3
      vertex 15.9454 -12.2321 2.4
      vertex 15.9454 -12.2321 3.3
    endloop
  endfacet
  facet normal -0.599956 0.800033 0
    outer loop
      vertex 15.9454 -12.2321 2.4
      vertex 15.6515 -12.4525 3.3
      vertex 15.9454 -12.2321 3.3
    endloop
  endfacet
  facet normal -0.599956 0.800033 0
    outer loop
      vertex 15.6515 -12.4525 3.3
      vertex 15.9454 -12.2321 2.4
      vertex 15.6515 -12.4525 2.4
    endloop
  endfacet
  facet normal -0.141448 0.989946 0
    outer loop
      vertex 15.6515 -12.4525 2.4
      vertex 15.1371 -12.526 3.3
      vertex 15.6515 -12.4525 3.3
    endloop
  endfacet
  facet normal -0.141448 0.989946 0
    outer loop
      vertex 15.1371 -12.526 3.3
      vertex 15.6515 -12.4525 2.4
      vertex 15.1371 -12.526 2.4
    endloop
  endfacet
  facet normal 0.78089 0.624669 0
    outer loop
      vertex 15.1371 -12.526 3.3
      vertex 14.8432 -12.1586 2.4
      vertex 14.8432 -12.1586 3.3
    endloop
  endfacet
  facet normal 0.78089 0.624669 0
    outer loop
      vertex 14.8432 -12.1586 2.4
      vertex 15.1371 -12.526 3.3
      vertex 15.1371 -12.526 2.4
    endloop
  endfacet
  facet normal 0.948576 -0.316551 0
    outer loop
      vertex 19.5459 -14.0687 3.3
      vertex 19.693 -13.6279 2.4
      vertex 19.693 -13.6279 3.3
    endloop
  endfacet
  facet normal 0.948576 -0.316551 0
    outer loop
      vertex 19.693 -13.6279 2.4
      vertex 19.5459 -14.0687 3.3
      vertex 19.5459 -14.0687 2.4
    endloop
  endfacet
  facet normal 0.624643 -0.78091 0
    outer loop
      vertex 19.693 -13.6279 2.4
      vertex 20.0603 -13.3341 3.3
      vertex 19.693 -13.6279 3.3
    endloop
  endfacet
  facet normal 0.624643 -0.78091 0
    outer loop
      vertex 20.0603 -13.3341 3.3
      vertex 19.693 -13.6279 2.4
      vertex 20.0603 -13.3341 2.4
    endloop
  endfacet
  facet normal -0.599826 -0.800131 0
    outer loop
      vertex 20.0603 -13.3341 2.4
      vertex 20.3543 -13.5545 3.3
      vertex 20.0603 -13.3341 3.3
    endloop
  endfacet
  facet normal -0.599826 -0.800131 -0
    outer loop
      vertex 20.3543 -13.5545 3.3
      vertex 20.0603 -13.3341 2.4
      vertex 20.3543 -13.5545 2.4
    endloop
  endfacet
  facet normal -0.894346 -0.447376 0
    outer loop
      vertex 20.5748 -13.9953 2.4
      vertex 20.3543 -13.5545 3.3
      vertex 20.3543 -13.5545 2.4
    endloop
  endfacet
  facet normal -0.894346 -0.447376 0
    outer loop
      vertex 20.3543 -13.5545 3.3
      vertex 20.5748 -13.9953 2.4
      vertex 20.5748 -13.9953 3.3
    endloop
  endfacet
  facet normal 0.351089 -0.936342 0
    outer loop
      vertex 20.5748 -13.9953 2.4
      vertex 21.1626 -13.7749 3.3
      vertex 20.5748 -13.9953 3.3
    endloop
  endfacet
  facet normal 0.351089 -0.936342 0
    outer loop
      vertex 21.1626 -13.7749 3.3
      vertex 20.5748 -13.9953 2.4
      vertex 21.1626 -13.7749 2.4
    endloop
  endfacet
  facet normal -0.196065 -0.980591 0
    outer loop
      vertex 21.1626 -13.7749 2.4
      vertex 21.8973 -13.9218 3.3
      vertex 21.1626 -13.7749 3.3
    endloop
  endfacet
  facet normal -0.196065 -0.980591 -0
    outer loop
      vertex 21.8973 -13.9218 3.3
      vertex 21.1626 -13.7749 2.4
      vertex 21.8973 -13.9218 2.4
    endloop
  endfacet
  facet normal 0.706986 -0.707227 0
    outer loop
      vertex 21.8973 -13.9218 2.4
      vertex 22.4852 -13.3341 3.3
      vertex 21.8973 -13.9218 3.3
    endloop
  endfacet
  facet normal 0.706986 -0.707227 0
    outer loop
      vertex 22.4852 -13.3341 3.3
      vertex 21.8973 -13.9218 2.4
      vertex 22.4852 -13.3341 2.4
    endloop
  endfacet
  facet normal -0.599956 -0.800033 0
    outer loop
      vertex 22.4852 -13.3341 2.4
      vertex 22.7791 -13.5545 3.3
      vertex 22.4852 -13.3341 3.3
    endloop
  endfacet
  facet normal -0.599956 -0.800033 -0
    outer loop
      vertex 22.7791 -13.5545 3.3
      vertex 22.4852 -13.3341 2.4
      vertex 22.7791 -13.5545 2.4
    endloop
  endfacet
  facet normal -1 0 0
    outer loop
      vertex 22.7791 -13.9218 2.4
      vertex 22.7791 -13.5545 3.3
      vertex 22.7791 -13.5545 2.4
    endloop
  endfacet
  facet normal -1 -0 0
    outer loop
      vertex 22.7791 -13.5545 3.3
      vertex 22.7791 -13.9218 2.4
      vertex 22.7791 -13.9218 3.3
    endloop
  endfacet
  facet normal -0.554439 -0.832224 0
    outer loop
      vertex 22.7791 -13.9218 2.4
      vertex 22.9996 -14.0687 3.3
      vertex 22.7791 -13.9218 3.3
    endloop
  endfacet
  facet normal -0.554439 -0.832224 -0
    outer loop
      vertex 22.9996 -14.0687 3.3
      vertex 22.7791 -13.9218 2.4
      vertex 22.9996 -14.0687 2.4
    endloop
  endfacet
  facet normal 0.37126 -0.928529 0
    outer loop
      vertex 22.9996 -14.0687 2.4
      vertex 23.367 -13.9218 3.3
      vertex 22.9996 -14.0687 3.3
    endloop
  endfacet
  facet normal 0.37126 -0.928529 0
    outer loop
      vertex 23.367 -13.9218 3.3
      vertex 22.9996 -14.0687 2.4
      vertex 23.367 -13.9218 2.4
    endloop
  endfacet
  facet normal -0.447092 -0.894488 0
    outer loop
      vertex 23.367 -13.9218 2.4
      vertex 23.6609 -14.0687 3.3
      vertex 23.367 -13.9218 3.3
    endloop
  endfacet
  facet normal -0.447092 -0.894488 -0
    outer loop
      vertex 23.6609 -14.0687 3.3
      vertex 23.367 -13.9218 2.4
      vertex 23.6609 -14.0687 2.4
    endloop
  endfacet
  facet normal 0.706986 -0.707227 0
    outer loop
      vertex 23.6609 -14.0687 3.3
      vertex 23.9548 -13.7749 2.4
      vertex 23.9548 -13.7749 3.3
    endloop
  endfacet
  facet normal 0.706986 -0.707227 0
    outer loop
      vertex 23.9548 -13.7749 2.4
      vertex 23.6609 -14.0687 3.3
      vertex 23.6609 -14.0687 2.4
    endloop
  endfacet
  facet normal 0.964748 -0.263175 0
    outer loop
      vertex 23.9548 -13.7749 3.3
      vertex 24.8366 -10.5424 2.4
      vertex 24.8366 -10.5424 3.3
    endloop
  endfacet
  facet normal 0.964748 -0.263175 0
    outer loop
      vertex 24.8366 -10.5424 2.4
      vertex 23.9548 -13.7749 3.3
      vertex 23.9548 -13.7749 2.4
    endloop
  endfacet
  facet normal 0.928494 0.371347 0
    outer loop
      vertex 24.8366 -10.5424 3.3
      vertex 24.6897 -10.1751 2.4
      vertex 24.6897 -10.1751 3.3
    endloop
  endfacet
  facet normal 0.928494 0.371347 0
    outer loop
      vertex 24.6897 -10.1751 2.4
      vertex 24.8366 -10.5424 3.3
      vertex 24.8366 -10.5424 2.4
    endloop
  endfacet
  facet normal 0 1 -0
    outer loop
      vertex 24.6897 -10.1751 2.4
      vertex 23.5139 -10.1751 3.3
      vertex 24.6897 -10.1751 3.3
    endloop
  endfacet
  facet normal 0 1 0
    outer loop
      vertex 23.5139 -10.1751 3.3
      vertex 24.6897 -10.1751 2.4
      vertex 23.5139 -10.1751 2.4
    endloop
  endfacet
  facet normal -0.796613 0.60449 0
    outer loop
      vertex 21.8973 -12.3055 2.4
      vertex 23.5139 -10.1751 3.3
      vertex 23.5139 -10.1751 2.4
    endloop
  endfacet
  facet normal -0.796613 0.60449 0
    outer loop
      vertex 23.5139 -10.1751 3.3
      vertex 21.8973 -12.3055 2.4
      vertex 21.8973 -12.3055 3.3
    endloop
  endfacet
  facet normal -0.640167 0.768236 0
    outer loop
      vertex 21.8973 -12.3055 2.4
      vertex 21.4564 -12.6729 3.3
      vertex 21.8973 -12.3055 3.3
    endloop
  endfacet
  facet normal -0.640167 0.768236 0
    outer loop
      vertex 21.4564 -12.6729 3.3
      vertex 21.8973 -12.3055 2.4
      vertex 21.4564 -12.6729 2.4
    endloop
  endfacet
  facet normal 0.600087 0.799935 -0
    outer loop
      vertex 21.4564 -12.6729 2.4
      vertex 21.1626 -12.4525 3.3
      vertex 21.4564 -12.6729 3.3
    endloop
  endfacet
  facet normal 0.600087 0.799935 0
    outer loop
      vertex 21.1626 -12.4525 3.3
      vertex 21.4564 -12.6729 2.4
      vertex 21.1626 -12.4525 2.4
    endloop
  endfacet
  facet normal 0.973828 0.227285 0
    outer loop
      vertex 21.1626 -12.4525 3.3
      vertex 20.6482 -10.2485 2.4
      vertex 20.6482 -10.2485 3.3
    endloop
  endfacet
  facet normal 0.973828 0.227285 0
    outer loop
      vertex 20.6482 -10.2485 2.4
      vertex 21.1626 -12.4525 3.3
      vertex 21.1626 -12.4525 2.4
    endloop
  endfacet
  facet normal 0.216962 0.97618 -0
    outer loop
      vertex 20.6482 -10.2485 2.4
      vertex 19.9868 -10.1015 3.3
      vertex 20.6482 -10.2485 3.3
    endloop
  endfacet
  facet normal 0.216962 0.97618 0
    outer loop
      vertex 19.9868 -10.1015 3.3
      vertex 20.6482 -10.2485 2.4
      vertex 19.9868 -10.1015 2.4
    endloop
  endfacet
  facet normal -0.351228 0.93629 0
    outer loop
      vertex 19.9868 -10.1015 2.4
      vertex 19.399 -10.322 3.3
      vertex 19.9868 -10.1015 3.3
    endloop
  endfacet
  facet normal -0.351228 0.93629 0
    outer loop
      vertex 19.399 -10.322 3.3
      vertex 19.9868 -10.1015 2.4
      vertex 19.399 -10.322 2.4
    endloop
  endfacet
  facet normal -0.966218 0.257724 0
    outer loop
      vertex 18.5172 -13.6279 2.4
      vertex 19.399 -10.322 3.3
      vertex 19.399 -10.322 2.4
    endloop
  endfacet
  facet normal -0.966218 0.257724 0
    outer loop
      vertex 19.399 -10.322 3.3
      vertex 18.5172 -13.6279 2.4
      vertex 18.5172 -13.6279 3.3
    endloop
  endfacet
  facet normal -0.96151 -0.274771 0
    outer loop
      vertex 18.6642 -14.1423 2.4
      vertex 18.5172 -13.6279 3.3
      vertex 18.5172 -13.6279 2.4
    endloop
  endfacet
  facet normal -0.96151 -0.274771 0
    outer loop
      vertex 18.5172 -13.6279 3.3
      vertex 18.6642 -14.1423 2.4
      vertex 18.6642 -14.1423 3.3
    endloop
  endfacet
  facet normal 0.447335 -0.894366 0
    outer loop
      vertex 18.6642 -14.1423 2.4
      vertex 18.9581 -13.9953 3.3
      vertex 18.6642 -14.1423 3.3
    endloop
  endfacet
  facet normal 0.447335 -0.894366 0
    outer loop
      vertex 18.9581 -13.9953 3.3
      vertex 18.6642 -14.1423 2.4
      vertex 18.9581 -13.9953 2.4
    endloop
  endfacet
  facet normal -0.371478 -0.928442 0
    outer loop
      vertex 18.9581 -13.9953 2.4
      vertex 19.3255 -14.1423 3.3
      vertex 18.9581 -13.9953 3.3
    endloop
  endfacet
  facet normal -0.371478 -0.928442 -0
    outer loop
      vertex 19.3255 -14.1423 3.3
      vertex 18.9581 -13.9953 2.4
      vertex 19.3255 -14.1423 2.4
    endloop
  endfacet
  facet normal 0.316744 -0.948511 0
    outer loop
      vertex 19.3255 -14.1423 2.4
      vertex 19.5459 -14.0687 3.3
      vertex 19.3255 -14.1423 3.3
    endloop
  endfacet
  facet normal 0.316744 -0.948511 0
    outer loop
      vertex 19.5459 -14.0687 3.3
      vertex 19.3255 -14.1423 2.4
      vertex 19.5459 -14.0687 2.4
    endloop
  endfacet
  facet normal 0.82523 0.564796 0
    outer loop
      vertex 50.7755 -13.7749 3.3
      vertex 49.8202 -12.3791 2.4
      vertex 49.8202 -12.3791 3.3
    endloop
  endfacet
  facet normal 0.82523 0.564796 0
    outer loop
      vertex 49.8202 -12.3791 2.4
      vertex 50.7755 -13.7749 3.3
      vertex 50.7755 -13.7749 2.4
    endloop
  endfacet
  facet normal 0.986382 0.164472 0
    outer loop
      vertex 49.8202 -12.3791 3.3
      vertex 49.7467 -11.9383 2.4
      vertex 49.7467 -11.9383 3.3
    endloop
  endfacet
  facet normal 0.986382 0.164472 0
    outer loop
      vertex 49.7467 -11.9383 2.4
      vertex 49.8202 -12.3791 3.3
      vertex 49.8202 -12.3791 2.4
    endloop
  endfacet
  facet normal 0.658465 -0.752611 0
    outer loop
      vertex 49.7467 -11.9383 2.4
      vertex 51.5102 -10.3954 3.3
      vertex 49.7467 -11.9383 3.3
    endloop
  endfacet
  facet normal 0.658465 -0.752611 0
    outer loop
      vertex 51.5102 -10.3954 3.3
      vertex 49.7467 -11.9383 2.4
      vertex 51.5102 -10.3954 2.4
    endloop
  endfacet
  facet normal 0.948597 -0.316486 0
    outer loop
      vertex 51.5102 -10.3954 3.3
      vertex 51.5837 -10.1751 2.4
      vertex 51.5837 -10.1751 3.3
    endloop
  endfacet
  facet normal 0.948597 -0.316486 0
    outer loop
      vertex 51.5837 -10.1751 2.4
      vertex 51.5102 -10.3954 3.3
      vertex 51.5102 -10.3954 2.4
    endloop
  endfacet
  facet normal 0 1 -0
    outer loop
      vertex 51.5837 -10.1751 2.4
      vertex 50.4081 -10.1751 3.3
      vertex 51.5837 -10.1751 3.3
    endloop
  endfacet
  facet normal 0 1 0
    outer loop
      vertex 50.4081 -10.1751 3.3
      vertex 51.5837 -10.1751 2.4
      vertex 50.4081 -10.1751 2.4
    endloop
  endfacet
  facet normal -0.6708 0.741638 0
    outer loop
      vertex 50.4081 -10.1751 2.4
      vertex 48.8649 -11.5709 3.3
      vertex 50.4081 -10.1751 3.3
    endloop
  endfacet
  facet normal -0.6708 0.741638 0
    outer loop
      vertex 48.8649 -11.5709 3.3
      vertex 50.4081 -10.1751 2.4
      vertex 48.8649 -11.5709 2.4
    endloop
  endfacet
  facet normal 0.599956 0.800033 -0
    outer loop
      vertex 48.8649 -11.5709 2.4
      vertex 48.571 -11.3505 3.3
      vertex 48.8649 -11.5709 3.3
    endloop
  endfacet
  facet normal 0.599956 0.800033 0
    outer loop
      vertex 48.571 -11.3505 3.3
      vertex 48.8649 -11.5709 2.4
      vertex 48.571 -11.3505 2.4
    endloop
  endfacet
  facet normal 0.997456 -0.0712815 0
    outer loop
      vertex 48.571 -11.3505 3.3
      vertex 48.6445 -10.322 2.4
      vertex 48.6445 -10.322 3.3
    endloop
  endfacet
  facet normal 0.997456 -0.0712815 0
    outer loop
      vertex 48.6445 -10.322 2.4
      vertex 48.571 -11.3505 3.3
      vertex 48.571 -11.3505 2.4
    endloop
  endfacet
  facet normal 0.706866 0.707347 0
    outer loop
      vertex 48.6445 -10.322 3.3
      vertex 48.4975 -10.1751 2.4
      vertex 48.4975 -10.1751 3.3
    endloop
  endfacet
  facet normal 0.706866 0.707347 0
    outer loop
      vertex 48.4975 -10.1751 2.4
      vertex 48.6445 -10.322 3.3
      vertex 48.6445 -10.322 2.4
    endloop
  endfacet
  facet normal 0 1 -0
    outer loop
      vertex 48.4975 -10.1751 2.4
      vertex 47.6157 -10.1751 3.3
      vertex 48.4975 -10.1751 3.3
    endloop
  endfacet
  facet normal 0 1 0
    outer loop
      vertex 47.6157 -10.1751 3.3
      vertex 48.4975 -10.1751 2.4
      vertex 47.6157 -10.1751 2.4
    endloop
  endfacet
  facet normal -0.967609 0.252453 0
    outer loop
      vertex 46.734 -13.5545 2.4
      vertex 47.6157 -10.1751 3.3
      vertex 47.6157 -10.1751 2.4
    endloop
  endfacet
  facet normal -0.967609 0.252453 0
    outer loop
      vertex 47.6157 -10.1751 3.3
      vertex 46.734 -13.5545 2.4
      vertex 46.734 -13.5545 3.3
    endloop
  endfacet
  facet normal -0.894427 -0.447214 0
    outer loop
      vertex 46.9544 -13.9953 2.4
      vertex 46.734 -13.5545 3.3
      vertex 46.734 -13.5545 2.4
    endloop
  endfacet
  facet normal -0.894427 -0.447214 0
    outer loop
      vertex 46.734 -13.5545 3.3
      vertex 46.9544 -13.9953 2.4
      vertex 46.9544 -13.9953 3.3
    endloop
  endfacet
  facet normal 0.0995171 -0.995036 0
    outer loop
      vertex 46.9544 -13.9953 2.4
      vertex 47.6893 -13.9218 3.3
      vertex 46.9544 -13.9953 3.3
    endloop
  endfacet
  facet normal 0.0995171 -0.995036 0
    outer loop
      vertex 47.6893 -13.9218 3.3
      vertex 46.9544 -13.9953 2.4
      vertex 47.6893 -13.9218 2.4
    endloop
  endfacet
  facet normal 0.707107 -0.707107 0
    outer loop
      vertex 47.6893 -13.9218 2.4
      vertex 47.9097 -13.7014 3.3
      vertex 47.6893 -13.9218 3.3
    endloop
  endfacet
  facet normal 0.707107 -0.707107 0
    outer loop
      vertex 47.9097 -13.7014 3.3
      vertex 47.6893 -13.9218 2.4
      vertex 47.9097 -13.7014 2.4
    endloop
  endfacet
  facet normal 0.974371 -0.224949 0
    outer loop
      vertex 47.9097 -13.7014 3.3
      vertex 48.1302 -12.7463 2.4
      vertex 48.1302 -12.7463 3.3
    endloop
  endfacet
  facet normal 0.974371 -0.224949 0
    outer loop
      vertex 48.1302 -12.7463 2.4
      vertex 47.9097 -13.7014 3.3
      vertex 47.9097 -13.7014 2.4
    endloop
  endfacet
  facet normal 0.49603 -0.868305 0
    outer loop
      vertex 48.1302 -12.7463 2.4
      vertex 48.6445 -12.4525 3.3
      vertex 48.1302 -12.7463 3.3
    endloop
  endfacet
  facet normal 0.49603 -0.868305 0
    outer loop
      vertex 48.6445 -12.4525 3.3
      vertex 48.1302 -12.7463 2.4
      vertex 48.6445 -12.4525 2.4
    endloop
  endfacet
  facet normal -0.599956 -0.800033 0
    outer loop
      vertex 48.6445 -12.4525 2.4
      vertex 48.9384 -12.6729 3.3
      vertex 48.6445 -12.4525 3.3
    endloop
  endfacet
  facet normal -0.599956 -0.800033 -0
    outer loop
      vertex 48.9384 -12.6729 3.3
      vertex 48.6445 -12.4525 2.4
      vertex 48.9384 -12.6729 2.4
    endloop
  endfacet
  facet normal -0.87412 -0.48571 0
    outer loop
      vertex 49.6732 -13.9953 2.4
      vertex 48.9384 -12.6729 3.3
      vertex 48.9384 -12.6729 2.4
    endloop
  endfacet
  facet normal -0.87412 -0.48571 0
    outer loop
      vertex 48.9384 -12.6729 3.3
      vertex 49.6732 -13.9953 2.4
      vertex 49.6732 -13.9953 3.3
    endloop
  endfacet
  facet normal 0 -1 0
    outer loop
      vertex 49.6732 -13.9953 2.4
      vertex 50.7019 -13.9953 3.3
      vertex 49.6732 -13.9953 3.3
    endloop
  endfacet
  facet normal 0 -1 -0
    outer loop
      vertex 50.7019 -13.9953 3.3
      vertex 49.6732 -13.9953 2.4
      vertex 50.7019 -13.9953 2.4
    endloop
  endfacet
  facet normal 0.948511 -0.316744 0
    outer loop
      vertex 50.7019 -13.9953 3.3
      vertex 50.7755 -13.7749 2.4
      vertex 50.7755 -13.7749 3.3
    endloop
  endfacet
  facet normal 0.948511 -0.316744 0
    outer loop
      vertex 50.7755 -13.7749 2.4
      vertex 50.7019 -13.9953 3.3
      vertex 50.7019 -13.9953 2.4
    endloop
  endfacet
  facet normal 0.894427 0.447214 0
    outer loop
      vertex -65.1017 -14.4413 3.3
      vertex -65.1043 -14.4361 2.4
      vertex -65.1043 -14.4361 3.3
    endloop
  endfacet
  facet normal 0.894427 0.447214 0
    outer loop
      vertex -65.1043 -14.4361 2.4
      vertex -65.1017 -14.4413 3.3
      vertex -65.1017 -14.4413 2.4
    endloop
  endfacet
  facet normal 0.599956 -0.800033 0
    outer loop
      vertex -65.1043 -14.4361 2.4
      vertex -64.8104 -14.2157 3.3
      vertex -65.1043 -14.4361 3.3
    endloop
  endfacet
  facet normal 0.599956 -0.800033 0
    outer loop
      vertex -64.8104 -14.2157 3.3
      vertex -65.1043 -14.4361 2.4
      vertex -64.8104 -14.2157 2.4
    endloop
  endfacet
  facet normal -0.599826 -0.800131 0
    outer loop
      vertex -64.8104 -14.2157 2.4
      vertex -64.5164 -14.4361 3.3
      vertex -64.8104 -14.2157 3.3
    endloop
  endfacet
  facet normal -0.599826 -0.800131 -0
    outer loop
      vertex -64.5164 -14.4361 3.3
      vertex -64.8104 -14.2157 2.4
      vertex -64.5164 -14.4361 2.4
    endloop
  endfacet
  facet normal 0.242458 -0.970162 0
    outer loop
      vertex -64.5164 -14.4361 2.4
      vertex -63.9286 -14.2892 3.3
      vertex -64.5164 -14.4361 3.3
    endloop
  endfacet
  facet normal 0.242458 -0.970162 0
    outer loop
      vertex -63.9286 -14.2892 3.3
      vertex -64.5164 -14.4361 2.4
      vertex -63.9286 -14.2892 2.4
    endloop
  endfacet
  facet normal -0.113496 -0.993538 0
    outer loop
      vertex -63.9286 -14.2892 2.4
      vertex -61.3567 -14.583 3.3
      vertex -63.9286 -14.2892 3.3
    endloop
  endfacet
  facet normal -0.113496 -0.993538 -0
    outer loop
      vertex -61.3567 -14.583 3.3
      vertex -63.9286 -14.2892 2.4
      vertex -61.3567 -14.583 2.4
    endloop
  endfacet
  facet normal -0.316185 -0.948698 0
    outer loop
      vertex -61.3567 -14.583 2.4
      vertex -60.6954 -14.8034 3.3
      vertex -61.3567 -14.583 3.3
    endloop
  endfacet
  facet normal -0.316185 -0.948698 -0
    outer loop
      vertex -60.6954 -14.8034 3.3
      vertex -61.3567 -14.583 2.4
      vertex -60.6954 -14.8034 2.4
    endloop
  endfacet
  facet normal 0.242303 -0.970201 0
    outer loop
      vertex -60.6954 -14.8034 2.4
      vertex -60.4015 -14.73 3.3
      vertex -60.6954 -14.8034 3.3
    endloop
  endfacet
  facet normal 0.242303 -0.970201 0
    outer loop
      vertex -60.4015 -14.73 3.3
      vertex -60.6954 -14.8034 2.4
      vertex -60.4015 -14.73 2.4
    endloop
  endfacet
  facet normal -0.599514 -0.800364 0
    outer loop
      vertex -60.4015 -14.73 2.4
      vertex -60.2433 -14.8485 3.3
      vertex -60.4015 -14.73 3.3
    endloop
  endfacet
  facet normal -0.599514 -0.800364 -0
    outer loop
      vertex -60.2433 -14.8485 3.3
      vertex -60.4015 -14.73 2.4
      vertex -60.2433 -14.8485 2.4
    endloop
  endfacet
  facet normal 0.0835208 0.996506 -0
    outer loop
      vertex -60.2433 -14.8485 2.4
      vertex -65.1017 -14.4413 3.3
      vertex -60.2433 -14.8485 3.3
    endloop
  endfacet
  facet normal 0.0835208 0.996506 0
    outer loop
      vertex -65.1017 -14.4413 3.3
      vertex -60.2433 -14.8485 2.4
      vertex -65.1017 -14.4413 2.4
    endloop
  endfacet
  facet normal 0.5547 -0.83205 0
    outer loop
      vertex -59.987 -14.87 2.4
      vertex -59.8871 -14.8034 3.3
      vertex -59.987 -14.87 3.3
    endloop
  endfacet
  facet normal 0.5547 -0.83205 0
    outer loop
      vertex -59.8871 -14.8034 3.3
      vertex -59.987 -14.87 2.4
      vertex -59.8871 -14.8034 2.4
    endloop
  endfacet
  facet normal -0.371323 -0.928504 0
    outer loop
      vertex -59.8871 -14.8034 2.4
      vertex -59.6498 -14.8983 3.3
      vertex -59.8871 -14.8034 3.3
    endloop
  endfacet
  facet normal -0.371323 -0.928504 -0
    outer loop
      vertex -59.6498 -14.8983 3.3
      vertex -59.8871 -14.8034 2.4
      vertex -59.6498 -14.8983 2.4
    endloop
  endfacet
  facet normal 0.0836324 0.996497 -0
    outer loop
      vertex -59.6498 -14.8983 2.4
      vertex -59.987 -14.87 3.3
      vertex -59.6498 -14.8983 3.3
    endloop
  endfacet
  facet normal 0.0836324 0.996497 0
    outer loop
      vertex -59.987 -14.87 3.3
      vertex -59.6498 -14.8983 2.4
      vertex -59.987 -14.87 2.4
    endloop
  endfacet
  facet normal 0.195777 -0.980648 0
    outer loop
      vertex -59.3747 -14.9213 2.4
      vertex -59.1523 -14.8769 3.3
      vertex -59.3747 -14.9213 3.3
    endloop
  endfacet
  facet normal 0.195777 -0.980648 0
    outer loop
      vertex -59.1523 -14.8769 3.3
      vertex -59.3747 -14.9213 2.4
      vertex -59.1523 -14.8769 2.4
    endloop
  endfacet
  facet normal -0.780756 -0.624836 0
    outer loop
      vertex -59.0982 -14.9445 2.4
      vertex -59.1523 -14.8769 3.3
      vertex -59.1523 -14.8769 2.4
    endloop
  endfacet
  facet normal -0.780756 -0.624836 0
    outer loop
      vertex -59.1523 -14.8769 3.3
      vertex -59.0982 -14.9445 2.4
      vertex -59.0982 -14.9445 3.3
    endloop
  endfacet
  facet normal 0.0836122 0.996498 -0
    outer loop
      vertex -59.0982 -14.9445 2.4
      vertex -59.3747 -14.9213 3.3
      vertex -59.0982 -14.9445 3.3
    endloop
  endfacet
  facet normal 0.0836122 0.996498 0
    outer loop
      vertex -59.3747 -14.9213 3.3
      vertex -59.0982 -14.9445 2.4
      vertex -59.3747 -14.9213 2.4
    endloop
  endfacet
  facet normal -0.99521 -0.0977577 0
    outer loop
      vertex -71.0768 0.137004 0
      vertex -71.0902 0.273421 2.4
      vertex -71.0902 0.273421 0
    endloop
  endfacet
  facet normal -0.99521 -0.0977577 0
    outer loop
      vertex -71.0902 0.273421 2.4
      vertex -71.0768 0.137004 0
      vertex -71.0768 0.137004 2.4
    endloop
  endfacet
  facet normal -0.999461 -0.0328281 0
    outer loop
      vertex -71.0723 0 0
      vertex -71.0768 0.137004 2.4
      vertex -71.0768 0.137004 0
    endloop
  endfacet
  facet normal -0.999461 -0.0328281 0
    outer loop
      vertex -71.0768 0.137004 2.4
      vertex -71.0723 0 0
      vertex -71.0723 0 2.4
    endloop
  endfacet
  facet normal -0.98656 -0.163398 0
    outer loop
      vertex -71.0902 0.273421 0
      vertex -71.1126 0.408667 2.4
      vertex -71.1126 0.408667 0
    endloop
  endfacet
  facet normal -0.98656 -0.163398 0
    outer loop
      vertex -71.1126 0.408667 2.4
      vertex -71.0902 0.273421 0
      vertex -71.0902 0.273421 2.4
    endloop
  endfacet
  facet normal -0.412851 -0.910798 0
    outer loop
      vertex -72.3654 1.93531 0
      vertex -72.2406 1.87874 2.4
      vertex -72.3654 1.93531 2.4
    endloop
  endfacet
  facet normal -0.412851 -0.910798 -0
    outer loop
      vertex -72.2406 1.87874 2.4
      vertex -72.3654 1.93531 0
      vertex -72.2406 1.87874 0
    endloop
  endfacet
  facet normal -0.528109 0.849177 0
    outer loop
      vertex -72.0033 -1.74173 0
      vertex -72.1197 -1.81412 2.4
      vertex -72.0033 -1.74173 2.4
    endloop
  endfacet
  facet normal -0.528109 0.849177 0
    outer loop
      vertex -72.1197 -1.81412 2.4
      vertex -72.0033 -1.74173 0
      vertex -72.1197 -1.81412 0
    endloop
  endfacet
  facet normal -0.528109 -0.849177 0
    outer loop
      vertex -72.1197 1.81412 0
      vertex -72.0033 1.74173 2.4
      vertex -72.1197 1.81412 2.4
    endloop
  endfacet
  facet normal -0.528109 -0.849177 -0
    outer loop
      vertex -72.0033 1.74173 2.4
      vertex -72.1197 1.81412 0
      vertex -72.0033 1.74173 0
    endloop
  endfacet
  facet normal -0.227091 0.973873 0
    outer loop
      vertex -72.6249 -2.02338 0
      vertex -72.7584 -2.05451 2.4
      vertex -72.6249 -2.02338 2.4
    endloop
  endfacet
  facet normal -0.227091 0.973873 0
    outer loop
      vertex -72.7584 -2.05451 2.4
      vertex -72.6249 -2.02338 0
      vertex -72.7584 -2.05451 0
    endloop
  endfacet
  facet normal 0.772864 -0.634571 0
    outer loop
      vertex -74.829 1.27521 2.4
      vertex -74.742 1.38117 0
      vertex -74.742 1.38117 2.4
    endloop
  endfacet
  facet normal 0.772864 -0.634571 0
    outer loop
      vertex -74.742 1.38117 0
      vertex -74.829 1.27521 2.4
      vertex -74.829 1.27521 0
    endloop
  endfacet
  facet normal 0.412577 -0.910923 0
    outer loop
      vertex -74.0936 1.87874 0
      vertex -73.9687 1.93531 2.4
      vertex -74.0936 1.87874 2.4
    endloop
  endfacet
  facet normal 0.412577 -0.910923 0
    outer loop
      vertex -73.9687 1.93531 2.4
      vertex -74.0936 1.87874 0
      vertex -73.9687 1.93531 0
    endloop
  endfacet
  facet normal -0.881671 -0.471864 0
    outer loop
      vertex -71.2883 0.926489 0
      vertex -71.353 1.04738 2.4
      vertex -71.353 1.04738 0
    endloop
  endfacet
  facet normal -0.881671 -0.471864 0
    outer loop
      vertex -71.353 1.04738 2.4
      vertex -71.2883 0.926489 0
      vertex -71.2883 0.926489 2.4
    endloop
  endfacet
  facet normal -0.973921 -0.226887 0
    outer loop
      vertex -71.1126 0.408667 0
      vertex -71.1437 0.542165 2.4
      vertex -71.1437 0.542165 0
    endloop
  endfacet
  facet normal -0.973921 -0.226887 0
    outer loop
      vertex -71.1437 0.542165 2.4
      vertex -71.1126 0.408667 0
      vertex -71.1126 0.408667 2.4
    endloop
  endfacet
  facet normal 0.881975 -0.471297 0
    outer loop
      vertex -75.0458 0.926489 2.4
      vertex -74.9812 1.04738 0
      vertex -74.9812 1.04738 2.4
    endloop
  endfacet
  facet normal 0.881975 -0.471297 0
    outer loop
      vertex -74.9812 1.04738 0
      vertex -75.0458 0.926489 2.4
      vertex -75.0458 0.926489 0
    endloop
  endfacet
  facet normal -0.0980589 0.995181 0
    outer loop
      vertex -72.8937 -2.07684 0
      vertex -73.0301 -2.09028 2.4
      vertex -72.8937 -2.07684 2.4
    endloop
  endfacet
  facet normal -0.0980589 0.995181 0
    outer loop
      vertex -73.0301 -2.09028 2.4
      vertex -72.8937 -2.07684 0
      vertex -73.0301 -2.09028 0
    endloop
  endfacet
  facet normal -0.162838 0.986653 0
    outer loop
      vertex -72.7584 -2.05451 0
      vertex -72.8937 -2.07684 2.4
      vertex -72.7584 -2.05451 2.4
    endloop
  endfacet
  facet normal -0.162838 0.986653 0
    outer loop
      vertex -72.8937 -2.07684 2.4
      vertex -72.7584 -2.05451 0
      vertex -72.8937 -2.07684 0
    endloop
  endfacet
  facet normal -0.935872 -0.352341 0
    outer loop
      vertex -71.1835 0.673339 0
      vertex -71.2318 0.801631 2.4
      vertex -71.2318 0.801631 0
    endloop
  endfacet
  facet normal -0.935872 -0.352341 0
    outer loop
      vertex -71.2318 0.801631 2.4
      vertex -71.1835 0.673339 0
      vertex -71.1835 0.673339 2.4
    endloop
  endfacet
  facet normal 0.812993 -0.582273 0
    outer loop
      vertex -74.9088 1.16379 2.4
      vertex -74.829 1.27521 0
      vertex -74.829 1.27521 2.4
    endloop
  endfacet
  facet normal 0.812993 -0.582273 0
    outer loop
      vertex -74.829 1.27521 0
      vertex -74.9088 1.16379 2.4
      vertex -74.9088 1.16379 0
    endloop
  endfacet
  facet normal -0.956922 0.290343 0
    outer loop
      vertex -71.1835 -0.673339 0
      vertex -71.1437 -0.542165 2.4
      vertex -71.1437 -0.542165 0
    endloop
  endfacet
  facet normal -0.956922 0.290343 0
    outer loop
      vertex -71.1437 -0.542165 2.4
      vertex -71.1835 -0.673339 0
      vertex -71.1835 -0.673339 2.4
    endloop
  endfacet
  facet normal -0.0326833 0.999466 0
    outer loop
      vertex -73.0301 -2.09028 0
      vertex -73.1671 -2.09476 2.4
      vertex -73.0301 -2.09028 2.4
    endloop
  endfacet
  facet normal -0.0326833 0.999466 0
    outer loop
      vertex -73.1671 -2.09476 2.4
      vertex -73.0301 -2.09028 0
      vertex -73.1671 -2.09476 0
    endloop
  endfacet
  facet normal 0.0326833 0.999466 -0
    outer loop
      vertex -73.1671 -2.09476 0
      vertex -73.3041 -2.09028 2.4
      vertex -73.1671 -2.09476 2.4
    endloop
  endfacet
  facet normal 0.0326833 0.999466 0
    outer loop
      vertex -73.3041 -2.09028 2.4
      vertex -73.1671 -2.09476 0
      vertex -73.3041 -2.09028 0
    endloop
  endfacet
  facet normal -0.72989 -0.683565 0
    outer loop
      vertex -71.5922 1.38117 0
      vertex -71.6859 1.48122 2.4
      vertex -71.6859 1.48122 0
    endloop
  endfacet
  facet normal -0.72989 -0.683565 0
    outer loop
      vertex -71.6859 1.48122 2.4
      vertex -71.5922 1.38117 0
      vertex -71.5922 1.38117 2.4
    endloop
  endfacet
  facet normal 0.528109 -0.849177 0
    outer loop
      vertex -74.3309 1.74173 0
      vertex -74.2145 1.81412 2.4
      vertex -74.3309 1.74173 2.4
    endloop
  endfacet
  facet normal 0.528109 -0.849177 0
    outer loop
      vertex -74.2145 1.81412 2.4
      vertex -74.3309 1.74173 0
      vertex -74.2145 1.81412 0
    endloop
  endfacet
  facet normal 0.683786 -0.729683 0
    outer loop
      vertex -74.6483 1.48122 0
      vertex -74.5483 1.57493 2.4
      vertex -74.6483 1.48122 2.4
    endloop
  endfacet
  facet normal 0.683786 -0.729683 0
    outer loop
      vertex -74.5483 1.57493 2.4
      vertex -74.6483 1.48122 0
      vertex -74.5483 1.57493 0
    endloop
  endfacet
  facet normal 0.0326833 -0.999466 0
    outer loop
      vertex -73.3041 2.09028 0
      vertex -73.1671 2.09476 2.4
      vertex -73.3041 2.09028 2.4
    endloop
  endfacet
  facet normal 0.0326833 -0.999466 0
    outer loop
      vertex -73.1671 2.09476 2.4
      vertex -73.3041 2.09028 0
      vertex -73.1671 2.09476 0
    endloop
  endfacet
  facet normal 0.634254 -0.773125 0
    outer loop
      vertex -74.5483 1.57493 0
      vertex -74.4423 1.66189 2.4
      vertex -74.5483 1.57493 2.4
    endloop
  endfacet
  facet normal 0.634254 -0.773125 0
    outer loop
      vertex -74.4423 1.66189 2.4
      vertex -74.5483 1.57493 0
      vertex -74.4423 1.66189 0
    endloop
  endfacet
  facet normal -0.999461 0.0328281 0
    outer loop
      vertex -71.0768 -0.137004 0
      vertex -71.0723 0 2.4
      vertex -71.0723 0 0
    endloop
  endfacet
  facet normal -0.999461 0.0328281 0
    outer loop
      vertex -71.0723 0 2.4
      vertex -71.0768 -0.137004 0
      vertex -71.0768 -0.137004 2.4
    endloop
  endfacet
  facet normal -0.956922 -0.290343 0
    outer loop
      vertex -71.1437 0.542165 0
      vertex -71.1835 0.673339 2.4
      vertex -71.1835 0.673339 0
    endloop
  endfacet
  facet normal -0.956922 -0.290343 0
    outer loop
      vertex -71.1835 0.673339 2.4
      vertex -71.1437 0.542165 0
      vertex -71.1437 0.542165 2.4
    endloop
  endfacet
  facet normal -0.99521 0.0977577 0
    outer loop
      vertex -71.0902 -0.273421 0
      vertex -71.0768 -0.137004 2.4
      vertex -71.0768 -0.137004 0
    endloop
  endfacet
  facet normal -0.99521 0.0977577 0
    outer loop
      vertex -71.0768 -0.137004 2.4
      vertex -71.0902 -0.273421 0
      vertex -71.0902 -0.273421 2.4
    endloop
  endfacet
  facet normal -0.812648 -0.582755 0
    outer loop
      vertex -71.4253 1.16379 0
      vertex -71.5052 1.27521 2.4
      vertex -71.5052 1.27521 0
    endloop
  endfacet
  facet normal -0.812648 -0.582755 0
    outer loop
      vertex -71.5052 1.27521 2.4
      vertex -71.4253 1.16379 0
      vertex -71.4253 1.16379 2.4
    endloop
  endfacet
  facet normal 0.227253 0.973836 -0
    outer loop
      vertex -73.5758 -2.05451 0
      vertex -73.7092 -2.02338 2.4
      vertex -73.5758 -2.05451 2.4
    endloop
  endfacet
  facet normal 0.227253 0.973836 0
    outer loop
      vertex -73.7092 -2.02338 2.4
      vertex -73.5758 -2.05451 0
      vertex -73.7092 -2.02338 0
    endloop
  endfacet
  facet normal -0.471383 -0.881929 0
    outer loop
      vertex -72.2406 1.87874 0
      vertex -72.1197 1.81412 2.4
      vertex -72.2406 1.87874 2.4
    endloop
  endfacet
  facet normal -0.471383 -0.881929 -0
    outer loop
      vertex -72.1197 1.81412 2.4
      vertex -72.2406 1.87874 0
      vertex -72.1197 1.81412 0
    endloop
  endfacet
  facet normal -0.0326833 -0.999466 0
    outer loop
      vertex -73.1671 2.09476 0
      vertex -73.0301 2.09028 2.4
      vertex -73.1671 2.09476 2.4
    endloop
  endfacet
  facet normal -0.0326833 -0.999466 -0
    outer loop
      vertex -73.0301 2.09028 2.4
      vertex -73.1671 2.09476 0
      vertex -73.0301 2.09028 0
    endloop
  endfacet
  facet normal -0.849491 0.527603 0
    outer loop
      vertex -71.4253 -1.16379 0
      vertex -71.353 -1.04738 2.4
      vertex -71.353 -1.04738 0
    endloop
  endfacet
  facet normal -0.849491 0.527603 0
    outer loop
      vertex -71.353 -1.04738 2.4
      vertex -71.4253 -1.16379 0
      vertex -71.4253 -1.16379 2.4
    endloop
  endfacet
  facet normal 0.881975 0.471297 0
    outer loop
      vertex -74.9812 -1.04738 2.4
      vertex -75.0458 -0.926489 0
      vertex -75.0458 -0.926489 2.4
    endloop
  endfacet
  facet normal 0.881975 0.471297 0
    outer loop
      vertex -75.0458 -0.926489 0
      vertex -74.9812 -1.04738 2.4
      vertex -74.9812 -1.04738 0
    endloop
  endfacet
  facet normal 0.849164 -0.528129 0
    outer loop
      vertex -74.9812 1.04738 2.4
      vertex -74.9088 1.16379 0
      vertex -74.9088 1.16379 2.4
    endloop
  endfacet
  facet normal 0.849164 -0.528129 0
    outer loop
      vertex -74.9088 1.16379 0
      vertex -74.9812 1.04738 2.4
      vertex -74.9812 1.04738 0
    endloop
  endfacet
  facet normal 0.0980589 0.995181 -0
    outer loop
      vertex -73.3041 -2.09028 0
      vertex -73.4405 -2.07684 2.4
      vertex -73.3041 -2.09028 2.4
    endloop
  endfacet
  facet normal 0.0980589 0.995181 0
    outer loop
      vertex -73.4405 -2.07684 2.4
      vertex -73.3041 -2.09028 0
      vertex -73.4405 -2.07684 0
    endloop
  endfacet
  facet normal -0.471383 0.881929 0
    outer loop
      vertex -72.1197 -1.81412 0
      vertex -72.2406 -1.87874 2.4
      vertex -72.1197 -1.81412 2.4
    endloop
  endfacet
  facet normal -0.471383 0.881929 0
    outer loop
      vertex -72.2406 -1.87874 2.4
      vertex -72.1197 -1.81412 0
      vertex -72.2406 -1.87874 0
    endloop
  endfacet
  facet normal -0.911062 -0.412269 0
    outer loop
      vertex -71.2318 0.801631 0
      vertex -71.2883 0.926489 2.4
      vertex -71.2883 0.926489 0
    endloop
  endfacet
  facet normal -0.911062 -0.412269 0
    outer loop
      vertex -71.2883 0.926489 2.4
      vertex -71.2318 0.801631 0
      vertex -71.2318 0.801631 2.4
    endloop
  endfacet
  facet normal -0.290224 0.956959 0
    outer loop
      vertex -72.4937 -1.98359 0
      vertex -72.6249 -2.02338 2.4
      vertex -72.4937 -1.98359 2.4
    endloop
  endfacet
  facet normal -0.290224 0.956959 0
    outer loop
      vertex -72.6249 -2.02338 2.4
      vertex -72.4937 -1.98359 0
      vertex -72.6249 -2.02338 0
    endloop
  endfacet
  facet normal -0.412851 0.910798 0
    outer loop
      vertex -72.2406 -1.87874 0
      vertex -72.3654 -1.93531 2.4
      vertex -72.2406 -1.87874 2.4
    endloop
  endfacet
  facet normal -0.412851 0.910798 0
    outer loop
      vertex -72.3654 -1.93531 2.4
      vertex -72.2406 -1.87874 0
      vertex -72.3654 -1.93531 0
    endloop
  endfacet
  facet normal -0.911062 0.412269 0
    outer loop
      vertex -71.2883 -0.926489 0
      vertex -71.2318 -0.801631 2.4
      vertex -71.2318 -0.801631 0
    endloop
  endfacet
  facet normal -0.911062 0.412269 0
    outer loop
      vertex -71.2318 -0.801631 2.4
      vertex -71.2883 -0.926489 0
      vertex -71.2883 -0.926489 2.4
    endloop
  endfacet
  facet normal -0.0980589 -0.995181 0
    outer loop
      vertex -73.0301 2.09028 0
      vertex -72.8937 2.07684 2.4
      vertex -73.0301 2.09028 2.4
    endloop
  endfacet
  facet normal -0.0980589 -0.995181 -0
    outer loop
      vertex -72.8937 2.07684 2.4
      vertex -73.0301 2.09028 0
      vertex -72.8937 2.07684 0
    endloop
  endfacet
  facet normal -0.772864 -0.634571 0
    outer loop
      vertex -71.5052 1.27521 0
      vertex -71.5922 1.38117 2.4
      vertex -71.5922 1.38117 0
    endloop
  endfacet
  facet normal -0.772864 -0.634571 0
    outer loop
      vertex -71.5922 1.38117 2.4
      vertex -71.5052 1.27521 0
      vertex -71.5052 1.27521 2.4
    endloop
  endfacet
  facet normal 0.352194 -0.935927 0
    outer loop
      vertex -73.9687 1.93531 0
      vertex -73.8404 1.98359 2.4
      vertex -73.9687 1.93531 2.4
    endloop
  endfacet
  facet normal 0.352194 -0.935927 0
    outer loop
      vertex -73.8404 1.98359 2.4
      vertex -73.9687 1.93531 0
      vertex -73.8404 1.98359 0
    endloop
  endfacet
  facet normal -0.935872 0.352341 0
    outer loop
      vertex -71.2318 -0.801631 0
      vertex -71.1835 -0.673339 2.4
      vertex -71.1835 -0.673339 0
    endloop
  endfacet
  facet normal -0.935872 0.352341 0
    outer loop
      vertex -71.1835 -0.673339 2.4
      vertex -71.2318 -0.801631 0
      vertex -71.2318 -0.801631 2.4
    endloop
  endfacet
  facet normal -0.812648 0.582755 0
    outer loop
      vertex -71.5052 -1.27521 0
      vertex -71.4253 -1.16379 2.4
      vertex -71.4253 -1.16379 0
    endloop
  endfacet
  facet normal -0.812648 0.582755 0
    outer loop
      vertex -71.4253 -1.16379 2.4
      vertex -71.5052 -1.27521 0
      vertex -71.5052 -1.27521 2.4
    endloop
  endfacet
  facet normal 0.935872 -0.352341 0
    outer loop
      vertex -75.1507 0.673339 2.4
      vertex -75.1024 0.801631 0
      vertex -75.1024 0.801631 2.4
    endloop
  endfacet
  facet normal 0.935872 -0.352341 0
    outer loop
      vertex -75.1024 0.801631 0
      vertex -75.1507 0.673339 2.4
      vertex -75.1507 0.673339 0
    endloop
  endfacet
  facet normal 0.956922 0.290343 0
    outer loop
      vertex -75.1507 -0.673339 2.4
      vertex -75.1905 -0.542165 0
      vertex -75.1905 -0.542165 2.4
    endloop
  endfacet
  facet normal 0.956922 0.290343 0
    outer loop
      vertex -75.1905 -0.542165 0
      vertex -75.1507 -0.673339 2.4
      vertex -75.1507 -0.673339 0
    endloop
  endfacet
  facet normal 0.72989 0.683565 0
    outer loop
      vertex -74.6483 -1.48122 2.4
      vertex -74.742 -1.38117 0
      vertex -74.742 -1.38117 2.4
    endloop
  endfacet
  facet normal 0.72989 0.683565 0
    outer loop
      vertex -74.742 -1.38117 0
      vertex -74.6483 -1.48122 2.4
      vertex -74.6483 -1.48122 0
    endloop
  endfacet
  facet normal -0.683786 -0.729683 0
    outer loop
      vertex -71.7859 1.57493 0
      vertex -71.6859 1.48122 2.4
      vertex -71.7859 1.57493 2.4
    endloop
  endfacet
  facet normal -0.683786 -0.729683 -0
    outer loop
      vertex -71.6859 1.48122 2.4
      vertex -71.7859 1.57493 0
      vertex -71.6859 1.48122 0
    endloop
  endfacet
  facet normal 0.772864 0.634571 0
    outer loop
      vertex -74.742 -1.38117 2.4
      vertex -74.829 -1.27521 0
      vertex -74.829 -1.27521 2.4
    endloop
  endfacet
  facet normal 0.772864 0.634571 0
    outer loop
      vertex -74.829 -1.27521 0
      vertex -74.742 -1.38117 2.4
      vertex -74.742 -1.38117 0
    endloop
  endfacet
  facet normal 0.352194 0.935927 -0
    outer loop
      vertex -73.8404 -1.98359 0
      vertex -73.9687 -1.93531 2.4
      vertex -73.8404 -1.98359 2.4
    endloop
  endfacet
  facet normal 0.352194 0.935927 0
    outer loop
      vertex -73.9687 -1.93531 2.4
      vertex -73.8404 -1.98359 0
      vertex -73.9687 -1.93531 0
    endloop
  endfacet
  facet normal 0.812993 0.582273 0
    outer loop
      vertex -74.829 -1.27521 2.4
      vertex -74.9088 -1.16379 0
      vertex -74.9088 -1.16379 2.4
    endloop
  endfacet
  facet normal 0.812993 0.582273 0
    outer loop
      vertex -74.9088 -1.16379 0
      vertex -74.829 -1.27521 2.4
      vertex -74.829 -1.27521 0
    endloop
  endfacet
  facet normal 0.290224 0.956959 -0
    outer loop
      vertex -73.7092 -2.02338 0
      vertex -73.8404 -1.98359 2.4
      vertex -73.7092 -2.02338 2.4
    endloop
  endfacet
  facet normal 0.290224 0.956959 0
    outer loop
      vertex -73.8404 -1.98359 2.4
      vertex -73.7092 -2.02338 0
      vertex -73.8404 -1.98359 0
    endloop
  endfacet
  facet normal -0.634254 -0.773125 0
    outer loop
      vertex -71.8919 1.66189 0
      vertex -71.7859 1.57493 2.4
      vertex -71.8919 1.66189 2.4
    endloop
  endfacet
  facet normal -0.634254 -0.773125 -0
    outer loop
      vertex -71.7859 1.57493 2.4
      vertex -71.8919 1.66189 0
      vertex -71.7859 1.57493 0
    endloop
  endfacet
  facet normal -0.683786 0.729683 0
    outer loop
      vertex -71.6859 -1.48122 0
      vertex -71.7859 -1.57493 2.4
      vertex -71.6859 -1.48122 2.4
    endloop
  endfacet
  facet normal -0.683786 0.729683 0
    outer loop
      vertex -71.7859 -1.57493 2.4
      vertex -71.6859 -1.48122 0
      vertex -71.7859 -1.57493 0
    endloop
  endfacet
  facet normal 0.956922 -0.290343 0
    outer loop
      vertex -75.1905 0.542165 2.4
      vertex -75.1507 0.673339 0
      vertex -75.1507 0.673339 2.4
    endloop
  endfacet
  facet normal 0.956922 -0.290343 0
    outer loop
      vertex -75.1507 0.673339 0
      vertex -75.1905 0.542165 2.4
      vertex -75.1905 0.542165 0
    endloop
  endfacet
  facet normal -0.634254 0.773125 0
    outer loop
      vertex -71.7859 -1.57493 0
      vertex -71.8919 -1.66189 2.4
      vertex -71.7859 -1.57493 2.4
    endloop
  endfacet
  facet normal -0.634254 0.773125 0
    outer loop
      vertex -71.8919 -1.66189 2.4
      vertex -71.7859 -1.57493 0
      vertex -71.8919 -1.66189 0
    endloop
  endfacet
  facet normal 0.634254 0.773125 -0
    outer loop
      vertex -74.4423 -1.66189 0
      vertex -74.5483 -1.57493 2.4
      vertex -74.4423 -1.66189 2.4
    endloop
  endfacet
  facet normal 0.634254 0.773125 0
    outer loop
      vertex -74.5483 -1.57493 2.4
      vertex -74.4423 -1.66189 0
      vertex -74.5483 -1.57493 0
    endloop
  endfacet
  facet normal -0.227091 -0.973873 0
    outer loop
      vertex -72.7584 2.05451 0
      vertex -72.6249 2.02338 2.4
      vertex -72.7584 2.05451 2.4
    endloop
  endfacet
  facet normal -0.227091 -0.973873 -0
    outer loop
      vertex -72.6249 2.02338 2.4
      vertex -72.7584 2.05451 0
      vertex -72.6249 2.02338 0
    endloop
  endfacet
  facet normal 0.999485 0.0320993 0
    outer loop
      vertex -75.2574 -0.137004 2.4
      vertex -75.2618 0 0
      vertex -75.2618 0 2.4
    endloop
  endfacet
  facet normal 0.999485 0.0320993 0
    outer loop
      vertex -75.2618 0 0
      vertex -75.2574 -0.137004 2.4
      vertex -75.2574 -0.137004 0
    endloop
  endfacet
  facet normal 0.935872 0.352341 0
    outer loop
      vertex -75.1024 -0.801631 2.4
      vertex -75.1507 -0.673339 0
      vertex -75.1507 -0.673339 2.4
    endloop
  endfacet
  facet normal 0.935872 0.352341 0
    outer loop
      vertex -75.1507 -0.673339 0
      vertex -75.1024 -0.801631 2.4
      vertex -75.1024 -0.801631 0
    endloop
  endfacet
  facet normal 0.162838 -0.986653 0
    outer loop
      vertex -73.5758 2.05451 0
      vertex -73.4405 2.07684 2.4
      vertex -73.5758 2.05451 2.4
    endloop
  endfacet
  facet normal 0.162838 -0.986653 0
    outer loop
      vertex -73.4405 2.07684 2.4
      vertex -73.5758 2.05451 0
      vertex -73.4405 2.07684 0
    endloop
  endfacet
  facet normal -0.352194 -0.935927 0
    outer loop
      vertex -72.4937 1.98359 0
      vertex -72.3654 1.93531 2.4
      vertex -72.4937 1.98359 2.4
    endloop
  endfacet
  facet normal -0.352194 -0.935927 -0
    outer loop
      vertex -72.3654 1.93531 2.4
      vertex -72.4937 1.98359 0
      vertex -72.3654 1.93531 0
    endloop
  endfacet
  facet normal -0.973921 0.226887 0
    outer loop
      vertex -71.1437 -0.542165 0
      vertex -71.1126 -0.408667 2.4
      vertex -71.1126 -0.408667 0
    endloop
  endfacet
  facet normal -0.973921 0.226887 0
    outer loop
      vertex -71.1126 -0.408667 2.4
      vertex -71.1437 -0.542165 0
      vertex -71.1437 -0.542165 2.4
    endloop
  endfacet
  facet normal 0.973921 0.226887 0
    outer loop
      vertex -75.1905 -0.542165 2.4
      vertex -75.2216 -0.408667 0
      vertex -75.2216 -0.408667 2.4
    endloop
  endfacet
  facet normal 0.973921 0.226887 0
    outer loop
      vertex -75.2216 -0.408667 0
      vertex -75.1905 -0.542165 2.4
      vertex -75.1905 -0.542165 0
    endloop
  endfacet
  facet normal 0.683786 0.729683 -0
    outer loop
      vertex -74.5483 -1.57493 0
      vertex -74.6483 -1.48122 2.4
      vertex -74.5483 -1.57493 2.4
    endloop
  endfacet
  facet normal 0.683786 0.729683 0
    outer loop
      vertex -74.6483 -1.48122 2.4
      vertex -74.5483 -1.57493 0
      vertex -74.6483 -1.48122 0
    endloop
  endfacet
  facet normal -0.582535 -0.812806 0
    outer loop
      vertex -72.0033 1.74173 0
      vertex -71.8919 1.66189 2.4
      vertex -72.0033 1.74173 2.4
    endloop
  endfacet
  facet normal -0.582535 -0.812806 -0
    outer loop
      vertex -71.8919 1.66189 2.4
      vertex -72.0033 1.74173 0
      vertex -71.8919 1.66189 0
    endloop
  endfacet
  facet normal -0.72989 0.683565 0
    outer loop
      vertex -71.6859 -1.48122 0
      vertex -71.5922 -1.38117 2.4
      vertex -71.5922 -1.38117 0
    endloop
  endfacet
  facet normal -0.72989 0.683565 0
    outer loop
      vertex -71.5922 -1.38117 2.4
      vertex -71.6859 -1.48122 0
      vertex -71.6859 -1.48122 2.4
    endloop
  endfacet
  facet normal -0.772864 0.634571 0
    outer loop
      vertex -71.5922 -1.38117 0
      vertex -71.5052 -1.27521 2.4
      vertex -71.5052 -1.27521 0
    endloop
  endfacet
  facet normal -0.772864 0.634571 0
    outer loop
      vertex -71.5052 -1.27521 2.4
      vertex -71.5922 -1.38117 0
      vertex -71.5922 -1.38117 2.4
    endloop
  endfacet
  facet normal -0.849491 -0.527603 0
    outer loop
      vertex -71.353 1.04738 0
      vertex -71.4253 1.16379 2.4
      vertex -71.4253 1.16379 0
    endloop
  endfacet
  facet normal -0.849491 -0.527603 0
    outer loop
      vertex -71.4253 1.16379 2.4
      vertex -71.353 1.04738 0
      vertex -71.353 1.04738 2.4
    endloop
  endfacet
  facet normal -0.352194 0.935927 0
    outer loop
      vertex -72.3654 -1.93531 0
      vertex -72.4937 -1.98359 2.4
      vertex -72.3654 -1.93531 2.4
    endloop
  endfacet
  facet normal -0.352194 0.935927 0
    outer loop
      vertex -72.4937 -1.98359 2.4
      vertex -72.3654 -1.93531 0
      vertex -72.4937 -1.98359 0
    endloop
  endfacet
  facet normal 0.973921 -0.226887 0
    outer loop
      vertex -75.2216 0.408667 2.4
      vertex -75.1905 0.542165 0
      vertex -75.1905 0.542165 2.4
    endloop
  endfacet
  facet normal 0.973921 -0.226887 0
    outer loop
      vertex -75.1905 0.542165 0
      vertex -75.2216 0.408667 2.4
      vertex -75.2216 0.408667 0
    endloop
  endfacet
  facet normal 0.471383 0.881929 -0
    outer loop
      vertex -74.0936 -1.87874 0
      vertex -74.2145 -1.81412 2.4
      vertex -74.0936 -1.87874 2.4
    endloop
  endfacet
  facet normal 0.471383 0.881929 0
    outer loop
      vertex -74.2145 -1.81412 2.4
      vertex -74.0936 -1.87874 0
      vertex -74.2145 -1.81412 0
    endloop
  endfacet
  facet normal 0.849164 0.528129 0
    outer loop
      vertex -74.9088 -1.16379 2.4
      vertex -74.9812 -1.04738 0
      vertex -74.9812 -1.04738 2.4
    endloop
  endfacet
  facet normal 0.849164 0.528129 0
    outer loop
      vertex -74.9812 -1.04738 0
      vertex -74.9088 -1.16379 2.4
      vertex -74.9088 -1.16379 0
    endloop
  endfacet
  facet normal 0.0980589 -0.995181 0
    outer loop
      vertex -73.4405 2.07684 0
      vertex -73.3041 2.09028 2.4
      vertex -73.4405 2.07684 2.4
    endloop
  endfacet
  facet normal 0.0980589 -0.995181 0
    outer loop
      vertex -73.3041 2.09028 2.4
      vertex -73.4405 2.07684 0
      vertex -73.3041 2.09028 0
    endloop
  endfacet
  facet normal 0.995139 0.0984802 0
    outer loop
      vertex -75.2439 -0.273421 2.4
      vertex -75.2574 -0.137004 0
      vertex -75.2574 -0.137004 2.4
    endloop
  endfacet
  facet normal 0.995139 0.0984802 0
    outer loop
      vertex -75.2574 -0.137004 0
      vertex -75.2439 -0.273421 2.4
      vertex -75.2439 -0.273421 0
    endloop
  endfacet
  facet normal 0.986678 0.162688 0
    outer loop
      vertex -75.2216 -0.408667 2.4
      vertex -75.2439 -0.273421 0
      vertex -75.2439 -0.273421 2.4
    endloop
  endfacet
  facet normal 0.986678 0.162688 0
    outer loop
      vertex -75.2439 -0.273421 0
      vertex -75.2216 -0.408667 2.4
      vertex -75.2216 -0.408667 0
    endloop
  endfacet
  facet normal 0.999485 -0.0320993 0
    outer loop
      vertex -75.2618 0 2.4
      vertex -75.2574 0.137004 0
      vertex -75.2574 0.137004 2.4
    endloop
  endfacet
  facet normal 0.999485 -0.0320993 0
    outer loop
      vertex -75.2574 0.137004 0
      vertex -75.2618 0 2.4
      vertex -75.2618 0 0
    endloop
  endfacet
  facet normal 0.290224 -0.956959 0
    outer loop
      vertex -73.8404 1.98359 0
      vertex -73.7092 2.02338 2.4
      vertex -73.8404 1.98359 2.4
    endloop
  endfacet
  facet normal 0.290224 -0.956959 0
    outer loop
      vertex -73.7092 2.02338 2.4
      vertex -73.8404 1.98359 0
      vertex -73.7092 2.02338 0
    endloop
  endfacet
  facet normal 0.582535 -0.812806 0
    outer loop
      vertex -74.4423 1.66189 0
      vertex -74.3309 1.74173 2.4
      vertex -74.4423 1.66189 2.4
    endloop
  endfacet
  facet normal 0.582535 -0.812806 0
    outer loop
      vertex -74.3309 1.74173 2.4
      vertex -74.4423 1.66189 0
      vertex -74.3309 1.74173 0
    endloop
  endfacet
  facet normal 0.995139 -0.0984802 0
    outer loop
      vertex -75.2574 0.137004 2.4
      vertex -75.2439 0.273421 0
      vertex -75.2439 0.273421 2.4
    endloop
  endfacet
  facet normal 0.995139 -0.0984802 0
    outer loop
      vertex -75.2439 0.273421 0
      vertex -75.2574 0.137004 2.4
      vertex -75.2574 0.137004 0
    endloop
  endfacet
  facet normal 0.471383 -0.881929 0
    outer loop
      vertex -74.2145 1.81412 0
      vertex -74.0936 1.87874 2.4
      vertex -74.2145 1.81412 2.4
    endloop
  endfacet
  facet normal 0.471383 -0.881929 0
    outer loop
      vertex -74.0936 1.87874 2.4
      vertex -74.2145 1.81412 0
      vertex -74.0936 1.87874 0
    endloop
  endfacet
  facet normal -0.98656 0.163398 0
    outer loop
      vertex -71.1126 -0.408667 0
      vertex -71.0902 -0.273421 2.4
      vertex -71.0902 -0.273421 0
    endloop
  endfacet
  facet normal -0.98656 0.163398 0
    outer loop
      vertex -71.0902 -0.273421 2.4
      vertex -71.1126 -0.408667 0
      vertex -71.1126 -0.408667 2.4
    endloop
  endfacet
  facet normal 0.986678 -0.162688 0
    outer loop
      vertex -75.2439 0.273421 2.4
      vertex -75.2216 0.408667 0
      vertex -75.2216 0.408667 2.4
    endloop
  endfacet
  facet normal 0.986678 -0.162688 0
    outer loop
      vertex -75.2216 0.408667 0
      vertex -75.2439 0.273421 2.4
      vertex -75.2439 0.273421 0
    endloop
  endfacet
  facet normal 0.582535 0.812806 -0
    outer loop
      vertex -74.3309 -1.74173 0
      vertex -74.4423 -1.66189 2.4
      vertex -74.3309 -1.74173 2.4
    endloop
  endfacet
  facet normal 0.582535 0.812806 0
    outer loop
      vertex -74.4423 -1.66189 2.4
      vertex -74.3309 -1.74173 0
      vertex -74.4423 -1.66189 0
    endloop
  endfacet
  facet normal 0.162838 0.986653 -0
    outer loop
      vertex -73.4405 -2.07684 0
      vertex -73.5758 -2.05451 2.4
      vertex -73.4405 -2.07684 2.4
    endloop
  endfacet
  facet normal 0.162838 0.986653 0
    outer loop
      vertex -73.5758 -2.05451 2.4
      vertex -73.4405 -2.07684 0
      vertex -73.5758 -2.05451 0
    endloop
  endfacet
  facet normal -0.162838 -0.986653 0
    outer loop
      vertex -72.8937 2.07684 0
      vertex -72.7584 2.05451 2.4
      vertex -72.8937 2.07684 2.4
    endloop
  endfacet
  facet normal -0.162838 -0.986653 -0
    outer loop
      vertex -72.7584 2.05451 2.4
      vertex -72.8937 2.07684 0
      vertex -72.7584 2.05451 0
    endloop
  endfacet
  facet normal 0.528109 0.849177 -0
    outer loop
      vertex -74.2145 -1.81412 0
      vertex -74.3309 -1.74173 2.4
      vertex -74.2145 -1.81412 2.4
    endloop
  endfacet
  facet normal 0.528109 0.849177 0
    outer loop
      vertex -74.3309 -1.74173 2.4
      vertex -74.2145 -1.81412 0
      vertex -74.3309 -1.74173 0
    endloop
  endfacet
  facet normal -0.881671 0.471864 0
    outer loop
      vertex -71.353 -1.04738 0
      vertex -71.2883 -0.926489 2.4
      vertex -71.2883 -0.926489 0
    endloop
  endfacet
  facet normal -0.881671 0.471864 0
    outer loop
      vertex -71.2883 -0.926489 2.4
      vertex -71.353 -1.04738 0
      vertex -71.353 -1.04738 2.4
    endloop
  endfacet
  facet normal -0.290224 -0.956959 0
    outer loop
      vertex -72.6249 2.02338 0
      vertex -72.4937 1.98359 2.4
      vertex -72.6249 2.02338 2.4
    endloop
  endfacet
  facet normal -0.290224 -0.956959 -0
    outer loop
      vertex -72.4937 1.98359 2.4
      vertex -72.6249 2.02338 0
      vertex -72.4937 1.98359 0
    endloop
  endfacet
  facet normal -0.582535 0.812806 0
    outer loop
      vertex -71.8919 -1.66189 0
      vertex -72.0033 -1.74173 2.4
      vertex -71.8919 -1.66189 2.4
    endloop
  endfacet
  facet normal -0.582535 0.812806 0
    outer loop
      vertex -72.0033 -1.74173 2.4
      vertex -71.8919 -1.66189 0
      vertex -72.0033 -1.74173 0
    endloop
  endfacet
  facet normal 0.227253 -0.973836 0
    outer loop
      vertex -73.7092 2.02338 0
      vertex -73.5758 2.05451 2.4
      vertex -73.7092 2.02338 2.4
    endloop
  endfacet
  facet normal 0.227253 -0.973836 0
    outer loop
      vertex -73.5758 2.05451 2.4
      vertex -73.7092 2.02338 0
      vertex -73.5758 2.05451 0
    endloop
  endfacet
  facet normal 0.72989 -0.683565 0
    outer loop
      vertex -74.742 1.38117 2.4
      vertex -74.6483 1.48122 0
      vertex -74.6483 1.48122 2.4
    endloop
  endfacet
  facet normal 0.72989 -0.683565 0
    outer loop
      vertex -74.6483 1.48122 0
      vertex -74.742 1.38117 2.4
      vertex -74.742 1.38117 0
    endloop
  endfacet
  facet normal 0.910788 -0.412874 0
    outer loop
      vertex -75.1024 0.801631 2.4
      vertex -75.0458 0.926489 0
      vertex -75.0458 0.926489 2.4
    endloop
  endfacet
  facet normal 0.910788 -0.412874 0
    outer loop
      vertex -75.0458 0.926489 0
      vertex -75.1024 0.801631 2.4
      vertex -75.1024 0.801631 0
    endloop
  endfacet
  facet normal 0.412577 0.910923 -0
    outer loop
      vertex -73.9687 -1.93531 0
      vertex -74.0936 -1.87874 2.4
      vertex -73.9687 -1.93531 2.4
    endloop
  endfacet
  facet normal 0.412577 0.910923 0
    outer loop
      vertex -74.0936 -1.87874 2.4
      vertex -73.9687 -1.93531 0
      vertex -74.0936 -1.87874 0
    endloop
  endfacet
  facet normal 0.910788 0.412874 0
    outer loop
      vertex -75.0458 -0.926489 2.4
      vertex -75.1024 -0.801631 0
      vertex -75.1024 -0.801631 2.4
    endloop
  endfacet
  facet normal 0.910788 0.412874 0
    outer loop
      vertex -75.1024 -0.801631 0
      vertex -75.0458 -0.926489 2.4
      vertex -75.0458 -0.926489 0
    endloop
  endfacet
  facet normal 0.72989 -0.683565 0
    outer loop
      vertex 71.5922 1.38117 2.4
      vertex 71.6859 1.48122 0
      vertex 71.6859 1.48122 2.4
    endloop
  endfacet
  facet normal 0.72989 -0.683565 0
    outer loop
      vertex 71.6859 1.48122 0
      vertex 71.5922 1.38117 2.4
      vertex 71.5922 1.38117 0
    endloop
  endfacet
  facet normal -0.973921 0.226887 0
    outer loop
      vertex 75.1905 -0.542165 0
      vertex 75.2216 -0.408667 2.4
      vertex 75.2216 -0.408667 0
    endloop
  endfacet
  facet normal -0.973921 0.226887 0
    outer loop
      vertex 75.2216 -0.408667 2.4
      vertex 75.1905 -0.542165 0
      vertex 75.1905 -0.542165 2.4
    endloop
  endfacet
  facet normal -0.995139 -0.0984802 0
    outer loop
      vertex 75.2574 0.137004 0
      vertex 75.2439 0.273421 2.4
      vertex 75.2439 0.273421 0
    endloop
  endfacet
  facet normal -0.995139 -0.0984802 0
    outer loop
      vertex 75.2439 0.273421 2.4
      vertex 75.2574 0.137004 0
      vertex 75.2574 0.137004 2.4
    endloop
  endfacet
  facet normal -0.999485 -0.0320993 0
    outer loop
      vertex 75.2618 0 0
      vertex 75.2574 0.137004 2.4
      vertex 75.2574 0.137004 0
    endloop
  endfacet
  facet normal -0.999485 -0.0320993 0
    outer loop
      vertex 75.2574 0.137004 2.4
      vertex 75.2618 0 0
      vertex 75.2618 0 2.4
    endloop
  endfacet
  facet normal -0.986678 -0.162688 0
    outer loop
      vertex 75.2439 0.273421 0
      vertex 75.2216 0.408667 2.4
      vertex 75.2216 0.408667 0
    endloop
  endfacet
  facet normal -0.986678 -0.162688 0
    outer loop
      vertex 75.2216 0.408667 2.4
      vertex 75.2439 0.273421 0
      vertex 75.2439 0.273421 2.4
    endloop
  endfacet
  facet normal -0.973921 -0.226887 0
    outer loop
      vertex 75.2216 0.408667 0
      vertex 75.1905 0.542165 2.4
      vertex 75.1905 0.542165 0
    endloop
  endfacet
  facet normal -0.973921 -0.226887 0
    outer loop
      vertex 75.1905 0.542165 2.4
      vertex 75.2216 0.408667 0
      vertex 75.2216 0.408667 2.4
    endloop
  endfacet
  facet normal 0.352194 -0.935927 0
    outer loop
      vertex 72.3654 1.93531 0
      vertex 72.4937 1.98359 2.4
      vertex 72.3654 1.93531 2.4
    endloop
  endfacet
  facet normal 0.352194 -0.935927 0
    outer loop
      vertex 72.4937 1.98359 2.4
      vertex 72.3654 1.93531 0
      vertex 72.4937 1.98359 0
    endloop
  endfacet
  facet normal 0.0326833 -0.999466 0
    outer loop
      vertex 73.0301 2.09028 0
      vertex 73.1671 2.09476 2.4
      vertex 73.0301 2.09028 2.4
    endloop
  endfacet
  facet normal 0.0326833 -0.999466 0
    outer loop
      vertex 73.1671 2.09476 2.4
      vertex 73.0301 2.09028 0
      vertex 73.1671 2.09476 0
    endloop
  endfacet
  facet normal -0.910788 -0.412874 0
    outer loop
      vertex 75.1024 0.801631 0
      vertex 75.0458 0.926489 2.4
      vertex 75.0458 0.926489 0
    endloop
  endfacet
  facet normal -0.910788 -0.412874 0
    outer loop
      vertex 75.0458 0.926489 2.4
      vertex 75.1024 0.801631 0
      vertex 75.1024 0.801631 2.4
    endloop
  endfacet
  facet normal -0.528109 -0.849177 0
    outer loop
      vertex 74.2145 1.81412 0
      vertex 74.3309 1.74173 2.4
      vertex 74.2145 1.81412 2.4
    endloop
  endfacet
  facet normal -0.528109 -0.849177 -0
    outer loop
      vertex 74.3309 1.74173 2.4
      vertex 74.2145 1.81412 0
      vertex 74.3309 1.74173 0
    endloop
  endfacet
  facet normal 0.412851 -0.910798 0
    outer loop
      vertex 72.2406 1.87874 0
      vertex 72.3654 1.93531 2.4
      vertex 72.2406 1.87874 2.4
    endloop
  endfacet
  facet normal 0.412851 -0.910798 0
    outer loop
      vertex 72.3654 1.93531 2.4
      vertex 72.2406 1.87874 0
      vertex 72.3654 1.93531 0
    endloop
  endfacet
  facet normal 0.227091 -0.973873 0
    outer loop
      vertex 72.6249 2.02338 0
      vertex 72.7584 2.05451 2.4
      vertex 72.6249 2.02338 2.4
    endloop
  endfacet
  facet normal 0.227091 -0.973873 0
    outer loop
      vertex 72.7584 2.05451 2.4
      vertex 72.6249 2.02338 0
      vertex 72.7584 2.05451 0
    endloop
  endfacet
  facet normal -0.634254 -0.773125 0
    outer loop
      vertex 74.4423 1.66189 0
      vertex 74.5483 1.57493 2.4
      vertex 74.4423 1.66189 2.4
    endloop
  endfacet
  facet normal -0.634254 -0.773125 -0
    outer loop
      vertex 74.5483 1.57493 2.4
      vertex 74.4423 1.66189 0
      vertex 74.5483 1.57493 0
    endloop
  endfacet
  facet normal 0.849491 0.527603 0
    outer loop
      vertex 71.4253 -1.16379 2.4
      vertex 71.353 -1.04738 0
      vertex 71.353 -1.04738 2.4
    endloop
  endfacet
  facet normal 0.849491 0.527603 0
    outer loop
      vertex 71.353 -1.04738 0
      vertex 71.4253 -1.16379 2.4
      vertex 71.4253 -1.16379 0
    endloop
  endfacet
  facet normal -0.849164 -0.528129 0
    outer loop
      vertex 74.9812 1.04738 0
      vertex 74.9088 1.16379 2.4
      vertex 74.9088 1.16379 0
    endloop
  endfacet
  facet normal -0.849164 -0.528129 0
    outer loop
      vertex 74.9088 1.16379 2.4
      vertex 74.9812 1.04738 0
      vertex 74.9812 1.04738 2.4
    endloop
  endfacet
  facet normal -0.772864 0.634571 0
    outer loop
      vertex 74.742 -1.38117 0
      vertex 74.829 -1.27521 2.4
      vertex 74.829 -1.27521 0
    endloop
  endfacet
  facet normal -0.772864 0.634571 0
    outer loop
      vertex 74.829 -1.27521 2.4
      vertex 74.742 -1.38117 0
      vertex 74.742 -1.38117 2.4
    endloop
  endfacet
  facet normal 0.412851 0.910798 -0
    outer loop
      vertex 72.3654 -1.93531 0
      vertex 72.2406 -1.87874 2.4
      vertex 72.3654 -1.93531 2.4
    endloop
  endfacet
  facet normal 0.412851 0.910798 0
    outer loop
      vertex 72.2406 -1.87874 2.4
      vertex 72.3654 -1.93531 0
      vertex 72.2406 -1.87874 0
    endloop
  endfacet
  facet normal -0.528109 0.849177 0
    outer loop
      vertex 74.3309 -1.74173 0
      vertex 74.2145 -1.81412 2.4
      vertex 74.3309 -1.74173 2.4
    endloop
  endfacet
  facet normal -0.528109 0.849177 0
    outer loop
      vertex 74.2145 -1.81412 2.4
      vertex 74.3309 -1.74173 0
      vertex 74.2145 -1.81412 0
    endloop
  endfacet
  facet normal -0.352194 -0.935927 0
    outer loop
      vertex 73.8404 1.98359 0
      vertex 73.9687 1.93531 2.4
      vertex 73.8404 1.98359 2.4
    endloop
  endfacet
  facet normal -0.352194 -0.935927 -0
    outer loop
      vertex 73.9687 1.93531 2.4
      vertex 73.8404 1.98359 0
      vertex 73.9687 1.93531 0
    endloop
  endfacet
  facet normal -0.72989 -0.683565 0
    outer loop
      vertex 74.742 1.38117 0
      vertex 74.6483 1.48122 2.4
      vertex 74.6483 1.48122 0
    endloop
  endfacet
  facet normal -0.72989 -0.683565 0
    outer loop
      vertex 74.6483 1.48122 2.4
      vertex 74.742 1.38117 0
      vertex 74.742 1.38117 2.4
    endloop
  endfacet
  facet normal -0.0980589 0.995181 0
    outer loop
      vertex 73.4405 -2.07684 0
      vertex 73.3041 -2.09028 2.4
      vertex 73.4405 -2.07684 2.4
    endloop
  endfacet
  facet normal -0.0980589 0.995181 0
    outer loop
      vertex 73.3041 -2.09028 2.4
      vertex 73.4405 -2.07684 0
      vertex 73.3041 -2.09028 0
    endloop
  endfacet
  facet normal 0.99521 -0.0977577 0
    outer loop
      vertex 71.0768 0.137004 2.4
      vertex 71.0902 0.273421 0
      vertex 71.0902 0.273421 2.4
    endloop
  endfacet
  facet normal 0.99521 -0.0977577 0
    outer loop
      vertex 71.0902 0.273421 0
      vertex 71.0768 0.137004 2.4
      vertex 71.0768 0.137004 0
    endloop
  endfacet
  facet normal -0.0326833 -0.999466 0
    outer loop
      vertex 73.1671 2.09476 0
      vertex 73.3041 2.09028 2.4
      vertex 73.1671 2.09476 2.4
    endloop
  endfacet
  facet normal -0.0326833 -0.999466 -0
    outer loop
      vertex 73.3041 2.09028 2.4
      vertex 73.1671 2.09476 0
      vertex 73.3041 2.09028 0
    endloop
  endfacet
  facet normal -0.812993 -0.582273 0
    outer loop
      vertex 74.9088 1.16379 0
      vertex 74.829 1.27521 2.4
      vertex 74.829 1.27521 0
    endloop
  endfacet
  facet normal -0.812993 -0.582273 0
    outer loop
      vertex 74.829 1.27521 2.4
      vertex 74.9088 1.16379 0
      vertex 74.9088 1.16379 2.4
    endloop
  endfacet
  facet normal 0.956922 0.290343 0
    outer loop
      vertex 71.1835 -0.673339 2.4
      vertex 71.1437 -0.542165 0
      vertex 71.1437 -0.542165 2.4
    endloop
  endfacet
  facet normal 0.956922 0.290343 0
    outer loop
      vertex 71.1437 -0.542165 0
      vertex 71.1835 -0.673339 2.4
      vertex 71.1835 -0.673339 0
    endloop
  endfacet
  facet normal -0.910788 0.412874 0
    outer loop
      vertex 75.0458 -0.926489 0
      vertex 75.1024 -0.801631 2.4
      vertex 75.1024 -0.801631 0
    endloop
  endfacet
  facet normal -0.910788 0.412874 0
    outer loop
      vertex 75.1024 -0.801631 2.4
      vertex 75.0458 -0.926489 0
      vertex 75.0458 -0.926489 2.4
    endloop
  endfacet
  facet normal 0.582535 -0.812806 0
    outer loop
      vertex 71.8919 1.66189 0
      vertex 72.0033 1.74173 2.4
      vertex 71.8919 1.66189 2.4
    endloop
  endfacet
  facet normal 0.582535 -0.812806 0
    outer loop
      vertex 72.0033 1.74173 2.4
      vertex 71.8919 1.66189 0
      vertex 72.0033 1.74173 0
    endloop
  endfacet
  facet normal 0.911062 -0.412269 0
    outer loop
      vertex 71.2318 0.801631 2.4
      vertex 71.2883 0.926489 0
      vertex 71.2883 0.926489 2.4
    endloop
  endfacet
  facet normal 0.911062 -0.412269 0
    outer loop
      vertex 71.2883 0.926489 0
      vertex 71.2318 0.801631 2.4
      vertex 71.2318 0.801631 0
    endloop
  endfacet
  facet normal -0.471383 -0.881929 0
    outer loop
      vertex 74.0936 1.87874 0
      vertex 74.2145 1.81412 2.4
      vertex 74.0936 1.87874 2.4
    endloop
  endfacet
  facet normal -0.471383 -0.881929 -0
    outer loop
      vertex 74.2145 1.81412 2.4
      vertex 74.0936 1.87874 0
      vertex 74.2145 1.81412 0
    endloop
  endfacet
  facet normal 0.683786 0.729683 -0
    outer loop
      vertex 71.7859 -1.57493 0
      vertex 71.6859 -1.48122 2.4
      vertex 71.7859 -1.57493 2.4
    endloop
  endfacet
  facet normal 0.683786 0.729683 0
    outer loop
      vertex 71.6859 -1.48122 2.4
      vertex 71.7859 -1.57493 0
      vertex 71.6859 -1.48122 0
    endloop
  endfacet
  facet normal 0.162838 -0.986653 0
    outer loop
      vertex 72.7584 2.05451 0
      vertex 72.8937 2.07684 2.4
      vertex 72.7584 2.05451 2.4
    endloop
  endfacet
  facet normal 0.162838 -0.986653 0
    outer loop
      vertex 72.8937 2.07684 2.4
      vertex 72.7584 2.05451 0
      vertex 72.8937 2.07684 0
    endloop
  endfacet
  facet normal -0.227253 -0.973836 0
    outer loop
      vertex 73.5758 2.05451 0
      vertex 73.7092 2.02338 2.4
      vertex 73.5758 2.05451 2.4
    endloop
  endfacet
  facet normal -0.227253 -0.973836 -0
    outer loop
      vertex 73.7092 2.02338 2.4
      vertex 73.5758 2.05451 0
      vertex 73.7092 2.02338 0
    endloop
  endfacet
  facet normal 0.0980589 0.995181 -0
    outer loop
      vertex 73.0301 -2.09028 0
      vertex 72.8937 -2.07684 2.4
      vertex 73.0301 -2.09028 2.4
    endloop
  endfacet
  facet normal 0.0980589 0.995181 0
    outer loop
      vertex 72.8937 -2.07684 2.4
      vertex 73.0301 -2.09028 0
      vertex 72.8937 -2.07684 0
    endloop
  endfacet
  facet normal 0.849491 -0.527603 0
    outer loop
      vertex 71.353 1.04738 2.4
      vertex 71.4253 1.16379 0
      vertex 71.4253 1.16379 2.4
    endloop
  endfacet
  facet normal 0.849491 -0.527603 0
    outer loop
      vertex 71.4253 1.16379 0
      vertex 71.353 1.04738 2.4
      vertex 71.353 1.04738 0
    endloop
  endfacet
  facet normal 0.634254 -0.773125 0
    outer loop
      vertex 71.7859 1.57493 0
      vertex 71.8919 1.66189 2.4
      vertex 71.7859 1.57493 2.4
    endloop
  endfacet
  facet normal 0.634254 -0.773125 0
    outer loop
      vertex 71.8919 1.66189 2.4
      vertex 71.7859 1.57493 0
      vertex 71.8919 1.66189 0
    endloop
  endfacet
  facet normal 0.683786 -0.729683 0
    outer loop
      vertex 71.6859 1.48122 0
      vertex 71.7859 1.57493 2.4
      vertex 71.6859 1.48122 2.4
    endloop
  endfacet
  facet normal 0.683786 -0.729683 0
    outer loop
      vertex 71.7859 1.57493 2.4
      vertex 71.6859 1.48122 0
      vertex 71.7859 1.57493 0
    endloop
  endfacet
  facet normal -0.290224 -0.956959 0
    outer loop
      vertex 73.7092 2.02338 0
      vertex 73.8404 1.98359 2.4
      vertex 73.7092 2.02338 2.4
    endloop
  endfacet
  facet normal -0.290224 -0.956959 -0
    outer loop
      vertex 73.8404 1.98359 2.4
      vertex 73.7092 2.02338 0
      vertex 73.8404 1.98359 0
    endloop
  endfacet
  facet normal -0.999485 0.0320993 0
    outer loop
      vertex 75.2574 -0.137004 0
      vertex 75.2618 0 2.4
      vertex 75.2618 0 0
    endloop
  endfacet
  facet normal -0.999485 0.0320993 0
    outer loop
      vertex 75.2618 0 2.4
      vertex 75.2574 -0.137004 0
      vertex 75.2574 -0.137004 2.4
    endloop
  endfacet
  facet normal -0.471383 0.881929 0
    outer loop
      vertex 74.2145 -1.81412 0
      vertex 74.0936 -1.87874 2.4
      vertex 74.2145 -1.81412 2.4
    endloop
  endfacet
  facet normal -0.471383 0.881929 0
    outer loop
      vertex 74.0936 -1.87874 2.4
      vertex 74.2145 -1.81412 0
      vertex 74.0936 -1.87874 0
    endloop
  endfacet
  facet normal 0.98656 0.163398 0
    outer loop
      vertex 71.1126 -0.408667 2.4
      vertex 71.0902 -0.273421 0
      vertex 71.0902 -0.273421 2.4
    endloop
  endfacet
  facet normal 0.98656 0.163398 0
    outer loop
      vertex 71.0902 -0.273421 0
      vertex 71.1126 -0.408667 2.4
      vertex 71.1126 -0.408667 0
    endloop
  endfacet
  facet normal -0.849164 0.528129 0
    outer loop
      vertex 74.9088 -1.16379 0
      vertex 74.9812 -1.04738 2.4
      vertex 74.9812 -1.04738 0
    endloop
  endfacet
  facet normal -0.849164 0.528129 0
    outer loop
      vertex 74.9812 -1.04738 2.4
      vertex 74.9088 -1.16379 0
      vertex 74.9088 -1.16379 2.4
    endloop
  endfacet
  facet normal -0.935872 0.352341 0
    outer loop
      vertex 75.1024 -0.801631 0
      vertex 75.1507 -0.673339 2.4
      vertex 75.1507 -0.673339 0
    endloop
  endfacet
  facet normal -0.935872 0.352341 0
    outer loop
      vertex 75.1507 -0.673339 2.4
      vertex 75.1024 -0.801631 0
      vertex 75.1024 -0.801631 2.4
    endloop
  endfacet
  facet normal 0.99521 0.0977577 0
    outer loop
      vertex 71.0902 -0.273421 2.4
      vertex 71.0768 -0.137004 0
      vertex 71.0768 -0.137004 2.4
    endloop
  endfacet
  facet normal 0.99521 0.0977577 0
    outer loop
      vertex 71.0768 -0.137004 0
      vertex 71.0902 -0.273421 2.4
      vertex 71.0902 -0.273421 0
    endloop
  endfacet
  facet normal -0.881975 0.471297 0
    outer loop
      vertex 74.9812 -1.04738 0
      vertex 75.0458 -0.926489 2.4
      vertex 75.0458 -0.926489 0
    endloop
  endfacet
  facet normal -0.881975 0.471297 0
    outer loop
      vertex 75.0458 -0.926489 2.4
      vertex 74.9812 -1.04738 0
      vertex 74.9812 -1.04738 2.4
    endloop
  endfacet
  facet normal 0.227091 0.973873 -0
    outer loop
      vertex 72.7584 -2.05451 0
      vertex 72.6249 -2.02338 2.4
      vertex 72.7584 -2.05451 2.4
    endloop
  endfacet
  facet normal 0.227091 0.973873 0
    outer loop
      vertex 72.6249 -2.02338 2.4
      vertex 72.7584 -2.05451 0
      vertex 72.6249 -2.02338 0
    endloop
  endfacet
  facet normal -0.881975 -0.471297 0
    outer loop
      vertex 75.0458 0.926489 0
      vertex 74.9812 1.04738 2.4
      vertex 74.9812 1.04738 0
    endloop
  endfacet
  facet normal -0.881975 -0.471297 0
    outer loop
      vertex 74.9812 1.04738 2.4
      vertex 75.0458 0.926489 0
      vertex 75.0458 0.926489 2.4
    endloop
  endfacet
  facet normal 0.812648 -0.582755 0
    outer loop
      vertex 71.4253 1.16379 2.4
      vertex 71.5052 1.27521 0
      vertex 71.5052 1.27521 2.4
    endloop
  endfacet
  facet normal 0.812648 -0.582755 0
    outer loop
      vertex 71.5052 1.27521 0
      vertex 71.4253 1.16379 2.4
      vertex 71.4253 1.16379 0
    endloop
  endfacet
  facet normal 0.999461 0.0328281 0
    outer loop
      vertex 71.0768 -0.137004 2.4
      vertex 71.0723 0 0
      vertex 71.0723 0 2.4
    endloop
  endfacet
  facet normal 0.999461 0.0328281 0
    outer loop
      vertex 71.0723 0 0
      vertex 71.0768 -0.137004 2.4
      vertex 71.0768 -0.137004 0
    endloop
  endfacet
  facet normal 0.973921 -0.226887 0
    outer loop
      vertex 71.1126 0.408667 2.4
      vertex 71.1437 0.542165 0
      vertex 71.1437 0.542165 2.4
    endloop
  endfacet
  facet normal 0.973921 -0.226887 0
    outer loop
      vertex 71.1437 0.542165 0
      vertex 71.1126 0.408667 2.4
      vertex 71.1126 0.408667 0
    endloop
  endfacet
  facet normal 0.290224 0.956959 -0
    outer loop
      vertex 72.6249 -2.02338 0
      vertex 72.4937 -1.98359 2.4
      vertex 72.6249 -2.02338 2.4
    endloop
  endfacet
  facet normal 0.290224 0.956959 0
    outer loop
      vertex 72.4937 -1.98359 2.4
      vertex 72.6249 -2.02338 0
      vertex 72.4937 -1.98359 0
    endloop
  endfacet
  facet normal -0.935872 -0.352341 0
    outer loop
      vertex 75.1507 0.673339 0
      vertex 75.1024 0.801631 2.4
      vertex 75.1024 0.801631 0
    endloop
  endfacet
  facet normal -0.935872 -0.352341 0
    outer loop
      vertex 75.1024 0.801631 2.4
      vertex 75.1507 0.673339 0
      vertex 75.1507 0.673339 2.4
    endloop
  endfacet
  facet normal -0.227253 0.973836 0
    outer loop
      vertex 73.7092 -2.02338 0
      vertex 73.5758 -2.05451 2.4
      vertex 73.7092 -2.02338 2.4
    endloop
  endfacet
  facet normal -0.227253 0.973836 0
    outer loop
      vertex 73.5758 -2.05451 2.4
      vertex 73.7092 -2.02338 0
      vertex 73.5758 -2.05451 0
    endloop
  endfacet
  facet normal -0.162838 -0.986653 0
    outer loop
      vertex 73.4405 2.07684 0
      vertex 73.5758 2.05451 2.4
      vertex 73.4405 2.07684 2.4
    endloop
  endfacet
  facet normal -0.162838 -0.986653 -0
    outer loop
      vertex 73.5758 2.05451 2.4
      vertex 73.4405 2.07684 0
      vertex 73.5758 2.05451 0
    endloop
  endfacet
  facet normal 0.162838 0.986653 -0
    outer loop
      vertex 72.8937 -2.07684 0
      vertex 72.7584 -2.05451 2.4
      vertex 72.8937 -2.07684 2.4
    endloop
  endfacet
  facet normal 0.162838 0.986653 0
    outer loop
      vertex 72.7584 -2.05451 2.4
      vertex 72.8937 -2.07684 0
      vertex 72.7584 -2.05451 0
    endloop
  endfacet
  facet normal -0.683786 0.729683 0
    outer loop
      vertex 74.6483 -1.48122 0
      vertex 74.5483 -1.57493 2.4
      vertex 74.6483 -1.48122 2.4
    endloop
  endfacet
  facet normal -0.683786 0.729683 0
    outer loop
      vertex 74.5483 -1.57493 2.4
      vertex 74.6483 -1.48122 0
      vertex 74.5483 -1.57493 0
    endloop
  endfacet
  facet normal -0.162838 0.986653 0
    outer loop
      vertex 73.5758 -2.05451 0
      vertex 73.4405 -2.07684 2.4
      vertex 73.5758 -2.05451 2.4
    endloop
  endfacet
  facet normal -0.162838 0.986653 0
    outer loop
      vertex 73.4405 -2.07684 2.4
      vertex 73.5758 -2.05451 0
      vertex 73.4405 -2.07684 0
    endloop
  endfacet
  facet normal -0.0326833 0.999466 0
    outer loop
      vertex 73.3041 -2.09028 0
      vertex 73.1671 -2.09476 2.4
      vertex 73.3041 -2.09028 2.4
    endloop
  endfacet
  facet normal -0.0326833 0.999466 0
    outer loop
      vertex 73.1671 -2.09476 2.4
      vertex 73.3041 -2.09028 0
      vertex 73.1671 -2.09476 0
    endloop
  endfacet
  facet normal 0.0980589 -0.995181 0
    outer loop
      vertex 72.8937 2.07684 0
      vertex 73.0301 2.09028 2.4
      vertex 72.8937 2.07684 2.4
    endloop
  endfacet
  facet normal 0.0980589 -0.995181 0
    outer loop
      vertex 73.0301 2.09028 2.4
      vertex 72.8937 2.07684 0
      vertex 73.0301 2.09028 0
    endloop
  endfacet
  facet normal 0.772864 -0.634571 0
    outer loop
      vertex 71.5052 1.27521 2.4
      vertex 71.5922 1.38117 0
      vertex 71.5922 1.38117 2.4
    endloop
  endfacet
  facet normal 0.772864 -0.634571 0
    outer loop
      vertex 71.5922 1.38117 0
      vertex 71.5052 1.27521 2.4
      vertex 71.5052 1.27521 0
    endloop
  endfacet
  facet normal 0.290224 -0.956959 0
    outer loop
      vertex 72.4937 1.98359 0
      vertex 72.6249 2.02338 2.4
      vertex 72.4937 1.98359 2.4
    endloop
  endfacet
  facet normal 0.290224 -0.956959 0
    outer loop
      vertex 72.6249 2.02338 2.4
      vertex 72.4937 1.98359 0
      vertex 72.6249 2.02338 0
    endloop
  endfacet
  facet normal 0.973921 0.226887 0
    outer loop
      vertex 71.1437 -0.542165 2.4
      vertex 71.1126 -0.408667 0
      vertex 71.1126 -0.408667 2.4
    endloop
  endfacet
  facet normal 0.973921 0.226887 0
    outer loop
      vertex 71.1126 -0.408667 0
      vertex 71.1437 -0.542165 2.4
      vertex 71.1437 -0.542165 0
    endloop
  endfacet
  facet normal -0.412577 0.910923 0
    outer loop
      vertex 74.0936 -1.87874 0
      vertex 73.9687 -1.93531 2.4
      vertex 74.0936 -1.87874 2.4
    endloop
  endfacet
  facet normal -0.412577 0.910923 0
    outer loop
      vertex 73.9687 -1.93531 2.4
      vertex 74.0936 -1.87874 0
      vertex 73.9687 -1.93531 0
    endloop
  endfacet
  facet normal -0.582535 -0.812806 0
    outer loop
      vertex 74.3309 1.74173 0
      vertex 74.4423 1.66189 2.4
      vertex 74.3309 1.74173 2.4
    endloop
  endfacet
  facet normal -0.582535 -0.812806 -0
    outer loop
      vertex 74.4423 1.66189 2.4
      vertex 74.3309 1.74173 0
      vertex 74.4423 1.66189 0
    endloop
  endfacet
  facet normal -0.986678 0.162688 0
    outer loop
      vertex 75.2216 -0.408667 0
      vertex 75.2439 -0.273421 2.4
      vertex 75.2439 -0.273421 0
    endloop
  endfacet
  facet normal -0.986678 0.162688 0
    outer loop
      vertex 75.2439 -0.273421 2.4
      vertex 75.2216 -0.408667 0
      vertex 75.2216 -0.408667 2.4
    endloop
  endfacet
  facet normal 0.935872 0.352341 0
    outer loop
      vertex 71.2318 -0.801631 2.4
      vertex 71.1835 -0.673339 0
      vertex 71.1835 -0.673339 2.4
    endloop
  endfacet
  facet normal 0.935872 0.352341 0
    outer loop
      vertex 71.1835 -0.673339 0
      vertex 71.2318 -0.801631 2.4
      vertex 71.2318 -0.801631 0
    endloop
  endfacet
  facet normal 0.634254 0.773125 -0
    outer loop
      vertex 71.8919 -1.66189 0
      vertex 71.7859 -1.57493 2.4
      vertex 71.8919 -1.66189 2.4
    endloop
  endfacet
  facet normal 0.634254 0.773125 0
    outer loop
      vertex 71.7859 -1.57493 2.4
      vertex 71.8919 -1.66189 0
      vertex 71.7859 -1.57493 0
    endloop
  endfacet
  facet normal -0.995139 0.0984802 0
    outer loop
      vertex 75.2439 -0.273421 0
      vertex 75.2574 -0.137004 2.4
      vertex 75.2574 -0.137004 0
    endloop
  endfacet
  facet normal -0.995139 0.0984802 0
    outer loop
      vertex 75.2574 -0.137004 2.4
      vertex 75.2439 -0.273421 0
      vertex 75.2439 -0.273421 2.4
    endloop
  endfacet
  facet normal -0.956922 -0.290343 0
    outer loop
      vertex 75.1905 0.542165 0
      vertex 75.1507 0.673339 2.4
      vertex 75.1507 0.673339 0
    endloop
  endfacet
  facet normal -0.956922 -0.290343 0
    outer loop
      vertex 75.1507 0.673339 2.4
      vertex 75.1905 0.542165 0
      vertex 75.1905 0.542165 2.4
    endloop
  endfacet
  facet normal -0.412577 -0.910923 0
    outer loop
      vertex 73.9687 1.93531 0
      vertex 74.0936 1.87874 2.4
      vertex 73.9687 1.93531 2.4
    endloop
  endfacet
  facet normal -0.412577 -0.910923 -0
    outer loop
      vertex 74.0936 1.87874 2.4
      vertex 73.9687 1.93531 0
      vertex 74.0936 1.87874 0
    endloop
  endfacet
  facet normal -0.352194 0.935927 0
    outer loop
      vertex 73.9687 -1.93531 0
      vertex 73.8404 -1.98359 2.4
      vertex 73.9687 -1.93531 2.4
    endloop
  endfacet
  facet normal -0.352194 0.935927 0
    outer loop
      vertex 73.8404 -1.98359 2.4
      vertex 73.9687 -1.93531 0
      vertex 73.8404 -1.98359 0
    endloop
  endfacet
  facet normal -0.772864 -0.634571 0
    outer loop
      vertex 74.829 1.27521 0
      vertex 74.742 1.38117 2.4
      vertex 74.742 1.38117 0
    endloop
  endfacet
  facet normal -0.772864 -0.634571 0
    outer loop
      vertex 74.742 1.38117 2.4
      vertex 74.829 1.27521 0
      vertex 74.829 1.27521 2.4
    endloop
  endfacet
  facet normal 0.812648 0.582755 0
    outer loop
      vertex 71.5052 -1.27521 2.4
      vertex 71.4253 -1.16379 0
      vertex 71.4253 -1.16379 2.4
    endloop
  endfacet
  facet normal 0.812648 0.582755 0
    outer loop
      vertex 71.4253 -1.16379 0
      vertex 71.5052 -1.27521 2.4
      vertex 71.5052 -1.27521 0
    endloop
  endfacet
  facet normal -0.0980589 -0.995181 0
    outer loop
      vertex 73.3041 2.09028 0
      vertex 73.4405 2.07684 2.4
      vertex 73.3041 2.09028 2.4
    endloop
  endfacet
  facet normal -0.0980589 -0.995181 -0
    outer loop
      vertex 73.4405 2.07684 2.4
      vertex 73.3041 2.09028 0
      vertex 73.4405 2.07684 0
    endloop
  endfacet
  facet normal 0.772864 0.634571 0
    outer loop
      vertex 71.5922 -1.38117 2.4
      vertex 71.5052 -1.27521 0
      vertex 71.5052 -1.27521 2.4
    endloop
  endfacet
  facet normal 0.772864 0.634571 0
    outer loop
      vertex 71.5052 -1.27521 0
      vertex 71.5922 -1.38117 2.4
      vertex 71.5922 -1.38117 0
    endloop
  endfacet
  facet normal -0.72989 0.683565 0
    outer loop
      vertex 74.6483 -1.48122 0
      vertex 74.742 -1.38117 2.4
      vertex 74.742 -1.38117 0
    endloop
  endfacet
  facet normal -0.72989 0.683565 0
    outer loop
      vertex 74.742 -1.38117 2.4
      vertex 74.6483 -1.48122 0
      vertex 74.6483 -1.48122 2.4
    endloop
  endfacet
  facet normal -0.582535 0.812806 0
    outer loop
      vertex 74.4423 -1.66189 0
      vertex 74.3309 -1.74173 2.4
      vertex 74.4423 -1.66189 2.4
    endloop
  endfacet
  facet normal -0.582535 0.812806 0
    outer loop
      vertex 74.3309 -1.74173 2.4
      vertex 74.4423 -1.66189 0
      vertex 74.3309 -1.74173 0
    endloop
  endfacet
  facet normal -0.956922 0.290343 0
    outer loop
      vertex 75.1507 -0.673339 0
      vertex 75.1905 -0.542165 2.4
      vertex 75.1905 -0.542165 0
    endloop
  endfacet
  facet normal -0.956922 0.290343 0
    outer loop
      vertex 75.1905 -0.542165 2.4
      vertex 75.1507 -0.673339 0
      vertex 75.1507 -0.673339 2.4
    endloop
  endfacet
  facet normal 0.881671 -0.471864 0
    outer loop
      vertex 71.2883 0.926489 2.4
      vertex 71.353 1.04738 0
      vertex 71.353 1.04738 2.4
    endloop
  endfacet
  facet normal 0.881671 -0.471864 0
    outer loop
      vertex 71.353 1.04738 0
      vertex 71.2883 0.926489 2.4
      vertex 71.2883 0.926489 0
    endloop
  endfacet
  facet normal 0.881671 0.471864 0
    outer loop
      vertex 71.353 -1.04738 2.4
      vertex 71.2883 -0.926489 0
      vertex 71.2883 -0.926489 2.4
    endloop
  endfacet
  facet normal 0.881671 0.471864 0
    outer loop
      vertex 71.2883 -0.926489 0
      vertex 71.353 -1.04738 2.4
      vertex 71.353 -1.04738 0
    endloop
  endfacet
  facet normal 0.935872 -0.352341 0
    outer loop
      vertex 71.1835 0.673339 2.4
      vertex 71.2318 0.801631 0
      vertex 71.2318 0.801631 2.4
    endloop
  endfacet
  facet normal 0.935872 -0.352341 0
    outer loop
      vertex 71.2318 0.801631 0
      vertex 71.1835 0.673339 2.4
      vertex 71.1835 0.673339 0
    endloop
  endfacet
  facet normal 0.98656 -0.163398 0
    outer loop
      vertex 71.0902 0.273421 2.4
      vertex 71.1126 0.408667 0
      vertex 71.1126 0.408667 2.4
    endloop
  endfacet
  facet normal 0.98656 -0.163398 0
    outer loop
      vertex 71.1126 0.408667 0
      vertex 71.0902 0.273421 2.4
      vertex 71.0902 0.273421 0
    endloop
  endfacet
  facet normal -0.634254 0.773125 0
    outer loop
      vertex 74.5483 -1.57493 0
      vertex 74.4423 -1.66189 2.4
      vertex 74.5483 -1.57493 2.4
    endloop
  endfacet
  facet normal -0.634254 0.773125 0
    outer loop
      vertex 74.4423 -1.66189 2.4
      vertex 74.5483 -1.57493 0
      vertex 74.4423 -1.66189 0
    endloop
  endfacet
  facet normal 0.528109 0.849177 -0
    outer loop
      vertex 72.1197 -1.81412 0
      vertex 72.0033 -1.74173 2.4
      vertex 72.1197 -1.81412 2.4
    endloop
  endfacet
  facet normal 0.528109 0.849177 0
    outer loop
      vertex 72.0033 -1.74173 2.4
      vertex 72.1197 -1.81412 0
      vertex 72.0033 -1.74173 0
    endloop
  endfacet
  facet normal 0.352194 0.935927 -0
    outer loop
      vertex 72.4937 -1.98359 0
      vertex 72.3654 -1.93531 2.4
      vertex 72.4937 -1.98359 2.4
    endloop
  endfacet
  facet normal 0.352194 0.935927 0
    outer loop
      vertex 72.3654 -1.93531 2.4
      vertex 72.4937 -1.98359 0
      vertex 72.3654 -1.93531 0
    endloop
  endfacet
  facet normal -0.290224 0.956959 0
    outer loop
      vertex 73.8404 -1.98359 0
      vertex 73.7092 -2.02338 2.4
      vertex 73.8404 -1.98359 2.4
    endloop
  endfacet
  facet normal -0.290224 0.956959 0
    outer loop
      vertex 73.7092 -2.02338 2.4
      vertex 73.8404 -1.98359 0
      vertex 73.7092 -2.02338 0
    endloop
  endfacet
  facet normal 0.911062 0.412269 0
    outer loop
      vertex 71.2883 -0.926489 2.4
      vertex 71.2318 -0.801631 0
      vertex 71.2318 -0.801631 2.4
    endloop
  endfacet
  facet normal 0.911062 0.412269 0
    outer loop
      vertex 71.2318 -0.801631 0
      vertex 71.2883 -0.926489 2.4
      vertex 71.2883 -0.926489 0
    endloop
  endfacet
  facet normal 0.471383 -0.881929 0
    outer loop
      vertex 72.1197 1.81412 0
      vertex 72.2406 1.87874 2.4
      vertex 72.1197 1.81412 2.4
    endloop
  endfacet
  facet normal 0.471383 -0.881929 0
    outer loop
      vertex 72.2406 1.87874 2.4
      vertex 72.1197 1.81412 0
      vertex 72.2406 1.87874 0
    endloop
  endfacet
  facet normal -0.683786 -0.729683 0
    outer loop
      vertex 74.5483 1.57493 0
      vertex 74.6483 1.48122 2.4
      vertex 74.5483 1.57493 2.4
    endloop
  endfacet
  facet normal -0.683786 -0.729683 -0
    outer loop
      vertex 74.6483 1.48122 2.4
      vertex 74.5483 1.57493 0
      vertex 74.6483 1.48122 0
    endloop
  endfacet
  facet normal 0.956922 -0.290343 0
    outer loop
      vertex 71.1437 0.542165 2.4
      vertex 71.1835 0.673339 0
      vertex 71.1835 0.673339 2.4
    endloop
  endfacet
  facet normal 0.956922 -0.290343 0
    outer loop
      vertex 71.1835 0.673339 0
      vertex 71.1437 0.542165 2.4
      vertex 71.1437 0.542165 0
    endloop
  endfacet
  facet normal 0.72989 0.683565 0
    outer loop
      vertex 71.6859 -1.48122 2.4
      vertex 71.5922 -1.38117 0
      vertex 71.5922 -1.38117 2.4
    endloop
  endfacet
  facet normal 0.72989 0.683565 0
    outer loop
      vertex 71.5922 -1.38117 0
      vertex 71.6859 -1.48122 2.4
      vertex 71.6859 -1.48122 0
    endloop
  endfacet
  facet normal 0.528109 -0.849177 0
    outer loop
      vertex 72.0033 1.74173 0
      vertex 72.1197 1.81412 2.4
      vertex 72.0033 1.74173 2.4
    endloop
  endfacet
  facet normal 0.528109 -0.849177 0
    outer loop
      vertex 72.1197 1.81412 2.4
      vertex 72.0033 1.74173 0
      vertex 72.1197 1.81412 0
    endloop
  endfacet
  facet normal 0.0326833 0.999466 -0
    outer loop
      vertex 73.1671 -2.09476 0
      vertex 73.0301 -2.09028 2.4
      vertex 73.1671 -2.09476 2.4
    endloop
  endfacet
  facet normal 0.0326833 0.999466 0
    outer loop
      vertex 73.0301 -2.09028 2.4
      vertex 73.1671 -2.09476 0
      vertex 73.0301 -2.09028 0
    endloop
  endfacet
  facet normal -0.812993 0.582273 0
    outer loop
      vertex 74.829 -1.27521 0
      vertex 74.9088 -1.16379 2.4
      vertex 74.9088 -1.16379 0
    endloop
  endfacet
  facet normal -0.812993 0.582273 0
    outer loop
      vertex 74.9088 -1.16379 2.4
      vertex 74.829 -1.27521 0
      vertex 74.829 -1.27521 2.4
    endloop
  endfacet
  facet normal 0.999461 -0.0328281 0
    outer loop
      vertex 71.0723 0 2.4
      vertex 71.0768 0.137004 0
      vertex 71.0768 0.137004 2.4
    endloop
  endfacet
  facet normal 0.999461 -0.0328281 0
    outer loop
      vertex 71.0768 0.137004 0
      vertex 71.0723 0 2.4
      vertex 71.0723 0 0
    endloop
  endfacet
  facet normal 0.471383 0.881929 -0
    outer loop
      vertex 72.2406 -1.87874 0
      vertex 72.1197 -1.81412 2.4
      vertex 72.2406 -1.87874 2.4
    endloop
  endfacet
  facet normal 0.471383 0.881929 0
    outer loop
      vertex 72.1197 -1.81412 2.4
      vertex 72.2406 -1.87874 0
      vertex 72.1197 -1.81412 0
    endloop
  endfacet
  facet normal 0.582535 0.812806 -0
    outer loop
      vertex 72.0033 -1.74173 0
      vertex 71.8919 -1.66189 2.4
      vertex 72.0033 -1.74173 2.4
    endloop
  endfacet
  facet normal 0.582535 0.812806 0
    outer loop
      vertex 71.8919 -1.66189 2.4
      vertex 72.0033 -1.74173 0
      vertex 71.8919 -1.66189 0
    endloop
  endfacet
endsolid OpenSCAD_Model
