solid OpenSCAD_Model
  facet normal 0 0 -1
    outer loop
      vertex 72.0496 -12.0997 2
      vertex 76.3702 -4.27135 2
      vertex 76.563 -4.17429 2
    endloop
  endfacet
  facet normal 0 0 -1
    outer loop
      vertex 72.0496 -12.0997 2
      vertex 76.1582 -4.36533 2
      vertex 76.3702 -4.27135 2
    endloop
  endfacet
  facet normal 0 0 -1
    outer loop
      vertex 72.0496 -12.0997 2
      vertex 75.9418 -4.44879 2
      vertex 76.1582 -4.36533 2
    endloop
  endfacet
  facet normal 0 0 -1
    outer loop
      vertex 72.0496 -12.0997 2
      vertex 75.7216 -4.52153 2
      vertex 75.9418 -4.44879 2
    endloop
  endfacet
  facet normal 0 0 -1
    outer loop
      vertex 72.0496 -12.0997 2
      vertex 75.4981 -4.58339 2
      vertex 75.7216 -4.52153 2
    endloop
  endfacet
  facet normal 0 0 -1
    outer loop
      vertex 72.0496 -12.0997 2
      vertex 75.2718 -4.6342 2
      vertex 75.4981 -4.58339 2
    endloop
  endfacet
  facet normal 0 0 -1
    outer loop
      vertex 72.0496 -12.0997 2
      vertex 75.0433 -4.67386 2
      vertex 75.2718 -4.6342 2
    endloop
  endfacet
  facet normal 0 0 -1
    outer loop
      vertex 72.0496 -12.0997 2
      vertex 74.8131 -4.70224 2
      vertex 75.0433 -4.67386 2
    endloop
  endfacet
  facet normal 0 0 -1
    outer loop
      vertex 72.0496 -12.0997 2
      vertex 74.5818 -4.7193 2
      vertex 74.8131 -4.70224 2
    endloop
  endfacet
  facet normal 0 0 -1
    outer loop
      vertex 72.0496 -12.0997 2
      vertex 74.35 -4.72499 2
      vertex 74.5818 -4.7193 2
    endloop
  endfacet
  facet normal 0 0 -1
    outer loop
      vertex 72.0496 -12.0997 2
      vertex 74.1181 -4.7193 2
      vertex 74.35 -4.72499 2
    endloop
  endfacet
  facet normal 0 0 -1
    outer loop
      vertex 72.0496 -12.0997 2
      vertex 73.8869 -4.70224 2
      vertex 74.1181 -4.7193 2
    endloop
  endfacet
  facet normal 0 0 -1
    outer loop
      vertex 72.0496 -12.0997 2
      vertex 73.6567 -4.67386 2
      vertex 73.8869 -4.70224 2
    endloop
  endfacet
  facet normal 0 0 -1
    outer loop
      vertex 72.0496 -12.0997 2
      vertex 73.4282 -4.6342 2
      vertex 73.6567 -4.67386 2
    endloop
  endfacet
  facet normal 0 0 -1
    outer loop
      vertex 72.0496 -12.0997 2
      vertex 73.2019 -4.58339 2
      vertex 73.4282 -4.6342 2
    endloop
  endfacet
  facet normal 0 0 -1
    outer loop
      vertex 72.0496 -12.0997 2
      vertex 72.9784 -4.52153 2
      vertex 73.2019 -4.58339 2
    endloop
  endfacet
  facet normal 0 0 -1
    outer loop
      vertex 72.0496 -12.0997 2
      vertex 72.7582 -4.44879 2
      vertex 72.9784 -4.52153 2
    endloop
  endfacet
  facet normal 0 0 -1
    outer loop
      vertex 72.0496 -12.0997 2
      vertex 72.5418 -4.36533 2
      vertex 72.7582 -4.44879 2
    endloop
  endfacet
  facet normal 0 0 -1
    outer loop
      vertex 72.0496 -12.0997 2
      vertex 72.3298 -4.27135 2
      vertex 72.5418 -4.36533 2
    endloop
  endfacet
  facet normal 0 0 -1
    outer loop
      vertex 72.0496 -12.0997 2
      vertex 72.1227 -4.16707 2
      vertex 72.3298 -4.27135 2
    endloop
  endfacet
  facet normal 0 0 -1
    outer loop
      vertex 72.0496 -12.0997 2
      vertex 71.9209 -4.05276 2
      vertex 72.1227 -4.16707 2
    endloop
  endfacet
  facet normal 0 0 -1
    outer loop
      vertex 72.0496 -12.0997 2
      vertex 71.7249 -3.92868 2
      vertex 71.9209 -4.05276 2
    endloop
  endfacet
  facet normal 0 0 -1
    outer loop
      vertex 68.6995 -14.4311 2
      vertex 72.0496 -12.0997 2
      vertex 71.5491 -12.8517 2
    endloop
  endfacet
  facet normal 0 0 -1
    outer loop
      vertex 72.0496 -12.0997 2
      vertex 71.5353 -3.79515 2
      vertex 71.7249 -3.92868 2
    endloop
  endfacet
  facet normal 0 0 -1
    outer loop
      vertex 72.0496 -12.0997 2
      vertex 71.3525 -3.65247 2
      vertex 71.5353 -3.79515 2
    endloop
  endfacet
  facet normal 0 -0 -1
    outer loop
      vertex 71.1769 -3.50099 2
      vertex 72.0496 -12.0997 2
      vertex 66.8106 -14.5067 2
    endloop
  endfacet
  facet normal 0 0 -1
    outer loop
      vertex 72.0496 -12.0997 2
      vertex 71.1769 -3.50099 2
      vertex 71.3525 -3.65247 2
    endloop
  endfacet
  facet normal 0 0 -1
    outer loop
      vertex 68.6995 -14.4311 2
      vertex 71.5491 -12.8517 2
      vertex 70.8928 -13.5089 2
    endloop
  endfacet
  facet normal -0 0 -1
    outer loop
      vertex 71.1769 -3.50099 2
      vertex 66.8106 -14.5067 2
      vertex 71.0089 -3.34106 2
    endloop
  endfacet
  facet normal -0 0 -1
    outer loop
      vertex 71.0089 -3.34106 2
      vertex 66.8106 -14.5067 2
      vertex 70.849 -3.17311 2
    endloop
  endfacet
  facet normal -0 0 -1
    outer loop
      vertex 70.849 -3.17311 2
      vertex 66.8106 -14.5067 2
      vertex 70.6975 -2.9975 2
    endloop
  endfacet
  facet normal 0 0 -1
    outer loop
      vertex 69.2504 -14.3307 2
      vertex 70.8928 -13.5089 2
      vertex 70.5299 -13.7816 2
    endloop
  endfacet
  facet normal -0 0 -1
    outer loop
      vertex 70.6975 -2.9975 2
      vertex 66.8106 -14.5067 2
      vertex 70.5548 -2.81467 2
    endloop
  endfacet
  facet normal -0 0 -1
    outer loop
      vertex 70.5548 -2.81467 2
      vertex 66.8106 -14.5067 2
      vertex 70.4213 -2.62506 2
    endloop
  endfacet
  facet normal -0 0 -1
    outer loop
      vertex 70.4213 -2.62506 2
      vertex 66.8106 -14.5067 2
      vertex 70.2972 -2.42912 2
    endloop
  endfacet
  facet normal -0 0 -1
    outer loop
      vertex 70.2972 -2.42912 2
      vertex 66.8106 -14.5067 2
      vertex 70.1829 -2.22734 2
    endloop
  endfacet
  facet normal -0 0 -1
    outer loop
      vertex 70.1829 -2.22734 2
      vertex 66.8106 -14.5067 2
      vertex 70.0786 -2.02019 2
    endloop
  endfacet
  facet normal 0 0 -1
    outer loop
      vertex 56.0752 -15.4555 2
      vertex 70.0786 -2.02019 2
      vertex 66.8106 -14.5067 2
    endloop
  endfacet
  facet normal -0 0 -1
    outer loop
      vertex 70.0786 -2.02019 2
      vertex 56.0752 -15.4555 2
      vertex 69.9847 -1.80817 2
    endloop
  endfacet
  facet normal -0 0 -1
    outer loop
      vertex 69.9847 -1.80817 2
      vertex 56.0752 -15.4555 2
      vertex 69.9012 -1.5918 2
    endloop
  endfacet
  facet normal -0 0 -1
    outer loop
      vertex 69.9012 -1.5918 2
      vertex 56.0752 -15.4555 2
      vertex 69.8284 -1.37158 2
    endloop
  endfacet
  facet normal -0 0 -1
    outer loop
      vertex 69.8284 -1.37158 2
      vertex 56.0752 -15.4555 2
      vertex 69.7666 -1.14807 2
    endloop
  endfacet
  facet normal -0 0 -1
    outer loop
      vertex 69.7666 -1.14807 2
      vertex 56.0752 -15.4555 2
      vertex 69.7158 -0.921799 2
    endloop
  endfacet
  facet normal -0 0 -1
    outer loop
      vertex 69.7158 -0.921799 2
      vertex 56.0752 -15.4555 2
      vertex 69.6761 -0.693298 2
    endloop
  endfacet
  facet normal 0 0 -1
    outer loop
      vertex 72.0496 -12.0997 2
      vertex 68.6995 -14.4311 2
      vertex 66.8106 -14.5067 2
    endloop
  endfacet
  facet normal 0 0 -1
    outer loop
      vertex 70.8928 -13.5089 2
      vertex 69.2504 -14.3307 2
      vertex 68.6995 -14.4311 2
    endloop
  endfacet
  facet normal 0 0 -1
    outer loop
      vertex 76.3702 4.27135 2
      vertex 76.1766 4.75813 2
      vertex 76.4056 4.25351 2
    endloop
  endfacet
  facet normal 0 0 -1
    outer loop
      vertex 76.1582 4.36533 2
      vertex 76.1766 4.75813 2
      vertex 76.3702 4.27135 2
    endloop
  endfacet
  facet normal 0 0 -1
    outer loop
      vertex 75.9418 4.44879 2
      vertex 76.1766 4.75813 2
      vertex 76.1582 4.36533 2
    endloop
  endfacet
  facet normal 0 0 -1
    outer loop
      vertex 75.7216 4.52153 2
      vertex 76.1766 4.75813 2
      vertex 75.9418 4.44879 2
    endloop
  endfacet
  facet normal 0 0 -1
    outer loop
      vertex 75.4981 4.58339 2
      vertex 76.1766 4.75813 2
      vertex 75.7216 4.52153 2
    endloop
  endfacet
  facet normal 0 0 -1
    outer loop
      vertex 75.2718 4.6342 2
      vertex 76.1766 4.75813 2
      vertex 75.4981 4.58339 2
    endloop
  endfacet
  facet normal 0 0 -1
    outer loop
      vertex 74.907 6.70789 2
      vertex 75.2718 4.6342 2
      vertex 75.0433 4.67386 2
    endloop
  endfacet
  facet normal 0 0 -1
    outer loop
      vertex 75.2718 4.6342 2
      vertex 74.907 6.70789 2
      vertex 76.1766 4.75813 2
    endloop
  endfacet
  facet normal 0 0 -1
    outer loop
      vertex 74.8131 4.70224 2
      vertex 74.907 6.70789 2
      vertex 75.0433 4.67386 2
    endloop
  endfacet
  facet normal 0 0 -1
    outer loop
      vertex 74.5818 4.7193 2
      vertex 74.907 6.70789 2
      vertex 74.8131 4.70224 2
    endloop
  endfacet
  facet normal 0 0 -1
    outer loop
      vertex 74.35 4.72499 2
      vertex 74.907 6.70789 2
      vertex 74.5818 4.7193 2
    endloop
  endfacet
  facet normal 0 0 -1
    outer loop
      vertex 74.1181 4.7193 2
      vertex 74.907 6.70789 2
      vertex 74.35 4.72499 2
    endloop
  endfacet
  facet normal 0 0 -1
    outer loop
      vertex 73.8869 4.70224 2
      vertex 74.907 6.70789 2
      vertex 74.1181 4.7193 2
    endloop
  endfacet
  facet normal 0 0 -1
    outer loop
      vertex 73.6567 4.67386 2
      vertex 74.907 6.70789 2
      vertex 73.8869 4.70224 2
    endloop
  endfacet
  facet normal 0 -0 -1
    outer loop
      vertex 74.395 7.53172 2
      vertex 74.907 6.70789 2
      vertex 73.6567 4.67386 2
    endloop
  endfacet
  facet normal 0 0 -1
    outer loop
      vertex 74.907 6.70789 2
      vertex 74.395 7.53172 2
      vertex 74.8464 6.95044 2
    endloop
  endfacet
  facet normal 0 0 -1
    outer loop
      vertex 73.4282 4.6342 2
      vertex 74.395 7.53172 2
      vertex 73.6567 4.67386 2
    endloop
  endfacet
  facet normal 0 0 -1
    outer loop
      vertex 73.2019 4.58339 2
      vertex 74.395 7.53172 2
      vertex 73.4282 4.6342 2
    endloop
  endfacet
  facet normal 0 0 -1
    outer loop
      vertex 72.9784 4.52153 2
      vertex 74.395 7.53172 2
      vertex 73.2019 4.58339 2
    endloop
  endfacet
  facet normal 0 0 -1
    outer loop
      vertex 72.7582 4.44879 2
      vertex 74.395 7.53172 2
      vertex 72.9784 4.52153 2
    endloop
  endfacet
  facet normal -0 0 -1
    outer loop
      vertex 74.395 7.53172 2
      vertex 72.7582 4.44879 2
      vertex 74.0011 8.39963 2
    endloop
  endfacet
  facet normal 0 0 -1
    outer loop
      vertex 72.5418 4.36533 2
      vertex 74.0011 8.39963 2
      vertex 72.7582 4.44879 2
    endloop
  endfacet
  facet normal -0 0 -1
    outer loop
      vertex 74.0011 8.39963 2
      vertex 72.5418 4.36533 2
      vertex 73.3494 9.23883 2
    endloop
  endfacet
  facet normal 0 0 -1
    outer loop
      vertex 72.3298 4.27135 2
      vertex 73.3494 9.23883 2
      vertex 72.5418 4.36533 2
    endloop
  endfacet
  facet normal 0 0 -1
    outer loop
      vertex 72.1227 4.16707 2
      vertex 73.3494 9.23883 2
      vertex 72.3298 4.27135 2
    endloop
  endfacet
  facet normal 0 0 -1
    outer loop
      vertex 71.9209 4.05276 2
      vertex 73.3494 9.23883 2
      vertex 72.1227 4.16707 2
    endloop
  endfacet
  facet normal 0 0 -1
    outer loop
      vertex 71.7249 3.92868 2
      vertex 73.3494 9.23883 2
      vertex 71.9209 4.05276 2
    endloop
  endfacet
  facet normal 0 0 -1
    outer loop
      vertex 73.3494 9.23883 2
      vertex 72.6334 10.4508 2
      vertex 73.2637 9.58284 2
    endloop
  endfacet
  facet normal -0 0 -1
    outer loop
      vertex 73.3494 9.23883 2
      vertex 71.7249 3.92868 2
      vertex 72.6334 10.4508 2
    endloop
  endfacet
  facet normal 0 0 -1
    outer loop
      vertex 71.5353 3.79515 2
      vertex 72.6334 10.4508 2
      vertex 71.7249 3.92868 2
    endloop
  endfacet
  facet normal 0 0 -1
    outer loop
      vertex 71.3525 3.65247 2
      vertex 72.6334 10.4508 2
      vertex 71.5353 3.79515 2
    endloop
  endfacet
  facet normal 0 0 -1
    outer loop
      vertex 71.1769 3.50099 2
      vertex 72.6334 10.4508 2
      vertex 71.3525 3.65247 2
    endloop
  endfacet
  facet normal 0 0 -1
    outer loop
      vertex 71.0089 3.34106 2
      vertex 72.6334 10.4508 2
      vertex 71.1769 3.50099 2
    endloop
  endfacet
  facet normal 0 0 -1
    outer loop
      vertex 65.2675 15.1349 2
      vertex 72.6334 10.4508 2
      vertex 71.0089 3.34106 2
    endloop
  endfacet
  facet normal 0 0 -1
    outer loop
      vertex 72.6334 10.4508 2
      vertex 71.2005 12.9732 2
      vertex 72.5393 10.8278 2
    endloop
  endfacet
  facet normal 0 0 -1
    outer loop
      vertex 65.2675 15.1349 2
      vertex 71.0089 3.34106 2
      vertex 70.849 3.17311 2
    endloop
  endfacet
  facet normal 0 0 -1
    outer loop
      vertex 65.2675 15.1349 2
      vertex 70.849 3.17311 2
      vertex 70.6975 2.9975 2
    endloop
  endfacet
  facet normal 0 0 -1
    outer loop
      vertex 65.2675 15.1349 2
      vertex 70.6975 2.9975 2
      vertex 70.5548 2.81467 2
    endloop
  endfacet
  facet normal 0 0 -1
    outer loop
      vertex 63.9514 15.1349 2
      vertex 70.5548 2.81467 2
      vertex 70.4213 2.62506 2
    endloop
  endfacet
  facet normal 0 0 -1
    outer loop
      vertex 72.6334 10.4508 2
      vertex 65.2675 15.1349 2
      vertex 71.2005 12.9732 2
    endloop
  endfacet
  facet normal 0 0 -1
    outer loop
      vertex 63.9514 15.1349 2
      vertex 70.4213 2.62506 2
      vertex 70.2972 2.42912 2
    endloop
  endfacet
  facet normal 0 0 -1
    outer loop
      vertex 63.9514 15.1349 2
      vertex 70.2972 2.42912 2
      vertex 70.1829 2.22734 2
    endloop
  endfacet
  facet normal 0 0 -1
    outer loop
      vertex 63.9514 15.1349 2
      vertex 70.1829 2.22734 2
      vertex 70.0786 2.02019 2
    endloop
  endfacet
  facet normal 0 0 -1
    outer loop
      vertex 63.9514 15.1349 2
      vertex 70.0786 2.02019 2
      vertex 69.9847 1.80817 2
    endloop
  endfacet
  facet normal 0 0 -1
    outer loop
      vertex 63.9514 15.1349 2
      vertex 69.9847 1.80817 2
      vertex 69.9012 1.5918 2
    endloop
  endfacet
  facet normal 0 0 -1
    outer loop
      vertex 63.9514 15.1349 2
      vertex 69.9012 1.5918 2
      vertex 69.8284 1.37158 2
    endloop
  endfacet
  facet normal 0 0 -1
    outer loop
      vertex 63.9514 15.1349 2
      vertex 69.8284 1.37158 2
      vertex 69.7666 1.14807 2
    endloop
  endfacet
  facet normal 0 0 -1
    outer loop
      vertex 63.9514 15.1349 2
      vertex 69.7666 1.14807 2
      vertex 69.7158 0.921799 2
    endloop
  endfacet
  facet normal 0 0 -1
    outer loop
      vertex 49.2604 16.0842 2
      vertex 69.7158 0.921799 2
      vertex 69.6761 0.693298 2
    endloop
  endfacet
  facet normal 0 0 -1
    outer loop
      vertex 49.2604 16.0842 2
      vertex 69.6761 0.693298 2
      vertex 69.6478 0.46312 2
    endloop
  endfacet
  facet normal 0 0 -1
    outer loop
      vertex 49.2604 16.0842 2
      vertex 69.6478 0.46312 2
      vertex 69.6307 0.231842 2
    endloop
  endfacet
  facet normal -0 0 -1
    outer loop
      vertex 69.6761 -0.693298 2
      vertex 56.0752 -15.4555 2
      vertex 69.6478 -0.46312 2
    endloop
  endfacet
  facet normal -0 -0 -1
    outer loop
      vertex 68.4727 14.8431 2
      vertex 71.2005 12.9732 2
      vertex 65.2675 15.1349 2
    endloop
  endfacet
  facet normal -0 0 -1
    outer loop
      vertex 69.6478 -0.46312 2
      vertex 56.0752 -15.4555 2
      vertex 69.6307 -0.231842 2
    endloop
  endfacet
  facet normal -0 0 -1
    outer loop
      vertex 69.6307 -0.231842 2
      vertex 56.0752 -15.4555 2
      vertex 69.625 0 2
    endloop
  endfacet
  facet normal -0 0 -1
    outer loop
      vertex 69.625 0 2
      vertex 56.0752 -15.4555 2
      vertex 69.6307 0.231842 2
    endloop
  endfacet
  facet normal 0 0 -1
    outer loop
      vertex 71.2005 12.9732 2
      vertex 68.4727 14.8431 2
      vertex 70.3023 13.9327 2
    endloop
  endfacet
  facet normal 0 0 -1
    outer loop
      vertex 70.3023 13.9327 2
      vertex 68.4727 14.8431 2
      vertex 69.1187 14.644 2
    endloop
  endfacet
  facet normal 0 0 -1
    outer loop
      vertex 70.5548 2.81467 2
      vertex 63.9514 15.1349 2
      vertex 65.2675 15.1349 2
    endloop
  endfacet
  facet normal 0 0 -1
    outer loop
      vertex 49.2604 16.0842 2
      vertex 69.6307 0.231842 2
      vertex 56.0752 -15.4555 2
    endloop
  endfacet
  facet normal 0 0 -1
    outer loop
      vertex 69.7158 0.921799 2
      vertex 49.2604 16.0842 2
      vertex 63.9514 15.1349 2
    endloop
  endfacet
  facet normal 0 0 -1
    outer loop
      vertex 43.8633 -16.2395 2
      vertex 49.2604 16.0842 2
      vertex 56.0752 -15.4555 2
    endloop
  endfacet
  facet normal 0 0 -1
    outer loop
      vertex 42.3062 -16.2395 2
      vertex 49.2604 16.0842 2
      vertex 43.8633 -16.2395 2
    endloop
  endfacet
  facet normal 0 0 -1
    outer loop
      vertex 41.1009 -16.4005 2
      vertex 49.2604 16.0842 2
      vertex 42.3062 -16.2395 2
    endloop
  endfacet
  facet normal 0 0 -1
    outer loop
      vertex 38.1932 -16.4792 2
      vertex 49.2604 16.0842 2
      vertex 41.1009 -16.4005 2
    endloop
  endfacet
  facet normal 0 0 -1
    outer loop
      vertex 27.5522 17.0295 2
      vertex 38.1932 -16.4792 2
      vertex 36.9207 -16.6385 2
    endloop
  endfacet
  facet normal 0 0 -1
    outer loop
      vertex 38.1932 -16.4792 2
      vertex 27.5522 17.0295 2
      vertex 49.2604 16.0842 2
    endloop
  endfacet
  facet normal 0 0 -1
    outer loop
      vertex 23.5378 -17.1872 2
      vertex 27.5522 17.0295 2
      vertex 36.9207 -16.6385 2
    endloop
  endfacet
  facet normal 0 0 -1
    outer loop
      vertex 8.99782 17.5019 2
      vertex 23.5378 -17.1872 2
      vertex 9.94542 -17.502 2
    endloop
  endfacet
  facet normal 0 0 -1
    outer loop
      vertex 23.5378 -17.1872 2
      vertex 8.99782 17.5019 2
      vertex 27.5522 17.0295 2
    endloop
  endfacet
  facet normal 0 0 -1
    outer loop
      vertex 9.94542 -17.502 2
      vertex -3.79788 17.5019 2
      vertex 8.99782 17.5019 2
    endloop
  endfacet
  facet normal 0 0 -1
    outer loop
      vertex -6.63257 -17.502 2
      vertex -3.79788 17.5019 2
      vertex 9.94542 -17.502 2
    endloop
  endfacet
  facet normal 0 0 -1
    outer loop
      vertex -6.63257 -17.502 2
      vertex -21.8812 17.0295 2
      vertex -3.79788 17.5019 2
    endloop
  endfacet
  facet normal 0 0 -1
    outer loop
      vertex -26.5168 -16.9509 2
      vertex -21.8812 17.0295 2
      vertex -6.63257 -17.502 2
    endloop
  endfacet
  facet normal 0 0 -1
    outer loop
      vertex -26.5168 -16.9509 2
      vertex -37.059 16.3994 2
      vertex -21.8812 17.0295 2
    endloop
  endfacet
  facet normal 0 0 -1
    outer loop
      vertex -49.8733 -15.6908 2
      vertex -37.059 16.3994 2
      vertex -26.5168 -16.9509 2
    endloop
  endfacet
  facet normal 0 0 -1
    outer loop
      vertex -49.8733 -15.6908 2
      vertex -60.8944 15.06 2
      vertex -37.059 16.3994 2
    endloop
  endfacet
  facet normal 0 0 -1
    outer loop
      vertex -69.6307 0.231842 2
      vertex -60.8944 15.06 2
      vertex -49.8733 -15.6908 2
    endloop
  endfacet
  facet normal 0 0 -1
    outer loop
      vertex -69.7158 0.921799 2
      vertex -60.8944 15.06 2
      vertex -69.6761 0.693298 2
    endloop
  endfacet
  facet normal 0 0 -1
    outer loop
      vertex -70.0786 -2.02019 2
      vertex -49.8733 -15.6908 2
      vertex -68.899 -14.2907 2
    endloop
  endfacet
  facet normal 0 0 -1
    outer loop
      vertex -69.6307 0.231842 2
      vertex -49.8733 -15.6908 2
      vertex -69.625 0 2
    endloop
  endfacet
  facet normal 0 0 -1
    outer loop
      vertex -60.8944 15.06 2
      vertex -69.6307 0.231842 2
      vertex -69.6478 0.46312 2
    endloop
  endfacet
  facet normal 0 0 -1
    outer loop
      vertex -49.8733 -15.6908 2
      vertex -69.6307 -0.231842 2
      vertex -69.625 0 2
    endloop
  endfacet
  facet normal 0 0 -1
    outer loop
      vertex -49.8733 -15.6908 2
      vertex -69.6478 -0.46312 2
      vertex -69.6307 -0.231842 2
    endloop
  endfacet
  facet normal 0 0 -1
    outer loop
      vertex -49.8733 -15.6908 2
      vertex -69.6761 -0.693298 2
      vertex -69.6478 -0.46312 2
    endloop
  endfacet
  facet normal 0 0 -1
    outer loop
      vertex -49.8733 -15.6908 2
      vertex -69.7158 -0.921799 2
      vertex -69.6761 -0.693298 2
    endloop
  endfacet
  facet normal 0 0 -1
    outer loop
      vertex -49.8733 -15.6908 2
      vertex -69.7666 -1.14807 2
      vertex -69.7158 -0.921799 2
    endloop
  endfacet
  facet normal 0 0 -1
    outer loop
      vertex -49.8733 -15.6908 2
      vertex -69.8284 -1.37158 2
      vertex -69.7666 -1.14807 2
    endloop
  endfacet
  facet normal 0 0 -1
    outer loop
      vertex -49.8733 -15.6908 2
      vertex -69.9012 -1.5918 2
      vertex -69.8284 -1.37158 2
    endloop
  endfacet
  facet normal 0 0 -1
    outer loop
      vertex -49.8733 -15.6908 2
      vertex -69.9847 -1.80817 2
      vertex -69.9012 -1.5918 2
    endloop
  endfacet
  facet normal 0 0 -1
    outer loop
      vertex -49.8733 -15.6908 2
      vertex -70.0786 -2.02019 2
      vertex -69.9847 -1.80817 2
    endloop
  endfacet
  facet normal 0 0 -1
    outer loop
      vertex -68.899 -14.2907 2
      vertex -70.1829 -2.22734 2
      vertex -70.0786 -2.02019 2
    endloop
  endfacet
  facet normal 0 0 -1
    outer loop
      vertex -68.899 -14.2907 2
      vertex -70.2972 -2.42912 2
      vertex -70.1829 -2.22734 2
    endloop
  endfacet
  facet normal 0 0 -1
    outer loop
      vertex -68.899 -14.2907 2
      vertex -70.4213 -2.62506 2
      vertex -70.2972 -2.42912 2
    endloop
  endfacet
  facet normal 0 0 -1
    outer loop
      vertex -71.7052 -12.49 2
      vertex -68.899 -14.2907 2
      vertex -70.4593 -13.6897 2
    endloop
  endfacet
  facet normal 0 0 -1
    outer loop
      vertex -68.899 -14.2907 2
      vertex -70.5548 -2.81467 2
      vertex -70.4213 -2.62506 2
    endloop
  endfacet
  facet normal 0 0 -1
    outer loop
      vertex -68.899 -14.2907 2
      vertex -70.6975 -2.9975 2
      vertex -70.5548 -2.81467 2
    endloop
  endfacet
  facet normal 0 0 -1
    outer loop
      vertex -68.899 -14.2907 2
      vertex -70.849 -3.17311 2
      vertex -70.6975 -2.9975 2
    endloop
  endfacet
  facet normal 0 0 -1
    outer loop
      vertex -68.899 -14.2907 2
      vertex -71.0089 -3.34106 2
      vertex -70.849 -3.17311 2
    endloop
  endfacet
  facet normal 0 0 -1
    outer loop
      vertex -68.899 -14.2907 2
      vertex -71.1769 -3.50099 2
      vertex -71.0089 -3.34106 2
    endloop
  endfacet
  facet normal 0 0 -1
    outer loop
      vertex -71.7052 -12.49 2
      vertex -70.4593 -13.6897 2
      vertex -71.2037 -13.1039 2
    endloop
  endfacet
  facet normal 0 0 -1
    outer loop
      vertex -68.899 -14.2907 2
      vertex -71.7052 -12.49 2
      vertex -71.1769 -3.50099 2
    endloop
  endfacet
  facet normal 0 0 -1
    outer loop
      vertex -71.1769 -3.50099 2
      vertex -71.7052 -12.49 2
      vertex -71.3525 -3.65247 2
    endloop
  endfacet
  facet normal 0 0 -1
    outer loop
      vertex -71.3525 -3.65247 2
      vertex -71.7052 -12.49 2
      vertex -71.5353 -3.79515 2
    endloop
  endfacet
  facet normal 0 0 -1
    outer loop
      vertex -71.7052 -12.49 2
      vertex -71.7249 -3.92868 2
      vertex -71.5353 -3.79515 2
    endloop
  endfacet
  facet normal 0 0 -1
    outer loop
      vertex -71.7052 -12.49 2
      vertex -71.9209 -4.05276 2
      vertex -71.7249 -3.92868 2
    endloop
  endfacet
  facet normal 0 0 -1
    outer loop
      vertex -71.7052 -12.49 2
      vertex -72.1227 -4.16707 2
      vertex -71.9209 -4.05276 2
    endloop
  endfacet
  facet normal 0 0 -1
    outer loop
      vertex -71.7052 -12.49 2
      vertex -72.3298 -4.27135 2
      vertex -72.1227 -4.16707 2
    endloop
  endfacet
  facet normal 0 0 -1
    outer loop
      vertex -74.6646 -7.44321 2
      vertex -72.3298 -4.27135 2
      vertex -71.7052 -12.49 2
    endloop
  endfacet
  facet normal 0 0 -1
    outer loop
      vertex -72.3298 -4.27135 2
      vertex -74.6646 -7.44321 2
      vertex -72.5418 -4.36533 2
    endloop
  endfacet
  facet normal 0 0 -1
    outer loop
      vertex -72.5418 -4.36533 2
      vertex -74.6646 -7.44321 2
      vertex -72.7582 -4.44879 2
    endloop
  endfacet
  facet normal 0 0 -1
    outer loop
      vertex -72.7582 -4.44879 2
      vertex -74.6646 -7.44321 2
      vertex -72.9784 -4.52153 2
    endloop
  endfacet
  facet normal 0 0 -1
    outer loop
      vertex -72.9784 -4.52153 2
      vertex -74.6646 -7.44321 2
      vertex -73.2019 -4.58339 2
    endloop
  endfacet
  facet normal 0 0 -1
    outer loop
      vertex -74.7956 -7.07536 2
      vertex -73.2019 -4.58339 2
      vertex -74.6646 -7.44321 2
    endloop
  endfacet
  facet normal 0 0 -1
    outer loop
      vertex -73.2019 -4.58339 2
      vertex -74.7956 -7.07536 2
      vertex -73.4282 -4.6342 2
    endloop
  endfacet
  facet normal 0 0 -1
    outer loop
      vertex -73.4282 -4.6342 2
      vertex -74.7956 -7.07536 2
      vertex -73.6567 -4.67386 2
    endloop
  endfacet
  facet normal 0 0 -1
    outer loop
      vertex -73.6567 -4.67386 2
      vertex -74.7956 -7.07536 2
      vertex -73.8869 -4.70224 2
    endloop
  endfacet
  facet normal 0 0 -1
    outer loop
      vertex -75.1108 -6.52299 2
      vertex -73.8869 -4.70224 2
      vertex -74.7956 -7.07536 2
    endloop
  endfacet
  facet normal 0 0 -1
    outer loop
      vertex -73.8869 -4.70224 2
      vertex -75.1108 -6.52299 2
      vertex -74.1181 -4.7193 2
    endloop
  endfacet
  facet normal 0 0 -1
    outer loop
      vertex -74.7956 -7.07536 2
      vertex -74.6646 -7.44321 2
      vertex -74.7168 -7.39095 2
    endloop
  endfacet
  facet normal 0 0 -1
    outer loop
      vertex -74.1181 -4.7193 2
      vertex -75.1108 -6.52299 2
      vertex -74.35 -4.72499 2
    endloop
  endfacet
  facet normal -0 0 -1
    outer loop
      vertex -74.35 -4.72499 2
      vertex -75.1108 -6.52299 2
      vertex -74.5818 -4.7193 2
    endloop
  endfacet
  facet normal 0 0 -1
    outer loop
      vertex -75.1108 -6.52299 2
      vertex -74.7956 -7.07536 2
      vertex -75.0319 -6.83862 2
    endloop
  endfacet
  facet normal 0 0 -1
    outer loop
      vertex -75.5018 -6.1313 2
      vertex -74.5818 -4.7193 2
      vertex -75.1108 -6.52299 2
    endloop
  endfacet
  facet normal -0 0 -1
    outer loop
      vertex -74.5818 -4.7193 2
      vertex -75.5018 -6.1313 2
      vertex -74.8131 -4.70224 2
    endloop
  endfacet
  facet normal -0 0 -1
    outer loop
      vertex -74.8131 -4.70224 2
      vertex -75.5018 -6.1313 2
      vertex -75.0433 -4.67386 2
    endloop
  endfacet
  facet normal -0 0 -1
    outer loop
      vertex -75.0433 -4.67386 2
      vertex -75.5018 -6.1313 2
      vertex -75.2718 -4.6342 2
    endloop
  endfacet
  facet normal -0 0 -1
    outer loop
      vertex -75.2718 -4.6342 2
      vertex -75.5018 -6.1313 2
      vertex -75.4981 -4.58339 2
    endloop
  endfacet
  facet normal 0 0 -1
    outer loop
      vertex -76.2311 -4.74341 2
      vertex -75.4981 -4.58339 2
      vertex -75.5018 -6.1313 2
    endloop
  endfacet
  facet normal -0 0 -1
    outer loop
      vertex -75.4981 -4.58339 2
      vertex -76.2311 -4.74341 2
      vertex -75.7216 -4.52153 2
    endloop
  endfacet
  facet normal -0 0 -1
    outer loop
      vertex -75.7216 -4.52153 2
      vertex -76.2311 -4.74341 2
      vertex -75.9418 -4.44879 2
    endloop
  endfacet
  facet normal -0 0 -1
    outer loop
      vertex -75.9418 -4.44879 2
      vertex -76.2311 -4.74341 2
      vertex -76.1582 -4.36533 2
    endloop
  endfacet
  facet normal 0 0 -1
    outer loop
      vertex -76.2311 -4.74341 2
      vertex -76.3702 -4.27135 2
      vertex -76.1582 -4.36533 2
    endloop
  endfacet
  facet normal 0 0 -1
    outer loop
      vertex -76.2311 -4.74341 2
      vertex -76.5773 -4.16707 2
      vertex -76.3702 -4.27135 2
    endloop
  endfacet
  facet normal 0 0 -1
    outer loop
      vertex -76.6928 -4.12691 2
      vertex -76.5773 -4.16707 2
      vertex -76.2311 -4.74341 2
    endloop
  endfacet
  facet normal 0 0 -1
    outer loop
      vertex -76.5773 -4.16707 2
      vertex -76.6928 -4.12691 2
      vertex -76.7104 -4.09171 2
    endloop
  endfacet
  facet normal 0 0 -1
    outer loop
      vertex -75.15 6.40471 2
      vertex -74.35 4.72499 2
      vertex -74.5818 4.7193 2
    endloop
  endfacet
  facet normal 0 0 -1
    outer loop
      vertex -75.498 5.63808 2
      vertex -74.5818 4.7193 2
      vertex -74.8131 4.70224 2
    endloop
  endfacet
  facet normal 0 0 -1
    outer loop
      vertex -75.498 5.63808 2
      vertex -74.8131 4.70224 2
      vertex -75.0433 4.67386 2
    endloop
  endfacet
  facet normal 0 0 -1
    outer loop
      vertex -74.35 4.72499 2
      vertex -75.15 6.40471 2
      vertex -74.5474 7.00827 2
    endloop
  endfacet
  facet normal 0 0 -1
    outer loop
      vertex -75.498 5.63808 2
      vertex -75.0433 4.67386 2
      vertex -75.2718 4.6342 2
    endloop
  endfacet
  facet normal 0 0 -1
    outer loop
      vertex -74.5818 4.7193 2
      vertex -75.498 5.63808 2
      vertex -75.15 6.40471 2
    endloop
  endfacet
  facet normal 0 0 -1
    outer loop
      vertex -75.9493 5.05698 2
      vertex -75.2718 4.6342 2
      vertex -75.4981 4.58339 2
    endloop
  endfacet
  facet normal 0 0 -1
    outer loop
      vertex -75.9493 5.05698 2
      vertex -75.4981 4.58339 2
      vertex -75.7216 4.52153 2
    endloop
  endfacet
  facet normal 0 0 -1
    outer loop
      vertex -76.0559 4.62956 2
      vertex -75.7216 4.52153 2
      vertex -75.9418 4.44879 2
    endloop
  endfacet
  facet normal 0 0 -1
    outer loop
      vertex -75.2718 4.6342 2
      vertex -75.9493 5.05698 2
      vertex -75.498 5.63808 2
    endloop
  endfacet
  facet normal 0 0 -1
    outer loop
      vertex -75.7216 4.52153 2
      vertex -76.0559 4.62956 2
      vertex -75.9493 5.05698 2
    endloop
  endfacet
  facet normal 0 0 -1
    outer loop
      vertex -76.1582 4.36533 2
      vertex -76.0559 4.62956 2
      vertex -75.9418 4.44879 2
    endloop
  endfacet
  facet normal 0 0 -1
    outer loop
      vertex -76.3702 4.27135 2
      vertex -76.0559 4.62956 2
      vertex -76.1582 4.36533 2
    endloop
  endfacet
  facet normal 0 0 -1
    outer loop
      vertex -76.0559 4.62956 2
      vertex -76.3702 4.27135 2
      vertex -76.4572 4.22752 2
    endloop
  endfacet
  facet normal 0 0 -1
    outer loop
      vertex -60.8944 15.06 2
      vertex -69.6478 0.46312 2
      vertex -69.6761 0.693298 2
    endloop
  endfacet
  facet normal 0 0 -1
    outer loop
      vertex -69.7666 1.14807 2
      vertex -60.8944 15.06 2
      vertex -69.7158 0.921799 2
    endloop
  endfacet
  facet normal 0 0 -1
    outer loop
      vertex -69.8284 1.37158 2
      vertex -60.8944 15.06 2
      vertex -69.7666 1.14807 2
    endloop
  endfacet
  facet normal 0 0 -1
    outer loop
      vertex -69.9012 1.5918 2
      vertex -60.8944 15.06 2
      vertex -69.8284 1.37158 2
    endloop
  endfacet
  facet normal 0 0 -1
    outer loop
      vertex -69.9847 1.80817 2
      vertex -60.8944 15.06 2
      vertex -69.9012 1.5918 2
    endloop
  endfacet
  facet normal 0 0 -1
    outer loop
      vertex -70.0786 2.02019 2
      vertex -60.8944 15.06 2
      vertex -69.9847 1.80817 2
    endloop
  endfacet
  facet normal 0 0 -1
    outer loop
      vertex -70.1829 2.22734 2
      vertex -60.8944 15.06 2
      vertex -70.0786 2.02019 2
    endloop
  endfacet
  facet normal 0 0 -1
    outer loop
      vertex -60.8944 15.06 2
      vertex -70.1829 2.22734 2
      vertex -65.8007 14.6637 2
    endloop
  endfacet
  facet normal 0 0 -1
    outer loop
      vertex -70.2972 2.42912 2
      vertex -65.8007 14.6637 2
      vertex -70.1829 2.22734 2
    endloop
  endfacet
  facet normal 0 0 -1
    outer loop
      vertex -70.4213 2.62506 2
      vertex -65.8007 14.6637 2
      vertex -70.2972 2.42912 2
    endloop
  endfacet
  facet normal 0 0 -1
    outer loop
      vertex -70.5548 2.81467 2
      vertex -65.8007 14.6637 2
      vertex -70.4213 2.62506 2
    endloop
  endfacet
  facet normal 0 0 -1
    outer loop
      vertex -70.6975 2.9975 2
      vertex -65.8007 14.6637 2
      vertex -70.5548 2.81467 2
    endloop
  endfacet
  facet normal 0 0 -1
    outer loop
      vertex -70.849 3.17311 2
      vertex -65.8007 14.6637 2
      vertex -70.6975 2.9975 2
    endloop
  endfacet
  facet normal 0 0 -1
    outer loop
      vertex -71.0089 3.34106 2
      vertex -65.8007 14.6637 2
      vertex -70.849 3.17311 2
    endloop
  endfacet
  facet normal 0 0 -1
    outer loop
      vertex -72.6291 10.4287 2
      vertex -65.8007 14.6637 2
      vertex -71.0089 3.34106 2
    endloop
  endfacet
  facet normal 0 0 -1
    outer loop
      vertex -65.8007 14.6637 2
      vertex -72.1558 11.4716 2
      vertex -68.2295 14.5877 2
    endloop
  endfacet
  facet normal 0 0 -1
    outer loop
      vertex -68.2295 14.5877 2
      vertex -71.0647 13.179 2
      vertex -69.1606 14.4129 2
    endloop
  endfacet
  facet normal 0 -0 -1
    outer loop
      vertex -71.0647 13.179 2
      vertex -68.2295 14.5877 2
      vertex -72.1558 11.4716 2
    endloop
  endfacet
  facet normal 0 0 -1
    outer loop
      vertex -69.1606 14.4129 2
      vertex -71.0647 13.179 2
      vertex -70.0639 14.0171 2
    endloop
  endfacet
  facet normal 0 0 -1
    outer loop
      vertex -72.6291 10.4287 2
      vertex -71.0089 3.34106 2
      vertex -71.1769 3.50099 2
    endloop
  endfacet
  facet normal 0 0 -1
    outer loop
      vertex -72.6291 10.4287 2
      vertex -71.1769 3.50099 2
      vertex -71.3525 3.65247 2
    endloop
  endfacet
  facet normal 0 0 -1
    outer loop
      vertex -72.6291 10.4287 2
      vertex -71.3525 3.65247 2
      vertex -71.5353 3.79515 2
    endloop
  endfacet
  facet normal 0 0 -1
    outer loop
      vertex -72.6291 10.4287 2
      vertex -71.5353 3.79515 2
      vertex -71.7249 3.92868 2
    endloop
  endfacet
  facet normal 0 0 -1
    outer loop
      vertex -72.6291 10.4287 2
      vertex -71.7249 3.92868 2
      vertex -71.9209 4.05276 2
    endloop
  endfacet
  facet normal 0 0 -1
    outer loop
      vertex -73.5358 8.9516 2
      vertex -71.9209 4.05276 2
      vertex -72.1227 4.16707 2
    endloop
  endfacet
  facet normal 0 0 -1
    outer loop
      vertex -70.0639 14.0171 2
      vertex -71.0647 13.179 2
      vertex -70.6656 13.5788 2
    endloop
  endfacet
  facet normal 0 0 -1
    outer loop
      vertex -73.5358 8.9516 2
      vertex -72.1227 4.16707 2
      vertex -72.3298 4.27135 2
    endloop
  endfacet
  facet normal 0 0 -1
    outer loop
      vertex -73.5358 8.9516 2
      vertex -72.3298 4.27135 2
      vertex -72.5418 4.36533 2
    endloop
  endfacet
  facet normal 0 0 -1
    outer loop
      vertex -65.8007 14.6637 2
      vertex -72.6291 10.4287 2
      vertex -72.1558 11.4716 2
    endloop
  endfacet
  facet normal 0 0 -1
    outer loop
      vertex -74.1373 7.89737 2
      vertex -72.5418 4.36533 2
      vertex -72.7582 4.44879 2
    endloop
  endfacet
  facet normal 0 0 -1
    outer loop
      vertex -71.9209 4.05276 2
      vertex -73.5358 8.9516 2
      vertex -72.6291 10.4287 2
    endloop
  endfacet
  facet normal 0 0 -1
    outer loop
      vertex -74.1373 7.89737 2
      vertex -72.7582 4.44879 2
      vertex -72.9784 4.52153 2
    endloop
  endfacet
  facet normal 0 0 -1
    outer loop
      vertex -74.5474 7.00827 2
      vertex -72.9784 4.52153 2
      vertex -73.2019 4.58339 2
    endloop
  endfacet
  facet normal 0 0 -1
    outer loop
      vertex -74.5474 7.00827 2
      vertex -73.2019 4.58339 2
      vertex -73.4282 4.6342 2
    endloop
  endfacet
  facet normal 0 0 -1
    outer loop
      vertex -72.6291 10.4287 2
      vertex -73.5358 8.9516 2
      vertex -72.9677 10.0896 2
    endloop
  endfacet
  facet normal 0 0 -1
    outer loop
      vertex -74.5474 7.00827 2
      vertex -73.4282 4.6342 2
      vertex -73.6567 4.67386 2
    endloop
  endfacet
  facet normal 0 0 -1
    outer loop
      vertex -74.5474 7.00827 2
      vertex -73.6567 4.67386 2
      vertex -73.8869 4.70224 2
    endloop
  endfacet
  facet normal 0 0 -1
    outer loop
      vertex -72.5418 4.36533 2
      vertex -74.1373 7.89737 2
      vertex -73.5358 8.9516 2
    endloop
  endfacet
  facet normal 0 0 -1
    outer loop
      vertex -74.5474 7.00827 2
      vertex -73.8869 4.70224 2
      vertex -74.1181 4.7193 2
    endloop
  endfacet
  facet normal 0 0 -1
    outer loop
      vertex -73.5358 8.9516 2
      vertex -74.1373 7.89737 2
      vertex -74.0515 8.2415 2
    endloop
  endfacet
  facet normal 0 0 -1
    outer loop
      vertex -74.5474 7.00827 2
      vertex -74.1181 4.7193 2
      vertex -74.35 4.72499 2
    endloop
  endfacet
  facet normal 0 0 -1
    outer loop
      vertex -72.9784 4.52153 2
      vertex -74.5474 7.00827 2
      vertex -74.1373 7.89737 2
    endloop
  endfacet
  facet normal 0 0 -1
    outer loop
      vertex -74.1373 7.89737 2
      vertex -74.5474 7.00827 2
      vertex -74.5474 7.36928 2
    endloop
  endfacet
  facet normal 0 0 1
    outer loop
      vertex -60.8944 15.06 2.4
      vertex -69.6307 0.231842 2.4
      vertex -69.625 0 2.4
    endloop
  endfacet
  facet normal 0 0 1
    outer loop
      vertex -68.2295 14.5877 2.4
      vertex -69.6478 0.46312 2.4
      vertex -69.6307 0.231842 2.4
    endloop
  endfacet
  facet normal 0 0 1
    outer loop
      vertex -68.2295 14.5877 2.4
      vertex -69.6761 0.693298 2.4
      vertex -69.6478 0.46312 2.4
    endloop
  endfacet
  facet normal 0 0 1
    outer loop
      vertex -68.2295 14.5877 2.4
      vertex -69.7158 0.921799 2.4
      vertex -69.6761 0.693298 2.4
    endloop
  endfacet
  facet normal 0 0 1
    outer loop
      vertex -68.2295 14.5877 2.4
      vertex -69.7666 1.14807 2.4
      vertex -69.7158 0.921799 2.4
    endloop
  endfacet
  facet normal 0 0 1
    outer loop
      vertex -68.2295 14.5877 2.4
      vertex -69.8284 1.37158 2.4
      vertex -69.7666 1.14807 2.4
    endloop
  endfacet
  facet normal 0 0 1
    outer loop
      vertex -68.2295 14.5877 2.4
      vertex -69.9012 1.5918 2.4
      vertex -69.8284 1.37158 2.4
    endloop
  endfacet
  facet normal 0 0 1
    outer loop
      vertex -68.2295 14.5877 2.4
      vertex -69.9847 1.80817 2.4
      vertex -69.9012 1.5918 2.4
    endloop
  endfacet
  facet normal 0 0 1
    outer loop
      vertex -71.0647 13.179 2.4
      vertex -69.1606 14.4129 2.4
      vertex -70.0639 14.0171 2.4
    endloop
  endfacet
  facet normal 0 0 1
    outer loop
      vertex -68.2295 14.5877 2.4
      vertex -70.0786 2.02019 2.4
      vertex -69.9847 1.80817 2.4
    endloop
  endfacet
  facet normal 0 0 1
    outer loop
      vertex -68.2295 14.5877 2.4
      vertex -70.1829 2.22734 2.4
      vertex -70.0786 2.02019 2.4
    endloop
  endfacet
  facet normal 0 0 1
    outer loop
      vertex -68.2295 14.5877 2.4
      vertex -70.2972 2.42912 2.4
      vertex -70.1829 2.22734 2.4
    endloop
  endfacet
  facet normal 0 0 1
    outer loop
      vertex -68.2295 14.5877 2.4
      vertex -70.4213 2.62506 2.4
      vertex -70.2972 2.42912 2.4
    endloop
  endfacet
  facet normal 0 0 1
    outer loop
      vertex -68.2295 14.5877 2.4
      vertex -70.5548 2.81467 2.4
      vertex -70.4213 2.62506 2.4
    endloop
  endfacet
  facet normal 0 0 1
    outer loop
      vertex -71.0647 13.179 2.4
      vertex -70.0639 14.0171 2.4
      vertex -70.6656 13.5788 2.4
    endloop
  endfacet
  facet normal 0 0 1
    outer loop
      vertex -68.2295 14.5877 2.4
      vertex -70.6975 2.9975 2.4
      vertex -70.5548 2.81467 2.4
    endloop
  endfacet
  facet normal 0 0 1
    outer loop
      vertex -68.2295 14.5877 2.4
      vertex -70.849 3.17311 2.4
      vertex -70.6975 2.9975 2.4
    endloop
  endfacet
  facet normal 0 0 1
    outer loop
      vertex -68.2295 14.5877 2.4
      vertex -72.1558 11.4716 2.4
      vertex -71.0089 3.34106 2.4
    endloop
  endfacet
  facet normal 0 0 1
    outer loop
      vertex -68.2295 14.5877 2.4
      vertex -71.0647 13.179 2.4
      vertex -72.1558 11.4716 2.4
    endloop
  endfacet
  facet normal 0 0 1
    outer loop
      vertex -68.2295 14.5877 2.4
      vertex -71.0089 3.34106 2.4
      vertex -70.849 3.17311 2.4
    endloop
  endfacet
  facet normal -0 0 1
    outer loop
      vertex -72.6291 10.4287 2.4
      vertex -71.0089 3.34106 2.4
      vertex -72.1558 11.4716 2.4
    endloop
  endfacet
  facet normal 0 0 1
    outer loop
      vertex -71.0089 3.34106 2.4
      vertex -72.6291 10.4287 2.4
      vertex -71.1769 3.50099 2.4
    endloop
  endfacet
  facet normal 0 0 1
    outer loop
      vertex -71.1769 3.50099 2.4
      vertex -72.6291 10.4287 2.4
      vertex -71.3525 3.65247 2.4
    endloop
  endfacet
  facet normal 0 0 1
    outer loop
      vertex -71.3525 3.65247 2.4
      vertex -72.6291 10.4287 2.4
      vertex -71.5353 3.79515 2.4
    endloop
  endfacet
  facet normal 0 0 1
    outer loop
      vertex -71.5353 3.79515 2.4
      vertex -72.6291 10.4287 2.4
      vertex -71.7249 3.92868 2.4
    endloop
  endfacet
  facet normal 0 0 1
    outer loop
      vertex -71.7249 3.92868 2.4
      vertex -72.6291 10.4287 2.4
      vertex -71.9209 4.05276 2.4
    endloop
  endfacet
  facet normal -0 0 1
    outer loop
      vertex -73.5358 8.9516 2.4
      vertex -71.9209 4.05276 2.4
      vertex -72.6291 10.4287 2.4
    endloop
  endfacet
  facet normal 0 0 1
    outer loop
      vertex -71.9209 4.05276 2.4
      vertex -73.5358 8.9516 2.4
      vertex -72.1227 4.16707 2.4
    endloop
  endfacet
  facet normal 0 0 1
    outer loop
      vertex -72.1227 4.16707 2.4
      vertex -73.5358 8.9516 2.4
      vertex -72.3298 4.27135 2.4
    endloop
  endfacet
  facet normal 0 0 1
    outer loop
      vertex -72.3298 4.27135 2.4
      vertex -73.5358 8.9516 2.4
      vertex -72.5418 4.36533 2.4
    endloop
  endfacet
  facet normal 0 0 1
    outer loop
      vertex -73.5358 8.9516 2.4
      vertex -72.6291 10.4287 2.4
      vertex -72.9677 10.0896 2.4
    endloop
  endfacet
  facet normal -0 0 1
    outer loop
      vertex -74.1373 7.89737 2.4
      vertex -72.5418 4.36533 2.4
      vertex -73.5358 8.9516 2.4
    endloop
  endfacet
  facet normal 0 0 1
    outer loop
      vertex -72.5418 4.36533 2.4
      vertex -74.1373 7.89737 2.4
      vertex -72.7582 4.44879 2.4
    endloop
  endfacet
  facet normal 0 0 1
    outer loop
      vertex -72.7582 4.44879 2.4
      vertex -74.1373 7.89737 2.4
      vertex -72.9784 4.52153 2.4
    endloop
  endfacet
  facet normal -0 0 1
    outer loop
      vertex -74.5474 7.00827 2.4
      vertex -72.9784 4.52153 2.4
      vertex -74.1373 7.89737 2.4
    endloop
  endfacet
  facet normal 0 0 1
    outer loop
      vertex -72.9784 4.52153 2.4
      vertex -74.5474 7.00827 2.4
      vertex -73.2019 4.58339 2.4
    endloop
  endfacet
  facet normal 0 0 1
    outer loop
      vertex -73.2019 4.58339 2.4
      vertex -74.5474 7.00827 2.4
      vertex -73.4282 4.6342 2.4
    endloop
  endfacet
  facet normal 0 0 1
    outer loop
      vertex -74.1373 7.89737 2.4
      vertex -73.5358 8.9516 2.4
      vertex -74.0515 8.2415 2.4
    endloop
  endfacet
  facet normal 0 0 1
    outer loop
      vertex -73.4282 4.6342 2.4
      vertex -74.5474 7.00827 2.4
      vertex -73.6567 4.67386 2.4
    endloop
  endfacet
  facet normal 0 0 1
    outer loop
      vertex -73.6567 4.67386 2.4
      vertex -74.5474 7.00827 2.4
      vertex -73.8869 4.70224 2.4
    endloop
  endfacet
  facet normal 0 0 1
    outer loop
      vertex -73.8869 4.70224 2.4
      vertex -74.5474 7.00827 2.4
      vertex -74.1181 4.7193 2.4
    endloop
  endfacet
  facet normal 0 0 1
    outer loop
      vertex -74.5474 7.00827 2.4
      vertex -74.1373 7.89737 2.4
      vertex -74.5474 7.36928 2.4
    endloop
  endfacet
  facet normal -0 0 1
    outer loop
      vertex -75.15 6.40471 2.4
      vertex -74.1181 4.7193 2.4
      vertex -74.5474 7.00827 2.4
    endloop
  endfacet
  facet normal 0 0 1
    outer loop
      vertex -74.1181 4.7193 2.4
      vertex -75.15 6.40471 2.4
      vertex -74.35 4.72499 2.4
    endloop
  endfacet
  facet normal 0 0 1
    outer loop
      vertex -74.35 4.72499 2.4
      vertex -75.15 6.40471 2.4
      vertex -74.5818 4.7193 2.4
    endloop
  endfacet
  facet normal -0 0 1
    outer loop
      vertex -75.498 5.63808 2.4
      vertex -74.5818 4.7193 2.4
      vertex -75.15 6.40471 2.4
    endloop
  endfacet
  facet normal 0 0 1
    outer loop
      vertex -74.5818 4.7193 2.4
      vertex -75.498 5.63808 2.4
      vertex -74.8131 4.70224 2.4
    endloop
  endfacet
  facet normal 0 0 1
    outer loop
      vertex -74.8131 4.70224 2.4
      vertex -75.498 5.63808 2.4
      vertex -75.0433 4.67386 2.4
    endloop
  endfacet
  facet normal 0 0 1
    outer loop
      vertex -75.0433 4.67386 2.4
      vertex -75.498 5.63808 2.4
      vertex -75.2718 4.6342 2.4
    endloop
  endfacet
  facet normal -0 0 1
    outer loop
      vertex -75.9493 5.05698 2.4
      vertex -75.2718 4.6342 2.4
      vertex -75.498 5.63808 2.4
    endloop
  endfacet
  facet normal 0 0 1
    outer loop
      vertex -75.2718 4.6342 2.4
      vertex -75.9493 5.05698 2.4
      vertex -75.4981 4.58339 2.4
    endloop
  endfacet
  facet normal 0 0 1
    outer loop
      vertex -75.4981 4.58339 2.4
      vertex -75.9493 5.05698 2.4
      vertex -75.7216 4.52153 2.4
    endloop
  endfacet
  facet normal -0 0 1
    outer loop
      vertex -76.0559 4.62956 2.4
      vertex -75.7216 4.52153 2.4
      vertex -75.9493 5.05698 2.4
    endloop
  endfacet
  facet normal 0 0 1
    outer loop
      vertex -75.7216 4.52153 2.4
      vertex -76.0559 4.62956 2.4
      vertex -75.9418 4.44879 2.4
    endloop
  endfacet
  facet normal 0 0 1
    outer loop
      vertex -76.0559 4.62956 2.4
      vertex -76.1582 4.36533 2.4
      vertex -75.9418 4.44879 2.4
    endloop
  endfacet
  facet normal 0 0 1
    outer loop
      vertex -76.0559 4.62956 2.4
      vertex -76.3702 4.27135 2.4
      vertex -76.1582 4.36533 2.4
    endloop
  endfacet
  facet normal 0 -0 1
    outer loop
      vertex -76.3702 4.27135 2.4
      vertex -76.0559 4.62956 2.4
      vertex -76.4572 4.22752 2.4
    endloop
  endfacet
  facet normal 0 0 1
    outer loop
      vertex 76.1766 4.75813 2.4
      vertex 76.3702 4.27135 2.4
      vertex 76.4056 4.25351 2.4
    endloop
  endfacet
  facet normal 0 0 1
    outer loop
      vertex 76.1766 4.75813 2.4
      vertex 76.1582 4.36533 2.4
      vertex 76.3702 4.27135 2.4
    endloop
  endfacet
  facet normal 0 0 1
    outer loop
      vertex 76.1766 4.75813 2.4
      vertex 75.9418 4.44879 2.4
      vertex 76.1582 4.36533 2.4
    endloop
  endfacet
  facet normal 0 0 1
    outer loop
      vertex 76.1766 4.75813 2.4
      vertex 75.7216 4.52153 2.4
      vertex 75.9418 4.44879 2.4
    endloop
  endfacet
  facet normal 0 0 1
    outer loop
      vertex 76.1766 4.75813 2.4
      vertex 75.4981 4.58339 2.4
      vertex 75.7216 4.52153 2.4
    endloop
  endfacet
  facet normal 0 0 1
    outer loop
      vertex 76.1766 4.75813 2.4
      vertex 75.2718 4.6342 2.4
      vertex 75.4981 4.58339 2.4
    endloop
  endfacet
  facet normal 0 0 1
    outer loop
      vertex 74.907 6.70789 2.4
      vertex 75.2718 4.6342 2.4
      vertex 76.1766 4.75813 2.4
    endloop
  endfacet
  facet normal 0 0 1
    outer loop
      vertex 75.2718 4.6342 2.4
      vertex 74.907 6.70789 2.4
      vertex 75.0433 4.67386 2.4
    endloop
  endfacet
  facet normal 0 0 1
    outer loop
      vertex 74.395 7.53172 2.4
      vertex 74.907 6.70789 2.4
      vertex 74.8464 6.95044 2.4
    endloop
  endfacet
  facet normal 0 0 1
    outer loop
      vertex 74.907 6.70789 2.4
      vertex 74.8131 4.70224 2.4
      vertex 75.0433 4.67386 2.4
    endloop
  endfacet
  facet normal 0 0 1
    outer loop
      vertex 74.907 6.70789 2.4
      vertex 74.5818 4.7193 2.4
      vertex 74.8131 4.70224 2.4
    endloop
  endfacet
  facet normal 0 0 1
    outer loop
      vertex 74.907 6.70789 2.4
      vertex 74.395 7.53172 2.4
      vertex 73.6567 4.67386 2.4
    endloop
  endfacet
  facet normal 0 0 1
    outer loop
      vertex 74.907 6.70789 2.4
      vertex 74.35 4.72499 2.4
      vertex 74.5818 4.7193 2.4
    endloop
  endfacet
  facet normal 0 0 1
    outer loop
      vertex 74.907 6.70789 2.4
      vertex 74.1181 4.7193 2.4
      vertex 74.35 4.72499 2.4
    endloop
  endfacet
  facet normal 0 0 1
    outer loop
      vertex 72.7582 4.44879 2.4
      vertex 74.395 7.53172 2.4
      vertex 74.0011 8.39963 2.4
    endloop
  endfacet
  facet normal 0 0 1
    outer loop
      vertex 74.907 6.70789 2.4
      vertex 73.8869 4.70224 2.4
      vertex 74.1181 4.7193 2.4
    endloop
  endfacet
  facet normal 0 0 1
    outer loop
      vertex 74.907 6.70789 2.4
      vertex 73.6567 4.67386 2.4
      vertex 73.8869 4.70224 2.4
    endloop
  endfacet
  facet normal 0 0 1
    outer loop
      vertex 74.395 7.53172 2.4
      vertex 73.4282 4.6342 2.4
      vertex 73.6567 4.67386 2.4
    endloop
  endfacet
  facet normal 0 0 1
    outer loop
      vertex 72.5418 4.36533 2.4
      vertex 74.0011 8.39963 2.4
      vertex 73.3494 9.23883 2.4
    endloop
  endfacet
  facet normal 0 0 1
    outer loop
      vertex 72.6334 10.4508 2.4
      vertex 73.3494 9.23883 2.4
      vertex 73.2637 9.58284 2.4
    endloop
  endfacet
  facet normal 0 0 1
    outer loop
      vertex 74.395 7.53172 2.4
      vertex 73.2019 4.58339 2.4
      vertex 73.4282 4.6342 2.4
    endloop
  endfacet
  facet normal 0 0 1
    outer loop
      vertex 74.395 7.53172 2.4
      vertex 72.9784 4.52153 2.4
      vertex 73.2019 4.58339 2.4
    endloop
  endfacet
  facet normal 0 0 1
    outer loop
      vertex 74.395 7.53172 2.4
      vertex 72.7582 4.44879 2.4
      vertex 72.9784 4.52153 2.4
    endloop
  endfacet
  facet normal 0 0 1
    outer loop
      vertex 71.7249 3.92868 2.4
      vertex 73.3494 9.23883 2.4
      vertex 72.6334 10.4508 2.4
    endloop
  endfacet
  facet normal 0 0 1
    outer loop
      vertex 74.0011 8.39963 2.4
      vertex 72.5418 4.36533 2.4
      vertex 72.7582 4.44879 2.4
    endloop
  endfacet
  facet normal 0 0 1
    outer loop
      vertex 71.2005 12.9732 2.4
      vertex 72.6334 10.4508 2.4
      vertex 72.5393 10.8278 2.4
    endloop
  endfacet
  facet normal 0 0 1
    outer loop
      vertex 73.3494 9.23883 2.4
      vertex 72.3298 4.27135 2.4
      vertex 72.5418 4.36533 2.4
    endloop
  endfacet
  facet normal 0 0 1
    outer loop
      vertex 73.3494 9.23883 2.4
      vertex 72.1227 4.16707 2.4
      vertex 72.3298 4.27135 2.4
    endloop
  endfacet
  facet normal 0 0 1
    outer loop
      vertex 73.3494 9.23883 2.4
      vertex 71.9209 4.05276 2.4
      vertex 72.1227 4.16707 2.4
    endloop
  endfacet
  facet normal 0 0 1
    outer loop
      vertex 73.3494 9.23883 2.4
      vertex 71.7249 3.92868 2.4
      vertex 71.9209 4.05276 2.4
    endloop
  endfacet
  facet normal 0 0 1
    outer loop
      vertex 72.6334 10.4508 2.4
      vertex 71.5353 3.79515 2.4
      vertex 71.7249 3.92868 2.4
    endloop
  endfacet
  facet normal 0 0 1
    outer loop
      vertex 72.6334 10.4508 2.4
      vertex 71.3525 3.65247 2.4
      vertex 71.5353 3.79515 2.4
    endloop
  endfacet
  facet normal 0 0 1
    outer loop
      vertex 65.2675 15.1349 2.4
      vertex 72.6334 10.4508 2.4
      vertex 71.2005 12.9732 2.4
    endloop
  endfacet
  facet normal 0 0 1
    outer loop
      vertex 72.6334 10.4508 2.4
      vertex 71.1769 3.50099 2.4
      vertex 71.3525 3.65247 2.4
    endloop
  endfacet
  facet normal 0 0 1
    outer loop
      vertex 72.6334 10.4508 2.4
      vertex 71.0089 3.34106 2.4
      vertex 71.1769 3.50099 2.4
    endloop
  endfacet
  facet normal 0 0 1
    outer loop
      vertex 72.6334 10.4508 2.4
      vertex 65.2675 15.1349 2.4
      vertex 71.0089 3.34106 2.4
    endloop
  endfacet
  facet normal 0 0 1
    outer loop
      vertex 71.0089 3.34106 2.4
      vertex 65.2675 15.1349 2.4
      vertex 70.849 3.17311 2.4
    endloop
  endfacet
  facet normal 0 0 1
    outer loop
      vertex 70.849 3.17311 2.4
      vertex 65.2675 15.1349 2.4
      vertex 70.6975 2.9975 2.4
    endloop
  endfacet
  facet normal 0 0 1
    outer loop
      vertex 70.6975 2.9975 2.4
      vertex 65.2675 15.1349 2.4
      vertex 70.5548 2.81467 2.4
    endloop
  endfacet
  facet normal 0 0 1
    outer loop
      vertex 68.4727 14.8431 2.4
      vertex 71.2005 12.9732 2.4
      vertex 70.3023 13.9327 2.4
    endloop
  endfacet
  facet normal -0 0 1
    outer loop
      vertex 63.9514 15.1349 2.4
      vertex 70.5548 2.81467 2.4
      vertex 65.2675 15.1349 2.4
    endloop
  endfacet
  facet normal 0 0 1
    outer loop
      vertex 70.5548 2.81467 2.4
      vertex 63.9514 15.1349 2.4
      vertex 70.4213 2.62506 2.4
    endloop
  endfacet
  facet normal 0 0 1
    outer loop
      vertex 70.4213 2.62506 2.4
      vertex 63.9514 15.1349 2.4
      vertex 70.2972 2.42912 2.4
    endloop
  endfacet
  facet normal 0 0 1
    outer loop
      vertex 70.2972 2.42912 2.4
      vertex 63.9514 15.1349 2.4
      vertex 70.1829 2.22734 2.4
    endloop
  endfacet
  facet normal 0 0 1
    outer loop
      vertex 70.1829 2.22734 2.4
      vertex 63.9514 15.1349 2.4
      vertex 70.0786 2.02019 2.4
    endloop
  endfacet
  facet normal 0 0 1
    outer loop
      vertex 70.0786 2.02019 2.4
      vertex 63.9514 15.1349 2.4
      vertex 69.9847 1.80817 2.4
    endloop
  endfacet
  facet normal 0 0 1
    outer loop
      vertex 69.9847 1.80817 2.4
      vertex 63.9514 15.1349 2.4
      vertex 69.9012 1.5918 2.4
    endloop
  endfacet
  facet normal 0 0 1
    outer loop
      vertex 69.9012 1.5918 2.4
      vertex 63.9514 15.1349 2.4
      vertex 69.8284 1.37158 2.4
    endloop
  endfacet
  facet normal 0 0 1
    outer loop
      vertex 69.8284 1.37158 2.4
      vertex 63.9514 15.1349 2.4
      vertex 69.7666 1.14807 2.4
    endloop
  endfacet
  facet normal 0 0 1
    outer loop
      vertex 69.7666 1.14807 2.4
      vertex 63.9514 15.1349 2.4
      vertex 69.7158 0.921799 2.4
    endloop
  endfacet
  facet normal 0 0 1
    outer loop
      vertex 49.2604 16.0842 2.4
      vertex 69.7158 0.921799 2.4
      vertex 63.9514 15.1349 2.4
    endloop
  endfacet
  facet normal 0 0 1
    outer loop
      vertex 56.0752 -15.4555 2.4
      vertex 69.625 0 2.4
      vertex 69.6307 0.231842 2.4
    endloop
  endfacet
  facet normal 0 0 1
    outer loop
      vertex 68.4727 14.8431 2.4
      vertex 70.3023 13.9327 2.4
      vertex 69.1187 14.644 2.4
    endloop
  endfacet
  facet normal 0 0 1
    outer loop
      vertex 71.2005 12.9732 2.4
      vertex 68.4727 14.8431 2.4
      vertex 65.2675 15.1349 2.4
    endloop
  endfacet
  facet normal 0 0 1
    outer loop
      vertex 69.625 0 2.4
      vertex 66.8106 -14.5067 2.4
      vertex 68.6995 -14.4311 2.4
    endloop
  endfacet
  facet normal 0 0 1
    outer loop
      vertex 69.7158 0.921799 2.4
      vertex 49.2604 16.0842 2.4
      vertex 69.6761 0.693298 2.4
    endloop
  endfacet
  facet normal 0 0 1
    outer loop
      vertex 69.625 0 2.4
      vertex 68.6995 -14.4311 2.4
      vertex 69.2504 -14.3307 2.4
    endloop
  endfacet
  facet normal 0 0 1
    outer loop
      vertex 69.6761 0.693298 2.4
      vertex 49.2604 16.0842 2.4
      vertex 69.6478 0.46312 2.4
    endloop
  endfacet
  facet normal 0 0 1
    outer loop
      vertex 69.6478 0.46312 2.4
      vertex 49.2604 16.0842 2.4
      vertex 69.6307 0.231842 2.4
    endloop
  endfacet
  facet normal 0 0 1
    outer loop
      vertex 69.625 0 2.4
      vertex 56.0752 -15.4555 2.4
      vertex 66.8106 -14.5067 2.4
    endloop
  endfacet
  facet normal 0 0 1
    outer loop
      vertex 69.6307 0.231842 2.4
      vertex 49.2604 16.0842 2.4
      vertex 56.0752 -15.4555 2.4
    endloop
  endfacet
  facet normal 0 0 1
    outer loop
      vertex 49.2604 16.0842 2.4
      vertex 43.8633 -16.2395 2.4
      vertex 56.0752 -15.4555 2.4
    endloop
  endfacet
  facet normal 0 0 1
    outer loop
      vertex 49.2604 16.0842 2.4
      vertex 42.3062 -16.2395 2.4
      vertex 43.8633 -16.2395 2.4
    endloop
  endfacet
  facet normal 0 0 1
    outer loop
      vertex 49.2604 16.0842 2.4
      vertex 41.1009 -16.4005 2.4
      vertex 42.3062 -16.2395 2.4
    endloop
  endfacet
  facet normal 0 0 1
    outer loop
      vertex 49.2604 16.0842 2.4
      vertex 38.1932 -16.4792 2.4
      vertex 41.1009 -16.4005 2.4
    endloop
  endfacet
  facet normal 0 0 1
    outer loop
      vertex 27.5522 17.0295 2.4
      vertex 38.1932 -16.4792 2.4
      vertex 49.2604 16.0842 2.4
    endloop
  endfacet
  facet normal 0 0 1
    outer loop
      vertex 38.1932 -16.4792 2.4
      vertex 27.5522 17.0295 2.4
      vertex 36.9207 -16.6385 2.4
    endloop
  endfacet
  facet normal 0 0 1
    outer loop
      vertex 27.5522 17.0295 2.4
      vertex 23.5378 -17.1872 2.4
      vertex 36.9207 -16.6385 2.4
    endloop
  endfacet
  facet normal 0 0 1
    outer loop
      vertex 8.99782 17.5019 2.4
      vertex 23.5378 -17.1872 2.4
      vertex 27.5522 17.0295 2.4
    endloop
  endfacet
  facet normal 0 0 1
    outer loop
      vertex 23.5378 -17.1872 2.4
      vertex 8.99782 17.5019 2.4
      vertex 9.94542 -17.502 2.4
    endloop
  endfacet
  facet normal -0 0 1
    outer loop
      vertex -3.79788 17.5019 2.4
      vertex 9.94542 -17.502 2.4
      vertex 8.99782 17.5019 2.4
    endloop
  endfacet
  facet normal 0 0 1
    outer loop
      vertex -3.79788 17.5019 2.4
      vertex -6.63257 -17.502 2.4
      vertex 9.94542 -17.502 2.4
    endloop
  endfacet
  facet normal -0 0 1
    outer loop
      vertex -21.8812 17.0295 2.4
      vertex -6.63257 -17.502 2.4
      vertex -3.79788 17.5019 2.4
    endloop
  endfacet
  facet normal 0 0 1
    outer loop
      vertex -21.8812 17.0295 2.4
      vertex -26.5168 -16.9509 2.4
      vertex -6.63257 -17.502 2.4
    endloop
  endfacet
  facet normal -0 0 1
    outer loop
      vertex -37.059 16.3994 2.4
      vertex -26.5168 -16.9509 2.4
      vertex -21.8812 17.0295 2.4
    endloop
  endfacet
  facet normal 0 0 1
    outer loop
      vertex -37.059 16.3994 2.4
      vertex -49.8733 -15.6908 2.4
      vertex -26.5168 -16.9509 2.4
    endloop
  endfacet
  facet normal -0 0 1
    outer loop
      vertex -60.8944 15.06 2.4
      vertex -49.8733 -15.6908 2.4
      vertex -37.059 16.3994 2.4
    endloop
  endfacet
  facet normal 0 0 1
    outer loop
      vertex -69.6307 0.231842 2.4
      vertex -60.8944 15.06 2.4
      vertex -65.8007 14.6637 2.4
    endloop
  endfacet
  facet normal 0 0 1
    outer loop
      vertex -69.6307 0.231842 2.4
      vertex -65.8007 14.6637 2.4
      vertex -68.2295 14.5877 2.4
    endloop
  endfacet
  facet normal 0 0 1
    outer loop
      vertex -60.8944 15.06 2.4
      vertex -69.625 0 2.4
      vertex -49.8733 -15.6908 2.4
    endloop
  endfacet
  facet normal 0 0 1
    outer loop
      vertex -71.0647 13.179 2.4
      vertex -68.2295 14.5877 2.4
      vertex -69.1606 14.4129 2.4
    endloop
  endfacet
  facet normal -0 0 1
    outer loop
      vertex -69.6307 -0.231842 2.4
      vertex -49.8733 -15.6908 2.4
      vertex -69.625 0 2.4
    endloop
  endfacet
  facet normal -0 0 1
    outer loop
      vertex -69.6478 -0.46312 2.4
      vertex -49.8733 -15.6908 2.4
      vertex -69.6307 -0.231842 2.4
    endloop
  endfacet
  facet normal -0 0 1
    outer loop
      vertex -69.6761 -0.693298 2.4
      vertex -49.8733 -15.6908 2.4
      vertex -69.6478 -0.46312 2.4
    endloop
  endfacet
  facet normal -0 0 1
    outer loop
      vertex -69.7158 -0.921799 2.4
      vertex -49.8733 -15.6908 2.4
      vertex -69.6761 -0.693298 2.4
    endloop
  endfacet
  facet normal -0 0 1
    outer loop
      vertex -69.7666 -1.14807 2.4
      vertex -49.8733 -15.6908 2.4
      vertex -69.7158 -0.921799 2.4
    endloop
  endfacet
  facet normal -0 0 1
    outer loop
      vertex -69.8284 -1.37158 2.4
      vertex -49.8733 -15.6908 2.4
      vertex -69.7666 -1.14807 2.4
    endloop
  endfacet
  facet normal -0 0 1
    outer loop
      vertex -69.9012 -1.5918 2.4
      vertex -49.8733 -15.6908 2.4
      vertex -69.8284 -1.37158 2.4
    endloop
  endfacet
  facet normal -0 0 1
    outer loop
      vertex -69.9847 -1.80817 2.4
      vertex -49.8733 -15.6908 2.4
      vertex -69.9012 -1.5918 2.4
    endloop
  endfacet
  facet normal -0 0 1
    outer loop
      vertex -70.0786 -2.02019 2.4
      vertex -49.8733 -15.6908 2.4
      vertex -69.9847 -1.80817 2.4
    endloop
  endfacet
  facet normal 0 0 1
    outer loop
      vertex -49.8733 -15.6908 2.4
      vertex -70.0786 -2.02019 2.4
      vertex -68.899 -14.2907 2.4
    endloop
  endfacet
  facet normal -0 0 1
    outer loop
      vertex -70.1829 -2.22734 2.4
      vertex -68.899 -14.2907 2.4
      vertex -70.0786 -2.02019 2.4
    endloop
  endfacet
  facet normal -0 0 1
    outer loop
      vertex -70.2972 -2.42912 2.4
      vertex -68.899 -14.2907 2.4
      vertex -70.1829 -2.22734 2.4
    endloop
  endfacet
  facet normal -0 0 1
    outer loop
      vertex -70.4213 -2.62506 2.4
      vertex -68.899 -14.2907 2.4
      vertex -70.2972 -2.42912 2.4
    endloop
  endfacet
  facet normal -0 0 1
    outer loop
      vertex -70.5548 -2.81467 2.4
      vertex -68.899 -14.2907 2.4
      vertex -70.4213 -2.62506 2.4
    endloop
  endfacet
  facet normal -0 0 1
    outer loop
      vertex -70.6975 -2.9975 2.4
      vertex -68.899 -14.2907 2.4
      vertex -70.5548 -2.81467 2.4
    endloop
  endfacet
  facet normal -0 0 1
    outer loop
      vertex -70.849 -3.17311 2.4
      vertex -68.899 -14.2907 2.4
      vertex -70.6975 -2.9975 2.4
    endloop
  endfacet
  facet normal -0 0 1
    outer loop
      vertex -71.0089 -3.34106 2.4
      vertex -68.899 -14.2907 2.4
      vertex -70.849 -3.17311 2.4
    endloop
  endfacet
  facet normal -0 0 1
    outer loop
      vertex -71.1769 -3.50099 2.4
      vertex -68.899 -14.2907 2.4
      vertex -71.0089 -3.34106 2.4
    endloop
  endfacet
  facet normal -0 0 1
    outer loop
      vertex -71.7052 -12.49 2.4
      vertex -68.899 -14.2907 2.4
      vertex -71.1769 -3.50099 2.4
    endloop
  endfacet
  facet normal 0 0 1
    outer loop
      vertex -68.899 -14.2907 2.4
      vertex -71.7052 -12.49 2.4
      vertex -70.4593 -13.6897 2.4
    endloop
  endfacet
  facet normal 0 0 1
    outer loop
      vertex -71.7052 -12.49 2.4
      vertex -71.1769 -3.50099 2.4
      vertex -71.3525 -3.65247 2.4
    endloop
  endfacet
  facet normal 0 0 1
    outer loop
      vertex -71.7052 -12.49 2.4
      vertex -71.3525 -3.65247 2.4
      vertex -71.5353 -3.79515 2.4
    endloop
  endfacet
  facet normal 0 0 1
    outer loop
      vertex -70.4593 -13.6897 2.4
      vertex -71.7052 -12.49 2.4
      vertex -71.2037 -13.1039 2.4
    endloop
  endfacet
  facet normal -0 0 1
    outer loop
      vertex -71.7249 -3.92868 2.4
      vertex -71.7052 -12.49 2.4
      vertex -71.5353 -3.79515 2.4
    endloop
  endfacet
  facet normal -0 0 1
    outer loop
      vertex -71.9209 -4.05276 2.4
      vertex -71.7052 -12.49 2.4
      vertex -71.7249 -3.92868 2.4
    endloop
  endfacet
  facet normal -0 0 1
    outer loop
      vertex -72.1227 -4.16707 2.4
      vertex -71.7052 -12.49 2.4
      vertex -71.9209 -4.05276 2.4
    endloop
  endfacet
  facet normal -0 0 1
    outer loop
      vertex -72.3298 -4.27135 2.4
      vertex -71.7052 -12.49 2.4
      vertex -72.1227 -4.16707 2.4
    endloop
  endfacet
  facet normal 0 0 1
    outer loop
      vertex -74.6646 -7.44321 2.4
      vertex -72.3298 -4.27135 2.4
      vertex -72.5418 -4.36533 2.4
    endloop
  endfacet
  facet normal 0 0 1
    outer loop
      vertex -74.6646 -7.44321 2.4
      vertex -72.5418 -4.36533 2.4
      vertex -72.7582 -4.44879 2.4
    endloop
  endfacet
  facet normal 0 0 1
    outer loop
      vertex -74.6646 -7.44321 2.4
      vertex -72.7582 -4.44879 2.4
      vertex -72.9784 -4.52153 2.4
    endloop
  endfacet
  facet normal 0 0 1
    outer loop
      vertex -74.6646 -7.44321 2.4
      vertex -72.9784 -4.52153 2.4
      vertex -73.2019 -4.58339 2.4
    endloop
  endfacet
  facet normal 0 0 1
    outer loop
      vertex -74.7956 -7.07536 2.4
      vertex -73.2019 -4.58339 2.4
      vertex -73.4282 -4.6342 2.4
    endloop
  endfacet
  facet normal 0 0 1
    outer loop
      vertex -74.7956 -7.07536 2.4
      vertex -73.4282 -4.6342 2.4
      vertex -73.6567 -4.67386 2.4
    endloop
  endfacet
  facet normal 0 0 1
    outer loop
      vertex -74.7956 -7.07536 2.4
      vertex -73.6567 -4.67386 2.4
      vertex -73.8869 -4.70224 2.4
    endloop
  endfacet
  facet normal 0 0 1
    outer loop
      vertex -75.1108 -6.52299 2.4
      vertex -73.8869 -4.70224 2.4
      vertex -74.1181 -4.7193 2.4
    endloop
  endfacet
  facet normal 0 0 1
    outer loop
      vertex -75.1108 -6.52299 2.4
      vertex -74.1181 -4.7193 2.4
      vertex -74.35 -4.72499 2.4
    endloop
  endfacet
  facet normal 0 0 1
    outer loop
      vertex -75.1108 -6.52299 2.4
      vertex -74.35 -4.72499 2.4
      vertex -74.5818 -4.7193 2.4
    endloop
  endfacet
  facet normal 0 0 1
    outer loop
      vertex -72.3298 -4.27135 2.4
      vertex -74.6646 -7.44321 2.4
      vertex -71.7052 -12.49 2.4
    endloop
  endfacet
  facet normal 0 0 1
    outer loop
      vertex -73.2019 -4.58339 2.4
      vertex -74.7956 -7.07536 2.4
      vertex -74.6646 -7.44321 2.4
    endloop
  endfacet
  facet normal 0 0 1
    outer loop
      vertex -74.6646 -7.44321 2.4
      vertex -74.7956 -7.07536 2.4
      vertex -74.7168 -7.39095 2.4
    endloop
  endfacet
  facet normal 0 0 1
    outer loop
      vertex -75.5018 -6.1313 2.4
      vertex -74.5818 -4.7193 2.4
      vertex -74.8131 -4.70224 2.4
    endloop
  endfacet
  facet normal 0 0 1
    outer loop
      vertex -73.8869 -4.70224 2.4
      vertex -75.1108 -6.52299 2.4
      vertex -74.7956 -7.07536 2.4
    endloop
  endfacet
  facet normal 0 0 1
    outer loop
      vertex -75.5018 -6.1313 2.4
      vertex -74.8131 -4.70224 2.4
      vertex -75.0433 -4.67386 2.4
    endloop
  endfacet
  facet normal 0 0 1
    outer loop
      vertex -74.7956 -7.07536 2.4
      vertex -75.1108 -6.52299 2.4
      vertex -75.0319 -6.83862 2.4
    endloop
  endfacet
  facet normal 0 0 1
    outer loop
      vertex -75.5018 -6.1313 2.4
      vertex -75.0433 -4.67386 2.4
      vertex -75.2718 -4.6342 2.4
    endloop
  endfacet
  facet normal 0 0 1
    outer loop
      vertex -75.5018 -6.1313 2.4
      vertex -75.2718 -4.6342 2.4
      vertex -75.4981 -4.58339 2.4
    endloop
  endfacet
  facet normal 0 0 1
    outer loop
      vertex -74.5818 -4.7193 2.4
      vertex -75.5018 -6.1313 2.4
      vertex -75.1108 -6.52299 2.4
    endloop
  endfacet
  facet normal 0 0 1
    outer loop
      vertex -76.2311 -4.74341 2.4
      vertex -75.4981 -4.58339 2.4
      vertex -75.7216 -4.52153 2.4
    endloop
  endfacet
  facet normal 0 0 1
    outer loop
      vertex -76.2311 -4.74341 2.4
      vertex -75.7216 -4.52153 2.4
      vertex -75.9418 -4.44879 2.4
    endloop
  endfacet
  facet normal 0 0 1
    outer loop
      vertex -76.2311 -4.74341 2.4
      vertex -75.9418 -4.44879 2.4
      vertex -76.1582 -4.36533 2.4
    endloop
  endfacet
  facet normal 0 0 1
    outer loop
      vertex -75.4981 -4.58339 2.4
      vertex -76.2311 -4.74341 2.4
      vertex -75.5018 -6.1313 2.4
    endloop
  endfacet
  facet normal 0 0 1
    outer loop
      vertex -76.3702 -4.27135 2.4
      vertex -76.2311 -4.74341 2.4
      vertex -76.1582 -4.36533 2.4
    endloop
  endfacet
  facet normal 0 0 1
    outer loop
      vertex -76.5773 -4.16707 2.4
      vertex -76.2311 -4.74341 2.4
      vertex -76.3702 -4.27135 2.4
    endloop
  endfacet
  facet normal 0 0 1
    outer loop
      vertex -76.5773 -4.16707 2.4
      vertex -76.6928 -4.12691 2.4
      vertex -76.2311 -4.74341 2.4
    endloop
  endfacet
  facet normal -0 -0 1
    outer loop
      vertex -76.6928 -4.12691 2.4
      vertex -76.5773 -4.16707 2.4
      vertex -76.7104 -4.09171 2.4
    endloop
  endfacet
  facet normal -0 0 1
    outer loop
      vertex 76.3702 -4.27135 2.4
      vertex 72.0496 -12.0997 2.4
      vertex 76.563 -4.17429 2.4
    endloop
  endfacet
  facet normal -0 0 1
    outer loop
      vertex 76.1582 -4.36533 2.4
      vertex 72.0496 -12.0997 2.4
      vertex 76.3702 -4.27135 2.4
    endloop
  endfacet
  facet normal -0 0 1
    outer loop
      vertex 75.9418 -4.44879 2.4
      vertex 72.0496 -12.0997 2.4
      vertex 76.1582 -4.36533 2.4
    endloop
  endfacet
  facet normal -0 0 1
    outer loop
      vertex 75.7216 -4.52153 2.4
      vertex 72.0496 -12.0997 2.4
      vertex 75.9418 -4.44879 2.4
    endloop
  endfacet
  facet normal -0 0 1
    outer loop
      vertex 75.4981 -4.58339 2.4
      vertex 72.0496 -12.0997 2.4
      vertex 75.7216 -4.52153 2.4
    endloop
  endfacet
  facet normal -0 0 1
    outer loop
      vertex 75.2718 -4.6342 2.4
      vertex 72.0496 -12.0997 2.4
      vertex 75.4981 -4.58339 2.4
    endloop
  endfacet
  facet normal -0 0 1
    outer loop
      vertex 75.0433 -4.67386 2.4
      vertex 72.0496 -12.0997 2.4
      vertex 75.2718 -4.6342 2.4
    endloop
  endfacet
  facet normal -0 0 1
    outer loop
      vertex 74.8131 -4.70224 2.4
      vertex 72.0496 -12.0997 2.4
      vertex 75.0433 -4.67386 2.4
    endloop
  endfacet
  facet normal -0 0 1
    outer loop
      vertex 74.5818 -4.7193 2.4
      vertex 72.0496 -12.0997 2.4
      vertex 74.8131 -4.70224 2.4
    endloop
  endfacet
  facet normal -0 0 1
    outer loop
      vertex 74.35 -4.72499 2.4
      vertex 72.0496 -12.0997 2.4
      vertex 74.5818 -4.7193 2.4
    endloop
  endfacet
  facet normal 0 0 1
    outer loop
      vertex 74.1181 -4.7193 2.4
      vertex 72.0496 -12.0997 2.4
      vertex 74.35 -4.72499 2.4
    endloop
  endfacet
  facet normal 0 0 1
    outer loop
      vertex 73.8869 -4.70224 2.4
      vertex 72.0496 -12.0997 2.4
      vertex 74.1181 -4.7193 2.4
    endloop
  endfacet
  facet normal 0 0 1
    outer loop
      vertex 73.6567 -4.67386 2.4
      vertex 72.0496 -12.0997 2.4
      vertex 73.8869 -4.70224 2.4
    endloop
  endfacet
  facet normal 0 0 1
    outer loop
      vertex 73.4282 -4.6342 2.4
      vertex 72.0496 -12.0997 2.4
      vertex 73.6567 -4.67386 2.4
    endloop
  endfacet
  facet normal 0 0 1
    outer loop
      vertex 73.2019 -4.58339 2.4
      vertex 72.0496 -12.0997 2.4
      vertex 73.4282 -4.6342 2.4
    endloop
  endfacet
  facet normal 0 0 1
    outer loop
      vertex 72.9784 -4.52153 2.4
      vertex 72.0496 -12.0997 2.4
      vertex 73.2019 -4.58339 2.4
    endloop
  endfacet
  facet normal 0 0 1
    outer loop
      vertex 72.7582 -4.44879 2.4
      vertex 72.0496 -12.0997 2.4
      vertex 72.9784 -4.52153 2.4
    endloop
  endfacet
  facet normal 0 0 1
    outer loop
      vertex 72.5418 -4.36533 2.4
      vertex 72.0496 -12.0997 2.4
      vertex 72.7582 -4.44879 2.4
    endloop
  endfacet
  facet normal 0 0 1
    outer loop
      vertex 72.3298 -4.27135 2.4
      vertex 72.0496 -12.0997 2.4
      vertex 72.5418 -4.36533 2.4
    endloop
  endfacet
  facet normal 0 0 1
    outer loop
      vertex 72.1227 -4.16707 2.4
      vertex 72.0496 -12.0997 2.4
      vertex 72.3298 -4.27135 2.4
    endloop
  endfacet
  facet normal 0 0 1
    outer loop
      vertex 71.9209 -4.05276 2.4
      vertex 72.0496 -12.0997 2.4
      vertex 72.1227 -4.16707 2.4
    endloop
  endfacet
  facet normal 0 0 1
    outer loop
      vertex 71.7249 -3.92868 2.4
      vertex 72.0496 -12.0997 2.4
      vertex 71.9209 -4.05276 2.4
    endloop
  endfacet
  facet normal 0 0 1
    outer loop
      vertex 71.5353 -3.79515 2.4
      vertex 72.0496 -12.0997 2.4
      vertex 71.7249 -3.92868 2.4
    endloop
  endfacet
  facet normal 0 0 1
    outer loop
      vertex 71.3525 -3.65247 2.4
      vertex 72.0496 -12.0997 2.4
      vertex 71.5353 -3.79515 2.4
    endloop
  endfacet
  facet normal 0 0 1
    outer loop
      vertex 71.1769 -3.50099 2.4
      vertex 72.0496 -12.0997 2.4
      vertex 71.3525 -3.65247 2.4
    endloop
  endfacet
  facet normal 0 0 1
    outer loop
      vertex 69.2504 -14.3307 2.4
      vertex 72.0496 -12.0997 2.4
      vertex 71.1769 -3.50099 2.4
    endloop
  endfacet
  facet normal 0 0 1
    outer loop
      vertex 69.2504 -14.3307 2.4
      vertex 71.1769 -3.50099 2.4
      vertex 71.0089 -3.34106 2.4
    endloop
  endfacet
  facet normal 0 0 1
    outer loop
      vertex 72.0496 -12.0997 2.4
      vertex 69.2504 -14.3307 2.4
      vertex 71.5491 -12.8517 2.4
    endloop
  endfacet
  facet normal 0 0 1
    outer loop
      vertex 69.2504 -14.3307 2.4
      vertex 71.0089 -3.34106 2.4
      vertex 70.849 -3.17311 2.4
    endloop
  endfacet
  facet normal 0 0 1
    outer loop
      vertex 69.2504 -14.3307 2.4
      vertex 70.849 -3.17311 2.4
      vertex 70.6975 -2.9975 2.4
    endloop
  endfacet
  facet normal 0 0 1
    outer loop
      vertex 69.2504 -14.3307 2.4
      vertex 70.6975 -2.9975 2.4
      vertex 70.5548 -2.81467 2.4
    endloop
  endfacet
  facet normal 0 0 1
    outer loop
      vertex 71.5491 -12.8517 2.4
      vertex 69.2504 -14.3307 2.4
      vertex 70.8928 -13.5089 2.4
    endloop
  endfacet
  facet normal 0 0 1
    outer loop
      vertex 69.2504 -14.3307 2.4
      vertex 70.5548 -2.81467 2.4
      vertex 70.4213 -2.62506 2.4
    endloop
  endfacet
  facet normal 0 0 1
    outer loop
      vertex 69.2504 -14.3307 2.4
      vertex 70.4213 -2.62506 2.4
      vertex 70.2972 -2.42912 2.4
    endloop
  endfacet
  facet normal 0 0 1
    outer loop
      vertex 69.2504 -14.3307 2.4
      vertex 70.2972 -2.42912 2.4
      vertex 70.1829 -2.22734 2.4
    endloop
  endfacet
  facet normal 0 0 1
    outer loop
      vertex 69.2504 -14.3307 2.4
      vertex 70.1829 -2.22734 2.4
      vertex 70.0786 -2.02019 2.4
    endloop
  endfacet
  facet normal 0 0 1
    outer loop
      vertex 69.2504 -14.3307 2.4
      vertex 70.0786 -2.02019 2.4
      vertex 69.9847 -1.80817 2.4
    endloop
  endfacet
  facet normal 0 0 1
    outer loop
      vertex 69.2504 -14.3307 2.4
      vertex 69.9847 -1.80817 2.4
      vertex 69.9012 -1.5918 2.4
    endloop
  endfacet
  facet normal 0 0 1
    outer loop
      vertex 69.2504 -14.3307 2.4
      vertex 69.9012 -1.5918 2.4
      vertex 69.8284 -1.37158 2.4
    endloop
  endfacet
  facet normal 0 0 1
    outer loop
      vertex 69.2504 -14.3307 2.4
      vertex 69.8284 -1.37158 2.4
      vertex 69.7666 -1.14807 2.4
    endloop
  endfacet
  facet normal 0 0 1
    outer loop
      vertex 69.2504 -14.3307 2.4
      vertex 69.7666 -1.14807 2.4
      vertex 69.7158 -0.921799 2.4
    endloop
  endfacet
  facet normal 0 0 1
    outer loop
      vertex 69.2504 -14.3307 2.4
      vertex 69.7158 -0.921799 2.4
      vertex 69.6761 -0.693298 2.4
    endloop
  endfacet
  facet normal 0 0 1
    outer loop
      vertex 69.2504 -14.3307 2.4
      vertex 69.6761 -0.693298 2.4
      vertex 69.6478 -0.46312 2.4
    endloop
  endfacet
  facet normal 0 0 1
    outer loop
      vertex 69.2504 -14.3307 2.4
      vertex 69.6478 -0.46312 2.4
      vertex 69.6307 -0.231842 2.4
    endloop
  endfacet
  facet normal 0 0 1
    outer loop
      vertex 70.8928 -13.5089 2.4
      vertex 69.2504 -14.3307 2.4
      vertex 70.5299 -13.7816 2.4
    endloop
  endfacet
  facet normal 0 0 1
    outer loop
      vertex 69.2504 -14.3307 2.4
      vertex 69.6307 -0.231842 2.4
      vertex 69.625 0 2.4
    endloop
  endfacet
  facet normal 0.0409657 -0.999161 0
    outer loop
      vertex 23.5378 -17.1872 2
      vertex 36.9207 -16.6385 2.4
      vertex 23.5378 -17.1872 2.4
    endloop
  endfacet
  facet normal 0.0409657 -0.999161 0
    outer loop
      vertex 36.9207 -16.6385 2.4
      vertex 23.5378 -17.1872 2
      vertex 36.9207 -16.6385 2
    endloop
  endfacet
  facet normal 0.124217 -0.992255 0
    outer loop
      vertex 36.9207 -16.6385 2
      vertex 38.1932 -16.4792 2.4
      vertex 36.9207 -16.6385 2.4
    endloop
  endfacet
  facet normal 0.124217 -0.992255 0
    outer loop
      vertex 38.1932 -16.4792 2.4
      vertex 36.9207 -16.6385 2
      vertex 38.1932 -16.4792 2
    endloop
  endfacet
  facet normal 0.0270562 -0.999634 0
    outer loop
      vertex 38.1932 -16.4792 2
      vertex 41.1009 -16.4005 2.4
      vertex 38.1932 -16.4792 2.4
    endloop
  endfacet
  facet normal 0.0270562 -0.999634 0
    outer loop
      vertex 41.1009 -16.4005 2.4
      vertex 38.1932 -16.4792 2
      vertex 41.1009 -16.4005 2
    endloop
  endfacet
  facet normal 0.132401 -0.991196 0
    outer loop
      vertex 41.1009 -16.4005 2
      vertex 42.3062 -16.2395 2.4
      vertex 41.1009 -16.4005 2.4
    endloop
  endfacet
  facet normal 0.132401 -0.991196 0
    outer loop
      vertex 42.3062 -16.2395 2.4
      vertex 41.1009 -16.4005 2
      vertex 42.3062 -16.2395 2
    endloop
  endfacet
  facet normal 0 -1 0
    outer loop
      vertex 42.3062 -16.2395 2
      vertex 43.8633 -16.2395 2.4
      vertex 42.3062 -16.2395 2.4
    endloop
  endfacet
  facet normal 0 -1 -0
    outer loop
      vertex 43.8633 -16.2395 2.4
      vertex 42.3062 -16.2395 2
      vertex 43.8633 -16.2395 2
    endloop
  endfacet
  facet normal 0.0640678 -0.997946 0
    outer loop
      vertex 43.8633 -16.2395 2
      vertex 56.0752 -15.4555 2.4
      vertex 43.8633 -16.2395 2.4
    endloop
  endfacet
  facet normal 0.0640678 -0.997946 0
    outer loop
      vertex 56.0752 -15.4555 2.4
      vertex 43.8633 -16.2395 2
      vertex 56.0752 -15.4555 2
    endloop
  endfacet
  facet normal 0.0880373 -0.996117 0
    outer loop
      vertex 56.0752 -15.4555 2
      vertex 66.8106 -14.5067 2.4
      vertex 56.0752 -15.4555 2.4
    endloop
  endfacet
  facet normal 0.0880373 -0.996117 0
    outer loop
      vertex 66.8106 -14.5067 2.4
      vertex 56.0752 -15.4555 2
      vertex 66.8106 -14.5067 2
    endloop
  endfacet
  facet normal 0.0399913 -0.9992 0
    outer loop
      vertex 66.8106 -14.5067 2
      vertex 68.6995 -14.4311 2.4
      vertex 66.8106 -14.5067 2.4
    endloop
  endfacet
  facet normal 0.0399913 -0.9992 0
    outer loop
      vertex 68.6995 -14.4311 2.4
      vertex 66.8106 -14.5067 2
      vertex 68.6995 -14.4311 2
    endloop
  endfacet
  facet normal 0.179294 -0.983796 0
    outer loop
      vertex 68.6995 -14.4311 2
      vertex 69.2504 -14.3307 2.4
      vertex 68.6995 -14.4311 2.4
    endloop
  endfacet
  facet normal 0.179294 -0.983796 0
    outer loop
      vertex 69.2504 -14.3307 2.4
      vertex 68.6995 -14.4311 2
      vertex 69.2504 -14.3307 2
    endloop
  endfacet
  facet normal 0.39437 -0.918952 0
    outer loop
      vertex 69.2504 -14.3307 2
      vertex 70.5299 -13.7816 2.4
      vertex 69.2504 -14.3307 2.4
    endloop
  endfacet
  facet normal 0.39437 -0.918952 0
    outer loop
      vertex 70.5299 -13.7816 2.4
      vertex 69.2504 -14.3307 2
      vertex 70.5299 -13.7816 2
    endloop
  endfacet
  facet normal 0.60074 -0.799445 0
    outer loop
      vertex 70.5299 -13.7816 2
      vertex 70.8928 -13.5089 2.4
      vertex 70.5299 -13.7816 2.4
    endloop
  endfacet
  facet normal 0.60074 -0.799445 0
    outer loop
      vertex 70.8928 -13.5089 2.4
      vertex 70.5299 -13.7816 2
      vertex 70.8928 -13.5089 2
    endloop
  endfacet
  facet normal 0.707591 -0.706622 0
    outer loop
      vertex 70.8928 -13.5089 2.4
      vertex 71.5491 -12.8517 2
      vertex 71.5491 -12.8517 2.4
    endloop
  endfacet
  facet normal 0.707591 -0.706622 0
    outer loop
      vertex 71.5491 -12.8517 2
      vertex 70.8928 -13.5089 2.4
      vertex 70.8928 -13.5089 2
    endloop
  endfacet
  facet normal 0.832476 -0.554061 0
    outer loop
      vertex 71.5491 -12.8517 2.4
      vertex 72.0496 -12.0997 2
      vertex 72.0496 -12.0997 2.4
    endloop
  endfacet
  facet normal 0.832476 -0.554061 0
    outer loop
      vertex 72.0496 -12.0997 2
      vertex 71.5491 -12.8517 2.4
      vertex 71.5491 -12.8517 2
    endloop
  endfacet
  facet normal 0.86897 -0.494865 0
    outer loop
      vertex 72.0496 -12.0997 2.4
      vertex 76.563 -4.17429 2
      vertex 76.563 -4.17429 2.4
    endloop
  endfacet
  facet normal 0.86897 -0.494865 0
    outer loop
      vertex 76.563 -4.17429 2
      vertex 72.0496 -12.0997 2.4
      vertex 72.0496 -12.0997 2
    endloop
  endfacet
  facet normal -0.449658 0.893201 0
    outer loop
      vertex 76.563 -4.17429 2
      vertex 76.3702 -4.27135 2.4
      vertex 76.563 -4.17429 2.4
    endloop
  endfacet
  facet normal -0.449658 0.893201 0
    outer loop
      vertex 76.3702 -4.27135 2.4
      vertex 76.563 -4.17429 2
      vertex 76.3702 -4.27135 2
    endloop
  endfacet
  facet normal -0.405266 0.914199 0
    outer loop
      vertex 76.3702 -4.27135 2
      vertex 76.1582 -4.36533 2.4
      vertex 76.3702 -4.27135 2.4
    endloop
  endfacet
  facet normal -0.405266 0.914199 0
    outer loop
      vertex 76.1582 -4.36533 2.4
      vertex 76.3702 -4.27135 2
      vertex 76.1582 -4.36533 2
    endloop
  endfacet
  facet normal -0.35984 0.933014 0
    outer loop
      vertex 76.1582 -4.36533 2
      vertex 75.9418 -4.44879 2.4
      vertex 76.1582 -4.36533 2.4
    endloop
  endfacet
  facet normal -0.35984 0.933014 0
    outer loop
      vertex 75.9418 -4.44879 2.4
      vertex 76.1582 -4.36533 2
      vertex 75.9418 -4.44879 2
    endloop
  endfacet
  facet normal -0.313665 0.949534 0
    outer loop
      vertex 75.9418 -4.44879 2
      vertex 75.7216 -4.52153 2.4
      vertex 75.9418 -4.44879 2.4
    endloop
  endfacet
  facet normal -0.313665 0.949534 0
    outer loop
      vertex 75.7216 -4.52153 2.4
      vertex 75.9418 -4.44879 2
      vertex 75.7216 -4.52153 2
    endloop
  endfacet
  facet normal -0.26675 0.963766 0
    outer loop
      vertex 75.7216 -4.52153 2
      vertex 75.4981 -4.58339 2.4
      vertex 75.7216 -4.52153 2.4
    endloop
  endfacet
  facet normal -0.26675 0.963766 0
    outer loop
      vertex 75.4981 -4.58339 2.4
      vertex 75.7216 -4.52153 2
      vertex 75.4981 -4.58339 2
    endloop
  endfacet
  facet normal -0.219071 0.975709 0
    outer loop
      vertex 75.4981 -4.58339 2
      vertex 75.2718 -4.6342 2.4
      vertex 75.4981 -4.58339 2.4
    endloop
  endfacet
  facet normal -0.219071 0.975709 0
    outer loop
      vertex 75.2718 -4.6342 2.4
      vertex 75.4981 -4.58339 2
      vertex 75.2718 -4.6342 2
    endloop
  endfacet
  facet normal -0.17101 0.985269 0
    outer loop
      vertex 75.2718 -4.6342 2
      vertex 75.0433 -4.67386 2.4
      vertex 75.2718 -4.6342 2.4
    endloop
  endfacet
  facet normal -0.17101 0.985269 0
    outer loop
      vertex 75.0433 -4.67386 2.4
      vertex 75.2718 -4.6342 2
      vertex 75.0433 -4.67386 2
    endloop
  endfacet
  facet normal -0.122358 0.992486 0
    outer loop
      vertex 75.0433 -4.67386 2
      vertex 74.8131 -4.70224 2.4
      vertex 75.0433 -4.67386 2.4
    endloop
  endfacet
  facet normal -0.122358 0.992486 0
    outer loop
      vertex 74.8131 -4.70224 2.4
      vertex 75.0433 -4.67386 2
      vertex 74.8131 -4.70224 2
    endloop
  endfacet
  facet normal -0.0735572 0.997291 0
    outer loop
      vertex 74.8131 -4.70224 2
      vertex 74.5818 -4.7193 2.4
      vertex 74.8131 -4.70224 2.4
    endloop
  endfacet
  facet normal -0.0735572 0.997291 0
    outer loop
      vertex 74.5818 -4.7193 2.4
      vertex 74.8131 -4.70224 2
      vertex 74.5818 -4.7193 2
    endloop
  endfacet
  facet normal -0.0245396 0.999699 0
    outer loop
      vertex 74.5818 -4.7193 2
      vertex 74.35 -4.72499 2.4
      vertex 74.5818 -4.7193 2.4
    endloop
  endfacet
  facet normal -0.0245396 0.999699 0
    outer loop
      vertex 74.35 -4.72499 2.4
      vertex 74.5818 -4.7193 2
      vertex 74.35 -4.72499 2
    endloop
  endfacet
  facet normal 0.0245291 0.999699 -0
    outer loop
      vertex 74.35 -4.72499 2
      vertex 74.1181 -4.7193 2.4
      vertex 74.35 -4.72499 2.4
    endloop
  endfacet
  facet normal 0.0245291 0.999699 0
    outer loop
      vertex 74.1181 -4.7193 2.4
      vertex 74.35 -4.72499 2
      vertex 74.1181 -4.7193 2
    endloop
  endfacet
  facet normal 0.0735889 0.997289 -0
    outer loop
      vertex 74.1181 -4.7193 2
      vertex 73.8869 -4.70224 2.4
      vertex 74.1181 -4.7193 2.4
    endloop
  endfacet
  facet normal 0.0735889 0.997289 0
    outer loop
      vertex 73.8869 -4.70224 2.4
      vertex 74.1181 -4.7193 2
      vertex 73.8869 -4.70224 2
    endloop
  endfacet
  facet normal 0.122358 0.992486 -0
    outer loop
      vertex 73.8869 -4.70224 2
      vertex 73.6567 -4.67386 2.4
      vertex 73.8869 -4.70224 2.4
    endloop
  endfacet
  facet normal 0.122358 0.992486 0
    outer loop
      vertex 73.6567 -4.67386 2.4
      vertex 73.8869 -4.70224 2
      vertex 73.6567 -4.67386 2
    endloop
  endfacet
  facet normal 0.17101 0.985269 -0
    outer loop
      vertex 73.6567 -4.67386 2
      vertex 73.4282 -4.6342 2.4
      vertex 73.6567 -4.67386 2.4
    endloop
  endfacet
  facet normal 0.17101 0.985269 0
    outer loop
      vertex 73.4282 -4.6342 2.4
      vertex 73.6567 -4.67386 2
      vertex 73.4282 -4.6342 2
    endloop
  endfacet
  facet normal 0.219071 0.975709 -0
    outer loop
      vertex 73.4282 -4.6342 2
      vertex 73.2019 -4.58339 2.4
      vertex 73.4282 -4.6342 2.4
    endloop
  endfacet
  facet normal 0.219071 0.975709 0
    outer loop
      vertex 73.2019 -4.58339 2.4
      vertex 73.4282 -4.6342 2
      vertex 73.2019 -4.58339 2
    endloop
  endfacet
  facet normal 0.26675 0.963766 -0
    outer loop
      vertex 73.2019 -4.58339 2
      vertex 72.9784 -4.52153 2.4
      vertex 73.2019 -4.58339 2.4
    endloop
  endfacet
  facet normal 0.26675 0.963766 0
    outer loop
      vertex 72.9784 -4.52153 2.4
      vertex 73.2019 -4.58339 2
      vertex 72.9784 -4.52153 2
    endloop
  endfacet
  facet normal 0.313665 0.949534 -0
    outer loop
      vertex 72.9784 -4.52153 2
      vertex 72.7582 -4.44879 2.4
      vertex 72.9784 -4.52153 2.4
    endloop
  endfacet
  facet normal 0.313665 0.949534 0
    outer loop
      vertex 72.7582 -4.44879 2.4
      vertex 72.9784 -4.52153 2
      vertex 72.7582 -4.44879 2
    endloop
  endfacet
  facet normal 0.35984 0.933014 -0
    outer loop
      vertex 72.7582 -4.44879 2
      vertex 72.5418 -4.36533 2.4
      vertex 72.7582 -4.44879 2.4
    endloop
  endfacet
  facet normal 0.35984 0.933014 0
    outer loop
      vertex 72.5418 -4.36533 2.4
      vertex 72.7582 -4.44879 2
      vertex 72.5418 -4.36533 2
    endloop
  endfacet
  facet normal 0.405266 0.914199 -0
    outer loop
      vertex 72.5418 -4.36533 2
      vertex 72.3298 -4.27135 2.4
      vertex 72.5418 -4.36533 2.4
    endloop
  endfacet
  facet normal 0.405266 0.914199 0
    outer loop
      vertex 72.3298 -4.27135 2.4
      vertex 72.5418 -4.36533 2
      vertex 72.3298 -4.27135 2
    endloop
  endfacet
  facet normal 0.44973 0.893164 -0
    outer loop
      vertex 72.3298 -4.27135 2
      vertex 72.1227 -4.16707 2.4
      vertex 72.3298 -4.27135 2.4
    endloop
  endfacet
  facet normal 0.44973 0.893164 0
    outer loop
      vertex 72.1227 -4.16707 2.4
      vertex 72.3298 -4.27135 2
      vertex 72.1227 -4.16707 2
    endloop
  endfacet
  facet normal 0.492871 0.870102 -0
    outer loop
      vertex 72.1227 -4.16707 2
      vertex 71.9209 -4.05276 2.4
      vertex 72.1227 -4.16707 2.4
    endloop
  endfacet
  facet normal 0.492871 0.870102 0
    outer loop
      vertex 71.9209 -4.05276 2.4
      vertex 72.1227 -4.16707 2
      vertex 71.9209 -4.05276 2
    endloop
  endfacet
  facet normal 0.534888 0.844923 -0
    outer loop
      vertex 71.9209 -4.05276 2
      vertex 71.7249 -3.92868 2.4
      vertex 71.9209 -4.05276 2.4
    endloop
  endfacet
  facet normal 0.534888 0.844923 0
    outer loop
      vertex 71.7249 -3.92868 2.4
      vertex 71.9209 -4.05276 2
      vertex 71.7249 -3.92868 2
    endloop
  endfacet
  facet normal 0.575804 0.817588 -0
    outer loop
      vertex 71.7249 -3.92868 2
      vertex 71.5353 -3.79515 2.4
      vertex 71.7249 -3.92868 2.4
    endloop
  endfacet
  facet normal 0.575804 0.817588 0
    outer loop
      vertex 71.5353 -3.79515 2.4
      vertex 71.7249 -3.92868 2
      vertex 71.5353 -3.79515 2
    endloop
  endfacet
  facet normal 0.615289 0.788301 -0
    outer loop
      vertex 71.5353 -3.79515 2
      vertex 71.3525 -3.65247 2.4
      vertex 71.5353 -3.79515 2.4
    endloop
  endfacet
  facet normal 0.615289 0.788301 0
    outer loop
      vertex 71.3525 -3.65247 2.4
      vertex 71.5353 -3.79515 2
      vertex 71.3525 -3.65247 2
    endloop
  endfacet
  facet normal 0.653189 0.757195 -0
    outer loop
      vertex 71.3525 -3.65247 2
      vertex 71.1769 -3.50099 2.4
      vertex 71.3525 -3.65247 2.4
    endloop
  endfacet
  facet normal 0.653189 0.757195 0
    outer loop
      vertex 71.1769 -3.50099 2.4
      vertex 71.3525 -3.65247 2
      vertex 71.1769 -3.50099 2
    endloop
  endfacet
  facet normal 0.689497 0.724289 -0
    outer loop
      vertex 71.1769 -3.50099 2
      vertex 71.0089 -3.34106 2.4
      vertex 71.1769 -3.50099 2.4
    endloop
  endfacet
  facet normal 0.689497 0.724289 0
    outer loop
      vertex 71.0089 -3.34106 2.4
      vertex 71.1769 -3.50099 2
      vertex 71.0089 -3.34106 2
    endloop
  endfacet
  facet normal 0.724251 0.689537 0
    outer loop
      vertex 71.0089 -3.34106 2.4
      vertex 70.849 -3.17311 2
      vertex 70.849 -3.17311 2.4
    endloop
  endfacet
  facet normal 0.724251 0.689537 0
    outer loop
      vertex 70.849 -3.17311 2
      vertex 71.0089 -3.34106 2.4
      vertex 71.0089 -3.34106 2
    endloop
  endfacet
  facet normal 0.757171 0.653217 0
    outer loop
      vertex 70.849 -3.17311 2.4
      vertex 70.6975 -2.9975 2
      vertex 70.6975 -2.9975 2.4
    endloop
  endfacet
  facet normal 0.757171 0.653217 0
    outer loop
      vertex 70.6975 -2.9975 2
      vertex 70.849 -3.17311 2.4
      vertex 70.849 -3.17311 2
    endloop
  endfacet
  facet normal 0.788309 0.61528 0
    outer loop
      vertex 70.6975 -2.9975 2.4
      vertex 70.5548 -2.81467 2
      vertex 70.5548 -2.81467 2.4
    endloop
  endfacet
  facet normal 0.788309 0.61528 0
    outer loop
      vertex 70.5548 -2.81467 2
      vertex 70.6975 -2.9975 2.4
      vertex 70.6975 -2.9975 2
    endloop
  endfacet
  facet normal 0.817663 0.575697 0
    outer loop
      vertex 70.5548 -2.81467 2.4
      vertex 70.4213 -2.62506 2
      vertex 70.4213 -2.62506 2.4
    endloop
  endfacet
  facet normal 0.817663 0.575697 0
    outer loop
      vertex 70.4213 -2.62506 2
      vertex 70.5548 -2.81467 2.4
      vertex 70.5548 -2.81467 2
    endloop
  endfacet
  facet normal 0.84481 0.535066 0
    outer loop
      vertex 70.4213 -2.62506 2.4
      vertex 70.2972 -2.42912 2
      vertex 70.2972 -2.42912 2.4
    endloop
  endfacet
  facet normal 0.84481 0.535066 0
    outer loop
      vertex 70.2972 -2.42912 2
      vertex 70.4213 -2.62506 2.4
      vertex 70.4213 -2.62506 2
    endloop
  endfacet
  facet normal 0.8701 0.492875 0
    outer loop
      vertex 70.2972 -2.42912 2.4
      vertex 70.1829 -2.22734 2
      vertex 70.1829 -2.22734 2.4
    endloop
  endfacet
  facet normal 0.8701 0.492875 0
    outer loop
      vertex 70.1829 -2.22734 2
      vertex 70.2972 -2.42912 2.4
      vertex 70.2972 -2.42912 2
    endloop
  endfacet
  facet normal 0.893173 0.449713 0
    outer loop
      vertex 70.1829 -2.22734 2.4
      vertex 70.0786 -2.02019 2
      vertex 70.0786 -2.02019 2.4
    endloop
  endfacet
  facet normal 0.893173 0.449713 0
    outer loop
      vertex 70.0786 -2.02019 2
      vertex 70.1829 -2.22734 2.4
      vertex 70.1829 -2.22734 2
    endloop
  endfacet
  facet normal 0.914341 0.404946 0
    outer loop
      vertex 70.0786 -2.02019 2.4
      vertex 69.9847 -1.80817 2
      vertex 69.9847 -1.80817 2.4
    endloop
  endfacet
  facet normal 0.914341 0.404946 0
    outer loop
      vertex 69.9847 -1.80817 2
      vertex 70.0786 -2.02019 2.4
      vertex 70.0786 -2.02019 2
    endloop
  endfacet
  facet normal 0.932939 0.360033 0
    outer loop
      vertex 69.9847 -1.80817 2.4
      vertex 69.9012 -1.5918 2
      vertex 69.9012 -1.5918 2.4
    endloop
  endfacet
  facet normal 0.932939 0.360033 0
    outer loop
      vertex 69.9012 -1.5918 2
      vertex 69.9847 -1.80817 2.4
      vertex 69.9847 -1.80817 2
    endloop
  endfacet
  facet normal 0.949465 0.313873 0
    outer loop
      vertex 69.9012 -1.5918 2.4
      vertex 69.8284 -1.37158 2
      vertex 69.8284 -1.37158 2.4
    endloop
  endfacet
  facet normal 0.949465 0.313873 0
    outer loop
      vertex 69.8284 -1.37158 2
      vertex 69.9012 -1.5918 2.4
      vertex 69.9012 -1.5918 2
    endloop
  endfacet
  facet normal 0.963835 0.266498 0
    outer loop
      vertex 69.8284 -1.37158 2.4
      vertex 69.7666 -1.14807 2
      vertex 69.7666 -1.14807 2.4
    endloop
  endfacet
  facet normal 0.963835 0.266498 0
    outer loop
      vertex 69.7666 -1.14807 2
      vertex 69.8284 -1.37158 2.4
      vertex 69.8284 -1.37158 2
    endloop
  endfacet
  facet normal 0.975712 0.219057 0
    outer loop
      vertex 69.7666 -1.14807 2.4
      vertex 69.7158 -0.921799 2
      vertex 69.7158 -0.921799 2.4
    endloop
  endfacet
  facet normal 0.975712 0.219057 0
    outer loop
      vertex 69.7158 -0.921799 2
      vertex 69.7666 -1.14807 2.4
      vertex 69.7666 -1.14807 2
    endloop
  endfacet
  facet normal 0.98524 0.171177 0
    outer loop
      vertex 69.7158 -0.921799 2.4
      vertex 69.6761 -0.693298 2
      vertex 69.6761 -0.693298 2.4
    endloop
  endfacet
  facet normal 0.98524 0.171177 0
    outer loop
      vertex 69.6761 -0.693298 2
      vertex 69.7158 -0.921799 2.4
      vertex 69.7158 -0.921799 2
    endloop
  endfacet
  facet normal 0.992526 0.122029 0
    outer loop
      vertex 69.6761 -0.693298 2.4
      vertex 69.6478 -0.46312 2
      vertex 69.6478 -0.46312 2.4
    endloop
  endfacet
  facet normal 0.992526 0.122029 0
    outer loop
      vertex 69.6478 -0.46312 2
      vertex 69.6761 -0.693298 2.4
      vertex 69.6761 -0.693298 2
    endloop
  endfacet
  facet normal 0.997278 0.0737357 0
    outer loop
      vertex 69.6478 -0.46312 2.4
      vertex 69.6307 -0.231842 2
      vertex 69.6307 -0.231842 2.4
    endloop
  endfacet
  facet normal 0.997278 0.0737357 0
    outer loop
      vertex 69.6307 -0.231842 2
      vertex 69.6478 -0.46312 2.4
      vertex 69.6478 -0.46312 2
    endloop
  endfacet
  facet normal 0.999698 0.0245783 0
    outer loop
      vertex 69.6307 -0.231842 2.4
      vertex 69.625 0 2
      vertex 69.625 0 2.4
    endloop
  endfacet
  facet normal 0.999698 0.0245783 0
    outer loop
      vertex 69.625 0 2
      vertex 69.6307 -0.231842 2.4
      vertex 69.6307 -0.231842 2
    endloop
  endfacet
  facet normal 0.999698 -0.0245783 0
    outer loop
      vertex 69.625 0 2.4
      vertex 69.6307 0.231842 2
      vertex 69.6307 0.231842 2.4
    endloop
  endfacet
  facet normal 0.999698 -0.0245783 0
    outer loop
      vertex 69.6307 0.231842 2
      vertex 69.625 0 2.4
      vertex 69.625 0 2
    endloop
  endfacet
  facet normal 0.997278 -0.0737357 0
    outer loop
      vertex 69.6307 0.231842 2.4
      vertex 69.6478 0.46312 2
      vertex 69.6478 0.46312 2.4
    endloop
  endfacet
  facet normal 0.997278 -0.0737357 0
    outer loop
      vertex 69.6478 0.46312 2
      vertex 69.6307 0.231842 2.4
      vertex 69.6307 0.231842 2
    endloop
  endfacet
  facet normal 0.992526 -0.122029 0
    outer loop
      vertex 69.6478 0.46312 2.4
      vertex 69.6761 0.693298 2
      vertex 69.6761 0.693298 2.4
    endloop
  endfacet
  facet normal 0.992526 -0.122029 0
    outer loop
      vertex 69.6761 0.693298 2
      vertex 69.6478 0.46312 2.4
      vertex 69.6478 0.46312 2
    endloop
  endfacet
  facet normal 0.98524 -0.171177 0
    outer loop
      vertex 69.6761 0.693298 2.4
      vertex 69.7158 0.921799 2
      vertex 69.7158 0.921799 2.4
    endloop
  endfacet
  facet normal 0.98524 -0.171177 0
    outer loop
      vertex 69.7158 0.921799 2
      vertex 69.6761 0.693298 2.4
      vertex 69.6761 0.693298 2
    endloop
  endfacet
  facet normal 0.975712 -0.219057 0
    outer loop
      vertex 69.7158 0.921799 2.4
      vertex 69.7666 1.14807 2
      vertex 69.7666 1.14807 2.4
    endloop
  endfacet
  facet normal 0.975712 -0.219057 0
    outer loop
      vertex 69.7666 1.14807 2
      vertex 69.7158 0.921799 2.4
      vertex 69.7158 0.921799 2
    endloop
  endfacet
  facet normal 0.963835 -0.266498 0
    outer loop
      vertex 69.7666 1.14807 2.4
      vertex 69.8284 1.37158 2
      vertex 69.8284 1.37158 2.4
    endloop
  endfacet
  facet normal 0.963835 -0.266498 0
    outer loop
      vertex 69.8284 1.37158 2
      vertex 69.7666 1.14807 2.4
      vertex 69.7666 1.14807 2
    endloop
  endfacet
  facet normal 0.949465 -0.313873 0
    outer loop
      vertex 69.8284 1.37158 2.4
      vertex 69.9012 1.5918 2
      vertex 69.9012 1.5918 2.4
    endloop
  endfacet
  facet normal 0.949465 -0.313873 0
    outer loop
      vertex 69.9012 1.5918 2
      vertex 69.8284 1.37158 2.4
      vertex 69.8284 1.37158 2
    endloop
  endfacet
  facet normal 0.932939 -0.360033 0
    outer loop
      vertex 69.9012 1.5918 2.4
      vertex 69.9847 1.80817 2
      vertex 69.9847 1.80817 2.4
    endloop
  endfacet
  facet normal 0.932939 -0.360033 0
    outer loop
      vertex 69.9847 1.80817 2
      vertex 69.9012 1.5918 2.4
      vertex 69.9012 1.5918 2
    endloop
  endfacet
  facet normal 0.914341 -0.404946 0
    outer loop
      vertex 69.9847 1.80817 2.4
      vertex 70.0786 2.02019 2
      vertex 70.0786 2.02019 2.4
    endloop
  endfacet
  facet normal 0.914341 -0.404946 0
    outer loop
      vertex 70.0786 2.02019 2
      vertex 69.9847 1.80817 2.4
      vertex 69.9847 1.80817 2
    endloop
  endfacet
  facet normal 0.893173 -0.449713 0
    outer loop
      vertex 70.0786 2.02019 2.4
      vertex 70.1829 2.22734 2
      vertex 70.1829 2.22734 2.4
    endloop
  endfacet
  facet normal 0.893173 -0.449713 0
    outer loop
      vertex 70.1829 2.22734 2
      vertex 70.0786 2.02019 2.4
      vertex 70.0786 2.02019 2
    endloop
  endfacet
  facet normal 0.8701 -0.492875 0
    outer loop
      vertex 70.1829 2.22734 2.4
      vertex 70.2972 2.42912 2
      vertex 70.2972 2.42912 2.4
    endloop
  endfacet
  facet normal 0.8701 -0.492875 0
    outer loop
      vertex 70.2972 2.42912 2
      vertex 70.1829 2.22734 2.4
      vertex 70.1829 2.22734 2
    endloop
  endfacet
  facet normal 0.84481 -0.535066 0
    outer loop
      vertex 70.2972 2.42912 2.4
      vertex 70.4213 2.62506 2
      vertex 70.4213 2.62506 2.4
    endloop
  endfacet
  facet normal 0.84481 -0.535066 0
    outer loop
      vertex 70.4213 2.62506 2
      vertex 70.2972 2.42912 2.4
      vertex 70.2972 2.42912 2
    endloop
  endfacet
  facet normal 0.817663 -0.575697 0
    outer loop
      vertex 70.4213 2.62506 2.4
      vertex 70.5548 2.81467 2
      vertex 70.5548 2.81467 2.4
    endloop
  endfacet
  facet normal 0.817663 -0.575697 0
    outer loop
      vertex 70.5548 2.81467 2
      vertex 70.4213 2.62506 2.4
      vertex 70.4213 2.62506 2
    endloop
  endfacet
  facet normal 0.788309 -0.61528 0
    outer loop
      vertex 70.5548 2.81467 2.4
      vertex 70.6975 2.9975 2
      vertex 70.6975 2.9975 2.4
    endloop
  endfacet
  facet normal 0.788309 -0.61528 0
    outer loop
      vertex 70.6975 2.9975 2
      vertex 70.5548 2.81467 2.4
      vertex 70.5548 2.81467 2
    endloop
  endfacet
  facet normal 0.757171 -0.653217 0
    outer loop
      vertex 70.6975 2.9975 2.4
      vertex 70.849 3.17311 2
      vertex 70.849 3.17311 2.4
    endloop
  endfacet
  facet normal 0.757171 -0.653217 0
    outer loop
      vertex 70.849 3.17311 2
      vertex 70.6975 2.9975 2.4
      vertex 70.6975 2.9975 2
    endloop
  endfacet
  facet normal 0.724251 -0.689537 0
    outer loop
      vertex 70.849 3.17311 2.4
      vertex 71.0089 3.34106 2
      vertex 71.0089 3.34106 2.4
    endloop
  endfacet
  facet normal 0.724251 -0.689537 0
    outer loop
      vertex 71.0089 3.34106 2
      vertex 70.849 3.17311 2.4
      vertex 70.849 3.17311 2
    endloop
  endfacet
  facet normal 0.689497 -0.724289 0
    outer loop
      vertex 71.0089 3.34106 2
      vertex 71.1769 3.50099 2.4
      vertex 71.0089 3.34106 2.4
    endloop
  endfacet
  facet normal 0.689497 -0.724289 0
    outer loop
      vertex 71.1769 3.50099 2.4
      vertex 71.0089 3.34106 2
      vertex 71.1769 3.50099 2
    endloop
  endfacet
  facet normal 0.653189 -0.757195 0
    outer loop
      vertex 71.1769 3.50099 2
      vertex 71.3525 3.65247 2.4
      vertex 71.1769 3.50099 2.4
    endloop
  endfacet
  facet normal 0.653189 -0.757195 0
    outer loop
      vertex 71.3525 3.65247 2.4
      vertex 71.1769 3.50099 2
      vertex 71.3525 3.65247 2
    endloop
  endfacet
  facet normal 0.615289 -0.788301 0
    outer loop
      vertex 71.3525 3.65247 2
      vertex 71.5353 3.79515 2.4
      vertex 71.3525 3.65247 2.4
    endloop
  endfacet
  facet normal 0.615289 -0.788301 0
    outer loop
      vertex 71.5353 3.79515 2.4
      vertex 71.3525 3.65247 2
      vertex 71.5353 3.79515 2
    endloop
  endfacet
  facet normal 0.575804 -0.817588 0
    outer loop
      vertex 71.5353 3.79515 2
      vertex 71.7249 3.92868 2.4
      vertex 71.5353 3.79515 2.4
    endloop
  endfacet
  facet normal 0.575804 -0.817588 0
    outer loop
      vertex 71.7249 3.92868 2.4
      vertex 71.5353 3.79515 2
      vertex 71.7249 3.92868 2
    endloop
  endfacet
  facet normal 0.534888 -0.844923 0
    outer loop
      vertex 71.7249 3.92868 2
      vertex 71.9209 4.05276 2.4
      vertex 71.7249 3.92868 2.4
    endloop
  endfacet
  facet normal 0.534888 -0.844923 0
    outer loop
      vertex 71.9209 4.05276 2.4
      vertex 71.7249 3.92868 2
      vertex 71.9209 4.05276 2
    endloop
  endfacet
  facet normal 0.492871 -0.870102 0
    outer loop
      vertex 71.9209 4.05276 2
      vertex 72.1227 4.16707 2.4
      vertex 71.9209 4.05276 2.4
    endloop
  endfacet
  facet normal 0.492871 -0.870102 0
    outer loop
      vertex 72.1227 4.16707 2.4
      vertex 71.9209 4.05276 2
      vertex 72.1227 4.16707 2
    endloop
  endfacet
  facet normal 0.44973 -0.893164 0
    outer loop
      vertex 72.1227 4.16707 2
      vertex 72.3298 4.27135 2.4
      vertex 72.1227 4.16707 2.4
    endloop
  endfacet
  facet normal 0.44973 -0.893164 0
    outer loop
      vertex 72.3298 4.27135 2.4
      vertex 72.1227 4.16707 2
      vertex 72.3298 4.27135 2
    endloop
  endfacet
  facet normal 0.405266 -0.914199 0
    outer loop
      vertex 72.3298 4.27135 2
      vertex 72.5418 4.36533 2.4
      vertex 72.3298 4.27135 2.4
    endloop
  endfacet
  facet normal 0.405266 -0.914199 0
    outer loop
      vertex 72.5418 4.36533 2.4
      vertex 72.3298 4.27135 2
      vertex 72.5418 4.36533 2
    endloop
  endfacet
  facet normal 0.35984 -0.933014 0
    outer loop
      vertex 72.5418 4.36533 2
      vertex 72.7582 4.44879 2.4
      vertex 72.5418 4.36533 2.4
    endloop
  endfacet
  facet normal 0.35984 -0.933014 0
    outer loop
      vertex 72.7582 4.44879 2.4
      vertex 72.5418 4.36533 2
      vertex 72.7582 4.44879 2
    endloop
  endfacet
  facet normal 0.313665 -0.949534 0
    outer loop
      vertex 72.7582 4.44879 2
      vertex 72.9784 4.52153 2.4
      vertex 72.7582 4.44879 2.4
    endloop
  endfacet
  facet normal 0.313665 -0.949534 0
    outer loop
      vertex 72.9784 4.52153 2.4
      vertex 72.7582 4.44879 2
      vertex 72.9784 4.52153 2
    endloop
  endfacet
  facet normal 0.26675 -0.963766 0
    outer loop
      vertex 72.9784 4.52153 2
      vertex 73.2019 4.58339 2.4
      vertex 72.9784 4.52153 2.4
    endloop
  endfacet
  facet normal 0.26675 -0.963766 0
    outer loop
      vertex 73.2019 4.58339 2.4
      vertex 72.9784 4.52153 2
      vertex 73.2019 4.58339 2
    endloop
  endfacet
  facet normal 0.219071 -0.975709 0
    outer loop
      vertex 73.2019 4.58339 2
      vertex 73.4282 4.6342 2.4
      vertex 73.2019 4.58339 2.4
    endloop
  endfacet
  facet normal 0.219071 -0.975709 0
    outer loop
      vertex 73.4282 4.6342 2.4
      vertex 73.2019 4.58339 2
      vertex 73.4282 4.6342 2
    endloop
  endfacet
  facet normal 0.17101 -0.985269 0
    outer loop
      vertex 73.4282 4.6342 2
      vertex 73.6567 4.67386 2.4
      vertex 73.4282 4.6342 2.4
    endloop
  endfacet
  facet normal 0.17101 -0.985269 0
    outer loop
      vertex 73.6567 4.67386 2.4
      vertex 73.4282 4.6342 2
      vertex 73.6567 4.67386 2
    endloop
  endfacet
  facet normal 0.122358 -0.992486 0
    outer loop
      vertex 73.6567 4.67386 2
      vertex 73.8869 4.70224 2.4
      vertex 73.6567 4.67386 2.4
    endloop
  endfacet
  facet normal 0.122358 -0.992486 0
    outer loop
      vertex 73.8869 4.70224 2.4
      vertex 73.6567 4.67386 2
      vertex 73.8869 4.70224 2
    endloop
  endfacet
  facet normal 0.0735889 -0.997289 0
    outer loop
      vertex 73.8869 4.70224 2
      vertex 74.1181 4.7193 2.4
      vertex 73.8869 4.70224 2.4
    endloop
  endfacet
  facet normal 0.0735889 -0.997289 0
    outer loop
      vertex 74.1181 4.7193 2.4
      vertex 73.8869 4.70224 2
      vertex 74.1181 4.7193 2
    endloop
  endfacet
  facet normal 0.0245291 -0.999699 0
    outer loop
      vertex 74.1181 4.7193 2
      vertex 74.35 4.72499 2.4
      vertex 74.1181 4.7193 2.4
    endloop
  endfacet
  facet normal 0.0245291 -0.999699 0
    outer loop
      vertex 74.35 4.72499 2.4
      vertex 74.1181 4.7193 2
      vertex 74.35 4.72499 2
    endloop
  endfacet
  facet normal -0.0245396 -0.999699 0
    outer loop
      vertex 74.35 4.72499 2
      vertex 74.5818 4.7193 2.4
      vertex 74.35 4.72499 2.4
    endloop
  endfacet
  facet normal -0.0245396 -0.999699 -0
    outer loop
      vertex 74.5818 4.7193 2.4
      vertex 74.35 4.72499 2
      vertex 74.5818 4.7193 2
    endloop
  endfacet
  facet normal -0.0735572 -0.997291 0
    outer loop
      vertex 74.5818 4.7193 2
      vertex 74.8131 4.70224 2.4
      vertex 74.5818 4.7193 2.4
    endloop
  endfacet
  facet normal -0.0735572 -0.997291 -0
    outer loop
      vertex 74.8131 4.70224 2.4
      vertex 74.5818 4.7193 2
      vertex 74.8131 4.70224 2
    endloop
  endfacet
  facet normal -0.122358 -0.992486 0
    outer loop
      vertex 74.8131 4.70224 2
      vertex 75.0433 4.67386 2.4
      vertex 74.8131 4.70224 2.4
    endloop
  endfacet
  facet normal -0.122358 -0.992486 -0
    outer loop
      vertex 75.0433 4.67386 2.4
      vertex 74.8131 4.70224 2
      vertex 75.0433 4.67386 2
    endloop
  endfacet
  facet normal -0.17101 -0.985269 0
    outer loop
      vertex 75.0433 4.67386 2
      vertex 75.2718 4.6342 2.4
      vertex 75.0433 4.67386 2.4
    endloop
  endfacet
  facet normal -0.17101 -0.985269 -0
    outer loop
      vertex 75.2718 4.6342 2.4
      vertex 75.0433 4.67386 2
      vertex 75.2718 4.6342 2
    endloop
  endfacet
  facet normal -0.219071 -0.975709 0
    outer loop
      vertex 75.2718 4.6342 2
      vertex 75.4981 4.58339 2.4
      vertex 75.2718 4.6342 2.4
    endloop
  endfacet
  facet normal -0.219071 -0.975709 -0
    outer loop
      vertex 75.4981 4.58339 2.4
      vertex 75.2718 4.6342 2
      vertex 75.4981 4.58339 2
    endloop
  endfacet
  facet normal -0.26675 -0.963766 0
    outer loop
      vertex 75.4981 4.58339 2
      vertex 75.7216 4.52153 2.4
      vertex 75.4981 4.58339 2.4
    endloop
  endfacet
  facet normal -0.26675 -0.963766 -0
    outer loop
      vertex 75.7216 4.52153 2.4
      vertex 75.4981 4.58339 2
      vertex 75.7216 4.52153 2
    endloop
  endfacet
  facet normal -0.313665 -0.949534 0
    outer loop
      vertex 75.7216 4.52153 2
      vertex 75.9418 4.44879 2.4
      vertex 75.7216 4.52153 2.4
    endloop
  endfacet
  facet normal -0.313665 -0.949534 -0
    outer loop
      vertex 75.9418 4.44879 2.4
      vertex 75.7216 4.52153 2
      vertex 75.9418 4.44879 2
    endloop
  endfacet
  facet normal -0.35984 -0.933014 0
    outer loop
      vertex 75.9418 4.44879 2
      vertex 76.1582 4.36533 2.4
      vertex 75.9418 4.44879 2.4
    endloop
  endfacet
  facet normal -0.35984 -0.933014 -0
    outer loop
      vertex 76.1582 4.36533 2.4
      vertex 75.9418 4.44879 2
      vertex 76.1582 4.36533 2
    endloop
  endfacet
  facet normal -0.405266 -0.914199 0
    outer loop
      vertex 76.1582 4.36533 2
      vertex 76.3702 4.27135 2.4
      vertex 76.1582 4.36533 2.4
    endloop
  endfacet
  facet normal -0.405266 -0.914199 -0
    outer loop
      vertex 76.3702 4.27135 2.4
      vertex 76.1582 4.36533 2
      vertex 76.3702 4.27135 2
    endloop
  endfacet
  facet normal -0.450037 -0.89301 0
    outer loop
      vertex 76.3702 4.27135 2
      vertex 76.4056 4.25351 2.4
      vertex 76.3702 4.27135 2.4
    endloop
  endfacet
  facet normal -0.450037 -0.89301 -0
    outer loop
      vertex 76.4056 4.25351 2.4
      vertex 76.3702 4.27135 2
      vertex 76.4056 4.25351 2
    endloop
  endfacet
  facet normal 0.91062 0.413245 0
    outer loop
      vertex 76.4056 4.25351 2.4
      vertex 76.1766 4.75813 2
      vertex 76.1766 4.75813 2.4
    endloop
  endfacet
  facet normal 0.91062 0.413245 0
    outer loop
      vertex 76.1766 4.75813 2
      vertex 76.4056 4.25351 2.4
      vertex 76.4056 4.25351 2
    endloop
  endfacet
  facet normal 0.838 0.54567 0
    outer loop
      vertex 76.1766 4.75813 2.4
      vertex 74.907 6.70789 2
      vertex 74.907 6.70789 2.4
    endloop
  endfacet
  facet normal 0.838 0.54567 0
    outer loop
      vertex 74.907 6.70789 2
      vertex 76.1766 4.75813 2.4
      vertex 76.1766 4.75813 2
    endloop
  endfacet
  facet normal 0.970178 0.242394 0
    outer loop
      vertex 74.907 6.70789 2.4
      vertex 74.8464 6.95044 2
      vertex 74.8464 6.95044 2.4
    endloop
  endfacet
  facet normal 0.970178 0.242394 0
    outer loop
      vertex 74.8464 6.95044 2
      vertex 74.907 6.70789 2.4
      vertex 74.907 6.70789 2
    endloop
  endfacet
  facet normal 0.789817 0.613342 0
    outer loop
      vertex 74.8464 6.95044 2.4
      vertex 74.395 7.53172 2
      vertex 74.395 7.53172 2.4
    endloop
  endfacet
  facet normal 0.789817 0.613342 0
    outer loop
      vertex 74.395 7.53172 2
      vertex 74.8464 6.95044 2.4
      vertex 74.8464 6.95044 2
    endloop
  endfacet
  facet normal 0.910605 0.413277 0
    outer loop
      vertex 74.395 7.53172 2.4
      vertex 74.0011 8.39963 2
      vertex 74.0011 8.39963 2.4
    endloop
  endfacet
  facet normal 0.910605 0.413277 0
    outer loop
      vertex 74.0011 8.39963 2
      vertex 74.395 7.53172 2.4
      vertex 74.395 7.53172 2
    endloop
  endfacet
  facet normal 0.789813 0.613348 0
    outer loop
      vertex 74.0011 8.39963 2.4
      vertex 73.3494 9.23883 2
      vertex 73.3494 9.23883 2.4
    endloop
  endfacet
  facet normal 0.789813 0.613348 0
    outer loop
      vertex 73.3494 9.23883 2
      vertex 74.0011 8.39963 2.4
      vertex 74.0011 8.39963 2
    endloop
  endfacet
  facet normal 0.970343 0.241732 0
    outer loop
      vertex 73.3494 9.23883 2.4
      vertex 73.2637 9.58284 2
      vertex 73.2637 9.58284 2.4
    endloop
  endfacet
  facet normal 0.970343 0.241732 0
    outer loop
      vertex 73.2637 9.58284 2
      vertex 73.3494 9.23883 2.4
      vertex 73.3494 9.23883 2
    endloop
  endfacet
  facet normal 0.809154 0.587596 0
    outer loop
      vertex 73.2637 9.58284 2.4
      vertex 72.6334 10.4508 2
      vertex 72.6334 10.4508 2.4
    endloop
  endfacet
  facet normal 0.809154 0.587596 0
    outer loop
      vertex 72.6334 10.4508 2
      vertex 73.2637 9.58284 2.4
      vertex 73.2637 9.58284 2
    endloop
  endfacet
  facet normal 0.970233 0.242172 0
    outer loop
      vertex 72.6334 10.4508 2.4
      vertex 72.5393 10.8278 2
      vertex 72.5393 10.8278 2.4
    endloop
  endfacet
  facet normal 0.970233 0.242172 0
    outer loop
      vertex 72.5393 10.8278 2
      vertex 72.6334 10.4508 2.4
      vertex 72.6334 10.4508 2
    endloop
  endfacet
  facet normal 0.848367 0.529409 0
    outer loop
      vertex 72.5393 10.8278 2.4
      vertex 71.2005 12.9732 2
      vertex 71.2005 12.9732 2.4
    endloop
  endfacet
  facet normal 0.848367 0.529409 0
    outer loop
      vertex 71.2005 12.9732 2
      vertex 72.5393 10.8278 2.4
      vertex 72.5393 10.8278 2
    endloop
  endfacet
  facet normal 0.730042 0.683402 0
    outer loop
      vertex 71.2005 12.9732 2.4
      vertex 70.3023 13.9327 2
      vertex 70.3023 13.9327 2.4
    endloop
  endfacet
  facet normal 0.730042 0.683402 0
    outer loop
      vertex 70.3023 13.9327 2
      vertex 71.2005 12.9732 2.4
      vertex 71.2005 12.9732 2
    endloop
  endfacet
  facet normal 0.515103 0.857128 -0
    outer loop
      vertex 70.3023 13.9327 2
      vertex 69.1187 14.644 2.4
      vertex 70.3023 13.9327 2.4
    endloop
  endfacet
  facet normal 0.515103 0.857128 0
    outer loop
      vertex 69.1187 14.644 2.4
      vertex 70.3023 13.9327 2
      vertex 69.1187 14.644 2
    endloop
  endfacet
  facet normal 0.294533 0.955641 -0
    outer loop
      vertex 69.1187 14.644 2
      vertex 68.4727 14.8431 2.4
      vertex 69.1187 14.644 2.4
    endloop
  endfacet
  facet normal 0.294533 0.955641 0
    outer loop
      vertex 68.4727 14.8431 2.4
      vertex 69.1187 14.644 2
      vertex 68.4727 14.8431 2
    endloop
  endfacet
  facet normal 0.0906646 0.995881 -0
    outer loop
      vertex 68.4727 14.8431 2
      vertex 65.2675 15.1349 2.4
      vertex 68.4727 14.8431 2.4
    endloop
  endfacet
  facet normal 0.0906646 0.995881 0
    outer loop
      vertex 65.2675 15.1349 2.4
      vertex 68.4727 14.8431 2
      vertex 65.2675 15.1349 2
    endloop
  endfacet
  facet normal 0 1 -0
    outer loop
      vertex 65.2675 15.1349 2
      vertex 63.9514 15.1349 2.4
      vertex 65.2675 15.1349 2.4
    endloop
  endfacet
  facet normal 0 1 0
    outer loop
      vertex 63.9514 15.1349 2.4
      vertex 65.2675 15.1349 2
      vertex 63.9514 15.1349 2
    endloop
  endfacet
  facet normal 0.0644833 0.997919 -0
    outer loop
      vertex 63.9514 15.1349 2
      vertex 49.2604 16.0842 2.4
      vertex 63.9514 15.1349 2.4
    endloop
  endfacet
  facet normal 0.0644833 0.997919 0
    outer loop
      vertex 49.2604 16.0842 2.4
      vertex 63.9514 15.1349 2
      vertex 49.2604 16.0842 2
    endloop
  endfacet
  facet normal 0.0435045 0.999053 -0
    outer loop
      vertex 49.2604 16.0842 2
      vertex 27.5522 17.0295 2.4
      vertex 49.2604 16.0842 2.4
    endloop
  endfacet
  facet normal 0.0435045 0.999053 0
    outer loop
      vertex 27.5522 17.0295 2.4
      vertex 49.2604 16.0842 2
      vertex 27.5522 17.0295 2
    endloop
  endfacet
  facet normal 0.025452 0.999676 -0
    outer loop
      vertex 27.5522 17.0295 2
      vertex 8.99782 17.5019 2.4
      vertex 27.5522 17.0295 2.4
    endloop
  endfacet
  facet normal 0.025452 0.999676 0
    outer loop
      vertex 8.99782 17.5019 2.4
      vertex 27.5522 17.0295 2
      vertex 8.99782 17.5019 2
    endloop
  endfacet
  facet normal 0 1 -0
    outer loop
      vertex 8.99782 17.5019 2
      vertex -3.79788 17.5019 2.4
      vertex 8.99782 17.5019 2.4
    endloop
  endfacet
  facet normal 0 1 0
    outer loop
      vertex -3.79788 17.5019 2.4
      vertex 8.99782 17.5019 2
      vertex -3.79788 17.5019 2
    endloop
  endfacet
  facet normal -0.0261146 0.999659 0
    outer loop
      vertex -3.79788 17.5019 2
      vertex -21.8812 17.0295 2.4
      vertex -3.79788 17.5019 2.4
    endloop
  endfacet
  facet normal -0.0261146 0.999659 0
    outer loop
      vertex -21.8812 17.0295 2.4
      vertex -3.79788 17.5019 2
      vertex -21.8812 17.0295 2
    endloop
  endfacet
  facet normal -0.0414789 0.999139 0
    outer loop
      vertex -21.8812 17.0295 2
      vertex -37.059 16.3994 2.4
      vertex -21.8812 17.0295 2.4
    endloop
  endfacet
  facet normal -0.0414789 0.999139 0
    outer loop
      vertex -37.059 16.3994 2.4
      vertex -21.8812 17.0295 2
      vertex -37.059 16.3994 2
    endloop
  endfacet
  facet normal -0.0561052 0.998425 0
    outer loop
      vertex -37.059 16.3994 2
      vertex -60.8944 15.06 2.4
      vertex -37.059 16.3994 2.4
    endloop
  endfacet
  facet normal -0.0561052 0.998425 0
    outer loop
      vertex -60.8944 15.06 2.4
      vertex -37.059 16.3994 2
      vertex -60.8944 15.06 2
    endloop
  endfacet
  facet normal -0.0805115 0.996754 0
    outer loop
      vertex -60.8944 15.06 2
      vertex -65.8007 14.6637 2.4
      vertex -60.8944 15.06 2.4
    endloop
  endfacet
  facet normal -0.0805115 0.996754 0
    outer loop
      vertex -65.8007 14.6637 2.4
      vertex -60.8944 15.06 2
      vertex -65.8007 14.6637 2
    endloop
  endfacet
  facet normal -0.0312759 0.999511 0
    outer loop
      vertex -65.8007 14.6637 2
      vertex -68.2295 14.5877 2.4
      vertex -65.8007 14.6637 2.4
    endloop
  endfacet
  facet normal -0.0312759 0.999511 0
    outer loop
      vertex -68.2295 14.5877 2.4
      vertex -65.8007 14.6637 2
      vertex -68.2295 14.5877 2
    endloop
  endfacet
  facet normal -0.184512 0.98283 0
    outer loop
      vertex -68.2295 14.5877 2
      vertex -69.1606 14.4129 2.4
      vertex -68.2295 14.5877 2.4
    endloop
  endfacet
  facet normal -0.184512 0.98283 0
    outer loop
      vertex -69.1606 14.4129 2.4
      vertex -68.2295 14.5877 2
      vertex -69.1606 14.4129 2
    endloop
  endfacet
  facet normal -0.401335 0.915931 0
    outer loop
      vertex -69.1606 14.4129 2
      vertex -70.0639 14.0171 2.4
      vertex -69.1606 14.4129 2.4
    endloop
  endfacet
  facet normal -0.401335 0.915931 0
    outer loop
      vertex -70.0639 14.0171 2.4
      vertex -69.1606 14.4129 2
      vertex -70.0639 14.0171 2
    endloop
  endfacet
  facet normal -0.588787 0.808289 0
    outer loop
      vertex -70.0639 14.0171 2
      vertex -70.6656 13.5788 2.4
      vertex -70.0639 14.0171 2.4
    endloop
  endfacet
  facet normal -0.588787 0.808289 0
    outer loop
      vertex -70.6656 13.5788 2.4
      vertex -70.0639 14.0171 2
      vertex -70.6656 13.5788 2
    endloop
  endfacet
  facet normal -0.707726 0.706487 0
    outer loop
      vertex -71.0647 13.179 2
      vertex -70.6656 13.5788 2.4
      vertex -70.6656 13.5788 2
    endloop
  endfacet
  facet normal -0.707726 0.706487 0
    outer loop
      vertex -70.6656 13.5788 2.4
      vertex -71.0647 13.179 2
      vertex -71.0647 13.179 2.4
    endloop
  endfacet
  facet normal -0.842638 0.538481 0
    outer loop
      vertex -72.1558 11.4716 2
      vertex -71.0647 13.179 2.4
      vertex -71.0647 13.179 2
    endloop
  endfacet
  facet normal -0.842638 0.538481 0
    outer loop
      vertex -71.0647 13.179 2.4
      vertex -72.1558 11.4716 2
      vertex -72.1558 11.4716 2.4
    endloop
  endfacet
  facet normal -0.910612 0.413263 0
    outer loop
      vertex -72.6291 10.4287 2
      vertex -72.1558 11.4716 2.4
      vertex -72.1558 11.4716 2
    endloop
  endfacet
  facet normal -0.910612 0.413263 0
    outer loop
      vertex -72.1558 11.4716 2.4
      vertex -72.6291 10.4287 2
      vertex -72.6291 10.4287 2.4
    endloop
  endfacet
  facet normal -0.707628 0.706585 0
    outer loop
      vertex -72.9677 10.0896 2
      vertex -72.6291 10.4287 2.4
      vertex -72.6291 10.4287 2
    endloop
  endfacet
  facet normal -0.707628 0.706585 0
    outer loop
      vertex -72.6291 10.4287 2.4
      vertex -72.9677 10.0896 2
      vertex -72.9677 10.0896 2.4
    endloop
  endfacet
  facet normal -0.89471 0.446647 0
    outer loop
      vertex -73.5358 8.9516 2
      vertex -72.9677 10.0896 2.4
      vertex -72.9677 10.0896 2
    endloop
  endfacet
  facet normal -0.89471 0.446647 0
    outer loop
      vertex -72.9677 10.0896 2.4
      vertex -73.5358 8.9516 2
      vertex -73.5358 8.9516 2.4
    endloop
  endfacet
  facet normal -0.809135 0.587623 0
    outer loop
      vertex -74.0515 8.2415 2
      vertex -73.5358 8.9516 2.4
      vertex -73.5358 8.9516 2
    endloop
  endfacet
  facet normal -0.809135 0.587623 0
    outer loop
      vertex -73.5358 8.9516 2.4
      vertex -74.0515 8.2415 2
      vertex -74.0515 8.2415 2.4
    endloop
  endfacet
  facet normal -0.970297 0.241919 0
    outer loop
      vertex -74.1373 7.89737 2
      vertex -74.0515 8.2415 2.4
      vertex -74.0515 8.2415 2
    endloop
  endfacet
  facet normal -0.970297 0.241919 0
    outer loop
      vertex -74.0515 8.2415 2.4
      vertex -74.1373 7.89737 2
      vertex -74.1373 7.89737 2.4
    endloop
  endfacet
  facet normal -0.789813 0.613347 0
    outer loop
      vertex -74.5474 7.36928 2
      vertex -74.1373 7.89737 2.4
      vertex -74.1373 7.89737 2
    endloop
  endfacet
  facet normal -0.789813 0.613347 0
    outer loop
      vertex -74.1373 7.89737 2.4
      vertex -74.5474 7.36928 2
      vertex -74.5474 7.36928 2.4
    endloop
  endfacet
  facet normal -1 0 0
    outer loop
      vertex -74.5474 7.00827 2
      vertex -74.5474 7.36928 2.4
      vertex -74.5474 7.36928 2
    endloop
  endfacet
  facet normal -1 -0 0
    outer loop
      vertex -74.5474 7.36928 2.4
      vertex -74.5474 7.00827 2
      vertex -74.5474 7.00827 2.4
    endloop
  endfacet
  facet normal -0.707669 0.706544 0
    outer loop
      vertex -75.15 6.40471 2
      vertex -74.5474 7.00827 2.4
      vertex -74.5474 7.00827 2
    endloop
  endfacet
  facet normal -0.707669 0.706544 0
    outer loop
      vertex -74.5474 7.00827 2.4
      vertex -75.15 6.40471 2
      vertex -75.15 6.40471 2.4
    endloop
  endfacet
  facet normal -0.910576 0.413342 0
    outer loop
      vertex -75.498 5.63808 2
      vertex -75.15 6.40471 2.4
      vertex -75.15 6.40471 2
    endloop
  endfacet
  facet normal -0.910576 0.413342 0
    outer loop
      vertex -75.15 6.40471 2.4
      vertex -75.498 5.63808 2
      vertex -75.498 5.63808 2.4
    endloop
  endfacet
  facet normal -0.789791 0.613376 0
    outer loop
      vertex -75.9493 5.05698 2
      vertex -75.498 5.63808 2.4
      vertex -75.498 5.63808 2
    endloop
  endfacet
  facet normal -0.789791 0.613376 0
    outer loop
      vertex -75.498 5.63808 2.4
      vertex -75.9493 5.05698 2
      vertex -75.9493 5.05698 2.4
    endloop
  endfacet
  facet normal -0.970279 0.241991 0
    outer loop
      vertex -76.0559 4.62956 2
      vertex -75.9493 5.05698 2.4
      vertex -75.9493 5.05698 2
    endloop
  endfacet
  facet normal -0.970279 0.241991 0
    outer loop
      vertex -75.9493 5.05698 2.4
      vertex -76.0559 4.62956 2
      vertex -76.0559 4.62956 2.4
    endloop
  endfacet
  facet normal -0.707758 0.706455 0
    outer loop
      vertex -76.4572 4.22752 2
      vertex -76.0559 4.62956 2.4
      vertex -76.0559 4.62956 2
    endloop
  endfacet
  facet normal -0.707758 0.706455 0
    outer loop
      vertex -76.0559 4.62956 2.4
      vertex -76.4572 4.22752 2
      vertex -76.4572 4.22752 2.4
    endloop
  endfacet
  facet normal 0.449922 -0.893068 0
    outer loop
      vertex -76.4572 4.22752 2
      vertex -76.3702 4.27135 2.4
      vertex -76.4572 4.22752 2.4
    endloop
  endfacet
  facet normal 0.449922 -0.893068 0
    outer loop
      vertex -76.3702 4.27135 2.4
      vertex -76.4572 4.22752 2
      vertex -76.3702 4.27135 2
    endloop
  endfacet
  facet normal 0.405266 -0.914199 0
    outer loop
      vertex -76.3702 4.27135 2
      vertex -76.1582 4.36533 2.4
      vertex -76.3702 4.27135 2.4
    endloop
  endfacet
  facet normal 0.405266 -0.914199 0
    outer loop
      vertex -76.1582 4.36533 2.4
      vertex -76.3702 4.27135 2
      vertex -76.1582 4.36533 2
    endloop
  endfacet
  facet normal 0.35984 -0.933014 0
    outer loop
      vertex -76.1582 4.36533 2
      vertex -75.9418 4.44879 2.4
      vertex -76.1582 4.36533 2.4
    endloop
  endfacet
  facet normal 0.35984 -0.933014 0
    outer loop
      vertex -75.9418 4.44879 2.4
      vertex -76.1582 4.36533 2
      vertex -75.9418 4.44879 2
    endloop
  endfacet
  facet normal 0.313665 -0.949534 0
    outer loop
      vertex -75.9418 4.44879 2
      vertex -75.7216 4.52153 2.4
      vertex -75.9418 4.44879 2.4
    endloop
  endfacet
  facet normal 0.313665 -0.949534 0
    outer loop
      vertex -75.7216 4.52153 2.4
      vertex -75.9418 4.44879 2
      vertex -75.7216 4.52153 2
    endloop
  endfacet
  facet normal 0.26675 -0.963766 0
    outer loop
      vertex -75.7216 4.52153 2
      vertex -75.4981 4.58339 2.4
      vertex -75.7216 4.52153 2.4
    endloop
  endfacet
  facet normal 0.26675 -0.963766 0
    outer loop
      vertex -75.4981 4.58339 2.4
      vertex -75.7216 4.52153 2
      vertex -75.4981 4.58339 2
    endloop
  endfacet
  facet normal 0.219071 -0.975709 0
    outer loop
      vertex -75.4981 4.58339 2
      vertex -75.2718 4.6342 2.4
      vertex -75.4981 4.58339 2.4
    endloop
  endfacet
  facet normal 0.219071 -0.975709 0
    outer loop
      vertex -75.2718 4.6342 2.4
      vertex -75.4981 4.58339 2
      vertex -75.2718 4.6342 2
    endloop
  endfacet
  facet normal 0.17101 -0.985269 0
    outer loop
      vertex -75.2718 4.6342 2
      vertex -75.0433 4.67386 2.4
      vertex -75.2718 4.6342 2.4
    endloop
  endfacet
  facet normal 0.17101 -0.985269 0
    outer loop
      vertex -75.0433 4.67386 2.4
      vertex -75.2718 4.6342 2
      vertex -75.0433 4.67386 2
    endloop
  endfacet
  facet normal 0.122358 -0.992486 0
    outer loop
      vertex -75.0433 4.67386 2
      vertex -74.8131 4.70224 2.4
      vertex -75.0433 4.67386 2.4
    endloop
  endfacet
  facet normal 0.122358 -0.992486 0
    outer loop
      vertex -74.8131 4.70224 2.4
      vertex -75.0433 4.67386 2
      vertex -74.8131 4.70224 2
    endloop
  endfacet
  facet normal 0.0735572 -0.997291 0
    outer loop
      vertex -74.8131 4.70224 2
      vertex -74.5818 4.7193 2.4
      vertex -74.8131 4.70224 2.4
    endloop
  endfacet
  facet normal 0.0735572 -0.997291 0
    outer loop
      vertex -74.5818 4.7193 2.4
      vertex -74.8131 4.70224 2
      vertex -74.5818 4.7193 2
    endloop
  endfacet
  facet normal 0.0245396 -0.999699 0
    outer loop
      vertex -74.5818 4.7193 2
      vertex -74.35 4.72499 2.4
      vertex -74.5818 4.7193 2.4
    endloop
  endfacet
  facet normal 0.0245396 -0.999699 0
    outer loop
      vertex -74.35 4.72499 2.4
      vertex -74.5818 4.7193 2
      vertex -74.35 4.72499 2
    endloop
  endfacet
  facet normal -0.0245291 -0.999699 0
    outer loop
      vertex -74.35 4.72499 2
      vertex -74.1181 4.7193 2.4
      vertex -74.35 4.72499 2.4
    endloop
  endfacet
  facet normal -0.0245291 -0.999699 -0
    outer loop
      vertex -74.1181 4.7193 2.4
      vertex -74.35 4.72499 2
      vertex -74.1181 4.7193 2
    endloop
  endfacet
  facet normal -0.0735889 -0.997289 0
    outer loop
      vertex -74.1181 4.7193 2
      vertex -73.8869 4.70224 2.4
      vertex -74.1181 4.7193 2.4
    endloop
  endfacet
  facet normal -0.0735889 -0.997289 -0
    outer loop
      vertex -73.8869 4.70224 2.4
      vertex -74.1181 4.7193 2
      vertex -73.8869 4.70224 2
    endloop
  endfacet
  facet normal -0.122358 -0.992486 0
    outer loop
      vertex -73.8869 4.70224 2
      vertex -73.6567 4.67386 2.4
      vertex -73.8869 4.70224 2.4
    endloop
  endfacet
  facet normal -0.122358 -0.992486 -0
    outer loop
      vertex -73.6567 4.67386 2.4
      vertex -73.8869 4.70224 2
      vertex -73.6567 4.67386 2
    endloop
  endfacet
  facet normal -0.17101 -0.985269 0
    outer loop
      vertex -73.6567 4.67386 2
      vertex -73.4282 4.6342 2.4
      vertex -73.6567 4.67386 2.4
    endloop
  endfacet
  facet normal -0.17101 -0.985269 -0
    outer loop
      vertex -73.4282 4.6342 2.4
      vertex -73.6567 4.67386 2
      vertex -73.4282 4.6342 2
    endloop
  endfacet
  facet normal -0.219071 -0.975709 0
    outer loop
      vertex -73.4282 4.6342 2
      vertex -73.2019 4.58339 2.4
      vertex -73.4282 4.6342 2.4
    endloop
  endfacet
  facet normal -0.219071 -0.975709 -0
    outer loop
      vertex -73.2019 4.58339 2.4
      vertex -73.4282 4.6342 2
      vertex -73.2019 4.58339 2
    endloop
  endfacet
  facet normal -0.26675 -0.963766 0
    outer loop
      vertex -73.2019 4.58339 2
      vertex -72.9784 4.52153 2.4
      vertex -73.2019 4.58339 2.4
    endloop
  endfacet
  facet normal -0.26675 -0.963766 -0
    outer loop
      vertex -72.9784 4.52153 2.4
      vertex -73.2019 4.58339 2
      vertex -72.9784 4.52153 2
    endloop
  endfacet
  facet normal -0.313665 -0.949534 0
    outer loop
      vertex -72.9784 4.52153 2
      vertex -72.7582 4.44879 2.4
      vertex -72.9784 4.52153 2.4
    endloop
  endfacet
  facet normal -0.313665 -0.949534 -0
    outer loop
      vertex -72.7582 4.44879 2.4
      vertex -72.9784 4.52153 2
      vertex -72.7582 4.44879 2
    endloop
  endfacet
  facet normal -0.35984 -0.933014 0
    outer loop
      vertex -72.7582 4.44879 2
      vertex -72.5418 4.36533 2.4
      vertex -72.7582 4.44879 2.4
    endloop
  endfacet
  facet normal -0.35984 -0.933014 -0
    outer loop
      vertex -72.5418 4.36533 2.4
      vertex -72.7582 4.44879 2
      vertex -72.5418 4.36533 2
    endloop
  endfacet
  facet normal -0.405266 -0.914199 0
    outer loop
      vertex -72.5418 4.36533 2
      vertex -72.3298 4.27135 2.4
      vertex -72.5418 4.36533 2.4
    endloop
  endfacet
  facet normal -0.405266 -0.914199 -0
    outer loop
      vertex -72.3298 4.27135 2.4
      vertex -72.5418 4.36533 2
      vertex -72.3298 4.27135 2
    endloop
  endfacet
  facet normal -0.44973 -0.893164 0
    outer loop
      vertex -72.3298 4.27135 2
      vertex -72.1227 4.16707 2.4
      vertex -72.3298 4.27135 2.4
    endloop
  endfacet
  facet normal -0.44973 -0.893164 -0
    outer loop
      vertex -72.1227 4.16707 2.4
      vertex -72.3298 4.27135 2
      vertex -72.1227 4.16707 2
    endloop
  endfacet
  facet normal -0.492871 -0.870102 0
    outer loop
      vertex -72.1227 4.16707 2
      vertex -71.9209 4.05276 2.4
      vertex -72.1227 4.16707 2.4
    endloop
  endfacet
  facet normal -0.492871 -0.870102 -0
    outer loop
      vertex -71.9209 4.05276 2.4
      vertex -72.1227 4.16707 2
      vertex -71.9209 4.05276 2
    endloop
  endfacet
  facet normal -0.534888 -0.844923 0
    outer loop
      vertex -71.9209 4.05276 2
      vertex -71.7249 3.92868 2.4
      vertex -71.9209 4.05276 2.4
    endloop
  endfacet
  facet normal -0.534888 -0.844923 -0
    outer loop
      vertex -71.7249 3.92868 2.4
      vertex -71.9209 4.05276 2
      vertex -71.7249 3.92868 2
    endloop
  endfacet
  facet normal -0.575804 -0.817588 0
    outer loop
      vertex -71.7249 3.92868 2
      vertex -71.5353 3.79515 2.4
      vertex -71.7249 3.92868 2.4
    endloop
  endfacet
  facet normal -0.575804 -0.817588 -0
    outer loop
      vertex -71.5353 3.79515 2.4
      vertex -71.7249 3.92868 2
      vertex -71.5353 3.79515 2
    endloop
  endfacet
  facet normal -0.615289 -0.788301 0
    outer loop
      vertex -71.5353 3.79515 2
      vertex -71.3525 3.65247 2.4
      vertex -71.5353 3.79515 2.4
    endloop
  endfacet
  facet normal -0.615289 -0.788301 -0
    outer loop
      vertex -71.3525 3.65247 2.4
      vertex -71.5353 3.79515 2
      vertex -71.3525 3.65247 2
    endloop
  endfacet
  facet normal -0.653189 -0.757195 0
    outer loop
      vertex -71.3525 3.65247 2
      vertex -71.1769 3.50099 2.4
      vertex -71.3525 3.65247 2.4
    endloop
  endfacet
  facet normal -0.653189 -0.757195 -0
    outer loop
      vertex -71.1769 3.50099 2.4
      vertex -71.3525 3.65247 2
      vertex -71.1769 3.50099 2
    endloop
  endfacet
  facet normal -0.689497 -0.724289 0
    outer loop
      vertex -71.1769 3.50099 2
      vertex -71.0089 3.34106 2.4
      vertex -71.1769 3.50099 2.4
    endloop
  endfacet
  facet normal -0.689497 -0.724289 -0
    outer loop
      vertex -71.0089 3.34106 2.4
      vertex -71.1769 3.50099 2
      vertex -71.0089 3.34106 2
    endloop
  endfacet
  facet normal -0.724251 -0.689537 0
    outer loop
      vertex -70.849 3.17311 2
      vertex -71.0089 3.34106 2.4
      vertex -71.0089 3.34106 2
    endloop
  endfacet
  facet normal -0.724251 -0.689537 0
    outer loop
      vertex -71.0089 3.34106 2.4
      vertex -70.849 3.17311 2
      vertex -70.849 3.17311 2.4
    endloop
  endfacet
  facet normal -0.757171 -0.653217 0
    outer loop
      vertex -70.6975 2.9975 2
      vertex -70.849 3.17311 2.4
      vertex -70.849 3.17311 2
    endloop
  endfacet
  facet normal -0.757171 -0.653217 0
    outer loop
      vertex -70.849 3.17311 2.4
      vertex -70.6975 2.9975 2
      vertex -70.6975 2.9975 2.4
    endloop
  endfacet
  facet normal -0.788309 -0.61528 0
    outer loop
      vertex -70.5548 2.81467 2
      vertex -70.6975 2.9975 2.4
      vertex -70.6975 2.9975 2
    endloop
  endfacet
  facet normal -0.788309 -0.61528 0
    outer loop
      vertex -70.6975 2.9975 2.4
      vertex -70.5548 2.81467 2
      vertex -70.5548 2.81467 2.4
    endloop
  endfacet
  facet normal -0.817663 -0.575697 0
    outer loop
      vertex -70.4213 2.62506 2
      vertex -70.5548 2.81467 2.4
      vertex -70.5548 2.81467 2
    endloop
  endfacet
  facet normal -0.817663 -0.575697 0
    outer loop
      vertex -70.5548 2.81467 2.4
      vertex -70.4213 2.62506 2
      vertex -70.4213 2.62506 2.4
    endloop
  endfacet
  facet normal -0.84481 -0.535066 0
    outer loop
      vertex -70.2972 2.42912 2
      vertex -70.4213 2.62506 2.4
      vertex -70.4213 2.62506 2
    endloop
  endfacet
  facet normal -0.84481 -0.535066 0
    outer loop
      vertex -70.4213 2.62506 2.4
      vertex -70.2972 2.42912 2
      vertex -70.2972 2.42912 2.4
    endloop
  endfacet
  facet normal -0.8701 -0.492875 0
    outer loop
      vertex -70.1829 2.22734 2
      vertex -70.2972 2.42912 2.4
      vertex -70.2972 2.42912 2
    endloop
  endfacet
  facet normal -0.8701 -0.492875 0
    outer loop
      vertex -70.2972 2.42912 2.4
      vertex -70.1829 2.22734 2
      vertex -70.1829 2.22734 2.4
    endloop
  endfacet
  facet normal -0.893173 -0.449713 0
    outer loop
      vertex -70.0786 2.02019 2
      vertex -70.1829 2.22734 2.4
      vertex -70.1829 2.22734 2
    endloop
  endfacet
  facet normal -0.893173 -0.449713 0
    outer loop
      vertex -70.1829 2.22734 2.4
      vertex -70.0786 2.02019 2
      vertex -70.0786 2.02019 2.4
    endloop
  endfacet
  facet normal -0.914341 -0.404946 0
    outer loop
      vertex -69.9847 1.80817 2
      vertex -70.0786 2.02019 2.4
      vertex -70.0786 2.02019 2
    endloop
  endfacet
  facet normal -0.914341 -0.404946 0
    outer loop
      vertex -70.0786 2.02019 2.4
      vertex -69.9847 1.80817 2
      vertex -69.9847 1.80817 2.4
    endloop
  endfacet
  facet normal -0.932939 -0.360033 0
    outer loop
      vertex -69.9012 1.5918 2
      vertex -69.9847 1.80817 2.4
      vertex -69.9847 1.80817 2
    endloop
  endfacet
  facet normal -0.932939 -0.360033 0
    outer loop
      vertex -69.9847 1.80817 2.4
      vertex -69.9012 1.5918 2
      vertex -69.9012 1.5918 2.4
    endloop
  endfacet
  facet normal -0.949465 -0.313873 0
    outer loop
      vertex -69.8284 1.37158 2
      vertex -69.9012 1.5918 2.4
      vertex -69.9012 1.5918 2
    endloop
  endfacet
  facet normal -0.949465 -0.313873 0
    outer loop
      vertex -69.9012 1.5918 2.4
      vertex -69.8284 1.37158 2
      vertex -69.8284 1.37158 2.4
    endloop
  endfacet
  facet normal -0.963835 -0.266498 0
    outer loop
      vertex -69.7666 1.14807 2
      vertex -69.8284 1.37158 2.4
      vertex -69.8284 1.37158 2
    endloop
  endfacet
  facet normal -0.963835 -0.266498 0
    outer loop
      vertex -69.8284 1.37158 2.4
      vertex -69.7666 1.14807 2
      vertex -69.7666 1.14807 2.4
    endloop
  endfacet
  facet normal -0.975712 -0.219057 0
    outer loop
      vertex -69.7158 0.921799 2
      vertex -69.7666 1.14807 2.4
      vertex -69.7666 1.14807 2
    endloop
  endfacet
  facet normal -0.975712 -0.219057 0
    outer loop
      vertex -69.7666 1.14807 2.4
      vertex -69.7158 0.921799 2
      vertex -69.7158 0.921799 2.4
    endloop
  endfacet
  facet normal -0.98524 -0.171177 0
    outer loop
      vertex -69.6761 0.693298 2
      vertex -69.7158 0.921799 2.4
      vertex -69.7158 0.921799 2
    endloop
  endfacet
  facet normal -0.98524 -0.171177 0
    outer loop
      vertex -69.7158 0.921799 2.4
      vertex -69.6761 0.693298 2
      vertex -69.6761 0.693298 2.4
    endloop
  endfacet
  facet normal -0.992526 -0.122029 0
    outer loop
      vertex -69.6478 0.46312 2
      vertex -69.6761 0.693298 2.4
      vertex -69.6761 0.693298 2
    endloop
  endfacet
  facet normal -0.992526 -0.122029 0
    outer loop
      vertex -69.6761 0.693298 2.4
      vertex -69.6478 0.46312 2
      vertex -69.6478 0.46312 2.4
    endloop
  endfacet
  facet normal -0.997278 -0.0737357 0
    outer loop
      vertex -69.6307 0.231842 2
      vertex -69.6478 0.46312 2.4
      vertex -69.6478 0.46312 2
    endloop
  endfacet
  facet normal -0.997278 -0.0737357 0
    outer loop
      vertex -69.6478 0.46312 2.4
      vertex -69.6307 0.231842 2
      vertex -69.6307 0.231842 2.4
    endloop
  endfacet
  facet normal -0.999698 -0.0245783 0
    outer loop
      vertex -69.625 0 2
      vertex -69.6307 0.231842 2.4
      vertex -69.6307 0.231842 2
    endloop
  endfacet
  facet normal -0.999698 -0.0245783 0
    outer loop
      vertex -69.6307 0.231842 2.4
      vertex -69.625 0 2
      vertex -69.625 0 2.4
    endloop
  endfacet
  facet normal -0.999698 0.0245783 0
    outer loop
      vertex -69.6307 -0.231842 2
      vertex -69.625 0 2.4
      vertex -69.625 0 2
    endloop
  endfacet
  facet normal -0.999698 0.0245783 0
    outer loop
      vertex -69.625 0 2.4
      vertex -69.6307 -0.231842 2
      vertex -69.6307 -0.231842 2.4
    endloop
  endfacet
  facet normal -0.997278 0.0737357 0
    outer loop
      vertex -69.6478 -0.46312 2
      vertex -69.6307 -0.231842 2.4
      vertex -69.6307 -0.231842 2
    endloop
  endfacet
  facet normal -0.997278 0.0737357 0
    outer loop
      vertex -69.6307 -0.231842 2.4
      vertex -69.6478 -0.46312 2
      vertex -69.6478 -0.46312 2.4
    endloop
  endfacet
  facet normal -0.992526 0.122029 0
    outer loop
      vertex -69.6761 -0.693298 2
      vertex -69.6478 -0.46312 2.4
      vertex -69.6478 -0.46312 2
    endloop
  endfacet
  facet normal -0.992526 0.122029 0
    outer loop
      vertex -69.6478 -0.46312 2.4
      vertex -69.6761 -0.693298 2
      vertex -69.6761 -0.693298 2.4
    endloop
  endfacet
  facet normal -0.98524 0.171177 0
    outer loop
      vertex -69.7158 -0.921799 2
      vertex -69.6761 -0.693298 2.4
      vertex -69.6761 -0.693298 2
    endloop
  endfacet
  facet normal -0.98524 0.171177 0
    outer loop
      vertex -69.6761 -0.693298 2.4
      vertex -69.7158 -0.921799 2
      vertex -69.7158 -0.921799 2.4
    endloop
  endfacet
  facet normal -0.975712 0.219057 0
    outer loop
      vertex -69.7666 -1.14807 2
      vertex -69.7158 -0.921799 2.4
      vertex -69.7158 -0.921799 2
    endloop
  endfacet
  facet normal -0.975712 0.219057 0
    outer loop
      vertex -69.7158 -0.921799 2.4
      vertex -69.7666 -1.14807 2
      vertex -69.7666 -1.14807 2.4
    endloop
  endfacet
  facet normal -0.963835 0.266498 0
    outer loop
      vertex -69.8284 -1.37158 2
      vertex -69.7666 -1.14807 2.4
      vertex -69.7666 -1.14807 2
    endloop
  endfacet
  facet normal -0.963835 0.266498 0
    outer loop
      vertex -69.7666 -1.14807 2.4
      vertex -69.8284 -1.37158 2
      vertex -69.8284 -1.37158 2.4
    endloop
  endfacet
  facet normal -0.949465 0.313873 0
    outer loop
      vertex -69.9012 -1.5918 2
      vertex -69.8284 -1.37158 2.4
      vertex -69.8284 -1.37158 2
    endloop
  endfacet
  facet normal -0.949465 0.313873 0
    outer loop
      vertex -69.8284 -1.37158 2.4
      vertex -69.9012 -1.5918 2
      vertex -69.9012 -1.5918 2.4
    endloop
  endfacet
  facet normal -0.932939 0.360033 0
    outer loop
      vertex -69.9847 -1.80817 2
      vertex -69.9012 -1.5918 2.4
      vertex -69.9012 -1.5918 2
    endloop
  endfacet
  facet normal -0.932939 0.360033 0
    outer loop
      vertex -69.9012 -1.5918 2.4
      vertex -69.9847 -1.80817 2
      vertex -69.9847 -1.80817 2.4
    endloop
  endfacet
  facet normal -0.914341 0.404946 0
    outer loop
      vertex -70.0786 -2.02019 2
      vertex -69.9847 -1.80817 2.4
      vertex -69.9847 -1.80817 2
    endloop
  endfacet
  facet normal -0.914341 0.404946 0
    outer loop
      vertex -69.9847 -1.80817 2.4
      vertex -70.0786 -2.02019 2
      vertex -70.0786 -2.02019 2.4
    endloop
  endfacet
  facet normal -0.893173 0.449713 0
    outer loop
      vertex -70.1829 -2.22734 2
      vertex -70.0786 -2.02019 2.4
      vertex -70.0786 -2.02019 2
    endloop
  endfacet
  facet normal -0.893173 0.449713 0
    outer loop
      vertex -70.0786 -2.02019 2.4
      vertex -70.1829 -2.22734 2
      vertex -70.1829 -2.22734 2.4
    endloop
  endfacet
  facet normal -0.8701 0.492875 0
    outer loop
      vertex -70.2972 -2.42912 2
      vertex -70.1829 -2.22734 2.4
      vertex -70.1829 -2.22734 2
    endloop
  endfacet
  facet normal -0.8701 0.492875 0
    outer loop
      vertex -70.1829 -2.22734 2.4
      vertex -70.2972 -2.42912 2
      vertex -70.2972 -2.42912 2.4
    endloop
  endfacet
  facet normal -0.84481 0.535066 0
    outer loop
      vertex -70.4213 -2.62506 2
      vertex -70.2972 -2.42912 2.4
      vertex -70.2972 -2.42912 2
    endloop
  endfacet
  facet normal -0.84481 0.535066 0
    outer loop
      vertex -70.2972 -2.42912 2.4
      vertex -70.4213 -2.62506 2
      vertex -70.4213 -2.62506 2.4
    endloop
  endfacet
  facet normal -0.817663 0.575697 0
    outer loop
      vertex -70.5548 -2.81467 2
      vertex -70.4213 -2.62506 2.4
      vertex -70.4213 -2.62506 2
    endloop
  endfacet
  facet normal -0.817663 0.575697 0
    outer loop
      vertex -70.4213 -2.62506 2.4
      vertex -70.5548 -2.81467 2
      vertex -70.5548 -2.81467 2.4
    endloop
  endfacet
  facet normal -0.788309 0.61528 0
    outer loop
      vertex -70.6975 -2.9975 2
      vertex -70.5548 -2.81467 2.4
      vertex -70.5548 -2.81467 2
    endloop
  endfacet
  facet normal -0.788309 0.61528 0
    outer loop
      vertex -70.5548 -2.81467 2.4
      vertex -70.6975 -2.9975 2
      vertex -70.6975 -2.9975 2.4
    endloop
  endfacet
  facet normal -0.757171 0.653217 0
    outer loop
      vertex -70.849 -3.17311 2
      vertex -70.6975 -2.9975 2.4
      vertex -70.6975 -2.9975 2
    endloop
  endfacet
  facet normal -0.757171 0.653217 0
    outer loop
      vertex -70.6975 -2.9975 2.4
      vertex -70.849 -3.17311 2
      vertex -70.849 -3.17311 2.4
    endloop
  endfacet
  facet normal -0.724251 0.689537 0
    outer loop
      vertex -71.0089 -3.34106 2
      vertex -70.849 -3.17311 2.4
      vertex -70.849 -3.17311 2
    endloop
  endfacet
  facet normal -0.724251 0.689537 0
    outer loop
      vertex -70.849 -3.17311 2.4
      vertex -71.0089 -3.34106 2
      vertex -71.0089 -3.34106 2.4
    endloop
  endfacet
  facet normal -0.689497 0.724289 0
    outer loop
      vertex -71.0089 -3.34106 2
      vertex -71.1769 -3.50099 2.4
      vertex -71.0089 -3.34106 2.4
    endloop
  endfacet
  facet normal -0.689497 0.724289 0
    outer loop
      vertex -71.1769 -3.50099 2.4
      vertex -71.0089 -3.34106 2
      vertex -71.1769 -3.50099 2
    endloop
  endfacet
  facet normal -0.653189 0.757195 0
    outer loop
      vertex -71.1769 -3.50099 2
      vertex -71.3525 -3.65247 2.4
      vertex -71.1769 -3.50099 2.4
    endloop
  endfacet
  facet normal -0.653189 0.757195 0
    outer loop
      vertex -71.3525 -3.65247 2.4
      vertex -71.1769 -3.50099 2
      vertex -71.3525 -3.65247 2
    endloop
  endfacet
  facet normal -0.615289 0.788301 0
    outer loop
      vertex -71.3525 -3.65247 2
      vertex -71.5353 -3.79515 2.4
      vertex -71.3525 -3.65247 2.4
    endloop
  endfacet
  facet normal -0.615289 0.788301 0
    outer loop
      vertex -71.5353 -3.79515 2.4
      vertex -71.3525 -3.65247 2
      vertex -71.5353 -3.79515 2
    endloop
  endfacet
  facet normal -0.575804 0.817588 0
    outer loop
      vertex -71.5353 -3.79515 2
      vertex -71.7249 -3.92868 2.4
      vertex -71.5353 -3.79515 2.4
    endloop
  endfacet
  facet normal -0.575804 0.817588 0
    outer loop
      vertex -71.7249 -3.92868 2.4
      vertex -71.5353 -3.79515 2
      vertex -71.7249 -3.92868 2
    endloop
  endfacet
  facet normal -0.534888 0.844923 0
    outer loop
      vertex -71.7249 -3.92868 2
      vertex -71.9209 -4.05276 2.4
      vertex -71.7249 -3.92868 2.4
    endloop
  endfacet
  facet normal -0.534888 0.844923 0
    outer loop
      vertex -71.9209 -4.05276 2.4
      vertex -71.7249 -3.92868 2
      vertex -71.9209 -4.05276 2
    endloop
  endfacet
  facet normal -0.492871 0.870102 0
    outer loop
      vertex -71.9209 -4.05276 2
      vertex -72.1227 -4.16707 2.4
      vertex -71.9209 -4.05276 2.4
    endloop
  endfacet
  facet normal -0.492871 0.870102 0
    outer loop
      vertex -72.1227 -4.16707 2.4
      vertex -71.9209 -4.05276 2
      vertex -72.1227 -4.16707 2
    endloop
  endfacet
  facet normal -0.44973 0.893164 0
    outer loop
      vertex -72.1227 -4.16707 2
      vertex -72.3298 -4.27135 2.4
      vertex -72.1227 -4.16707 2.4
    endloop
  endfacet
  facet normal -0.44973 0.893164 0
    outer loop
      vertex -72.3298 -4.27135 2.4
      vertex -72.1227 -4.16707 2
      vertex -72.3298 -4.27135 2
    endloop
  endfacet
  facet normal -0.405266 0.914199 0
    outer loop
      vertex -72.3298 -4.27135 2
      vertex -72.5418 -4.36533 2.4
      vertex -72.3298 -4.27135 2.4
    endloop
  endfacet
  facet normal -0.405266 0.914199 0
    outer loop
      vertex -72.5418 -4.36533 2.4
      vertex -72.3298 -4.27135 2
      vertex -72.5418 -4.36533 2
    endloop
  endfacet
  facet normal -0.35984 0.933014 0
    outer loop
      vertex -72.5418 -4.36533 2
      vertex -72.7582 -4.44879 2.4
      vertex -72.5418 -4.36533 2.4
    endloop
  endfacet
  facet normal -0.35984 0.933014 0
    outer loop
      vertex -72.7582 -4.44879 2.4
      vertex -72.5418 -4.36533 2
      vertex -72.7582 -4.44879 2
    endloop
  endfacet
  facet normal -0.313665 0.949534 0
    outer loop
      vertex -72.7582 -4.44879 2
      vertex -72.9784 -4.52153 2.4
      vertex -72.7582 -4.44879 2.4
    endloop
  endfacet
  facet normal -0.313665 0.949534 0
    outer loop
      vertex -72.9784 -4.52153 2.4
      vertex -72.7582 -4.44879 2
      vertex -72.9784 -4.52153 2
    endloop
  endfacet
  facet normal -0.26675 0.963766 0
    outer loop
      vertex -72.9784 -4.52153 2
      vertex -73.2019 -4.58339 2.4
      vertex -72.9784 -4.52153 2.4
    endloop
  endfacet
  facet normal -0.26675 0.963766 0
    outer loop
      vertex -73.2019 -4.58339 2.4
      vertex -72.9784 -4.52153 2
      vertex -73.2019 -4.58339 2
    endloop
  endfacet
  facet normal -0.219071 0.975709 0
    outer loop
      vertex -73.2019 -4.58339 2
      vertex -73.4282 -4.6342 2.4
      vertex -73.2019 -4.58339 2.4
    endloop
  endfacet
  facet normal -0.219071 0.975709 0
    outer loop
      vertex -73.4282 -4.6342 2.4
      vertex -73.2019 -4.58339 2
      vertex -73.4282 -4.6342 2
    endloop
  endfacet
  facet normal -0.17101 0.985269 0
    outer loop
      vertex -73.4282 -4.6342 2
      vertex -73.6567 -4.67386 2.4
      vertex -73.4282 -4.6342 2.4
    endloop
  endfacet
  facet normal -0.17101 0.985269 0
    outer loop
      vertex -73.6567 -4.67386 2.4
      vertex -73.4282 -4.6342 2
      vertex -73.6567 -4.67386 2
    endloop
  endfacet
  facet normal -0.122358 0.992486 0
    outer loop
      vertex -73.6567 -4.67386 2
      vertex -73.8869 -4.70224 2.4
      vertex -73.6567 -4.67386 2.4
    endloop
  endfacet
  facet normal -0.122358 0.992486 0
    outer loop
      vertex -73.8869 -4.70224 2.4
      vertex -73.6567 -4.67386 2
      vertex -73.8869 -4.70224 2
    endloop
  endfacet
  facet normal -0.0735889 0.997289 0
    outer loop
      vertex -73.8869 -4.70224 2
      vertex -74.1181 -4.7193 2.4
      vertex -73.8869 -4.70224 2.4
    endloop
  endfacet
  facet normal -0.0735889 0.997289 0
    outer loop
      vertex -74.1181 -4.7193 2.4
      vertex -73.8869 -4.70224 2
      vertex -74.1181 -4.7193 2
    endloop
  endfacet
  facet normal -0.0245291 0.999699 0
    outer loop
      vertex -74.1181 -4.7193 2
      vertex -74.35 -4.72499 2.4
      vertex -74.1181 -4.7193 2.4
    endloop
  endfacet
  facet normal -0.0245291 0.999699 0
    outer loop
      vertex -74.35 -4.72499 2.4
      vertex -74.1181 -4.7193 2
      vertex -74.35 -4.72499 2
    endloop
  endfacet
  facet normal 0.0245396 0.999699 -0
    outer loop
      vertex -74.35 -4.72499 2
      vertex -74.5818 -4.7193 2.4
      vertex -74.35 -4.72499 2.4
    endloop
  endfacet
  facet normal 0.0245396 0.999699 0
    outer loop
      vertex -74.5818 -4.7193 2.4
      vertex -74.35 -4.72499 2
      vertex -74.5818 -4.7193 2
    endloop
  endfacet
  facet normal 0.0735572 0.997291 -0
    outer loop
      vertex -74.5818 -4.7193 2
      vertex -74.8131 -4.70224 2.4
      vertex -74.5818 -4.7193 2.4
    endloop
  endfacet
  facet normal 0.0735572 0.997291 0
    outer loop
      vertex -74.8131 -4.70224 2.4
      vertex -74.5818 -4.7193 2
      vertex -74.8131 -4.70224 2
    endloop
  endfacet
  facet normal 0.122358 0.992486 -0
    outer loop
      vertex -74.8131 -4.70224 2
      vertex -75.0433 -4.67386 2.4
      vertex -74.8131 -4.70224 2.4
    endloop
  endfacet
  facet normal 0.122358 0.992486 0
    outer loop
      vertex -75.0433 -4.67386 2.4
      vertex -74.8131 -4.70224 2
      vertex -75.0433 -4.67386 2
    endloop
  endfacet
  facet normal 0.17101 0.985269 -0
    outer loop
      vertex -75.0433 -4.67386 2
      vertex -75.2718 -4.6342 2.4
      vertex -75.0433 -4.67386 2.4
    endloop
  endfacet
  facet normal 0.17101 0.985269 0
    outer loop
      vertex -75.2718 -4.6342 2.4
      vertex -75.0433 -4.67386 2
      vertex -75.2718 -4.6342 2
    endloop
  endfacet
  facet normal 0.219071 0.975709 -0
    outer loop
      vertex -75.2718 -4.6342 2
      vertex -75.4981 -4.58339 2.4
      vertex -75.2718 -4.6342 2.4
    endloop
  endfacet
  facet normal 0.219071 0.975709 0
    outer loop
      vertex -75.4981 -4.58339 2.4
      vertex -75.2718 -4.6342 2
      vertex -75.4981 -4.58339 2
    endloop
  endfacet
  facet normal 0.26675 0.963766 -0
    outer loop
      vertex -75.4981 -4.58339 2
      vertex -75.7216 -4.52153 2.4
      vertex -75.4981 -4.58339 2.4
    endloop
  endfacet
  facet normal 0.26675 0.963766 0
    outer loop
      vertex -75.7216 -4.52153 2.4
      vertex -75.4981 -4.58339 2
      vertex -75.7216 -4.52153 2
    endloop
  endfacet
  facet normal 0.313665 0.949534 -0
    outer loop
      vertex -75.7216 -4.52153 2
      vertex -75.9418 -4.44879 2.4
      vertex -75.7216 -4.52153 2.4
    endloop
  endfacet
  facet normal 0.313665 0.949534 0
    outer loop
      vertex -75.9418 -4.44879 2.4
      vertex -75.7216 -4.52153 2
      vertex -75.9418 -4.44879 2
    endloop
  endfacet
  facet normal 0.35984 0.933014 -0
    outer loop
      vertex -75.9418 -4.44879 2
      vertex -76.1582 -4.36533 2.4
      vertex -75.9418 -4.44879 2.4
    endloop
  endfacet
  facet normal 0.35984 0.933014 0
    outer loop
      vertex -76.1582 -4.36533 2.4
      vertex -75.9418 -4.44879 2
      vertex -76.1582 -4.36533 2
    endloop
  endfacet
  facet normal 0.405266 0.914199 -0
    outer loop
      vertex -76.1582 -4.36533 2
      vertex -76.3702 -4.27135 2.4
      vertex -76.1582 -4.36533 2.4
    endloop
  endfacet
  facet normal 0.405266 0.914199 0
    outer loop
      vertex -76.3702 -4.27135 2.4
      vertex -76.1582 -4.36533 2
      vertex -76.3702 -4.27135 2
    endloop
  endfacet
  facet normal 0.44973 0.893164 -0
    outer loop
      vertex -76.3702 -4.27135 2
      vertex -76.5773 -4.16707 2.4
      vertex -76.3702 -4.27135 2.4
    endloop
  endfacet
  facet normal 0.44973 0.893164 0
    outer loop
      vertex -76.5773 -4.16707 2.4
      vertex -76.3702 -4.27135 2
      vertex -76.5773 -4.16707 2
    endloop
  endfacet
  facet normal 0.492699 0.8702 -0
    outer loop
      vertex -76.5773 -4.16707 2
      vertex -76.7104 -4.09171 2.4
      vertex -76.5773 -4.16707 2.4
    endloop
  endfacet
  facet normal 0.492699 0.8702 0
    outer loop
      vertex -76.7104 -4.09171 2.4
      vertex -76.5773 -4.16707 2
      vertex -76.7104 -4.09171 2
    endloop
  endfacet
  facet normal -0.894427 -0.447214 0
    outer loop
      vertex -76.6928 -4.12691 2
      vertex -76.7104 -4.09171 2.4
      vertex -76.7104 -4.09171 2
    endloop
  endfacet
  facet normal -0.894427 -0.447214 0
    outer loop
      vertex -76.7104 -4.09171 2.4
      vertex -76.6928 -4.12691 2
      vertex -76.6928 -4.12691 2.4
    endloop
  endfacet
  facet normal -0.80042 -0.599439 0
    outer loop
      vertex -76.2311 -4.74341 2
      vertex -76.6928 -4.12691 2.4
      vertex -76.6928 -4.12691 2
    endloop
  endfacet
  facet normal -0.80042 -0.599439 0
    outer loop
      vertex -76.6928 -4.12691 2.4
      vertex -76.2311 -4.74341 2
      vertex -76.2311 -4.74341 2.4
    endloop
  endfacet
  facet normal -0.885225 -0.465163 0
    outer loop
      vertex -75.5018 -6.1313 2
      vertex -76.2311 -4.74341 2.4
      vertex -76.2311 -4.74341 2
    endloop
  endfacet
  facet normal -0.885225 -0.465163 0
    outer loop
      vertex -76.2311 -4.74341 2.4
      vertex -75.5018 -6.1313 2
      vertex -75.5018 -6.1313 2.4
    endloop
  endfacet
  facet normal -0.70773 -0.706483 0
    outer loop
      vertex -75.1108 -6.52299 2
      vertex -75.5018 -6.1313 2.4
      vertex -75.5018 -6.1313 2
    endloop
  endfacet
  facet normal -0.70773 -0.706483 0
    outer loop
      vertex -75.5018 -6.1313 2.4
      vertex -75.1108 -6.52299 2
      vertex -75.1108 -6.52299 2.4
    endloop
  endfacet
  facet normal -0.970148 -0.242514 0
    outer loop
      vertex -75.0319 -6.83862 2
      vertex -75.1108 -6.52299 2.4
      vertex -75.1108 -6.52299 2
    endloop
  endfacet
  facet normal -0.970148 -0.242514 0
    outer loop
      vertex -75.1108 -6.52299 2.4
      vertex -75.0319 -6.83862 2
      vertex -75.0319 -6.83862 2.4
    endloop
  endfacet
  facet normal -0.707764 -0.706449 0
    outer loop
      vertex -74.7956 -7.07536 2
      vertex -75.0319 -6.83862 2.4
      vertex -75.0319 -6.83862 2
    endloop
  endfacet
  facet normal -0.707764 -0.706449 0
    outer loop
      vertex -75.0319 -6.83862 2.4
      vertex -74.7956 -7.07536 2
      vertex -74.7956 -7.07536 2.4
    endloop
  endfacet
  facet normal -0.970213 -0.242254 0
    outer loop
      vertex -74.7168 -7.39095 2
      vertex -74.7956 -7.07536 2.4
      vertex -74.7956 -7.07536 2
    endloop
  endfacet
  facet normal -0.970213 -0.242254 0
    outer loop
      vertex -74.7956 -7.07536 2.4
      vertex -74.7168 -7.39095 2
      vertex -74.7168 -7.39095 2.4
    endloop
  endfacet
  facet normal -0.707513 -0.706701 0
    outer loop
      vertex -74.6646 -7.44321 2
      vertex -74.7168 -7.39095 2.4
      vertex -74.7168 -7.39095 2
    endloop
  endfacet
  facet normal -0.707513 -0.706701 0
    outer loop
      vertex -74.7168 -7.39095 2.4
      vertex -74.6646 -7.44321 2
      vertex -74.6646 -7.44321 2.4
    endloop
  endfacet
  facet normal -0.862628 -0.505839 0
    outer loop
      vertex -71.7052 -12.49 2
      vertex -74.6646 -7.44321 2.4
      vertex -74.6646 -7.44321 2
    endloop
  endfacet
  facet normal -0.862628 -0.505839 0
    outer loop
      vertex -74.6646 -7.44321 2.4
      vertex -71.7052 -12.49 2
      vertex -71.7052 -12.49 2.4
    endloop
  endfacet
  facet normal -0.77444 -0.632647 0
    outer loop
      vertex -71.2037 -13.1039 2
      vertex -71.7052 -12.49 2.4
      vertex -71.7052 -12.49 2
    endloop
  endfacet
  facet normal -0.77444 -0.632647 0
    outer loop
      vertex -71.7052 -12.49 2.4
      vertex -71.2037 -13.1039 2
      vertex -71.2037 -13.1039 2.4
    endloop
  endfacet
  facet normal -0.618418 -0.785849 0
    outer loop
      vertex -71.2037 -13.1039 2
      vertex -70.4593 -13.6897 2.4
      vertex -71.2037 -13.1039 2.4
    endloop
  endfacet
  facet normal -0.618418 -0.785849 -0
    outer loop
      vertex -70.4593 -13.6897 2.4
      vertex -71.2037 -13.1039 2
      vertex -70.4593 -13.6897 2
    endloop
  endfacet
  facet normal -0.35944 -0.933168 0
    outer loop
      vertex -70.4593 -13.6897 2
      vertex -68.899 -14.2907 2.4
      vertex -70.4593 -13.6897 2.4
    endloop
  endfacet
  facet normal -0.35944 -0.933168 -0
    outer loop
      vertex -68.899 -14.2907 2.4
      vertex -70.4593 -13.6897 2
      vertex -68.899 -14.2907 2
    endloop
  endfacet
  facet normal -0.0733915 -0.997303 0
    outer loop
      vertex -68.899 -14.2907 2
      vertex -49.8733 -15.6908 2.4
      vertex -68.899 -14.2907 2.4
    endloop
  endfacet
  facet normal -0.0733915 -0.997303 -0
    outer loop
      vertex -49.8733 -15.6908 2.4
      vertex -68.899 -14.2907 2
      vertex -49.8733 -15.6908 2
    endloop
  endfacet
  facet normal -0.0538724 -0.998548 0
    outer loop
      vertex -49.8733 -15.6908 2
      vertex -26.5168 -16.9509 2.4
      vertex -49.8733 -15.6908 2.4
    endloop
  endfacet
  facet normal -0.0538724 -0.998548 -0
    outer loop
      vertex -26.5168 -16.9509 2.4
      vertex -49.8733 -15.6908 2
      vertex -26.5168 -16.9509 2
    endloop
  endfacet
  facet normal -0.0277048 -0.999616 0
    outer loop
      vertex -26.5168 -16.9509 2
      vertex -6.63257 -17.502 2.4
      vertex -26.5168 -16.9509 2.4
    endloop
  endfacet
  facet normal -0.0277048 -0.999616 -0
    outer loop
      vertex -6.63257 -17.502 2.4
      vertex -26.5168 -16.9509 2
      vertex -6.63257 -17.502 2
    endloop
  endfacet
  facet normal 0 -1 0
    outer loop
      vertex -6.63257 -17.502 2
      vertex 9.94542 -17.502 2.4
      vertex -6.63257 -17.502 2.4
    endloop
  endfacet
  facet normal 0 -1 -0
    outer loop
      vertex 9.94542 -17.502 2.4
      vertex -6.63257 -17.502 2
      vertex 9.94542 -17.502 2
    endloop
  endfacet
  facet normal 0.0231538 -0.999732 0
    outer loop
      vertex 9.94542 -17.502 2
      vertex 23.5378 -17.1872 2.4
      vertex 9.94542 -17.502 2.4
    endloop
  endfacet
  facet normal 0.0231538 -0.999732 0
    outer loop
      vertex 23.5378 -17.1872 2.4
      vertex 9.94542 -17.502 2
      vertex 23.5378 -17.1872 2
    endloop
  endfacet
endsolid OpenSCAD_Model
