solid OpenSCAD_Model
  facet normal -0.360065 0.932927 0
    outer loop
      vertex -73.5464 -1.94015 0
      vertex -73.6425 -1.97724 2
      vertex -73.5464 -1.94015 2
    endloop
  endfacet
  facet normal -0.360065 0.932927 0
    outer loop
      vertex -73.6425 -1.97724 2
      vertex -73.5464 -1.94015 0
      vertex -73.6425 -1.97724 0
    endloop
  endfacet
  facet normal -0.997278 -0.0737337 0
    outer loop
      vertex -72.2525 0.103042 0
      vertex -72.2601 0.205835 2
      vertex -72.2601 0.205835 0
    endloop
  endfacet
  facet normal -0.997278 -0.0737337 0
    outer loop
      vertex -72.2601 0.205835 2
      vertex -72.2525 0.103042 0
      vertex -72.2525 0.103042 2
    endloop
  endfacet
  facet normal -0.999706 -0.0242548 0
    outer loop
      vertex -72.25 0 0
      vertex -72.2525 0.103042 2
      vertex -72.2525 0.103042 0
    endloop
  endfacet
  facet normal -0.999706 -0.0242548 0
    outer loop
      vertex -72.2525 0.103042 2
      vertex -72.25 0 0
      vertex -72.25 0 2
    endloop
  endfacet
  facet normal -0.9925 -0.122246 0
    outer loop
      vertex -72.2601 0.205835 0
      vertex -72.2727 0.308133 2
      vertex -72.2727 0.308133 0
    endloop
  endfacet
  facet normal -0.9925 -0.122246 0
    outer loop
      vertex -72.2727 0.308133 2
      vertex -72.2601 0.205835 0
      vertex -72.2601 0.205835 2
    endloop
  endfacet
  facet normal -0.893003 0.450051 0
    outer loop
      vertex -72.498 -0.989933 0
      vertex -72.4516 -0.897865 2
      vertex -72.4516 -0.897865 0
    endloop
  endfacet
  facet normal -0.893003 0.450051 0
    outer loop
      vertex -72.4516 -0.897865 2
      vertex -72.498 -0.989933 0
      vertex -72.498 -0.989933 2
    endloop
  endfacet
  facet normal -0.534891 -0.844921 0
    outer loop
      vertex -73.2704 1.80123 0
      vertex -73.1833 1.74609 2
      vertex -73.2704 1.80123 2
    endloop
  endfacet
  facet normal -0.534891 -0.844921 -0
    outer loop
      vertex -73.1833 1.74609 2
      vertex -73.2704 1.80123 0
      vertex -73.1833 1.74609 0
    endloop
  endfacet
  facet normal 0.724115 -0.689679 0
    outer loop
      vertex -75.906 1.41027 2
      vertex -75.8349 1.48492 0
      vertex -75.8349 1.48492 2
    endloop
  endfacet
  facet normal 0.724115 -0.689679 0
    outer loop
      vertex -75.8349 1.48492 0
      vertex -75.906 1.41027 2
      vertex -75.906 1.41027 0
    endloop
  endfacet
  facet normal -0.932979 -0.359931 0
    outer loop
      vertex -72.3728 0.707468 0
      vertex -72.4099 0.803635 2
      vertex -72.4099 0.803635 0
    endloop
  endfacet
  facet normal -0.932979 -0.359931 0
    outer loop
      vertex -72.4099 0.803635 2
      vertex -72.3728 0.707468 0
      vertex -72.3728 0.707468 2
    endloop
  endfacet
  facet normal -0.914459 0.404679 0
    outer loop
      vertex -72.4516 -0.897865 0
      vertex -72.4099 -0.803635 2
      vertex -72.4099 -0.803635 0
    endloop
  endfacet
  facet normal -0.914459 0.404679 0
    outer loop
      vertex -72.4099 -0.803635 2
      vertex -72.4516 -0.897865 0
      vertex -72.4516 -0.897865 2
    endloop
  endfacet
  facet normal 0.0735358 0.997293 -0
    outer loop
      vertex -74.453 -2.09747 0
      vertex -74.5558 -2.08989 2
      vertex -74.453 -2.09747 2
    endloop
  endfacet
  facet normal 0.0735358 0.997293 0
    outer loop
      vertex -74.5558 -2.08989 2
      vertex -74.453 -2.09747 0
      vertex -74.5558 -2.08989 0
    endloop
  endfacet
  facet normal -0.985149 -0.1717 0
    outer loop
      vertex -72.2727 0.308133 0
      vertex -72.2904 0.409689 2
      vertex -72.2904 0.409689 0
    endloop
  endfacet
  facet normal -0.985149 -0.1717 0
    outer loop
      vertex -72.2904 0.409689 2
      vertex -72.2727 0.308133 0
      vertex -72.2727 0.308133 2
    endloop
  endfacet
  facet normal -0.404996 0.914319 0
    outer loop
      vertex -73.4521 -1.89838 0
      vertex -73.5464 -1.94015 2
      vertex -73.4521 -1.89838 2
    endloop
  endfacet
  facet normal -0.404996 0.914319 0
    outer loop
      vertex -73.5464 -1.94015 2
      vertex -73.4521 -1.89838 0
      vertex -73.5464 -1.94015 0
    endloop
  endfacet
  facet normal -0.219004 0.975724 0
    outer loop
      vertex -73.8397 -2.03707 0
      vertex -73.9403 -2.05965 2
      vertex -73.8397 -2.03707 2
    endloop
  endfacet
  facet normal -0.219004 0.975724 0
    outer loop
      vertex -73.9403 -2.05965 2
      vertex -73.8397 -2.03707 0
      vertex -73.9403 -2.05965 0
    endloop
  endfacet
  facet normal -0.615539 0.788107 0
    outer loop
      vertex -73.0178 -1.62332 0
      vertex -73.099 -1.68674 2
      vertex -73.0178 -1.62332 2
    endloop
  endfacet
  facet normal -0.615539 0.788107 0
    outer loop
      vertex -73.099 -1.68674 2
      vertex -73.0178 -1.62332 0
      vertex -73.099 -1.68674 0
    endloop
  endfacet
  facet normal -0.615539 -0.788107 0
    outer loop
      vertex -73.099 1.68674 0
      vertex -73.0178 1.62332 2
      vertex -73.099 1.68674 2
    endloop
  endfacet
  facet normal -0.615539 -0.788107 -0
    outer loop
      vertex -73.0178 1.62332 2
      vertex -73.099 1.68674 0
      vertex -73.0178 1.62332 0
    endloop
  endfacet
  facet normal -0.975875 -0.21833 0
    outer loop
      vertex -72.2904 0.409689 0
      vertex -72.3129 0.510258 2
      vertex -72.3129 0.510258 0
    endloop
  endfacet
  facet normal -0.975875 -0.21833 0
    outer loop
      vertex -72.3129 0.510258 2
      vertex -72.2904 0.409689 0
      vertex -72.2904 0.409689 2
    endloop
  endfacet
  facet normal 0.68982 -0.723981 0
    outer loop
      vertex -75.8349 1.48492 0
      vertex -75.7603 1.556 2
      vertex -75.8349 1.48492 2
    endloop
  endfacet
  facet normal 0.68982 -0.723981 0
    outer loop
      vertex -75.7603 1.556 2
      vertex -75.8349 1.48492 0
      vertex -75.7603 1.556 0
    endloop
  endfacet
  facet normal -0.9925 0.122246 0
    outer loop
      vertex -72.2727 -0.308133 0
      vertex -72.2601 -0.205835 2
      vertex -72.2601 -0.205835 0
    endloop
  endfacet
  facet normal -0.9925 0.122246 0
    outer loop
      vertex -72.2601 -0.205835 2
      vertex -72.2727 -0.308133 0
      vertex -72.2727 -0.308133 2
    endloop
  endfacet
  facet normal 0.975668 0.219253 0
    outer loop
      vertex -76.3871 -0.510258 2
      vertex -76.4097 -0.409689 0
      vertex -76.4097 -0.409689 2
    endloop
  endfacet
  facet normal 0.975668 0.219253 0
    outer loop
      vertex -76.4097 -0.409689 0
      vertex -76.3871 -0.510258 2
      vertex -76.3871 -0.510258 0
    endloop
  endfacet
  facet normal -0.757294 0.653074 0
    outer loop
      vertex -72.794 -1.41027 0
      vertex -72.7267 -1.33223 2
      vertex -72.7267 -1.33223 0
    endloop
  endfacet
  facet normal -0.757294 0.653074 0
    outer loop
      vertex -72.7267 -1.33223 2
      vertex -72.794 -1.41027 0
      vertex -72.794 -1.41027 2
    endloop
  endfacet
  facet normal 0.788421 0.615136 0
    outer loop
      vertex -75.9733 -1.33223 2
      vertex -76.0367 -1.25097 0
      vertex -76.0367 -1.25097 2
    endloop
  endfacet
  facet normal 0.788421 0.615136 0
    outer loop
      vertex -76.0367 -1.25097 0
      vertex -75.9733 -1.33223 2
      vertex -75.9733 -1.33223 0
    endloop
  endfacet
  facet normal 0.219004 -0.975724 0
    outer loop
      vertex -74.8603 2.03707 0
      vertex -74.7597 2.05965 2
      vertex -74.8603 2.03707 2
    endloop
  endfacet
  facet normal 0.219004 -0.975724 0
    outer loop
      vertex -74.7597 2.05965 2
      vertex -74.8603 2.03707 0
      vertex -74.7597 2.05965 0
    endloop
  endfacet
  facet normal 0.963753 -0.266796 0
    outer loop
      vertex -76.3871 0.510258 2
      vertex -76.3596 0.609597 0
      vertex -76.3596 0.609597 2
    endloop
  endfacet
  facet normal 0.963753 -0.266796 0
    outer loop
      vertex -76.3596 0.609597 0
      vertex -76.3871 0.510258 2
      vertex -76.3871 0.510258 0
    endloop
  endfacet
  facet normal -0.932979 0.359931 0
    outer loop
      vertex -72.4099 -0.803635 0
      vertex -72.3728 -0.707468 2
      vertex -72.3728 -0.707468 0
    endloop
  endfacet
  facet normal -0.932979 0.359931 0
    outer loop
      vertex -72.3728 -0.707468 2
      vertex -72.4099 -0.803635 0
      vertex -72.4099 -0.803635 2
    endloop
  endfacet
  facet normal 0.870116 0.492846 0
    outer loop
      vertex -76.1512 -1.07962 2
      vertex -76.202 -0.989933 0
      vertex -76.202 -0.989933 2
    endloop
  endfacet
  facet normal 0.870116 0.492846 0
    outer loop
      vertex -76.202 -0.989933 0
      vertex -76.1512 -1.07962 2
      vertex -76.1512 -1.07962 0
    endloop
  endfacet
  facet normal 0.615539 -0.788107 0
    outer loop
      vertex -75.6822 1.62332 0
      vertex -75.601 1.68674 2
      vertex -75.6822 1.62332 2
    endloop
  endfacet
  facet normal 0.615539 -0.788107 0
    outer loop
      vertex -75.601 1.68674 2
      vertex -75.6822 1.62332 0
      vertex -75.601 1.68674 0
    endloop
  endfacet
  facet normal 0.575674 -0.81768 0
    outer loop
      vertex -75.601 1.68674 0
      vertex -75.5167 1.74609 2
      vertex -75.601 1.68674 2
    endloop
  endfacet
  facet normal 0.575674 -0.81768 0
    outer loop
      vertex -75.5167 1.74609 2
      vertex -75.601 1.68674 0
      vertex -75.5167 1.74609 0
    endloop
  endfacet
  facet normal 0.219004 0.975724 -0
    outer loop
      vertex -74.7597 -2.05965 0
      vertex -74.8603 -2.03707 2
      vertex -74.7597 -2.05965 2
    endloop
  endfacet
  facet normal 0.219004 0.975724 0
    outer loop
      vertex -74.8603 -2.03707 2
      vertex -74.7597 -2.05965 0
      vertex -74.8603 -2.03707 0
    endloop
  endfacet
  facet normal -0.724115 -0.689679 0
    outer loop
      vertex -72.794 1.41027 0
      vertex -72.8651 1.48492 2
      vertex -72.8651 1.48492 0
    endloop
  endfacet
  facet normal -0.724115 -0.689679 0
    outer loop
      vertex -72.8651 1.48492 2
      vertex -72.794 1.41027 0
      vertex -72.794 1.41027 2
    endloop
  endfacet
  facet normal -0.757294 -0.653074 0
    outer loop
      vertex -72.7267 1.33223 0
      vertex -72.794 1.41027 2
      vertex -72.794 1.41027 0
    endloop
  endfacet
  facet normal -0.757294 -0.653074 0
    outer loop
      vertex -72.794 1.41027 2
      vertex -72.7267 1.33223 0
      vertex -72.7267 1.33223 2
    endloop
  endfacet
  facet normal -0.170875 0.985293 0
    outer loop
      vertex -73.9403 -2.05965 0
      vertex -74.0419 -2.07727 2
      vertex -73.9403 -2.05965 2
    endloop
  endfacet
  facet normal -0.170875 0.985293 0
    outer loop
      vertex -74.0419 -2.07727 2
      vertex -73.9403 -2.05965 0
      vertex -74.0419 -2.07727 0
    endloop
  endfacet
  facet normal -0.870116 -0.492846 0
    outer loop
      vertex -72.498 0.989933 0
      vertex -72.5488 1.07962 2
      vertex -72.5488 1.07962 0
    endloop
  endfacet
  facet normal -0.870116 -0.492846 0
    outer loop
      vertex -72.5488 1.07962 2
      vertex -72.498 0.989933 0
      vertex -72.498 0.989933 2
    endloop
  endfacet
  facet normal 0.757294 0.653074 0
    outer loop
      vertex -75.906 -1.41027 2
      vertex -75.9733 -1.33223 0
      vertex -75.9733 -1.33223 2
    endloop
  endfacet
  facet normal 0.757294 0.653074 0
    outer loop
      vertex -75.9733 -1.33223 0
      vertex -75.906 -1.41027 2
      vertex -75.906 -1.41027 0
    endloop
  endfacet
  facet normal -0.999706 0.0242548 0
    outer loop
      vertex -72.2525 -0.103042 0
      vertex -72.25 0 2
      vertex -72.25 0 0
    endloop
  endfacet
  facet normal -0.999706 0.0242548 0
    outer loop
      vertex -72.25 0 2
      vertex -72.2525 -0.103042 0
      vertex -72.2525 -0.103042 2
    endloop
  endfacet
  facet normal 0.404996 -0.914319 0
    outer loop
      vertex -75.2479 1.89838 0
      vertex -75.1536 1.94015 2
      vertex -75.2479 1.89838 2
    endloop
  endfacet
  facet normal 0.404996 -0.914319 0
    outer loop
      vertex -75.1536 1.94015 2
      vertex -75.2479 1.89838 0
      vertex -75.1536 1.94015 0
    endloop
  endfacet
  facet normal -0.313579 0.949562 0
    outer loop
      vertex -73.6425 -1.97724 0
      vertex -73.7404 -2.00957 2
      vertex -73.6425 -1.97724 2
    endloop
  endfacet
  facet normal -0.313579 0.949562 0
    outer loop
      vertex -73.7404 -2.00957 2
      vertex -73.6425 -1.97724 0
      vertex -73.7404 -2.00957 0
    endloop
  endfacet
  facet normal -0.997278 0.0737337 0
    outer loop
      vertex -72.2601 -0.205835 0
      vertex -72.2525 -0.103042 2
      vertex -72.2525 -0.103042 0
    endloop
  endfacet
  facet normal -0.997278 0.0737337 0
    outer loop
      vertex -72.2525 -0.103042 2
      vertex -72.2601 -0.205835 0
      vertex -72.2601 -0.205835 2
    endloop
  endfacet
  facet normal -0.0245557 -0.999698 0
    outer loop
      vertex -74.35 2.1 0
      vertex -74.247 2.09747 2
      vertex -74.35 2.1 2
    endloop
  endfacet
  facet normal -0.0245557 -0.999698 -0
    outer loop
      vertex -74.247 2.09747 2
      vertex -74.35 2.1 0
      vertex -74.247 2.09747 0
    endloop
  endfacet
  facet normal 0.870116 -0.492846 0
    outer loop
      vertex -76.202 0.989933 2
      vertex -76.1512 1.07962 0
      vertex -76.1512 1.07962 2
    endloop
  endfacet
  facet normal 0.870116 -0.492846 0
    outer loop
      vertex -76.1512 1.07962 0
      vertex -76.202 0.989933 2
      vertex -76.202 0.989933 0
    endloop
  endfacet
  facet normal -0.492792 -0.870147 0
    outer loop
      vertex -73.3601 1.85203 0
      vertex -73.2704 1.80123 2
      vertex -73.3601 1.85203 2
    endloop
  endfacet
  facet normal -0.492792 -0.870147 -0
    outer loop
      vertex -73.2704 1.80123 2
      vertex -73.3601 1.85203 0
      vertex -73.2704 1.80123 0
    endloop
  endfacet
  facet normal 0.266893 0.963726 -0
    outer loop
      vertex -74.8603 -2.03707 0
      vertex -74.9596 -2.00957 2
      vertex -74.8603 -2.03707 2
    endloop
  endfacet
  facet normal 0.266893 0.963726 0
    outer loop
      vertex -74.9596 -2.00957 2
      vertex -74.8603 -2.03707 0
      vertex -74.9596 -2.00957 0
    endloop
  endfacet
  facet normal 0.68982 0.723981 -0
    outer loop
      vertex -75.7603 -1.556 0
      vertex -75.8349 -1.48492 2
      vertex -75.7603 -1.556 2
    endloop
  endfacet
  facet normal 0.68982 0.723981 0
    outer loop
      vertex -75.8349 -1.48492 2
      vertex -75.7603 -1.556 0
      vertex -75.8349 -1.48492 0
    endloop
  endfacet
  facet normal -0.44993 -0.893064 0
    outer loop
      vertex -73.4521 1.89838 0
      vertex -73.3601 1.85203 2
      vertex -73.4521 1.89838 2
    endloop
  endfacet
  facet normal -0.44993 -0.893064 -0
    outer loop
      vertex -73.3601 1.85203 2
      vertex -73.4521 1.89838 0
      vertex -73.3601 1.85203 0
    endloop
  endfacet
  facet normal 0.975668 -0.219253 0
    outer loop
      vertex -76.4097 0.409689 2
      vertex -76.3871 0.510258 0
      vertex -76.3871 0.510258 2
    endloop
  endfacet
  facet normal 0.975668 -0.219253 0
    outer loop
      vertex -76.3871 0.510258 0
      vertex -76.4097 0.409689 2
      vertex -76.4097 0.409689 0
    endloop
  endfacet
  facet normal 0.492792 -0.870147 0
    outer loop
      vertex -75.4296 1.80123 0
      vertex -75.3399 1.85203 2
      vertex -75.4296 1.80123 2
    endloop
  endfacet
  facet normal 0.492792 -0.870147 0
    outer loop
      vertex -75.3399 1.85203 2
      vertex -75.4296 1.80123 0
      vertex -75.3399 1.85203 0
    endloop
  endfacet
  facet normal 0.122435 0.992477 -0
    outer loop
      vertex -74.5558 -2.08989 0
      vertex -74.6581 -2.07727 2
      vertex -74.5558 -2.08989 2
    endloop
  endfacet
  facet normal 0.122435 0.992477 0
    outer loop
      vertex -74.6581 -2.07727 2
      vertex -74.5558 -2.08989 0
      vertex -74.6581 -2.07727 0
    endloop
  endfacet
  facet normal -0.975875 0.21833 0
    outer loop
      vertex -72.3129 -0.510258 0
      vertex -72.2904 -0.409689 2
      vertex -72.2904 -0.409689 0
    endloop
  endfacet
  facet normal -0.975875 0.21833 0
    outer loop
      vertex -72.2904 -0.409689 2
      vertex -72.3129 -0.510258 0
      vertex -72.3129 -0.510258 2
    endloop
  endfacet
  facet normal 0.845041 0.534701 0
    outer loop
      vertex -76.0961 -1.1667 2
      vertex -76.1512 -1.07962 0
      vertex -76.1512 -1.07962 2
    endloop
  endfacet
  facet normal 0.845041 0.534701 0
    outer loop
      vertex -76.1512 -1.07962 0
      vertex -76.0961 -1.1667 2
      vertex -76.0961 -1.1667 0
    endloop
  endfacet
  facet normal -0.652897 -0.757446 0
    outer loop
      vertex -73.0178 1.62332 0
      vertex -72.9397 1.556 2
      vertex -73.0178 1.62332 2
    endloop
  endfacet
  facet normal -0.652897 -0.757446 -0
    outer loop
      vertex -72.9397 1.556 2
      vertex -73.0178 1.62332 0
      vertex -72.9397 1.556 0
    endloop
  endfacet
  facet normal -0.914459 -0.404679 0
    outer loop
      vertex -72.4099 0.803635 0
      vertex -72.4516 0.897865 2
      vertex -72.4516 0.897865 0
    endloop
  endfacet
  facet normal -0.914459 -0.404679 0
    outer loop
      vertex -72.4516 0.897865 2
      vertex -72.4099 0.803635 0
      vertex -72.4099 0.803635 2
    endloop
  endfacet
  facet normal 0.999706 -0.0242548 0
    outer loop
      vertex -76.45 0 2
      vertex -76.4475 0.103042 0
      vertex -76.4475 0.103042 2
    endloop
  endfacet
  facet normal 0.999706 -0.0242548 0
    outer loop
      vertex -76.4475 0.103042 0
      vertex -76.45 0 2
      vertex -76.45 0 0
    endloop
  endfacet
  facet normal 0.817355 0.576135 0
    outer loop
      vertex -76.0367 -1.25097 2
      vertex -76.0961 -1.1667 0
      vertex -76.0961 -1.1667 2
    endloop
  endfacet
  facet normal 0.817355 0.576135 0
    outer loop
      vertex -76.0961 -1.1667 0
      vertex -76.0367 -1.25097 2
      vertex -76.0367 -1.25097 0
    endloop
  endfacet
  facet normal -0.170875 -0.985293 0
    outer loop
      vertex -74.0419 2.07727 0
      vertex -73.9403 2.05965 2
      vertex -74.0419 2.07727 2
    endloop
  endfacet
  facet normal -0.170875 -0.985293 -0
    outer loop
      vertex -73.9403 2.05965 2
      vertex -74.0419 2.07727 0
      vertex -73.9403 2.05965 0
    endloop
  endfacet
  facet normal -0.845041 0.534701 0
    outer loop
      vertex -72.6039 -1.1667 0
      vertex -72.5488 -1.07962 2
      vertex -72.5488 -1.07962 0
    endloop
  endfacet
  facet normal -0.845041 0.534701 0
    outer loop
      vertex -72.5488 -1.07962 2
      vertex -72.6039 -1.1667 0
      vertex -72.6039 -1.1667 2
    endloop
  endfacet
  facet normal -0.949332 -0.314275 0
    outer loop
      vertex -72.3404 0.609597 0
      vertex -72.3728 0.707468 2
      vertex -72.3728 0.707468 0
    endloop
  endfacet
  facet normal -0.949332 -0.314275 0
    outer loop
      vertex -72.3728 0.707468 2
      vertex -72.3404 0.609597 0
      vertex -72.3404 0.609597 2
    endloop
  endfacet
  facet normal -0.724115 0.689679 0
    outer loop
      vertex -72.8651 -1.48492 0
      vertex -72.794 -1.41027 2
      vertex -72.794 -1.41027 0
    endloop
  endfacet
  facet normal -0.724115 0.689679 0
    outer loop
      vertex -72.794 -1.41027 2
      vertex -72.8651 -1.48492 0
      vertex -72.8651 -1.48492 2
    endloop
  endfacet
  facet normal -0.817355 -0.576135 0
    outer loop
      vertex -72.6039 1.1667 0
      vertex -72.6633 1.25097 2
      vertex -72.6633 1.25097 0
    endloop
  endfacet
  facet normal -0.817355 -0.576135 0
    outer loop
      vertex -72.6633 1.25097 2
      vertex -72.6039 1.1667 0
      vertex -72.6039 1.1667 2
    endloop
  endfacet
  facet normal -0.949332 0.314275 0
    outer loop
      vertex -72.3728 -0.707468 0
      vertex -72.3404 -0.609597 2
      vertex -72.3404 -0.609597 0
    endloop
  endfacet
  facet normal -0.949332 0.314275 0
    outer loop
      vertex -72.3404 -0.609597 2
      vertex -72.3728 -0.707468 0
      vertex -72.3728 -0.707468 2
    endloop
  endfacet
  facet normal -0.0735358 -0.997293 0
    outer loop
      vertex -74.247 2.09747 0
      vertex -74.1442 2.08989 2
      vertex -74.247 2.09747 2
    endloop
  endfacet
  facet normal -0.0735358 -0.997293 -0
    outer loop
      vertex -74.1442 2.08989 2
      vertex -74.247 2.09747 0
      vertex -74.1442 2.08989 0
    endloop
  endfacet
  facet normal -0.68982 0.723981 0
    outer loop
      vertex -72.8651 -1.48492 0
      vertex -72.9397 -1.556 2
      vertex -72.8651 -1.48492 2
    endloop
  endfacet
  facet normal -0.68982 0.723981 0
    outer loop
      vertex -72.9397 -1.556 2
      vertex -72.8651 -1.48492 0
      vertex -72.9397 -1.556 0
    endloop
  endfacet
  facet normal 0.757294 -0.653074 0
    outer loop
      vertex -75.9733 1.33223 2
      vertex -75.906 1.41027 0
      vertex -75.906 1.41027 2
    endloop
  endfacet
  facet normal 0.757294 -0.653074 0
    outer loop
      vertex -75.906 1.41027 0
      vertex -75.9733 1.33223 2
      vertex -75.9733 1.33223 0
    endloop
  endfacet
  facet normal 0.652897 -0.757446 0
    outer loop
      vertex -75.7603 1.556 0
      vertex -75.6822 1.62332 2
      vertex -75.7603 1.556 2
    endloop
  endfacet
  facet normal 0.652897 -0.757446 0
    outer loop
      vertex -75.6822 1.62332 2
      vertex -75.7603 1.556 0
      vertex -75.6822 1.62332 0
    endloop
  endfacet
  facet normal 0.9925 0.122246 0
    outer loop
      vertex -76.4273 -0.308133 2
      vertex -76.4399 -0.205835 0
      vertex -76.4399 -0.205835 2
    endloop
  endfacet
  facet normal 0.9925 0.122246 0
    outer loop
      vertex -76.4399 -0.205835 0
      vertex -76.4273 -0.308133 2
      vertex -76.4273 -0.308133 0
    endloop
  endfacet
  facet normal -0.893003 -0.450051 0
    outer loop
      vertex -72.4516 0.897865 0
      vertex -72.498 0.989933 2
      vertex -72.498 0.989933 0
    endloop
  endfacet
  facet normal -0.893003 -0.450051 0
    outer loop
      vertex -72.498 0.989933 2
      vertex -72.4516 0.897865 0
      vertex -72.4516 0.897865 2
    endloop
  endfacet
  facet normal 0.932979 0.359931 0
    outer loop
      vertex -76.2901 -0.803635 2
      vertex -76.3272 -0.707468 0
      vertex -76.3272 -0.707468 2
    endloop
  endfacet
  facet normal 0.932979 0.359931 0
    outer loop
      vertex -76.3272 -0.707468 0
      vertex -76.2901 -0.803635 2
      vertex -76.2901 -0.803635 0
    endloop
  endfacet
  facet normal -0.845041 -0.534701 0
    outer loop
      vertex -72.5488 1.07962 0
      vertex -72.6039 1.1667 2
      vertex -72.6039 1.1667 0
    endloop
  endfacet
  facet normal -0.845041 -0.534701 0
    outer loop
      vertex -72.6039 1.1667 2
      vertex -72.5488 1.07962 0
      vertex -72.5488 1.07962 2
    endloop
  endfacet
  facet normal -0.404996 -0.914319 0
    outer loop
      vertex -73.5464 1.94015 0
      vertex -73.4521 1.89838 2
      vertex -73.5464 1.94015 2
    endloop
  endfacet
  facet normal -0.404996 -0.914319 -0
    outer loop
      vertex -73.4521 1.89838 2
      vertex -73.5464 1.94015 0
      vertex -73.4521 1.89838 0
    endloop
  endfacet
  facet normal -0.360065 -0.932927 0
    outer loop
      vertex -73.6425 1.97724 0
      vertex -73.5464 1.94015 2
      vertex -73.6425 1.97724 2
    endloop
  endfacet
  facet normal -0.360065 -0.932927 -0
    outer loop
      vertex -73.5464 1.94015 2
      vertex -73.6425 1.97724 0
      vertex -73.5464 1.94015 0
    endloop
  endfacet
  facet normal -0.266893 -0.963726 0
    outer loop
      vertex -73.8397 2.03707 0
      vertex -73.7404 2.00957 2
      vertex -73.8397 2.03707 2
    endloop
  endfacet
  facet normal -0.266893 -0.963726 -0
    outer loop
      vertex -73.7404 2.00957 2
      vertex -73.8397 2.03707 0
      vertex -73.7404 2.00957 0
    endloop
  endfacet
  facet normal 0.932979 -0.359931 0
    outer loop
      vertex -76.3272 0.707468 2
      vertex -76.2901 0.803635 0
      vertex -76.2901 0.803635 2
    endloop
  endfacet
  facet normal 0.932979 -0.359931 0
    outer loop
      vertex -76.2901 0.803635 0
      vertex -76.3272 0.707468 2
      vertex -76.3272 0.707468 0
    endloop
  endfacet
  facet normal -0.963753 -0.266796 0
    outer loop
      vertex -72.3129 0.510258 0
      vertex -72.3404 0.609597 2
      vertex -72.3404 0.609597 0
    endloop
  endfacet
  facet normal -0.963753 -0.266796 0
    outer loop
      vertex -72.3404 0.609597 2
      vertex -72.3129 0.510258 0
      vertex -72.3129 0.510258 2
    endloop
  endfacet
  facet normal 0.0245557 -0.999698 0
    outer loop
      vertex -74.453 2.09747 0
      vertex -74.35 2.1 2
      vertex -74.453 2.09747 2
    endloop
  endfacet
  facet normal 0.0245557 -0.999698 0
    outer loop
      vertex -74.35 2.1 2
      vertex -74.453 2.09747 0
      vertex -74.35 2.1 0
    endloop
  endfacet
  facet normal -0.985149 0.1717 0
    outer loop
      vertex -72.2904 -0.409689 0
      vertex -72.2727 -0.308133 2
      vertex -72.2727 -0.308133 0
    endloop
  endfacet
  facet normal -0.985149 0.1717 0
    outer loop
      vertex -72.2727 -0.308133 2
      vertex -72.2904 -0.409689 0
      vertex -72.2904 -0.409689 2
    endloop
  endfacet
  facet normal -0.575674 -0.81768 0
    outer loop
      vertex -73.1833 1.74609 0
      vertex -73.099 1.68674 2
      vertex -73.1833 1.74609 2
    endloop
  endfacet
  facet normal -0.575674 -0.81768 -0
    outer loop
      vertex -73.099 1.68674 2
      vertex -73.1833 1.74609 0
      vertex -73.099 1.68674 0
    endloop
  endfacet
  facet normal 0.893003 0.450051 0
    outer loop
      vertex -76.202 -0.989933 2
      vertex -76.2484 -0.897865 0
      vertex -76.2484 -0.897865 2
    endloop
  endfacet
  facet normal 0.893003 0.450051 0
    outer loop
      vertex -76.2484 -0.897865 0
      vertex -76.202 -0.989933 2
      vertex -76.202 -0.989933 0
    endloop
  endfacet
  facet normal 0.44993 0.893064 -0
    outer loop
      vertex -75.2479 -1.89838 0
      vertex -75.3399 -1.85203 2
      vertex -75.2479 -1.89838 2
    endloop
  endfacet
  facet normal 0.44993 0.893064 0
    outer loop
      vertex -75.3399 -1.85203 2
      vertex -75.2479 -1.89838 0
      vertex -75.3399 -1.85203 0
    endloop
  endfacet
  facet normal 0.360065 -0.932927 0
    outer loop
      vertex -75.1536 1.94015 0
      vertex -75.0575 1.97724 2
      vertex -75.1536 1.94015 2
    endloop
  endfacet
  facet normal 0.360065 -0.932927 0
    outer loop
      vertex -75.0575 1.97724 2
      vertex -75.1536 1.94015 0
      vertex -75.0575 1.97724 0
    endloop
  endfacet
  facet normal -0.534891 0.844921 0
    outer loop
      vertex -73.1833 -1.74609 0
      vertex -73.2704 -1.80123 2
      vertex -73.1833 -1.74609 2
    endloop
  endfacet
  facet normal -0.534891 0.844921 0
    outer loop
      vertex -73.2704 -1.80123 2
      vertex -73.1833 -1.74609 0
      vertex -73.2704 -1.80123 0
    endloop
  endfacet
  facet normal 0.170875 -0.985293 0
    outer loop
      vertex -74.7597 2.05965 0
      vertex -74.6581 2.07727 2
      vertex -74.7597 2.05965 2
    endloop
  endfacet
  facet normal 0.170875 -0.985293 0
    outer loop
      vertex -74.6581 2.07727 2
      vertex -74.7597 2.05965 0
      vertex -74.6581 2.07727 0
    endloop
  endfacet
  facet normal -0.492792 0.870147 0
    outer loop
      vertex -73.2704 -1.80123 0
      vertex -73.3601 -1.85203 2
      vertex -73.2704 -1.80123 2
    endloop
  endfacet
  facet normal -0.492792 0.870147 0
    outer loop
      vertex -73.3601 -1.85203 2
      vertex -73.2704 -1.80123 0
      vertex -73.3601 -1.85203 0
    endloop
  endfacet
  facet normal -0.963753 0.266796 0
    outer loop
      vertex -72.3404 -0.609597 0
      vertex -72.3129 -0.510258 2
      vertex -72.3129 -0.510258 0
    endloop
  endfacet
  facet normal -0.963753 0.266796 0
    outer loop
      vertex -72.3129 -0.510258 2
      vertex -72.3404 -0.609597 0
      vertex -72.3404 -0.609597 2
    endloop
  endfacet
  facet normal 0.949332 0.314275 0
    outer loop
      vertex -76.3272 -0.707468 2
      vertex -76.3596 -0.609597 0
      vertex -76.3596 -0.609597 2
    endloop
  endfacet
  facet normal 0.949332 0.314275 0
    outer loop
      vertex -76.3596 -0.609597 0
      vertex -76.3272 -0.707468 2
      vertex -76.3272 -0.707468 0
    endloop
  endfacet
  facet normal 0.999706 0.0242548 0
    outer loop
      vertex -76.4475 -0.103042 2
      vertex -76.45 0 0
      vertex -76.45 0 2
    endloop
  endfacet
  facet normal 0.999706 0.0242548 0
    outer loop
      vertex -76.45 0 0
      vertex -76.4475 -0.103042 2
      vertex -76.4475 -0.103042 0
    endloop
  endfacet
  facet normal 0.985313 -0.170758 0
    outer loop
      vertex -76.4273 0.308133 2
      vertex -76.4097 0.409689 0
      vertex -76.4097 0.409689 2
    endloop
  endfacet
  facet normal 0.985313 -0.170758 0
    outer loop
      vertex -76.4097 0.409689 0
      vertex -76.4273 0.308133 2
      vertex -76.4273 0.308133 0
    endloop
  endfacet
  facet normal 0.788421 -0.615136 0
    outer loop
      vertex -76.0367 1.25097 2
      vertex -75.9733 1.33223 0
      vertex -75.9733 1.33223 2
    endloop
  endfacet
  facet normal 0.788421 -0.615136 0
    outer loop
      vertex -75.9733 1.33223 0
      vertex -76.0367 1.25097 2
      vertex -76.0367 1.25097 0
    endloop
  endfacet
  facet normal -0.788421 -0.615136 0
    outer loop
      vertex -72.6633 1.25097 0
      vertex -72.7267 1.33223 2
      vertex -72.7267 1.33223 0
    endloop
  endfacet
  facet normal -0.788421 -0.615136 0
    outer loop
      vertex -72.7267 1.33223 2
      vertex -72.6633 1.25097 0
      vertex -72.6633 1.25097 2
    endloop
  endfacet
  facet normal 0.122435 -0.992477 0
    outer loop
      vertex -74.6581 2.07727 0
      vertex -74.5558 2.08989 2
      vertex -74.6581 2.07727 2
    endloop
  endfacet
  facet normal 0.122435 -0.992477 0
    outer loop
      vertex -74.5558 2.08989 2
      vertex -74.6581 2.07727 0
      vertex -74.5558 2.08989 0
    endloop
  endfacet
  facet normal -0.122435 0.992477 0
    outer loop
      vertex -74.0419 -2.07727 0
      vertex -74.1442 -2.08989 2
      vertex -74.0419 -2.07727 2
    endloop
  endfacet
  facet normal -0.122435 0.992477 0
    outer loop
      vertex -74.1442 -2.08989 2
      vertex -74.0419 -2.07727 0
      vertex -74.1442 -2.08989 0
    endloop
  endfacet
  facet normal -0.0735358 0.997293 0
    outer loop
      vertex -74.1442 -2.08989 0
      vertex -74.247 -2.09747 2
      vertex -74.1442 -2.08989 2
    endloop
  endfacet
  facet normal -0.0735358 0.997293 0
    outer loop
      vertex -74.247 -2.09747 2
      vertex -74.1442 -2.08989 0
      vertex -74.247 -2.09747 0
    endloop
  endfacet
  facet normal 0.0735358 -0.997293 0
    outer loop
      vertex -74.5558 2.08989 0
      vertex -74.453 2.09747 2
      vertex -74.5558 2.08989 2
    endloop
  endfacet
  facet normal 0.0735358 -0.997293 0
    outer loop
      vertex -74.453 2.09747 2
      vertex -74.5558 2.08989 0
      vertex -74.453 2.09747 0
    endloop
  endfacet
  facet normal -0.788421 0.615136 0
    outer loop
      vertex -72.7267 -1.33223 0
      vertex -72.6633 -1.25097 2
      vertex -72.6633 -1.25097 0
    endloop
  endfacet
  facet normal -0.788421 0.615136 0
    outer loop
      vertex -72.6633 -1.25097 2
      vertex -72.7267 -1.33223 0
      vertex -72.7267 -1.33223 2
    endloop
  endfacet
  facet normal -0.122435 -0.992477 0
    outer loop
      vertex -74.1442 2.08989 0
      vertex -74.0419 2.07727 2
      vertex -74.1442 2.08989 2
    endloop
  endfacet
  facet normal -0.122435 -0.992477 -0
    outer loop
      vertex -74.0419 2.07727 2
      vertex -74.1442 2.08989 0
      vertex -74.0419 2.07727 0
    endloop
  endfacet
  facet normal -0.0245557 0.999698 0
    outer loop
      vertex -74.247 -2.09747 0
      vertex -74.35 -2.1 2
      vertex -74.247 -2.09747 2
    endloop
  endfacet
  facet normal -0.0245557 0.999698 0
    outer loop
      vertex -74.35 -2.1 2
      vertex -74.247 -2.09747 0
      vertex -74.35 -2.1 0
    endloop
  endfacet
  facet normal 0.360065 0.932927 -0
    outer loop
      vertex -75.0575 -1.97724 0
      vertex -75.1536 -1.94015 2
      vertex -75.0575 -1.97724 2
    endloop
  endfacet
  facet normal 0.360065 0.932927 0
    outer loop
      vertex -75.1536 -1.94015 2
      vertex -75.0575 -1.97724 0
      vertex -75.1536 -1.94015 0
    endloop
  endfacet
  facet normal 0.313579 0.949562 -0
    outer loop
      vertex -74.9596 -2.00957 0
      vertex -75.0575 -1.97724 2
      vertex -74.9596 -2.00957 2
    endloop
  endfacet
  facet normal 0.313579 0.949562 0
    outer loop
      vertex -75.0575 -1.97724 2
      vertex -74.9596 -2.00957 0
      vertex -75.0575 -1.97724 0
    endloop
  endfacet
  facet normal 0.985313 0.170758 0
    outer loop
      vertex -76.4097 -0.409689 2
      vertex -76.4273 -0.308133 0
      vertex -76.4273 -0.308133 2
    endloop
  endfacet
  facet normal 0.985313 0.170758 0
    outer loop
      vertex -76.4273 -0.308133 0
      vertex -76.4097 -0.409689 2
      vertex -76.4097 -0.409689 0
    endloop
  endfacet
  facet normal 0.575674 0.81768 -0
    outer loop
      vertex -75.5167 -1.74609 0
      vertex -75.601 -1.68674 2
      vertex -75.5167 -1.74609 2
    endloop
  endfacet
  facet normal 0.575674 0.81768 0
    outer loop
      vertex -75.601 -1.68674 2
      vertex -75.5167 -1.74609 0
      vertex -75.601 -1.68674 0
    endloop
  endfacet
  facet normal -0.266893 0.963726 0
    outer loop
      vertex -73.7404 -2.00957 0
      vertex -73.8397 -2.03707 2
      vertex -73.7404 -2.00957 2
    endloop
  endfacet
  facet normal -0.266893 0.963726 0
    outer loop
      vertex -73.8397 -2.03707 2
      vertex -73.7404 -2.00957 0
      vertex -73.8397 -2.03707 0
    endloop
  endfacet
  facet normal -0.44993 0.893064 0
    outer loop
      vertex -73.3601 -1.85203 0
      vertex -73.4521 -1.89838 2
      vertex -73.3601 -1.85203 2
    endloop
  endfacet
  facet normal -0.44993 0.893064 0
    outer loop
      vertex -73.4521 -1.89838 2
      vertex -73.3601 -1.85203 0
      vertex -73.4521 -1.89838 0
    endloop
  endfacet
  facet normal 0.963753 0.266796 0
    outer loop
      vertex -76.3596 -0.609597 2
      vertex -76.3871 -0.510258 0
      vertex -76.3871 -0.510258 2
    endloop
  endfacet
  facet normal 0.963753 0.266796 0
    outer loop
      vertex -76.3871 -0.510258 0
      vertex -76.3596 -0.609597 2
      vertex -76.3596 -0.609597 0
    endloop
  endfacet
  facet normal 0.652897 0.757446 -0
    outer loop
      vertex -75.6822 -1.62332 0
      vertex -75.7603 -1.556 2
      vertex -75.6822 -1.62332 2
    endloop
  endfacet
  facet normal 0.652897 0.757446 0
    outer loop
      vertex -75.7603 -1.556 2
      vertex -75.6822 -1.62332 0
      vertex -75.7603 -1.556 0
    endloop
  endfacet
  facet normal 0.724115 0.689679 0
    outer loop
      vertex -75.8349 -1.48492 2
      vertex -75.906 -1.41027 0
      vertex -75.906 -1.41027 2
    endloop
  endfacet
  facet normal 0.724115 0.689679 0
    outer loop
      vertex -75.906 -1.41027 0
      vertex -75.8349 -1.48492 2
      vertex -75.8349 -1.48492 0
    endloop
  endfacet
  facet normal 0.914459 0.404679 0
    outer loop
      vertex -76.2484 -0.897865 2
      vertex -76.2901 -0.803635 0
      vertex -76.2901 -0.803635 2
    endloop
  endfacet
  facet normal 0.914459 0.404679 0
    outer loop
      vertex -76.2901 -0.803635 0
      vertex -76.2484 -0.897865 2
      vertex -76.2484 -0.897865 0
    endloop
  endfacet
  facet normal -0.68982 -0.723981 0
    outer loop
      vertex -72.9397 1.556 0
      vertex -72.8651 1.48492 2
      vertex -72.9397 1.556 2
    endloop
  endfacet
  facet normal -0.68982 -0.723981 -0
    outer loop
      vertex -72.8651 1.48492 2
      vertex -72.9397 1.556 0
      vertex -72.8651 1.48492 0
    endloop
  endfacet
  facet normal -0.870116 0.492846 0
    outer loop
      vertex -72.5488 -1.07962 0
      vertex -72.498 -0.989933 2
      vertex -72.498 -0.989933 0
    endloop
  endfacet
  facet normal -0.870116 0.492846 0
    outer loop
      vertex -72.498 -0.989933 2
      vertex -72.5488 -1.07962 0
      vertex -72.5488 -1.07962 2
    endloop
  endfacet
  facet normal 0.949332 -0.314275 0
    outer loop
      vertex -76.3596 0.609597 2
      vertex -76.3272 0.707468 0
      vertex -76.3272 0.707468 2
    endloop
  endfacet
  facet normal 0.949332 -0.314275 0
    outer loop
      vertex -76.3272 0.707468 0
      vertex -76.3596 0.609597 2
      vertex -76.3596 0.609597 0
    endloop
  endfacet
  facet normal 0.266893 -0.963726 0
    outer loop
      vertex -74.9596 2.00957 0
      vertex -74.8603 2.03707 2
      vertex -74.9596 2.00957 2
    endloop
  endfacet
  facet normal 0.266893 -0.963726 0
    outer loop
      vertex -74.8603 2.03707 2
      vertex -74.9596 2.00957 0
      vertex -74.8603 2.03707 0
    endloop
  endfacet
  facet normal 0.997278 -0.0737337 0
    outer loop
      vertex -76.4475 0.103042 2
      vertex -76.4399 0.205835 0
      vertex -76.4399 0.205835 2
    endloop
  endfacet
  facet normal 0.997278 -0.0737337 0
    outer loop
      vertex -76.4399 0.205835 0
      vertex -76.4475 0.103042 2
      vertex -76.4475 0.103042 0
    endloop
  endfacet
  facet normal -0.652897 0.757446 0
    outer loop
      vertex -72.9397 -1.556 0
      vertex -73.0178 -1.62332 2
      vertex -72.9397 -1.556 2
    endloop
  endfacet
  facet normal -0.652897 0.757446 0
    outer loop
      vertex -73.0178 -1.62332 2
      vertex -72.9397 -1.556 0
      vertex -73.0178 -1.62332 0
    endloop
  endfacet
  facet normal 0.534891 -0.844921 0
    outer loop
      vertex -75.5167 1.74609 0
      vertex -75.4296 1.80123 2
      vertex -75.5167 1.74609 2
    endloop
  endfacet
  facet normal 0.534891 -0.844921 0
    outer loop
      vertex -75.4296 1.80123 2
      vertex -75.5167 1.74609 0
      vertex -75.4296 1.80123 0
    endloop
  endfacet
  facet normal -0.575674 0.81768 0
    outer loop
      vertex -73.099 -1.68674 0
      vertex -73.1833 -1.74609 2
      vertex -73.099 -1.68674 2
    endloop
  endfacet
  facet normal -0.575674 0.81768 0
    outer loop
      vertex -73.1833 -1.74609 2
      vertex -73.099 -1.68674 0
      vertex -73.1833 -1.74609 0
    endloop
  endfacet
  facet normal 0.9925 -0.122246 0
    outer loop
      vertex -76.4399 0.205835 2
      vertex -76.4273 0.308133 0
      vertex -76.4273 0.308133 2
    endloop
  endfacet
  facet normal 0.9925 -0.122246 0
    outer loop
      vertex -76.4273 0.308133 0
      vertex -76.4399 0.205835 2
      vertex -76.4399 0.205835 0
    endloop
  endfacet
  facet normal 0.404996 0.914319 -0
    outer loop
      vertex -75.1536 -1.94015 0
      vertex -75.2479 -1.89838 2
      vertex -75.1536 -1.94015 2
    endloop
  endfacet
  facet normal 0.404996 0.914319 0
    outer loop
      vertex -75.2479 -1.89838 2
      vertex -75.1536 -1.94015 0
      vertex -75.2479 -1.89838 0
    endloop
  endfacet
  facet normal -0.817355 0.576135 0
    outer loop
      vertex -72.6633 -1.25097 0
      vertex -72.6039 -1.1667 2
      vertex -72.6039 -1.1667 0
    endloop
  endfacet
  facet normal -0.817355 0.576135 0
    outer loop
      vertex -72.6039 -1.1667 2
      vertex -72.6633 -1.25097 0
      vertex -72.6633 -1.25097 2
    endloop
  endfacet
  facet normal 0.313579 -0.949562 0
    outer loop
      vertex -75.0575 1.97724 0
      vertex -74.9596 2.00957 2
      vertex -75.0575 1.97724 2
    endloop
  endfacet
  facet normal 0.313579 -0.949562 0
    outer loop
      vertex -74.9596 2.00957 2
      vertex -75.0575 1.97724 0
      vertex -74.9596 2.00957 0
    endloop
  endfacet
  facet normal 0.615539 0.788107 -0
    outer loop
      vertex -75.601 -1.68674 0
      vertex -75.6822 -1.62332 2
      vertex -75.601 -1.68674 2
    endloop
  endfacet
  facet normal 0.615539 0.788107 0
    outer loop
      vertex -75.6822 -1.62332 2
      vertex -75.601 -1.68674 0
      vertex -75.6822 -1.62332 0
    endloop
  endfacet
  facet normal -0.313579 -0.949562 0
    outer loop
      vertex -73.7404 2.00957 0
      vertex -73.6425 1.97724 2
      vertex -73.7404 2.00957 2
    endloop
  endfacet
  facet normal -0.313579 -0.949562 -0
    outer loop
      vertex -73.6425 1.97724 2
      vertex -73.7404 2.00957 0
      vertex -73.6425 1.97724 0
    endloop
  endfacet
  facet normal 0.170875 0.985293 -0
    outer loop
      vertex -74.6581 -2.07727 0
      vertex -74.7597 -2.05965 2
      vertex -74.6581 -2.07727 2
    endloop
  endfacet
  facet normal 0.170875 0.985293 0
    outer loop
      vertex -74.7597 -2.05965 2
      vertex -74.6581 -2.07727 0
      vertex -74.7597 -2.05965 0
    endloop
  endfacet
  facet normal 0.997278 0.0737337 0
    outer loop
      vertex -76.4399 -0.205835 2
      vertex -76.4475 -0.103042 0
      vertex -76.4475 -0.103042 2
    endloop
  endfacet
  facet normal 0.997278 0.0737337 0
    outer loop
      vertex -76.4475 -0.103042 0
      vertex -76.4399 -0.205835 2
      vertex -76.4399 -0.205835 0
    endloop
  endfacet
  facet normal 0.534891 0.844921 -0
    outer loop
      vertex -75.4296 -1.80123 0
      vertex -75.5167 -1.74609 2
      vertex -75.4296 -1.80123 2
    endloop
  endfacet
  facet normal 0.534891 0.844921 0
    outer loop
      vertex -75.5167 -1.74609 2
      vertex -75.4296 -1.80123 0
      vertex -75.5167 -1.74609 0
    endloop
  endfacet
  facet normal 0.0245557 0.999698 -0
    outer loop
      vertex -74.35 -2.1 0
      vertex -74.453 -2.09747 2
      vertex -74.35 -2.1 2
    endloop
  endfacet
  facet normal 0.0245557 0.999698 0
    outer loop
      vertex -74.453 -2.09747 2
      vertex -74.35 -2.1 0
      vertex -74.453 -2.09747 0
    endloop
  endfacet
  facet normal 0.845041 -0.534701 0
    outer loop
      vertex -76.1512 1.07962 2
      vertex -76.0961 1.1667 0
      vertex -76.0961 1.1667 2
    endloop
  endfacet
  facet normal 0.845041 -0.534701 0
    outer loop
      vertex -76.0961 1.1667 0
      vertex -76.1512 1.07962 2
      vertex -76.1512 1.07962 0
    endloop
  endfacet
  facet normal 0.817355 -0.576135 0
    outer loop
      vertex -76.0961 1.1667 2
      vertex -76.0367 1.25097 0
      vertex -76.0367 1.25097 2
    endloop
  endfacet
  facet normal 0.817355 -0.576135 0
    outer loop
      vertex -76.0367 1.25097 0
      vertex -76.0961 1.1667 2
      vertex -76.0961 1.1667 0
    endloop
  endfacet
  facet normal -0.219004 -0.975724 0
    outer loop
      vertex -73.9403 2.05965 0
      vertex -73.8397 2.03707 2
      vertex -73.9403 2.05965 2
    endloop
  endfacet
  facet normal -0.219004 -0.975724 -0
    outer loop
      vertex -73.8397 2.03707 2
      vertex -73.9403 2.05965 0
      vertex -73.8397 2.03707 0
    endloop
  endfacet
  facet normal 0.914459 -0.404679 0
    outer loop
      vertex -76.2901 0.803635 2
      vertex -76.2484 0.897865 0
      vertex -76.2484 0.897865 2
    endloop
  endfacet
  facet normal 0.914459 -0.404679 0
    outer loop
      vertex -76.2484 0.897865 0
      vertex -76.2901 0.803635 2
      vertex -76.2901 0.803635 0
    endloop
  endfacet
  facet normal 0.492792 0.870147 -0
    outer loop
      vertex -75.3399 -1.85203 0
      vertex -75.4296 -1.80123 2
      vertex -75.3399 -1.85203 2
    endloop
  endfacet
  facet normal 0.492792 0.870147 0
    outer loop
      vertex -75.4296 -1.80123 2
      vertex -75.3399 -1.85203 0
      vertex -75.4296 -1.80123 0
    endloop
  endfacet
  facet normal 0.44993 -0.893064 0
    outer loop
      vertex -75.3399 1.85203 0
      vertex -75.2479 1.89838 2
      vertex -75.3399 1.85203 2
    endloop
  endfacet
  facet normal 0.44993 -0.893064 0
    outer loop
      vertex -75.2479 1.89838 2
      vertex -75.3399 1.85203 0
      vertex -75.2479 1.89838 0
    endloop
  endfacet
  facet normal 0.893003 -0.450051 0
    outer loop
      vertex -76.2484 0.897865 2
      vertex -76.202 0.989933 0
      vertex -76.202 0.989933 2
    endloop
  endfacet
  facet normal 0.893003 -0.450051 0
    outer loop
      vertex -76.202 0.989933 0
      vertex -76.2484 0.897865 2
      vertex -76.2484 0.897865 0
    endloop
  endfacet
  facet normal -0.997278 -0.0737337 0
    outer loop
      vertex 76.4475 0.103042 0
      vertex 76.4399 0.205835 2
      vertex 76.4399 0.205835 0
    endloop
  endfacet
  facet normal -0.997278 -0.0737337 0
    outer loop
      vertex 76.4399 0.205835 2
      vertex 76.4475 0.103042 0
      vertex 76.4475 0.103042 2
    endloop
  endfacet
  facet normal -0.999706 -0.0242548 0
    outer loop
      vertex 76.45 0 0
      vertex 76.4475 0.103042 2
      vertex 76.4475 0.103042 0
    endloop
  endfacet
  facet normal -0.999706 -0.0242548 0
    outer loop
      vertex 76.4475 0.103042 2
      vertex 76.45 0 0
      vertex 76.45 0 2
    endloop
  endfacet
  facet normal -0.9925 -0.122246 0
    outer loop
      vertex 76.4399 0.205835 0
      vertex 76.4273 0.308133 2
      vertex 76.4273 0.308133 0
    endloop
  endfacet
  facet normal -0.9925 -0.122246 0
    outer loop
      vertex 76.4273 0.308133 2
      vertex 76.4399 0.205835 0
      vertex 76.4399 0.205835 2
    endloop
  endfacet
  facet normal -0.757294 -0.653074 0
    outer loop
      vertex 75.9733 1.33223 0
      vertex 75.906 1.41027 2
      vertex 75.906 1.41027 0
    endloop
  endfacet
  facet normal -0.757294 -0.653074 0
    outer loop
      vertex 75.906 1.41027 2
      vertex 75.9733 1.33223 0
      vertex 75.9733 1.33223 2
    endloop
  endfacet
  facet normal -0.0245557 0.999698 0
    outer loop
      vertex 74.453 -2.09747 0
      vertex 74.35 -2.1 2
      vertex 74.453 -2.09747 2
    endloop
  endfacet
  facet normal -0.0245557 0.999698 0
    outer loop
      vertex 74.35 -2.1 2
      vertex 74.453 -2.09747 0
      vertex 74.35 -2.1 0
    endloop
  endfacet
  facet normal -0.122435 0.992477 0
    outer loop
      vertex 74.6581 -2.07727 0
      vertex 74.5558 -2.08989 2
      vertex 74.6581 -2.07727 2
    endloop
  endfacet
  facet normal -0.122435 0.992477 0
    outer loop
      vertex 74.5558 -2.08989 2
      vertex 74.6581 -2.07727 0
      vertex 74.5558 -2.08989 0
    endloop
  endfacet
  facet normal 0.615539 -0.788107 0
    outer loop
      vertex 73.0178 1.62332 0
      vertex 73.099 1.68674 2
      vertex 73.0178 1.62332 2
    endloop
  endfacet
  facet normal 0.615539 -0.788107 0
    outer loop
      vertex 73.099 1.68674 2
      vertex 73.0178 1.62332 0
      vertex 73.099 1.68674 0
    endloop
  endfacet
  facet normal -0.652897 -0.757446 0
    outer loop
      vertex 75.6822 1.62332 0
      vertex 75.7603 1.556 2
      vertex 75.6822 1.62332 2
    endloop
  endfacet
  facet normal -0.652897 -0.757446 -0
    outer loop
      vertex 75.7603 1.556 2
      vertex 75.6822 1.62332 0
      vertex 75.7603 1.556 0
    endloop
  endfacet
  facet normal 0.360065 0.932927 -0
    outer loop
      vertex 73.6425 -1.97724 0
      vertex 73.5464 -1.94015 2
      vertex 73.6425 -1.97724 2
    endloop
  endfacet
  facet normal 0.360065 0.932927 0
    outer loop
      vertex 73.5464 -1.94015 2
      vertex 73.6425 -1.97724 0
      vertex 73.5464 -1.94015 0
    endloop
  endfacet
  facet normal -0.788421 0.615136 0
    outer loop
      vertex 75.9733 -1.33223 0
      vertex 76.0367 -1.25097 2
      vertex 76.0367 -1.25097 0
    endloop
  endfacet
  facet normal -0.788421 0.615136 0
    outer loop
      vertex 76.0367 -1.25097 2
      vertex 75.9733 -1.33223 0
      vertex 75.9733 -1.33223 2
    endloop
  endfacet
  facet normal -0.788421 -0.615136 0
    outer loop
      vertex 76.0367 1.25097 0
      vertex 75.9733 1.33223 2
      vertex 75.9733 1.33223 0
    endloop
  endfacet
  facet normal -0.788421 -0.615136 0
    outer loop
      vertex 75.9733 1.33223 2
      vertex 76.0367 1.25097 0
      vertex 76.0367 1.25097 2
    endloop
  endfacet
  facet normal 0.932979 0.359931 0
    outer loop
      vertex 72.4099 -0.803635 2
      vertex 72.3728 -0.707468 0
      vertex 72.3728 -0.707468 2
    endloop
  endfacet
  facet normal 0.932979 0.359931 0
    outer loop
      vertex 72.3728 -0.707468 0
      vertex 72.4099 -0.803635 2
      vertex 72.4099 -0.803635 0
    endloop
  endfacet
  facet normal -0.724115 0.689679 0
    outer loop
      vertex 75.8349 -1.48492 0
      vertex 75.906 -1.41027 2
      vertex 75.906 -1.41027 0
    endloop
  endfacet
  facet normal -0.724115 0.689679 0
    outer loop
      vertex 75.906 -1.41027 2
      vertex 75.8349 -1.48492 0
      vertex 75.8349 -1.48492 2
    endloop
  endfacet
  facet normal -0.975668 0.219253 0
    outer loop
      vertex 76.3871 -0.510258 0
      vertex 76.4097 -0.409689 2
      vertex 76.4097 -0.409689 0
    endloop
  endfacet
  facet normal -0.975668 0.219253 0
    outer loop
      vertex 76.4097 -0.409689 2
      vertex 76.3871 -0.510258 0
      vertex 76.3871 -0.510258 2
    endloop
  endfacet
  facet normal -0.997278 0.0737337 0
    outer loop
      vertex 76.4399 -0.205835 0
      vertex 76.4475 -0.103042 2
      vertex 76.4475 -0.103042 0
    endloop
  endfacet
  facet normal -0.997278 0.0737337 0
    outer loop
      vertex 76.4475 -0.103042 2
      vertex 76.4399 -0.205835 0
      vertex 76.4399 -0.205835 2
    endloop
  endfacet
  facet normal -0.949332 -0.314275 0
    outer loop
      vertex 76.3596 0.609597 0
      vertex 76.3272 0.707468 2
      vertex 76.3272 0.707468 0
    endloop
  endfacet
  facet normal -0.949332 -0.314275 0
    outer loop
      vertex 76.3272 0.707468 2
      vertex 76.3596 0.609597 0
      vertex 76.3596 0.609597 2
    endloop
  endfacet
  facet normal -0.0735358 0.997293 0
    outer loop
      vertex 74.5558 -2.08989 0
      vertex 74.453 -2.09747 2
      vertex 74.5558 -2.08989 2
    endloop
  endfacet
  facet normal -0.0735358 0.997293 0
    outer loop
      vertex 74.453 -2.09747 2
      vertex 74.5558 -2.08989 0
      vertex 74.453 -2.09747 0
    endloop
  endfacet
  facet normal -0.893003 0.450051 0
    outer loop
      vertex 76.202 -0.989933 0
      vertex 76.2484 -0.897865 2
      vertex 76.2484 -0.897865 0
    endloop
  endfacet
  facet normal -0.893003 0.450051 0
    outer loop
      vertex 76.2484 -0.897865 2
      vertex 76.202 -0.989933 0
      vertex 76.202 -0.989933 2
    endloop
  endfacet
  facet normal -0.313579 0.949562 0
    outer loop
      vertex 75.0575 -1.97724 0
      vertex 74.9596 -2.00957 2
      vertex 75.0575 -1.97724 2
    endloop
  endfacet
  facet normal -0.313579 0.949562 0
    outer loop
      vertex 74.9596 -2.00957 2
      vertex 75.0575 -1.97724 0
      vertex 74.9596 -2.00957 0
    endloop
  endfacet
  facet normal -0.870116 -0.492846 0
    outer loop
      vertex 76.202 0.989933 0
      vertex 76.1512 1.07962 2
      vertex 76.1512 1.07962 0
    endloop
  endfacet
  facet normal -0.870116 -0.492846 0
    outer loop
      vertex 76.1512 1.07962 2
      vertex 76.202 0.989933 0
      vertex 76.202 0.989933 2
    endloop
  endfacet
  facet normal -0.219004 0.975724 0
    outer loop
      vertex 74.8603 -2.03707 0
      vertex 74.7597 -2.05965 2
      vertex 74.8603 -2.03707 2
    endloop
  endfacet
  facet normal -0.219004 0.975724 0
    outer loop
      vertex 74.7597 -2.05965 2
      vertex 74.8603 -2.03707 0
      vertex 74.7597 -2.05965 0
    endloop
  endfacet
  facet normal -0.575674 -0.81768 0
    outer loop
      vertex 75.5167 1.74609 0
      vertex 75.601 1.68674 2
      vertex 75.5167 1.74609 2
    endloop
  endfacet
  facet normal -0.575674 -0.81768 -0
    outer loop
      vertex 75.601 1.68674 2
      vertex 75.5167 1.74609 0
      vertex 75.601 1.68674 0
    endloop
  endfacet
  facet normal 0.9925 -0.122246 0
    outer loop
      vertex 72.2601 0.205835 2
      vertex 72.2727 0.308133 0
      vertex 72.2727 0.308133 2
    endloop
  endfacet
  facet normal 0.9925 -0.122246 0
    outer loop
      vertex 72.2727 0.308133 0
      vertex 72.2601 0.205835 2
      vertex 72.2601 0.205835 0
    endloop
  endfacet
  facet normal -0.845041 0.534701 0
    outer loop
      vertex 76.0961 -1.1667 0
      vertex 76.1512 -1.07962 2
      vertex 76.1512 -1.07962 0
    endloop
  endfacet
  facet normal -0.845041 0.534701 0
    outer loop
      vertex 76.1512 -1.07962 2
      vertex 76.0961 -1.1667 0
      vertex 76.0961 -1.1667 2
    endloop
  endfacet
  facet normal -0.845041 -0.534701 0
    outer loop
      vertex 76.1512 1.07962 0
      vertex 76.0961 1.1667 2
      vertex 76.0961 1.1667 0
    endloop
  endfacet
  facet normal -0.845041 -0.534701 0
    outer loop
      vertex 76.0961 1.1667 2
      vertex 76.1512 1.07962 0
      vertex 76.1512 1.07962 2
    endloop
  endfacet
  facet normal -0.893003 -0.450051 0
    outer loop
      vertex 76.2484 0.897865 0
      vertex 76.202 0.989933 2
      vertex 76.202 0.989933 0
    endloop
  endfacet
  facet normal -0.893003 -0.450051 0
    outer loop
      vertex 76.202 0.989933 2
      vertex 76.2484 0.897865 0
      vertex 76.2484 0.897865 2
    endloop
  endfacet
  facet normal 0.845041 -0.534701 0
    outer loop
      vertex 72.5488 1.07962 2
      vertex 72.6039 1.1667 0
      vertex 72.6039 1.1667 2
    endloop
  endfacet
  facet normal 0.845041 -0.534701 0
    outer loop
      vertex 72.6039 1.1667 0
      vertex 72.5488 1.07962 2
      vertex 72.5488 1.07962 0
    endloop
  endfacet
  facet normal -0.985313 0.170758 0
    outer loop
      vertex 76.4097 -0.409689 0
      vertex 76.4273 -0.308133 2
      vertex 76.4273 -0.308133 0
    endloop
  endfacet
  facet normal -0.985313 0.170758 0
    outer loop
      vertex 76.4273 -0.308133 2
      vertex 76.4097 -0.409689 0
      vertex 76.4097 -0.409689 2
    endloop
  endfacet
  facet normal -0.44993 0.893064 0
    outer loop
      vertex 75.3399 -1.85203 0
      vertex 75.2479 -1.89838 2
      vertex 75.3399 -1.85203 2
    endloop
  endfacet
  facet normal -0.44993 0.893064 0
    outer loop
      vertex 75.2479 -1.89838 2
      vertex 75.3399 -1.85203 0
      vertex 75.2479 -1.89838 0
    endloop
  endfacet
  facet normal -0.534891 0.844921 0
    outer loop
      vertex 75.5167 -1.74609 0
      vertex 75.4296 -1.80123 2
      vertex 75.5167 -1.74609 2
    endloop
  endfacet
  facet normal -0.534891 0.844921 0
    outer loop
      vertex 75.4296 -1.80123 2
      vertex 75.5167 -1.74609 0
      vertex 75.4296 -1.80123 0
    endloop
  endfacet
  facet normal 0.999706 0.0242548 0
    outer loop
      vertex 72.2525 -0.103042 2
      vertex 72.25 0 0
      vertex 72.25 0 2
    endloop
  endfacet
  facet normal 0.999706 0.0242548 0
    outer loop
      vertex 72.25 0 0
      vertex 72.2525 -0.103042 2
      vertex 72.2525 -0.103042 0
    endloop
  endfacet
  facet normal -0.963753 0.266796 0
    outer loop
      vertex 76.3596 -0.609597 0
      vertex 76.3871 -0.510258 2
      vertex 76.3871 -0.510258 0
    endloop
  endfacet
  facet normal -0.963753 0.266796 0
    outer loop
      vertex 76.3871 -0.510258 2
      vertex 76.3596 -0.609597 0
      vertex 76.3596 -0.609597 2
    endloop
  endfacet
  facet normal 0.122435 0.992477 -0
    outer loop
      vertex 74.1442 -2.08989 0
      vertex 74.0419 -2.07727 2
      vertex 74.1442 -2.08989 2
    endloop
  endfacet
  facet normal 0.122435 0.992477 0
    outer loop
      vertex 74.0419 -2.07727 2
      vertex 74.1442 -2.08989 0
      vertex 74.0419 -2.07727 0
    endloop
  endfacet
  facet normal 0.219004 -0.975724 0
    outer loop
      vertex 73.8397 2.03707 0
      vertex 73.9403 2.05965 2
      vertex 73.8397 2.03707 2
    endloop
  endfacet
  facet normal 0.219004 -0.975724 0
    outer loop
      vertex 73.9403 2.05965 2
      vertex 73.8397 2.03707 0
      vertex 73.9403 2.05965 0
    endloop
  endfacet
  facet normal 0.170875 0.985293 -0
    outer loop
      vertex 74.0419 -2.07727 0
      vertex 73.9403 -2.05965 2
      vertex 74.0419 -2.07727 2
    endloop
  endfacet
  facet normal 0.170875 0.985293 0
    outer loop
      vertex 73.9403 -2.05965 2
      vertex 74.0419 -2.07727 0
      vertex 73.9403 -2.05965 0
    endloop
  endfacet
  facet normal 0.985149 -0.1717 0
    outer loop
      vertex 72.2727 0.308133 2
      vertex 72.2904 0.409689 0
      vertex 72.2904 0.409689 2
    endloop
  endfacet
  facet normal 0.985149 -0.1717 0
    outer loop
      vertex 72.2904 0.409689 0
      vertex 72.2727 0.308133 2
      vertex 72.2727 0.308133 0
    endloop
  endfacet
  facet normal 0.9925 0.122246 0
    outer loop
      vertex 72.2727 -0.308133 2
      vertex 72.2601 -0.205835 0
      vertex 72.2601 -0.205835 2
    endloop
  endfacet
  facet normal 0.9925 0.122246 0
    outer loop
      vertex 72.2601 -0.205835 0
      vertex 72.2727 -0.308133 2
      vertex 72.2727 -0.308133 0
    endloop
  endfacet
  facet normal 0.724115 0.689679 0
    outer loop
      vertex 72.8651 -1.48492 2
      vertex 72.794 -1.41027 0
      vertex 72.794 -1.41027 2
    endloop
  endfacet
  facet normal 0.724115 0.689679 0
    outer loop
      vertex 72.794 -1.41027 0
      vertex 72.8651 -1.48492 2
      vertex 72.8651 -1.48492 0
    endloop
  endfacet
  facet normal 0.914459 0.404679 0
    outer loop
      vertex 72.4516 -0.897865 2
      vertex 72.4099 -0.803635 0
      vertex 72.4099 -0.803635 2
    endloop
  endfacet
  facet normal 0.914459 0.404679 0
    outer loop
      vertex 72.4099 -0.803635 0
      vertex 72.4516 -0.897865 2
      vertex 72.4516 -0.897865 0
    endloop
  endfacet
  facet normal -0.9925 0.122246 0
    outer loop
      vertex 76.4273 -0.308133 0
      vertex 76.4399 -0.205835 2
      vertex 76.4399 -0.205835 0
    endloop
  endfacet
  facet normal -0.9925 0.122246 0
    outer loop
      vertex 76.4399 -0.205835 2
      vertex 76.4273 -0.308133 0
      vertex 76.4273 -0.308133 2
    endloop
  endfacet
  facet normal 0.219004 0.975724 -0
    outer loop
      vertex 73.9403 -2.05965 0
      vertex 73.8397 -2.03707 2
      vertex 73.9403 -2.05965 2
    endloop
  endfacet
  facet normal 0.219004 0.975724 0
    outer loop
      vertex 73.8397 -2.03707 2
      vertex 73.9403 -2.05965 0
      vertex 73.8397 -2.03707 0
    endloop
  endfacet
  facet normal -0.932979 -0.359931 0
    outer loop
      vertex 76.3272 0.707468 0
      vertex 76.2901 0.803635 2
      vertex 76.2901 0.803635 0
    endloop
  endfacet
  facet normal -0.932979 -0.359931 0
    outer loop
      vertex 76.2901 0.803635 2
      vertex 76.3272 0.707468 0
      vertex 76.3272 0.707468 2
    endloop
  endfacet
  facet normal 0.313579 0.949562 -0
    outer loop
      vertex 73.7404 -2.00957 0
      vertex 73.6425 -1.97724 2
      vertex 73.7404 -2.00957 2
    endloop
  endfacet
  facet normal 0.313579 0.949562 0
    outer loop
      vertex 73.6425 -1.97724 2
      vertex 73.7404 -2.00957 0
      vertex 73.6425 -1.97724 0
    endloop
  endfacet
  facet normal 0.68982 0.723981 -0
    outer loop
      vertex 72.9397 -1.556 0
      vertex 72.8651 -1.48492 2
      vertex 72.9397 -1.556 2
    endloop
  endfacet
  facet normal 0.68982 0.723981 0
    outer loop
      vertex 72.8651 -1.48492 2
      vertex 72.9397 -1.556 0
      vertex 72.8651 -1.48492 0
    endloop
  endfacet
  facet normal -0.266893 -0.963726 0
    outer loop
      vertex 74.8603 2.03707 0
      vertex 74.9596 2.00957 2
      vertex 74.8603 2.03707 2
    endloop
  endfacet
  facet normal -0.266893 -0.963726 -0
    outer loop
      vertex 74.9596 2.00957 2
      vertex 74.8603 2.03707 0
      vertex 74.9596 2.00957 0
    endloop
  endfacet
  facet normal 0.817355 0.576135 0
    outer loop
      vertex 72.6633 -1.25097 2
      vertex 72.6039 -1.1667 0
      vertex 72.6039 -1.1667 2
    endloop
  endfacet
  facet normal 0.817355 0.576135 0
    outer loop
      vertex 72.6039 -1.1667 0
      vertex 72.6633 -1.25097 2
      vertex 72.6633 -1.25097 0
    endloop
  endfacet
  facet normal -0.757294 0.653074 0
    outer loop
      vertex 75.906 -1.41027 0
      vertex 75.9733 -1.33223 2
      vertex 75.9733 -1.33223 0
    endloop
  endfacet
  facet normal -0.757294 0.653074 0
    outer loop
      vertex 75.9733 -1.33223 2
      vertex 75.906 -1.41027 0
      vertex 75.906 -1.41027 2
    endloop
  endfacet
  facet normal -0.0245557 -0.999698 0
    outer loop
      vertex 74.35 2.1 0
      vertex 74.453 2.09747 2
      vertex 74.35 2.1 2
    endloop
  endfacet
  facet normal -0.0245557 -0.999698 -0
    outer loop
      vertex 74.453 2.09747 2
      vertex 74.35 2.1 0
      vertex 74.453 2.09747 0
    endloop
  endfacet
  facet normal -0.870116 0.492846 0
    outer loop
      vertex 76.1512 -1.07962 0
      vertex 76.202 -0.989933 2
      vertex 76.202 -0.989933 0
    endloop
  endfacet
  facet normal -0.870116 0.492846 0
    outer loop
      vertex 76.202 -0.989933 2
      vertex 76.1512 -1.07962 0
      vertex 76.1512 -1.07962 2
    endloop
  endfacet
  facet normal 0.68982 -0.723981 0
    outer loop
      vertex 72.8651 1.48492 0
      vertex 72.9397 1.556 2
      vertex 72.8651 1.48492 2
    endloop
  endfacet
  facet normal 0.68982 -0.723981 0
    outer loop
      vertex 72.9397 1.556 2
      vertex 72.8651 1.48492 0
      vertex 72.9397 1.556 0
    endloop
  endfacet
  facet normal -0.44993 -0.893064 0
    outer loop
      vertex 75.2479 1.89838 0
      vertex 75.3399 1.85203 2
      vertex 75.2479 1.89838 2
    endloop
  endfacet
  facet normal -0.44993 -0.893064 -0
    outer loop
      vertex 75.3399 1.85203 2
      vertex 75.2479 1.89838 0
      vertex 75.3399 1.85203 0
    endloop
  endfacet
  facet normal -0.0735358 -0.997293 0
    outer loop
      vertex 74.453 2.09747 0
      vertex 74.5558 2.08989 2
      vertex 74.453 2.09747 2
    endloop
  endfacet
  facet normal -0.0735358 -0.997293 -0
    outer loop
      vertex 74.5558 2.08989 2
      vertex 74.453 2.09747 0
      vertex 74.5558 2.08989 0
    endloop
  endfacet
  facet normal -0.122435 -0.992477 0
    outer loop
      vertex 74.5558 2.08989 0
      vertex 74.6581 2.07727 2
      vertex 74.5558 2.08989 2
    endloop
  endfacet
  facet normal -0.122435 -0.992477 -0
    outer loop
      vertex 74.6581 2.07727 2
      vertex 74.5558 2.08989 0
      vertex 74.6581 2.07727 0
    endloop
  endfacet
  facet normal -0.575674 0.81768 0
    outer loop
      vertex 75.601 -1.68674 0
      vertex 75.5167 -1.74609 2
      vertex 75.601 -1.68674 2
    endloop
  endfacet
  facet normal -0.575674 0.81768 0
    outer loop
      vertex 75.5167 -1.74609 2
      vertex 75.601 -1.68674 0
      vertex 75.5167 -1.74609 0
    endloop
  endfacet
  facet normal -0.266893 0.963726 0
    outer loop
      vertex 74.9596 -2.00957 0
      vertex 74.8603 -2.03707 2
      vertex 74.9596 -2.00957 2
    endloop
  endfacet
  facet normal -0.266893 0.963726 0
    outer loop
      vertex 74.8603 -2.03707 2
      vertex 74.9596 -2.00957 0
      vertex 74.8603 -2.03707 0
    endloop
  endfacet
  facet normal -0.949332 0.314275 0
    outer loop
      vertex 76.3272 -0.707468 0
      vertex 76.3596 -0.609597 2
      vertex 76.3596 -0.609597 0
    endloop
  endfacet
  facet normal -0.949332 0.314275 0
    outer loop
      vertex 76.3596 -0.609597 2
      vertex 76.3272 -0.707468 0
      vertex 76.3272 -0.707468 2
    endloop
  endfacet
  facet normal -0.313579 -0.949562 0
    outer loop
      vertex 74.9596 2.00957 0
      vertex 75.0575 1.97724 2
      vertex 74.9596 2.00957 2
    endloop
  endfacet
  facet normal -0.313579 -0.949562 -0
    outer loop
      vertex 75.0575 1.97724 2
      vertex 74.9596 2.00957 0
      vertex 75.0575 1.97724 0
    endloop
  endfacet
  facet normal -0.360065 -0.932927 0
    outer loop
      vertex 75.0575 1.97724 0
      vertex 75.1536 1.94015 2
      vertex 75.0575 1.97724 2
    endloop
  endfacet
  facet normal -0.360065 -0.932927 -0
    outer loop
      vertex 75.1536 1.94015 2
      vertex 75.0575 1.97724 0
      vertex 75.1536 1.94015 0
    endloop
  endfacet
  facet normal 0.652897 -0.757446 0
    outer loop
      vertex 72.9397 1.556 0
      vertex 73.0178 1.62332 2
      vertex 72.9397 1.556 2
    endloop
  endfacet
  facet normal 0.652897 -0.757446 0
    outer loop
      vertex 73.0178 1.62332 2
      vertex 72.9397 1.556 0
      vertex 73.0178 1.62332 0
    endloop
  endfacet
  facet normal -0.68982 0.723981 0
    outer loop
      vertex 75.8349 -1.48492 0
      vertex 75.7603 -1.556 2
      vertex 75.8349 -1.48492 2
    endloop
  endfacet
  facet normal -0.68982 0.723981 0
    outer loop
      vertex 75.7603 -1.556 2
      vertex 75.8349 -1.48492 0
      vertex 75.7603 -1.556 0
    endloop
  endfacet
  facet normal 0.360065 -0.932927 0
    outer loop
      vertex 73.5464 1.94015 0
      vertex 73.6425 1.97724 2
      vertex 73.5464 1.94015 2
    endloop
  endfacet
  facet normal 0.360065 -0.932927 0
    outer loop
      vertex 73.6425 1.97724 2
      vertex 73.5464 1.94015 0
      vertex 73.6425 1.97724 0
    endloop
  endfacet
  facet normal -0.492792 -0.870147 0
    outer loop
      vertex 75.3399 1.85203 0
      vertex 75.4296 1.80123 2
      vertex 75.3399 1.85203 2
    endloop
  endfacet
  facet normal -0.492792 -0.870147 -0
    outer loop
      vertex 75.4296 1.80123 2
      vertex 75.3399 1.85203 0
      vertex 75.4296 1.80123 0
    endloop
  endfacet
  facet normal 0.492792 -0.870147 0
    outer loop
      vertex 73.2704 1.80123 0
      vertex 73.3601 1.85203 2
      vertex 73.2704 1.80123 2
    endloop
  endfacet
  facet normal 0.492792 -0.870147 0
    outer loop
      vertex 73.3601 1.85203 2
      vertex 73.2704 1.80123 0
      vertex 73.3601 1.85203 0
    endloop
  endfacet
  facet normal 0.0245557 -0.999698 0
    outer loop
      vertex 74.247 2.09747 0
      vertex 74.35 2.1 2
      vertex 74.247 2.09747 2
    endloop
  endfacet
  facet normal 0.0245557 -0.999698 0
    outer loop
      vertex 74.35 2.1 2
      vertex 74.247 2.09747 0
      vertex 74.35 2.1 0
    endloop
  endfacet
  facet normal 0.963753 -0.266796 0
    outer loop
      vertex 72.3129 0.510258 2
      vertex 72.3404 0.609597 0
      vertex 72.3404 0.609597 2
    endloop
  endfacet
  facet normal 0.963753 -0.266796 0
    outer loop
      vertex 72.3404 0.609597 0
      vertex 72.3129 0.510258 2
      vertex 72.3129 0.510258 0
    endloop
  endfacet
  facet normal 0.788421 0.615136 0
    outer loop
      vertex 72.7267 -1.33223 2
      vertex 72.6633 -1.25097 0
      vertex 72.6633 -1.25097 2
    endloop
  endfacet
  facet normal 0.788421 0.615136 0
    outer loop
      vertex 72.6633 -1.25097 0
      vertex 72.7267 -1.33223 2
      vertex 72.7267 -1.33223 0
    endloop
  endfacet
  facet normal -0.68982 -0.723981 0
    outer loop
      vertex 75.7603 1.556 0
      vertex 75.8349 1.48492 2
      vertex 75.7603 1.556 2
    endloop
  endfacet
  facet normal -0.68982 -0.723981 -0
    outer loop
      vertex 75.8349 1.48492 2
      vertex 75.7603 1.556 0
      vertex 75.8349 1.48492 0
    endloop
  endfacet
  facet normal -0.170875 0.985293 0
    outer loop
      vertex 74.7597 -2.05965 0
      vertex 74.6581 -2.07727 2
      vertex 74.7597 -2.05965 2
    endloop
  endfacet
  facet normal -0.170875 0.985293 0
    outer loop
      vertex 74.6581 -2.07727 2
      vertex 74.7597 -2.05965 0
      vertex 74.6581 -2.07727 0
    endloop
  endfacet
  facet normal -0.817355 -0.576135 0
    outer loop
      vertex 76.0961 1.1667 0
      vertex 76.0367 1.25097 2
      vertex 76.0367 1.25097 0
    endloop
  endfacet
  facet normal -0.817355 -0.576135 0
    outer loop
      vertex 76.0367 1.25097 2
      vertex 76.0961 1.1667 0
      vertex 76.0961 1.1667 2
    endloop
  endfacet
  facet normal 0.985149 0.1717 0
    outer loop
      vertex 72.2904 -0.409689 2
      vertex 72.2727 -0.308133 0
      vertex 72.2727 -0.308133 2
    endloop
  endfacet
  facet normal 0.985149 0.1717 0
    outer loop
      vertex 72.2727 -0.308133 0
      vertex 72.2904 -0.409689 2
      vertex 72.2904 -0.409689 0
    endloop
  endfacet
  facet normal -0.652897 0.757446 0
    outer loop
      vertex 75.7603 -1.556 0
      vertex 75.6822 -1.62332 2
      vertex 75.7603 -1.556 2
    endloop
  endfacet
  facet normal -0.652897 0.757446 0
    outer loop
      vertex 75.6822 -1.62332 2
      vertex 75.7603 -1.556 0
      vertex 75.6822 -1.62332 0
    endloop
  endfacet
  facet normal -0.404996 -0.914319 0
    outer loop
      vertex 75.1536 1.94015 0
      vertex 75.2479 1.89838 2
      vertex 75.1536 1.94015 2
    endloop
  endfacet
  facet normal -0.404996 -0.914319 -0
    outer loop
      vertex 75.2479 1.89838 2
      vertex 75.1536 1.94015 0
      vertex 75.2479 1.89838 0
    endloop
  endfacet
  facet normal 0.788421 -0.615136 0
    outer loop
      vertex 72.6633 1.25097 2
      vertex 72.7267 1.33223 0
      vertex 72.7267 1.33223 2
    endloop
  endfacet
  facet normal 0.788421 -0.615136 0
    outer loop
      vertex 72.7267 1.33223 0
      vertex 72.6633 1.25097 2
      vertex 72.6633 1.25097 0
    endloop
  endfacet
  facet normal 0.575674 -0.81768 0
    outer loop
      vertex 73.099 1.68674 0
      vertex 73.1833 1.74609 2
      vertex 73.099 1.68674 2
    endloop
  endfacet
  facet normal 0.575674 -0.81768 0
    outer loop
      vertex 73.1833 1.74609 2
      vertex 73.099 1.68674 0
      vertex 73.1833 1.74609 0
    endloop
  endfacet
  facet normal -0.360065 0.932927 0
    outer loop
      vertex 75.1536 -1.94015 0
      vertex 75.0575 -1.97724 2
      vertex 75.1536 -1.94015 2
    endloop
  endfacet
  facet normal -0.360065 0.932927 0
    outer loop
      vertex 75.0575 -1.97724 2
      vertex 75.1536 -1.94015 0
      vertex 75.0575 -1.97724 0
    endloop
  endfacet
  facet normal 0.170875 -0.985293 0
    outer loop
      vertex 73.9403 2.05965 0
      vertex 74.0419 2.07727 2
      vertex 73.9403 2.05965 2
    endloop
  endfacet
  facet normal 0.170875 -0.985293 0
    outer loop
      vertex 74.0419 2.07727 2
      vertex 73.9403 2.05965 0
      vertex 74.0419 2.07727 0
    endloop
  endfacet
  facet normal -0.985313 -0.170758 0
    outer loop
      vertex 76.4273 0.308133 0
      vertex 76.4097 0.409689 2
      vertex 76.4097 0.409689 0
    endloop
  endfacet
  facet normal -0.985313 -0.170758 0
    outer loop
      vertex 76.4097 0.409689 2
      vertex 76.4273 0.308133 0
      vertex 76.4273 0.308133 2
    endloop
  endfacet
  facet normal -0.999706 0.0242548 0
    outer loop
      vertex 76.4475 -0.103042 0
      vertex 76.45 0 2
      vertex 76.45 0 0
    endloop
  endfacet
  facet normal -0.999706 0.0242548 0
    outer loop
      vertex 76.45 0 2
      vertex 76.4475 -0.103042 0
      vertex 76.4475 -0.103042 2
    endloop
  endfacet
  facet normal 0.0735358 -0.997293 0
    outer loop
      vertex 74.1442 2.08989 0
      vertex 74.247 2.09747 2
      vertex 74.1442 2.08989 2
    endloop
  endfacet
  facet normal 0.0735358 -0.997293 0
    outer loop
      vertex 74.247 2.09747 2
      vertex 74.1442 2.08989 0
      vertex 74.247 2.09747 0
    endloop
  endfacet
  facet normal 0.404996 -0.914319 0
    outer loop
      vertex 73.4521 1.89838 0
      vertex 73.5464 1.94015 2
      vertex 73.4521 1.89838 2
    endloop
  endfacet
  facet normal 0.404996 -0.914319 0
    outer loop
      vertex 73.5464 1.94015 2
      vertex 73.4521 1.89838 0
      vertex 73.5464 1.94015 0
    endloop
  endfacet
  facet normal -0.914459 -0.404679 0
    outer loop
      vertex 76.2901 0.803635 0
      vertex 76.2484 0.897865 2
      vertex 76.2484 0.897865 0
    endloop
  endfacet
  facet normal -0.914459 -0.404679 0
    outer loop
      vertex 76.2484 0.897865 2
      vertex 76.2901 0.803635 0
      vertex 76.2901 0.803635 2
    endloop
  endfacet
  facet normal -0.975668 -0.219253 0
    outer loop
      vertex 76.4097 0.409689 0
      vertex 76.3871 0.510258 2
      vertex 76.3871 0.510258 0
    endloop
  endfacet
  facet normal -0.975668 -0.219253 0
    outer loop
      vertex 76.3871 0.510258 2
      vertex 76.4097 0.409689 0
      vertex 76.4097 0.409689 2
    endloop
  endfacet
  facet normal -0.724115 -0.689679 0
    outer loop
      vertex 75.906 1.41027 0
      vertex 75.8349 1.48492 2
      vertex 75.8349 1.48492 0
    endloop
  endfacet
  facet normal -0.724115 -0.689679 0
    outer loop
      vertex 75.8349 1.48492 2
      vertex 75.906 1.41027 0
      vertex 75.906 1.41027 2
    endloop
  endfacet
  facet normal -0.963753 -0.266796 0
    outer loop
      vertex 76.3871 0.510258 0
      vertex 76.3596 0.609597 2
      vertex 76.3596 0.609597 0
    endloop
  endfacet
  facet normal -0.963753 -0.266796 0
    outer loop
      vertex 76.3596 0.609597 2
      vertex 76.3871 0.510258 0
      vertex 76.3871 0.510258 2
    endloop
  endfacet
  facet normal -0.534891 -0.844921 0
    outer loop
      vertex 75.4296 1.80123 0
      vertex 75.5167 1.74609 2
      vertex 75.4296 1.80123 2
    endloop
  endfacet
  facet normal -0.534891 -0.844921 -0
    outer loop
      vertex 75.5167 1.74609 2
      vertex 75.4296 1.80123 0
      vertex 75.5167 1.74609 0
    endloop
  endfacet
  facet normal -0.817355 0.576135 0
    outer loop
      vertex 76.0367 -1.25097 0
      vertex 76.0961 -1.1667 2
      vertex 76.0961 -1.1667 0
    endloop
  endfacet
  facet normal -0.817355 0.576135 0
    outer loop
      vertex 76.0961 -1.1667 2
      vertex 76.0367 -1.25097 0
      vertex 76.0367 -1.25097 2
    endloop
  endfacet
  facet normal 0.534891 0.844921 -0
    outer loop
      vertex 73.2704 -1.80123 0
      vertex 73.1833 -1.74609 2
      vertex 73.2704 -1.80123 2
    endloop
  endfacet
  facet normal 0.534891 0.844921 0
    outer loop
      vertex 73.1833 -1.74609 2
      vertex 73.2704 -1.80123 0
      vertex 73.1833 -1.74609 0
    endloop
  endfacet
  facet normal -0.404996 0.914319 0
    outer loop
      vertex 75.2479 -1.89838 0
      vertex 75.1536 -1.94015 2
      vertex 75.2479 -1.89838 2
    endloop
  endfacet
  facet normal -0.404996 0.914319 0
    outer loop
      vertex 75.1536 -1.94015 2
      vertex 75.2479 -1.89838 0
      vertex 75.1536 -1.94015 0
    endloop
  endfacet
  facet normal 0.122435 -0.992477 0
    outer loop
      vertex 74.0419 2.07727 0
      vertex 74.1442 2.08989 2
      vertex 74.0419 2.07727 2
    endloop
  endfacet
  facet normal 0.122435 -0.992477 0
    outer loop
      vertex 74.1442 2.08989 2
      vertex 74.0419 2.07727 0
      vertex 74.1442 2.08989 0
    endloop
  endfacet
  facet normal 0.963753 0.266796 0
    outer loop
      vertex 72.3404 -0.609597 2
      vertex 72.3129 -0.510258 0
      vertex 72.3129 -0.510258 2
    endloop
  endfacet
  facet normal 0.963753 0.266796 0
    outer loop
      vertex 72.3129 -0.510258 0
      vertex 72.3404 -0.609597 2
      vertex 72.3404 -0.609597 0
    endloop
  endfacet
  facet normal -0.615539 -0.788107 0
    outer loop
      vertex 75.601 1.68674 0
      vertex 75.6822 1.62332 2
      vertex 75.601 1.68674 2
    endloop
  endfacet
  facet normal -0.615539 -0.788107 -0
    outer loop
      vertex 75.6822 1.62332 2
      vertex 75.601 1.68674 0
      vertex 75.6822 1.62332 0
    endloop
  endfacet
  facet normal 0.44993 0.893064 -0
    outer loop
      vertex 73.4521 -1.89838 0
      vertex 73.3601 -1.85203 2
      vertex 73.4521 -1.89838 2
    endloop
  endfacet
  facet normal 0.44993 0.893064 0
    outer loop
      vertex 73.3601 -1.85203 2
      vertex 73.4521 -1.89838 0
      vertex 73.3601 -1.85203 0
    endloop
  endfacet
  facet normal 0.266893 0.963726 -0
    outer loop
      vertex 73.8397 -2.03707 0
      vertex 73.7404 -2.00957 2
      vertex 73.8397 -2.03707 2
    endloop
  endfacet
  facet normal 0.266893 0.963726 0
    outer loop
      vertex 73.7404 -2.00957 2
      vertex 73.8397 -2.03707 0
      vertex 73.7404 -2.00957 0
    endloop
  endfacet
  facet normal 0.724115 -0.689679 0
    outer loop
      vertex 72.794 1.41027 2
      vertex 72.8651 1.48492 0
      vertex 72.8651 1.48492 2
    endloop
  endfacet
  facet normal 0.724115 -0.689679 0
    outer loop
      vertex 72.8651 1.48492 0
      vertex 72.794 1.41027 2
      vertex 72.794 1.41027 0
    endloop
  endfacet
  facet normal 0.997278 0.0737337 0
    outer loop
      vertex 72.2601 -0.205835 2
      vertex 72.2525 -0.103042 0
      vertex 72.2525 -0.103042 2
    endloop
  endfacet
  facet normal 0.997278 0.0737337 0
    outer loop
      vertex 72.2525 -0.103042 0
      vertex 72.2601 -0.205835 2
      vertex 72.2601 -0.205835 0
    endloop
  endfacet
  facet normal -0.492792 0.870147 0
    outer loop
      vertex 75.4296 -1.80123 0
      vertex 75.3399 -1.85203 2
      vertex 75.4296 -1.80123 2
    endloop
  endfacet
  facet normal -0.492792 0.870147 0
    outer loop
      vertex 75.3399 -1.85203 2
      vertex 75.4296 -1.80123 0
      vertex 75.3399 -1.85203 0
    endloop
  endfacet
  facet normal -0.615539 0.788107 0
    outer loop
      vertex 75.6822 -1.62332 0
      vertex 75.601 -1.68674 2
      vertex 75.6822 -1.62332 2
    endloop
  endfacet
  facet normal -0.615539 0.788107 0
    outer loop
      vertex 75.601 -1.68674 2
      vertex 75.6822 -1.62332 0
      vertex 75.601 -1.68674 0
    endloop
  endfacet
  facet normal 0.845041 0.534701 0
    outer loop
      vertex 72.6039 -1.1667 2
      vertex 72.5488 -1.07962 0
      vertex 72.5488 -1.07962 2
    endloop
  endfacet
  facet normal 0.845041 0.534701 0
    outer loop
      vertex 72.5488 -1.07962 0
      vertex 72.6039 -1.1667 2
      vertex 72.6039 -1.1667 0
    endloop
  endfacet
  facet normal 0.817355 -0.576135 0
    outer loop
      vertex 72.6039 1.1667 2
      vertex 72.6633 1.25097 0
      vertex 72.6633 1.25097 2
    endloop
  endfacet
  facet normal 0.817355 -0.576135 0
    outer loop
      vertex 72.6633 1.25097 0
      vertex 72.6039 1.1667 2
      vertex 72.6039 1.1667 0
    endloop
  endfacet
  facet normal 0.949332 -0.314275 0
    outer loop
      vertex 72.3404 0.609597 2
      vertex 72.3728 0.707468 0
      vertex 72.3728 0.707468 2
    endloop
  endfacet
  facet normal 0.949332 -0.314275 0
    outer loop
      vertex 72.3728 0.707468 0
      vertex 72.3404 0.609597 2
      vertex 72.3404 0.609597 0
    endloop
  endfacet
  facet normal 0.404996 0.914319 -0
    outer loop
      vertex 73.5464 -1.94015 0
      vertex 73.4521 -1.89838 2
      vertex 73.5464 -1.94015 2
    endloop
  endfacet
  facet normal 0.404996 0.914319 0
    outer loop
      vertex 73.4521 -1.89838 2
      vertex 73.5464 -1.94015 0
      vertex 73.4521 -1.89838 0
    endloop
  endfacet
  facet normal 0.975875 0.21833 0
    outer loop
      vertex 72.3129 -0.510258 2
      vertex 72.2904 -0.409689 0
      vertex 72.2904 -0.409689 2
    endloop
  endfacet
  facet normal 0.975875 0.21833 0
    outer loop
      vertex 72.2904 -0.409689 0
      vertex 72.3129 -0.510258 2
      vertex 72.3129 -0.510258 0
    endloop
  endfacet
  facet normal 0.0245557 0.999698 -0
    outer loop
      vertex 74.35 -2.1 0
      vertex 74.247 -2.09747 2
      vertex 74.35 -2.1 2
    endloop
  endfacet
  facet normal 0.0245557 0.999698 0
    outer loop
      vertex 74.247 -2.09747 2
      vertex 74.35 -2.1 0
      vertex 74.247 -2.09747 0
    endloop
  endfacet
  facet normal 0.893003 -0.450051 0
    outer loop
      vertex 72.4516 0.897865 2
      vertex 72.498 0.989933 0
      vertex 72.498 0.989933 2
    endloop
  endfacet
  facet normal 0.893003 -0.450051 0
    outer loop
      vertex 72.498 0.989933 0
      vertex 72.4516 0.897865 2
      vertex 72.4516 0.897865 0
    endloop
  endfacet
  facet normal 0.0735358 0.997293 -0
    outer loop
      vertex 74.247 -2.09747 0
      vertex 74.1442 -2.08989 2
      vertex 74.247 -2.09747 2
    endloop
  endfacet
  facet normal 0.0735358 0.997293 0
    outer loop
      vertex 74.1442 -2.08989 2
      vertex 74.247 -2.09747 0
      vertex 74.1442 -2.08989 0
    endloop
  endfacet
  facet normal 0.575674 0.81768 -0
    outer loop
      vertex 73.1833 -1.74609 0
      vertex 73.099 -1.68674 2
      vertex 73.1833 -1.74609 2
    endloop
  endfacet
  facet normal 0.575674 0.81768 0
    outer loop
      vertex 73.099 -1.68674 2
      vertex 73.1833 -1.74609 0
      vertex 73.099 -1.68674 0
    endloop
  endfacet
  facet normal 0.975875 -0.21833 0
    outer loop
      vertex 72.2904 0.409689 2
      vertex 72.3129 0.510258 0
      vertex 72.3129 0.510258 2
    endloop
  endfacet
  facet normal 0.975875 -0.21833 0
    outer loop
      vertex 72.3129 0.510258 0
      vertex 72.2904 0.409689 2
      vertex 72.2904 0.409689 0
    endloop
  endfacet
  facet normal 0.870116 -0.492846 0
    outer loop
      vertex 72.498 0.989933 2
      vertex 72.5488 1.07962 0
      vertex 72.5488 1.07962 2
    endloop
  endfacet
  facet normal 0.870116 -0.492846 0
    outer loop
      vertex 72.5488 1.07962 0
      vertex 72.498 0.989933 2
      vertex 72.498 0.989933 0
    endloop
  endfacet
  facet normal 0.266893 -0.963726 0
    outer loop
      vertex 73.7404 2.00957 0
      vertex 73.8397 2.03707 2
      vertex 73.7404 2.00957 2
    endloop
  endfacet
  facet normal 0.266893 -0.963726 0
    outer loop
      vertex 73.8397 2.03707 2
      vertex 73.7404 2.00957 0
      vertex 73.8397 2.03707 0
    endloop
  endfacet
  facet normal 0.999706 -0.0242548 0
    outer loop
      vertex 72.25 0 2
      vertex 72.2525 0.103042 0
      vertex 72.2525 0.103042 2
    endloop
  endfacet
  facet normal 0.999706 -0.0242548 0
    outer loop
      vertex 72.2525 0.103042 0
      vertex 72.25 0 2
      vertex 72.25 0 0
    endloop
  endfacet
  facet normal 0.757294 -0.653074 0
    outer loop
      vertex 72.7267 1.33223 2
      vertex 72.794 1.41027 0
      vertex 72.794 1.41027 2
    endloop
  endfacet
  facet normal 0.757294 -0.653074 0
    outer loop
      vertex 72.794 1.41027 0
      vertex 72.7267 1.33223 2
      vertex 72.7267 1.33223 0
    endloop
  endfacet
  facet normal 0.534891 -0.844921 0
    outer loop
      vertex 73.1833 1.74609 0
      vertex 73.2704 1.80123 2
      vertex 73.1833 1.74609 2
    endloop
  endfacet
  facet normal 0.534891 -0.844921 0
    outer loop
      vertex 73.2704 1.80123 2
      vertex 73.1833 1.74609 0
      vertex 73.2704 1.80123 0
    endloop
  endfacet
  facet normal 0.652897 0.757446 -0
    outer loop
      vertex 73.0178 -1.62332 0
      vertex 72.9397 -1.556 2
      vertex 73.0178 -1.62332 2
    endloop
  endfacet
  facet normal 0.652897 0.757446 0
    outer loop
      vertex 72.9397 -1.556 2
      vertex 73.0178 -1.62332 0
      vertex 72.9397 -1.556 0
    endloop
  endfacet
  facet normal 0.997278 -0.0737337 0
    outer loop
      vertex 72.2525 0.103042 2
      vertex 72.2601 0.205835 0
      vertex 72.2601 0.205835 2
    endloop
  endfacet
  facet normal 0.997278 -0.0737337 0
    outer loop
      vertex 72.2601 0.205835 0
      vertex 72.2525 0.103042 2
      vertex 72.2525 0.103042 0
    endloop
  endfacet
  facet normal 0.313579 -0.949562 0
    outer loop
      vertex 73.6425 1.97724 0
      vertex 73.7404 2.00957 2
      vertex 73.6425 1.97724 2
    endloop
  endfacet
  facet normal 0.313579 -0.949562 0
    outer loop
      vertex 73.7404 2.00957 2
      vertex 73.6425 1.97724 0
      vertex 73.7404 2.00957 0
    endloop
  endfacet
  facet normal -0.170875 -0.985293 0
    outer loop
      vertex 74.6581 2.07727 0
      vertex 74.7597 2.05965 2
      vertex 74.6581 2.07727 2
    endloop
  endfacet
  facet normal -0.170875 -0.985293 -0
    outer loop
      vertex 74.7597 2.05965 2
      vertex 74.6581 2.07727 0
      vertex 74.7597 2.05965 0
    endloop
  endfacet
  facet normal 0.757294 0.653074 0
    outer loop
      vertex 72.794 -1.41027 2
      vertex 72.7267 -1.33223 0
      vertex 72.7267 -1.33223 2
    endloop
  endfacet
  facet normal 0.757294 0.653074 0
    outer loop
      vertex 72.7267 -1.33223 0
      vertex 72.794 -1.41027 2
      vertex 72.794 -1.41027 0
    endloop
  endfacet
  facet normal -0.219004 -0.975724 0
    outer loop
      vertex 74.7597 2.05965 0
      vertex 74.8603 2.03707 2
      vertex 74.7597 2.05965 2
    endloop
  endfacet
  facet normal -0.219004 -0.975724 -0
    outer loop
      vertex 74.8603 2.03707 2
      vertex 74.7597 2.05965 0
      vertex 74.8603 2.03707 0
    endloop
  endfacet
  facet normal 0.932979 -0.359931 0
    outer loop
      vertex 72.3728 0.707468 2
      vertex 72.4099 0.803635 0
      vertex 72.4099 0.803635 2
    endloop
  endfacet
  facet normal 0.932979 -0.359931 0
    outer loop
      vertex 72.4099 0.803635 0
      vertex 72.3728 0.707468 2
      vertex 72.3728 0.707468 0
    endloop
  endfacet
  facet normal 0.615539 0.788107 -0
    outer loop
      vertex 73.099 -1.68674 0
      vertex 73.0178 -1.62332 2
      vertex 73.099 -1.68674 2
    endloop
  endfacet
  facet normal 0.615539 0.788107 0
    outer loop
      vertex 73.0178 -1.62332 2
      vertex 73.099 -1.68674 0
      vertex 73.0178 -1.62332 0
    endloop
  endfacet
  facet normal 0.949332 0.314275 0
    outer loop
      vertex 72.3728 -0.707468 2
      vertex 72.3404 -0.609597 0
      vertex 72.3404 -0.609597 2
    endloop
  endfacet
  facet normal 0.949332 0.314275 0
    outer loop
      vertex 72.3404 -0.609597 0
      vertex 72.3728 -0.707468 2
      vertex 72.3728 -0.707468 0
    endloop
  endfacet
  facet normal -0.914459 0.404679 0
    outer loop
      vertex 76.2484 -0.897865 0
      vertex 76.2901 -0.803635 2
      vertex 76.2901 -0.803635 0
    endloop
  endfacet
  facet normal -0.914459 0.404679 0
    outer loop
      vertex 76.2901 -0.803635 2
      vertex 76.2484 -0.897865 0
      vertex 76.2484 -0.897865 2
    endloop
  endfacet
  facet normal -0.932979 0.359931 0
    outer loop
      vertex 76.2901 -0.803635 0
      vertex 76.3272 -0.707468 2
      vertex 76.3272 -0.707468 0
    endloop
  endfacet
  facet normal -0.932979 0.359931 0
    outer loop
      vertex 76.3272 -0.707468 2
      vertex 76.2901 -0.803635 0
      vertex 76.2901 -0.803635 2
    endloop
  endfacet
  facet normal 0.914459 -0.404679 0
    outer loop
      vertex 72.4099 0.803635 2
      vertex 72.4516 0.897865 0
      vertex 72.4516 0.897865 2
    endloop
  endfacet
  facet normal 0.914459 -0.404679 0
    outer loop
      vertex 72.4516 0.897865 0
      vertex 72.4099 0.803635 2
      vertex 72.4099 0.803635 0
    endloop
  endfacet
  facet normal 0.893003 0.450051 0
    outer loop
      vertex 72.498 -0.989933 2
      vertex 72.4516 -0.897865 0
      vertex 72.4516 -0.897865 2
    endloop
  endfacet
  facet normal 0.893003 0.450051 0
    outer loop
      vertex 72.4516 -0.897865 0
      vertex 72.498 -0.989933 2
      vertex 72.498 -0.989933 0
    endloop
  endfacet
  facet normal 0.492792 0.870147 -0
    outer loop
      vertex 73.3601 -1.85203 0
      vertex 73.2704 -1.80123 2
      vertex 73.3601 -1.85203 2
    endloop
  endfacet
  facet normal 0.492792 0.870147 0
    outer loop
      vertex 73.2704 -1.80123 2
      vertex 73.3601 -1.85203 0
      vertex 73.2704 -1.80123 0
    endloop
  endfacet
  facet normal 0.44993 -0.893064 0
    outer loop
      vertex 73.3601 1.85203 0
      vertex 73.4521 1.89838 2
      vertex 73.3601 1.85203 2
    endloop
  endfacet
  facet normal 0.44993 -0.893064 0
    outer loop
      vertex 73.4521 1.89838 2
      vertex 73.3601 1.85203 0
      vertex 73.4521 1.89838 0
    endloop
  endfacet
  facet normal 0.870116 0.492846 0
    outer loop
      vertex 72.5488 -1.07962 2
      vertex 72.498 -0.989933 0
      vertex 72.498 -0.989933 2
    endloop
  endfacet
  facet normal 0.870116 0.492846 0
    outer loop
      vertex 72.498 -0.989933 0
      vertex 72.5488 -1.07962 2
      vertex 72.5488 -1.07962 0
    endloop
  endfacet
  facet normal 0 0 -1
    outer loop
      vertex -76.4475 -0.103042 0
      vertex -80 0.552339 0
      vertex -76.45 0 0
    endloop
  endfacet
  facet normal 0 0 -1
    outer loop
      vertex -76.45 0 0
      vertex -80 0.552339 0
      vertex -79.8424 1.02574 0
    endloop
  endfacet
  facet normal 0 0 -1
    outer loop
      vertex -80 0.552339 0
      vertex -76.4475 -0.103042 0
      vertex -80 -0.788969 0
    endloop
  endfacet
  facet normal 0 0 -1
    outer loop
      vertex -76.45 0 0
      vertex -79.8424 1.02574 0
      vertex -79.5273 2.20923 0
    endloop
  endfacet
  facet normal 0 0 -1
    outer loop
      vertex -79.5273 2.20923 0
      vertex -79.8424 1.02574 0
      vertex -79.8424 1.73584 0
    endloop
  endfacet
  facet normal 0 0 -1
    outer loop
      vertex -79.5273 2.20923 0
      vertex -76.2901 0.803635 0
      vertex -76.3272 0.707468 0
    endloop
  endfacet
  facet normal 0 0 -1
    outer loop
      vertex -79.5273 2.20923 0
      vertex -76.3272 0.707468 0
      vertex -76.3596 0.609597 0
    endloop
  endfacet
  facet normal 0 0 -1
    outer loop
      vertex -79.5273 2.20923 0
      vertex -76.3596 0.609597 0
      vertex -76.3871 0.510258 0
    endloop
  endfacet
  facet normal 0 0 -1
    outer loop
      vertex -79.5273 2.20923 0
      vertex -76.3871 0.510258 0
      vertex -76.4097 0.409689 0
    endloop
  endfacet
  facet normal 0 0 -1
    outer loop
      vertex -79.5273 2.20923 0
      vertex -76.4097 0.409689 0
      vertex -76.4273 0.308133 0
    endloop
  endfacet
  facet normal 0 0 -1
    outer loop
      vertex -79.5273 2.20923 0
      vertex -76.4273 0.308133 0
      vertex -76.4399 0.205835 0
    endloop
  endfacet
  facet normal 0 0 -1
    outer loop
      vertex -79.5273 2.20923 0
      vertex -76.4399 0.205835 0
      vertex -76.4475 0.103042 0
    endloop
  endfacet
  facet normal 0 0 -1
    outer loop
      vertex -79.5273 2.20923 0
      vertex -76.4475 0.103042 0
      vertex -76.45 0 0
    endloop
  endfacet
  facet normal -0 0 -1
    outer loop
      vertex -76.3596 -0.609597 0
      vertex -79.7637 -1.97256 0
      vertex -76.3871 -0.510258 0
    endloop
  endfacet
  facet normal 0 0 -1
    outer loop
      vertex -80 -0.788969 0
      vertex -76.3871 -0.510258 0
      vertex -79.7637 -1.97256 0
    endloop
  endfacet
  facet normal 0 0 -1
    outer loop
      vertex -76.2901 0.803635 0
      vertex -77.0064 6.54884 0
      vertex -76.2974 7.73233 0
    endloop
  endfacet
  facet normal 0 0 -1
    outer loop
      vertex -77.7154 -5.68086 0
      vertex -76.6913 -7.41676 0
      vertex -76.9276 -7.18007 0
    endloop
  endfacet
  facet normal 0 0 -1
    outer loop
      vertex -76.2974 7.73233 0
      vertex -77.0064 6.54884 0
      vertex -76.6125 7.41673 0
    endloop
  endfacet
  facet normal -0 0 -1
    outer loop
      vertex -76.3871 -0.510258 0
      vertex -80 -0.788969 0
      vertex -76.4097 -0.409689 0
    endloop
  endfacet
  facet normal 0 0 -1
    outer loop
      vertex -77.0064 6.54884 0
      vertex -77.6366 5.52313 0
      vertex -77.5579 5.83873 0
    endloop
  endfacet
  facet normal 0 0 -1
    outer loop
      vertex -76.2901 0.803635 0
      vertex -77.6366 5.52313 0
      vertex -77.0064 6.54884 0
    endloop
  endfacet
  facet normal 0 0 -1
    outer loop
      vertex -76.2901 0.803635 0
      vertex -78.3456 4.33963 0
      vertex -77.6366 5.52313 0
    endloop
  endfacet
  facet normal -0 0 -1
    outer loop
      vertex -76.4097 -0.409689 0
      vertex -80 -0.788969 0
      vertex -76.4273 -0.308133 0
    endloop
  endfacet
  facet normal 0 0 -1
    outer loop
      vertex -77.6366 5.52313 0
      vertex -78.3456 4.33963 0
      vertex -77.9517 5.20754 0
    endloop
  endfacet
  facet normal -0 0 -1
    outer loop
      vertex -76.4273 -0.308133 0
      vertex -80 -0.788969 0
      vertex -76.4399 -0.205835 0
    endloop
  endfacet
  facet normal 0 0 -1
    outer loop
      vertex -76.2901 0.803635 0
      vertex -78.8971 3.39273 0
      vertex -78.3456 4.33963 0
    endloop
  endfacet
  facet normal 0 0 -1
    outer loop
      vertex -78.3456 4.33963 0
      vertex -78.8971 3.39273 0
      vertex -78.8183 3.70834 0
    endloop
  endfacet
  facet normal 0 0 -1
    outer loop
      vertex -80 -0.788969 0
      vertex -76.4475 -0.103042 0
      vertex -76.4399 -0.205835 0
    endloop
  endfacet
  facet normal 0 0 -1
    outer loop
      vertex -76.2901 0.803635 0
      vertex -79.5273 2.20923 0
      vertex -78.8971 3.39273 0
    endloop
  endfacet
  facet normal 0 0 -1
    outer loop
      vertex -78.8971 3.39273 0
      vertex -79.5273 2.20923 0
      vertex -79.5273 2.52484 0
    endloop
  endfacet
  facet normal 0 0 -1
    outer loop
      vertex -72.2727 0.308133 0
      vertex -61.0143 16.806 0
      vertex -72.2601 0.205835 0
    endloop
  endfacet
  facet normal 0 0 -1
    outer loop
      vertex -72.2904 0.409689 0
      vertex -61.0143 16.806 0
      vertex -72.2727 0.308133 0
    endloop
  endfacet
  facet normal 0 0 -1
    outer loop
      vertex -72.3129 0.510258 0
      vertex -61.0143 16.806 0
      vertex -72.2904 0.409689 0
    endloop
  endfacet
  facet normal 0 0 -1
    outer loop
      vertex -72.3404 0.609597 0
      vertex -61.0143 16.806 0
      vertex -72.3129 0.510258 0
    endloop
  endfacet
  facet normal 0 0 -1
    outer loop
      vertex -72.3728 0.707468 0
      vertex -61.0143 16.806 0
      vertex -72.3404 0.609597 0
    endloop
  endfacet
  facet normal 0 0 -1
    outer loop
      vertex -72.4099 0.803635 0
      vertex -61.0143 16.806 0
      vertex -72.3728 0.707468 0
    endloop
  endfacet
  facet normal 0 0 -1
    outer loop
      vertex -72.4516 0.897865 0
      vertex -61.0143 16.806 0
      vertex -72.4099 0.803635 0
    endloop
  endfacet
  facet normal 0 0 -1
    outer loop
      vertex -61.0143 16.806 0
      vertex -72.4516 0.897865 0
      vertex -65.8986 16.4115 0
    endloop
  endfacet
  facet normal 0 0 -1
    outer loop
      vertex -72.498 0.989933 0
      vertex -65.8986 16.4115 0
      vertex -72.4516 0.897865 0
    endloop
  endfacet
  facet normal 0 0 -1
    outer loop
      vertex -72.5488 1.07962 0
      vertex -65.8986 16.4115 0
      vertex -72.498 0.989933 0
    endloop
  endfacet
  facet normal 0 0 -1
    outer loop
      vertex -72.6039 1.1667 0
      vertex -65.8986 16.4115 0
      vertex -72.5488 1.07962 0
    endloop
  endfacet
  facet normal 0 0 -1
    outer loop
      vertex -72.6633 1.25097 0
      vertex -65.8986 16.4115 0
      vertex -72.6039 1.1667 0
    endloop
  endfacet
  facet normal 0 0 -1
    outer loop
      vertex -72.7267 1.33223 0
      vertex -65.8986 16.4115 0
      vertex -72.6633 1.25097 0
    endloop
  endfacet
  facet normal 0 -0 -1
    outer loop
      vertex -72.4372 14.2811 0
      vertex -65.8986 16.4115 0
      vertex -73.6977 12.3086 0
    endloop
  endfacet
  facet normal 0 0 -1
    outer loop
      vertex -72.794 1.41027 0
      vertex -65.8986 16.4115 0
      vertex -72.7267 1.33223 0
    endloop
  endfacet
  facet normal 0 0 -1
    outer loop
      vertex -65.8986 16.4115 0
      vertex -72.794 1.41027 0
      vertex -74.0916 11.4407 0
    endloop
  endfacet
  facet normal 0 0 -1
    outer loop
      vertex -74.0916 11.4407 0
      vertex -72.794 1.41027 0
      vertex -72.8651 1.48492 0
    endloop
  endfacet
  facet normal 0 0 -1
    outer loop
      vertex -74.0916 11.4407 0
      vertex -72.8651 1.48492 0
      vertex -72.9397 1.556 0
    endloop
  endfacet
  facet normal 0 0 -1
    outer loop
      vertex -74.0916 11.4407 0
      vertex -72.9397 1.556 0
      vertex -73.0178 1.62332 0
    endloop
  endfacet
  facet normal 0 0 -1
    outer loop
      vertex -75.0369 9.86273 0
      vertex -73.0178 1.62332 0
      vertex -73.099 1.68674 0
    endloop
  endfacet
  facet normal 0 0 -1
    outer loop
      vertex -75.0369 9.86273 0
      vertex -73.099 1.68674 0
      vertex -73.1833 1.74609 0
    endloop
  endfacet
  facet normal 0 0 -1
    outer loop
      vertex -75.0369 9.86273 0
      vertex -73.1833 1.74609 0
      vertex -73.2704 1.80123 0
    endloop
  endfacet
  facet normal 0 0 -1
    outer loop
      vertex -75.0369 9.86273 0
      vertex -73.2704 1.80123 0
      vertex -73.3601 1.85203 0
    endloop
  endfacet
  facet normal 0 0 -1
    outer loop
      vertex -75.7459 8.67914 0
      vertex -73.3601 1.85203 0
      vertex -73.4521 1.89838 0
    endloop
  endfacet
  facet normal 0 0 -1
    outer loop
      vertex -75.7459 8.67914 0
      vertex -73.4521 1.89838 0
      vertex -73.5464 1.94015 0
    endloop
  endfacet
  facet normal 0 0 -1
    outer loop
      vertex -75.7459 8.67914 0
      vertex -73.5464 1.94015 0
      vertex -73.6425 1.97724 0
    endloop
  endfacet
  facet normal 0 0 -1
    outer loop
      vertex -65.8986 16.4115 0
      vertex -72.4372 14.2811 0
      vertex -71.807 14.9124 0
    endloop
  endfacet
  facet normal 0 0 -1
    outer loop
      vertex -75.7459 8.67914 0
      vertex -73.6425 1.97724 0
      vertex -73.7404 2.00957 0
    endloop
  endfacet
  facet normal 0 0 -1
    outer loop
      vertex -76.2974 7.73233 0
      vertex -73.7404 2.00957 0
      vertex -73.8397 2.03707 0
    endloop
  endfacet
  facet normal 0 0 -1
    outer loop
      vertex -76.2974 7.73233 0
      vertex -73.8397 2.03707 0
      vertex -73.9403 2.05965 0
    endloop
  endfacet
  facet normal 0 0 -1
    outer loop
      vertex -76.2974 7.73233 0
      vertex -73.9403 2.05965 0
      vertex -74.0419 2.07727 0
    endloop
  endfacet
  facet normal 0 0 -1
    outer loop
      vertex -65.8986 16.4115 0
      vertex -74.0916 11.4407 0
      vertex -73.6977 12.3086 0
    endloop
  endfacet
  facet normal 0 0 -1
    outer loop
      vertex -76.2974 7.73233 0
      vertex -74.0419 2.07727 0
      vertex -74.1442 2.08989 0
    endloop
  endfacet
  facet normal 0 0 -1
    outer loop
      vertex -76.2974 7.73233 0
      vertex -74.1442 2.08989 0
      vertex -74.247 2.09747 0
    endloop
  endfacet
  facet normal 0 0 -1
    outer loop
      vertex -76.2974 7.73233 0
      vertex -74.247 2.09747 0
      vertex -74.35 2.1 0
    endloop
  endfacet
  facet normal 0 0 -1
    outer loop
      vertex -73.0178 1.62332 0
      vertex -75.0369 9.86273 0
      vertex -74.0916 11.4407 0
    endloop
  endfacet
  facet normal 0 0 -1
    outer loop
      vertex -76.2974 7.73233 0
      vertex -74.35 2.1 0
      vertex -74.453 2.09747 0
    endloop
  endfacet
  facet normal 0 0 -1
    outer loop
      vertex -76.2974 7.73233 0
      vertex -74.453 2.09747 0
      vertex -74.5558 2.08989 0
    endloop
  endfacet
  facet normal 0 0 -1
    outer loop
      vertex -76.2974 7.73233 0
      vertex -74.5558 2.08989 0
      vertex -74.6581 2.07727 0
    endloop
  endfacet
  facet normal 0 0 -1
    outer loop
      vertex -76.2974 7.73233 0
      vertex -74.6581 2.07727 0
      vertex -74.7597 2.05965 0
    endloop
  endfacet
  facet normal 0 0 -1
    outer loop
      vertex -76.2974 7.73233 0
      vertex -74.7597 2.05965 0
      vertex -74.8603 2.03707 0
    endloop
  endfacet
  facet normal 0 0 -1
    outer loop
      vertex -76.2974 7.73233 0
      vertex -74.8603 2.03707 0
      vertex -74.9596 2.00957 0
    endloop
  endfacet
  facet normal 0 0 -1
    outer loop
      vertex -74.0916 11.4407 0
      vertex -75.0369 9.86273 0
      vertex -74.4067 11.1251 0
    endloop
  endfacet
  facet normal 0 0 -1
    outer loop
      vertex -76.2974 7.73233 0
      vertex -74.9596 2.00957 0
      vertex -75.0575 1.97724 0
    endloop
  endfacet
  facet normal 0 0 -1
    outer loop
      vertex -76.2974 7.73233 0
      vertex -75.0575 1.97724 0
      vertex -75.1536 1.94015 0
    endloop
  endfacet
  facet normal 0 0 -1
    outer loop
      vertex -76.2974 7.73233 0
      vertex -75.1536 1.94015 0
      vertex -75.2479 1.89838 0
    endloop
  endfacet
  facet normal 0 0 -1
    outer loop
      vertex -76.2974 7.73233 0
      vertex -75.2479 1.89838 0
      vertex -75.3399 1.85203 0
    endloop
  endfacet
  facet normal 0 0 -1
    outer loop
      vertex -76.2974 7.73233 0
      vertex -75.3399 1.85203 0
      vertex -75.4296 1.80123 0
    endloop
  endfacet
  facet normal 0 0 -1
    outer loop
      vertex -76.2974 7.73233 0
      vertex -75.4296 1.80123 0
      vertex -75.5167 1.74609 0
    endloop
  endfacet
  facet normal 0 0 -1
    outer loop
      vertex -76.2974 7.73233 0
      vertex -75.5167 1.74609 0
      vertex -75.601 1.68674 0
    endloop
  endfacet
  facet normal 0 0 -1
    outer loop
      vertex -73.3601 1.85203 0
      vertex -75.7459 8.67914 0
      vertex -75.0369 9.86273 0
    endloop
  endfacet
  facet normal 0 0 -1
    outer loop
      vertex -76.2974 7.73233 0
      vertex -75.601 1.68674 0
      vertex -75.6822 1.62332 0
    endloop
  endfacet
  facet normal 0 0 -1
    outer loop
      vertex -75.0369 9.86273 0
      vertex -75.7459 8.67914 0
      vertex -75.6672 8.99474 0
    endloop
  endfacet
  facet normal 0 0 -1
    outer loop
      vertex -76.2974 7.73233 0
      vertex -75.6822 1.62332 0
      vertex -75.7603 1.556 0
    endloop
  endfacet
  facet normal 0 0 -1
    outer loop
      vertex -76.2974 7.73233 0
      vertex -75.7603 1.556 0
      vertex -75.8349 1.48492 0
    endloop
  endfacet
  facet normal 0 0 -1
    outer loop
      vertex -76.2974 7.73233 0
      vertex -75.8349 1.48492 0
      vertex -75.906 1.41027 0
    endloop
  endfacet
  facet normal 0 0 -1
    outer loop
      vertex -76.2974 7.73233 0
      vertex -75.906 1.41027 0
      vertex -75.9733 1.33223 0
    endloop
  endfacet
  facet normal 0 0 -1
    outer loop
      vertex -76.2974 7.73233 0
      vertex -75.9733 1.33223 0
      vertex -76.0367 1.25097 0
    endloop
  endfacet
  facet normal 0 0 -1
    outer loop
      vertex -76.2974 7.73233 0
      vertex -76.0367 1.25097 0
      vertex -76.0961 1.1667 0
    endloop
  endfacet
  facet normal 0 0 -1
    outer loop
      vertex -76.2974 7.73233 0
      vertex -76.0961 1.1667 0
      vertex -76.1512 1.07962 0
    endloop
  endfacet
  facet normal 0 0 -1
    outer loop
      vertex -76.2974 7.73233 0
      vertex -76.1512 1.07962 0
      vertex -76.202 0.989933 0
    endloop
  endfacet
  facet normal 0 0 -1
    outer loop
      vertex -76.2974 7.73233 0
      vertex -76.202 0.989933 0
      vertex -76.2484 0.897865 0
    endloop
  endfacet
  facet normal 0 0 -1
    outer loop
      vertex -76.2974 7.73233 0
      vertex -76.2484 0.897865 0
      vertex -76.2901 0.803635 0
    endloop
  endfacet
  facet normal 0 0 -1
    outer loop
      vertex -73.7404 2.00957 0
      vertex -76.2974 7.73233 0
      vertex -75.7459 8.67914 0
    endloop
  endfacet
  facet normal 0 0 -1
    outer loop
      vertex -75.7459 8.67914 0
      vertex -76.2974 7.73233 0
      vertex -76.2974 7.96904 0
    endloop
  endfacet
  facet normal 0 0 -1
    outer loop
      vertex 76.3272 -0.707468 0
      vertex 79.9212 -1.26246 0
      vertex 79.6061 -2.36706 0
    endloop
  endfacet
  facet normal 0 -0 -1
    outer loop
      vertex 76.4399 -0.205835 0
      vertex 79.9212 -1.26246 0
      vertex 76.4273 -0.308133 0
    endloop
  endfacet
  facet normal 0 0 -1
    outer loop
      vertex 76.4399 0.205835 0
      vertex 80 0.946839 0
      vertex 76.4475 0.103042 0
    endloop
  endfacet
  facet normal 0 0 -1
    outer loop
      vertex 76.4097 0.409689 0
      vertex 80 0.946839 0
      vertex 76.4273 0.308133 0
    endloop
  endfacet
  facet normal 0 0 -1
    outer loop
      vertex 76.3272 0.707468 0
      vertex 80 0.946839 0
      vertex 76.3596 0.609597 0
    endloop
  endfacet
  facet normal 0 0 -1
    outer loop
      vertex 76.2901 0.803635 0
      vertex 79.291 2.91934 0
      vertex 76.3272 0.707468 0
    endloop
  endfacet
  facet normal 0 0 -1
    outer loop
      vertex 76.202 0.989933 0
      vertex 79.0547 3.15604 0
      vertex 76.2484 0.897865 0
    endloop
  endfacet
  facet normal 0 0 -1
    outer loop
      vertex 76.4273 0.308133 0
      vertex 80 0.946839 0
      vertex 76.4399 0.205835 0
    endloop
  endfacet
  facet normal 0 0 -1
    outer loop
      vertex 80 0.946839 0
      vertex 76.45 0 0
      vertex 76.4475 0.103042 0
    endloop
  endfacet
  facet normal 0 0 -1
    outer loop
      vertex 80 0.946839 0
      vertex 76.4475 -0.103042 0
      vertex 76.45 0 0
    endloop
  endfacet
  facet normal 0 0 -1
    outer loop
      vertex 79.9212 -1.26246 0
      vertex 76.4475 -0.103042 0
      vertex 80 0.946839 0
    endloop
  endfacet
  facet normal 0 -0 -1
    outer loop
      vertex 76.4475 -0.103042 0
      vertex 79.9212 -1.26246 0
      vertex 76.4399 -0.205835 0
    endloop
  endfacet
  facet normal 0 0 -1
    outer loop
      vertex 79.9212 -1.26246 0
      vertex 76.4097 -0.409689 0
      vertex 76.4273 -0.308133 0
    endloop
  endfacet
  facet normal 0 0 -1
    outer loop
      vertex 79.9212 -1.26246 0
      vertex 76.3871 -0.510258 0
      vertex 76.4097 -0.409689 0
    endloop
  endfacet
  facet normal 0 0 -1
    outer loop
      vertex 79.9212 -1.26246 0
      vertex 76.3596 -0.609597 0
      vertex 76.3871 -0.510258 0
    endloop
  endfacet
  facet normal 0 0 -1
    outer loop
      vertex 79.9212 -1.26246 0
      vertex 76.3272 -0.707468 0
      vertex 76.3596 -0.609597 0
    endloop
  endfacet
  facet normal 0 0 -1
    outer loop
      vertex 79.6061 -2.36706 0
      vertex 76.2901 -0.803635 0
      vertex 76.3272 -0.707468 0
    endloop
  endfacet
  facet normal 0 0 -1
    outer loop
      vertex 79.6061 -2.36706 0
      vertex 76.2484 -0.897865 0
      vertex 76.2901 -0.803635 0
    endloop
  endfacet
  facet normal 0 0 -1
    outer loop
      vertex 79.6061 -2.36706 0
      vertex 76.202 -0.989933 0
      vertex 76.2484 -0.897865 0
    endloop
  endfacet
  facet normal 0 0 -1
    outer loop
      vertex 79.6061 -2.36706 0
      vertex 76.1512 -1.07962 0
      vertex 76.202 -0.989933 0
    endloop
  endfacet
  facet normal 0 0 -1
    outer loop
      vertex 79.6061 -2.36706 0
      vertex 76.0961 -1.1667 0
      vertex 76.1512 -1.07962 0
    endloop
  endfacet
  facet normal 0 0 -1
    outer loop
      vertex 79.6061 -2.36706 0
      vertex 76.0367 -1.25097 0
      vertex 76.0961 -1.1667 0
    endloop
  endfacet
  facet normal 0 0 -1
    outer loop
      vertex 79.6061 -2.36706 0
      vertex 75.9733 -1.33223 0
      vertex 76.0367 -1.25097 0
    endloop
  endfacet
  facet normal 0 0 -1
    outer loop
      vertex 79.6061 -2.36706 0
      vertex 75.906 -1.41027 0
      vertex 75.9733 -1.33223 0
    endloop
  endfacet
  facet normal 0 0 -1
    outer loop
      vertex 79.6061 -2.36706 0
      vertex 75.8349 -1.48492 0
      vertex 75.906 -1.41027 0
    endloop
  endfacet
  facet normal 0 0 -1
    outer loop
      vertex 79.6061 -2.36706 0
      vertex 75.7603 -1.556 0
      vertex 75.8349 -1.48492 0
    endloop
  endfacet
  facet normal 0 0 -1
    outer loop
      vertex 79.6061 -2.36706 0
      vertex 75.6822 -1.62332 0
      vertex 75.7603 -1.556 0
    endloop
  endfacet
  facet normal 0 0 -1
    outer loop
      vertex 79.6061 -2.36706 0
      vertex 75.601 -1.68674 0
      vertex 75.6822 -1.62332 0
    endloop
  endfacet
  facet normal 0 0 -1
    outer loop
      vertex 79.6061 -2.36706 0
      vertex 75.5167 -1.74609 0
      vertex 75.601 -1.68674 0
    endloop
  endfacet
  facet normal 0 0 -1
    outer loop
      vertex 79.6061 -2.36706 0
      vertex 75.4296 -1.80123 0
      vertex 75.5167 -1.74609 0
    endloop
  endfacet
  facet normal 0 0 -1
    outer loop
      vertex 79.6061 -2.36706 0
      vertex 75.3399 -1.85203 0
      vertex 75.4296 -1.80123 0
    endloop
  endfacet
  facet normal 0 0 -1
    outer loop
      vertex 79.6061 -2.36706 0
      vertex 75.2479 -1.89838 0
      vertex 75.3399 -1.85203 0
    endloop
  endfacet
  facet normal 0 0 -1
    outer loop
      vertex 79.6061 -2.36706 0
      vertex 75.1536 -1.94015 0
      vertex 75.2479 -1.89838 0
    endloop
  endfacet
  facet normal 0 0 -1
    outer loop
      vertex 79.6061 -2.36706 0
      vertex 75.0575 -1.97724 0
      vertex 75.1536 -1.94015 0
    endloop
  endfacet
  facet normal 0 0 -1
    outer loop
      vertex 79.6061 -2.36706 0
      vertex 74.9596 -2.00957 0
      vertex 75.0575 -1.97724 0
    endloop
  endfacet
  facet normal 0 0 -1
    outer loop
      vertex 73.5401 -13.0188 0
      vertex 74.9596 -2.00957 0
      vertex 79.6061 -2.36706 0
    endloop
  endfacet
  facet normal 0 0 -1
    outer loop
      vertex 74.9596 -2.00957 0
      vertex 73.5401 -13.0188 0
      vertex 74.8603 -2.03707 0
    endloop
  endfacet
  facet normal 0 0 -1
    outer loop
      vertex 74.8603 -2.03707 0
      vertex 73.5401 -13.0188 0
      vertex 74.7597 -2.05965 0
    endloop
  endfacet
  facet normal 0 0 -1
    outer loop
      vertex 74.7597 -2.05965 0
      vertex 73.5401 -13.0188 0
      vertex 74.6581 -2.07727 0
    endloop
  endfacet
  facet normal 0 0 -1
    outer loop
      vertex 74.6581 -2.07727 0
      vertex 73.5401 -13.0188 0
      vertex 74.5558 -2.08989 0
    endloop
  endfacet
  facet normal 0 0 -1
    outer loop
      vertex 74.5558 -2.08989 0
      vertex 73.5401 -13.0188 0
      vertex 74.453 -2.09747 0
    endloop
  endfacet
  facet normal 0 0 -1
    outer loop
      vertex 74.453 -2.09747 0
      vertex 73.5401 -13.0188 0
      vertex 74.35 -2.1 0
    endloop
  endfacet
  facet normal -0 0 -1
    outer loop
      vertex 74.35 -2.1 0
      vertex 73.5401 -13.0188 0
      vertex 74.247 -2.09747 0
    endloop
  endfacet
  facet normal 0 0 -1
    outer loop
      vertex 73.5401 -13.0188 0
      vertex 74.1442 -2.08989 0
      vertex 74.247 -2.09747 0
    endloop
  endfacet
  facet normal 0 0 -1
    outer loop
      vertex 73.5401 -13.0188 0
      vertex 74.0419 -2.07727 0
      vertex 74.1442 -2.08989 0
    endloop
  endfacet
  facet normal 0 0 -1
    outer loop
      vertex 73.5401 -13.0188 0
      vertex 73.9403 -2.05965 0
      vertex 74.0419 -2.07727 0
    endloop
  endfacet
  facet normal 0 0 -1
    outer loop
      vertex 73.5401 -13.0188 0
      vertex 73.8397 -2.03707 0
      vertex 73.9403 -2.05965 0
    endloop
  endfacet
  facet normal 0 0 -1
    outer loop
      vertex 73.5401 -13.0188 0
      vertex 73.7404 -2.00957 0
      vertex 73.8397 -2.03707 0
    endloop
  endfacet
  facet normal 0 0 -1
    outer loop
      vertex 73.5401 -13.0188 0
      vertex 73.6425 -1.97724 0
      vertex 73.7404 -2.00957 0
    endloop
  endfacet
  facet normal 0 0 -1
    outer loop
      vertex 73.5401 -13.0188 0
      vertex 73.5464 -1.94015 0
      vertex 73.6425 -1.97724 0
    endloop
  endfacet
  facet normal 0 0 -1
    outer loop
      vertex 73.5401 -13.0188 0
      vertex 73.4521 -1.89838 0
      vertex 73.5464 -1.94015 0
    endloop
  endfacet
  facet normal 0 0 -1
    outer loop
      vertex 73.5401 -13.0188 0
      vertex 73.3601 -1.85203 0
      vertex 73.4521 -1.89838 0
    endloop
  endfacet
  facet normal 0 0 -1
    outer loop
      vertex 73.5401 -13.0188 0
      vertex 73.2704 -1.80123 0
      vertex 73.3601 -1.85203 0
    endloop
  endfacet
  facet normal 0 0 -1
    outer loop
      vertex 73.5401 -13.0188 0
      vertex 73.1833 -1.74609 0
      vertex 73.2704 -1.80123 0
    endloop
  endfacet
  facet normal 0 0 -1
    outer loop
      vertex 73.5401 -13.0188 0
      vertex 73.099 -1.68674 0
      vertex 73.1833 -1.74609 0
    endloop
  endfacet
  facet normal 0 0 -1
    outer loop
      vertex 73.5401 -13.0188 0
      vertex 73.0178 -1.62332 0
      vertex 73.099 -1.68674 0
    endloop
  endfacet
  facet normal 0 0 -1
    outer loop
      vertex 73.5401 -13.0188 0
      vertex 72.9397 -1.556 0
      vertex 73.0178 -1.62332 0
    endloop
  endfacet
  facet normal 0 0 -1
    outer loop
      vertex 72.0433 -14.8335 0
      vertex 73.5401 -13.0188 0
      vertex 72.9099 -13.9656 0
    endloop
  endfacet
  facet normal 0 -0 -1
    outer loop
      vertex 72.8651 -1.48492 0
      vertex 73.5401 -13.0188 0
      vertex 66.9227 -16.2537 0
    endloop
  endfacet
  facet normal 0 0 -1
    outer loop
      vertex 73.5401 -13.0188 0
      vertex 72.8651 -1.48492 0
      vertex 72.9397 -1.556 0
    endloop
  endfacet
  facet normal -0 0 -1
    outer loop
      vertex 72.8651 -1.48492 0
      vertex 66.9227 -16.2537 0
      vertex 72.794 -1.41027 0
    endloop
  endfacet
  facet normal -0 0 -1
    outer loop
      vertex 72.794 -1.41027 0
      vertex 66.9227 -16.2537 0
      vertex 72.7267 -1.33223 0
    endloop
  endfacet
  facet normal -0 0 -1
    outer loop
      vertex 72.7267 -1.33223 0
      vertex 66.9227 -16.2537 0
      vertex 72.6633 -1.25097 0
    endloop
  endfacet
  facet normal -0 0 -1
    outer loop
      vertex 72.6633 -1.25097 0
      vertex 66.9227 -16.2537 0
      vertex 72.6039 -1.1667 0
    endloop
  endfacet
  facet normal -0 0 -1
    outer loop
      vertex 72.6039 -1.1667 0
      vertex 66.9227 -16.2537 0
      vertex 72.5488 -1.07962 0
    endloop
  endfacet
  facet normal -0 0 -1
    outer loop
      vertex 72.5488 -1.07962 0
      vertex 66.9227 -16.2537 0
      vertex 72.498 -0.989933 0
    endloop
  endfacet
  facet normal -0 0 -1
    outer loop
      vertex 72.498 -0.989933 0
      vertex 66.9227 -16.2537 0
      vertex 72.4516 -0.897865 0
    endloop
  endfacet
  facet normal -0 0 -1
    outer loop
      vertex 72.4516 -0.897865 0
      vertex 66.9227 -16.2537 0
      vertex 72.4099 -0.803635 0
    endloop
  endfacet
  facet normal -0 0 -1
    outer loop
      vertex 72.4099 -0.803635 0
      vertex 66.9227 -16.2537 0
      vertex 72.3728 -0.707468 0
    endloop
  endfacet
  facet normal 0 0 -1
    outer loop
      vertex 56.2088 -17.2006 0
      vertex 72.3728 -0.707468 0
      vertex 66.9227 -16.2537 0
    endloop
  endfacet
  facet normal -0 0 -1
    outer loop
      vertex 72.3728 -0.707468 0
      vertex 56.2088 -17.2006 0
      vertex 72.3404 -0.609597 0
    endloop
  endfacet
  facet normal -0 0 -1
    outer loop
      vertex 72.3404 -0.609597 0
      vertex 56.2088 -17.2006 0
      vertex 72.3129 -0.510258 0
    endloop
  endfacet
  facet normal -0 0 -1
    outer loop
      vertex 72.3129 -0.510258 0
      vertex 56.2088 -17.2006 0
      vertex 72.2904 -0.409689 0
    endloop
  endfacet
  facet normal -0 0 -1
    outer loop
      vertex 72.2904 -0.409689 0
      vertex 56.2088 -17.2006 0
      vertex 72.2727 -0.308133 0
    endloop
  endfacet
  facet normal -0 0 -1
    outer loop
      vertex 72.2727 -0.308133 0
      vertex 56.2088 -17.2006 0
      vertex 72.2601 -0.205835 0
    endloop
  endfacet
  facet normal 0 0 -1
    outer loop
      vertex 68.8922 -16.1748 0
      vertex 73.5401 -13.0188 0
      vertex 72.0433 -14.8335 0
    endloop
  endfacet
  facet normal 0 0 -1
    outer loop
      vertex 76.3871 0.510258 0
      vertex 80 0.946839 0
      vertex 76.4097 0.409689 0
    endloop
  endfacet
  facet normal 0 0 -1
    outer loop
      vertex 76.3596 0.609597 0
      vertex 80 0.946839 0
      vertex 76.3871 0.510258 0
    endloop
  endfacet
  facet normal -0 0 -1
    outer loop
      vertex 80 0.946839 0
      vertex 76.3272 0.707468 0
      vertex 79.291 2.91934 0
    endloop
  endfacet
  facet normal 0 0 -1
    outer loop
      vertex 76.2484 0.897865 0
      vertex 79.291 2.91934 0
      vertex 76.2901 0.803635 0
    endloop
  endfacet
  facet normal -0 0 -1
    outer loop
      vertex 79.291 2.91934 0
      vertex 76.2484 0.897865 0
      vertex 79.0547 3.15604 0
    endloop
  endfacet
  facet normal 0 0 -1
    outer loop
      vertex 76.1512 1.07962 0
      vertex 79.0547 3.15604 0
      vertex 76.202 0.989933 0
    endloop
  endfacet
  facet normal 0 0 -1
    outer loop
      vertex 76.0961 1.1667 0
      vertex 79.0547 3.15604 0
      vertex 76.1512 1.07962 0
    endloop
  endfacet
  facet normal 0 0 -1
    outer loop
      vertex 76.0367 1.25097 0
      vertex 79.0547 3.15604 0
      vertex 76.0961 1.1667 0
    endloop
  endfacet
  facet normal 0 0 -1
    outer loop
      vertex 75.9733 1.33223 0
      vertex 79.0547 3.15604 0
      vertex 76.0367 1.25097 0
    endloop
  endfacet
  facet normal 0 0 -1
    outer loop
      vertex 75.906 1.41027 0
      vertex 79.0547 3.15604 0
      vertex 75.9733 1.33223 0
    endloop
  endfacet
  facet normal 0 0 -1
    outer loop
      vertex 75.8349 1.48492 0
      vertex 79.0547 3.15604 0
      vertex 75.906 1.41027 0
    endloop
  endfacet
  facet normal 0 0 -1
    outer loop
      vertex 75.7603 1.556 0
      vertex 79.0547 3.15604 0
      vertex 75.8349 1.48492 0
    endloop
  endfacet
  facet normal -0 0 -1
    outer loop
      vertex 79.0547 3.15604 0
      vertex 75.7603 1.556 0
      vertex 78.4244 4.41853 0
    endloop
  endfacet
  facet normal 0 0 -1
    outer loop
      vertex 75.6822 1.62332 0
      vertex 78.4244 4.41853 0
      vertex 75.7603 1.556 0
    endloop
  endfacet
  facet normal -0 0 -1
    outer loop
      vertex 78.4244 4.41853 0
      vertex 75.6822 1.62332 0
      vertex 78.1093 4.73413 0
    endloop
  endfacet
  facet normal 0 0 -1
    outer loop
      vertex 75.601 1.68674 0
      vertex 78.1093 4.73413 0
      vertex 75.6822 1.62332 0
    endloop
  endfacet
  facet normal 0 0 -1
    outer loop
      vertex 75.5167 1.74609 0
      vertex 78.1093 4.73413 0
      vertex 75.601 1.68674 0
    endloop
  endfacet
  facet normal 0 0 -1
    outer loop
      vertex 75.4296 1.80123 0
      vertex 78.1093 4.73413 0
      vertex 75.5167 1.74609 0
    endloop
  endfacet
  facet normal 0 0 -1
    outer loop
      vertex 75.3399 1.85203 0
      vertex 78.1093 4.73413 0
      vertex 75.4296 1.80123 0
    endloop
  endfacet
  facet normal 0 0 -1
    outer loop
      vertex 75.2479 1.89838 0
      vertex 78.1093 4.73413 0
      vertex 75.3399 1.85203 0
    endloop
  endfacet
  facet normal 0 0 -1
    outer loop
      vertex 75.1536 1.94015 0
      vertex 78.1093 4.73413 0
      vertex 75.2479 1.89838 0
    endloop
  endfacet
  facet normal 0 0 -1
    outer loop
      vertex 75.0575 1.97724 0
      vertex 78.1093 4.73413 0
      vertex 75.1536 1.94015 0
    endloop
  endfacet
  facet normal -0 0 -1
    outer loop
      vertex 78.1093 4.73413 0
      vertex 75.0575 1.97724 0
      vertex 77.7154 5.60204 0
    endloop
  endfacet
  facet normal 0 0 -1
    outer loop
      vertex 74.9596 2.00957 0
      vertex 77.7154 5.60204 0
      vertex 75.0575 1.97724 0
    endloop
  endfacet
  facet normal 0 0 -1
    outer loop
      vertex 74.8603 2.03707 0
      vertex 77.7154 5.60204 0
      vertex 74.9596 2.00957 0
    endloop
  endfacet
  facet normal 0 0 -1
    outer loop
      vertex 74.7597 2.05965 0
      vertex 77.7154 5.60204 0
      vertex 74.8603 2.03707 0
    endloop
  endfacet
  facet normal 0 0 -1
    outer loop
      vertex 74.6581 2.07727 0
      vertex 77.7154 5.60204 0
      vertex 74.7597 2.05965 0
    endloop
  endfacet
  facet normal 0 0 -1
    outer loop
      vertex 74.5558 2.08989 0
      vertex 77.7154 5.60204 0
      vertex 74.6581 2.07727 0
    endloop
  endfacet
  facet normal -0 0 -1
    outer loop
      vertex 77.7154 5.60204 0
      vertex 74.5558 2.08989 0
      vertex 76.5337 7.41673 0
    endloop
  endfacet
  facet normal 0 0 -1
    outer loop
      vertex 74.453 2.09747 0
      vertex 76.5337 7.41673 0
      vertex 74.5558 2.08989 0
    endloop
  endfacet
  facet normal 0 0 -1
    outer loop
      vertex 74.35 2.1 0
      vertex 76.5337 7.41673 0
      vertex 74.453 2.09747 0
    endloop
  endfacet
  facet normal 0 0 -1
    outer loop
      vertex 74.247 2.09747 0
      vertex 76.5337 7.41673 0
      vertex 74.35 2.1 0
    endloop
  endfacet
  facet normal 0 0 -1
    outer loop
      vertex 74.1442 2.08989 0
      vertex 76.5337 7.41673 0
      vertex 74.247 2.09747 0
    endloop
  endfacet
  facet normal 0 0 -1
    outer loop
      vertex 74.0419 2.07727 0
      vertex 76.5337 7.41673 0
      vertex 74.1442 2.08989 0
    endloop
  endfacet
  facet normal 0 0 -1
    outer loop
      vertex 73.9403 2.05965 0
      vertex 76.5337 7.41673 0
      vertex 74.0419 2.07727 0
    endloop
  endfacet
  facet normal 0 0 -1
    outer loop
      vertex 73.8397 2.03707 0
      vertex 76.5337 7.41673 0
      vertex 73.9403 2.05965 0
    endloop
  endfacet
  facet normal 0 0 -1
    outer loop
      vertex 76.5337 7.41673 0
      vertex 75.9035 8.44243 0
      vertex 76.4549 7.73233 0
    endloop
  endfacet
  facet normal -0 0 -1
    outer loop
      vertex 76.5337 7.41673 0
      vertex 73.8397 2.03707 0
      vertex 75.9035 8.44243 0
    endloop
  endfacet
  facet normal 0 0 -1
    outer loop
      vertex 73.7404 2.00957 0
      vertex 75.9035 8.44243 0
      vertex 73.8397 2.03707 0
    endloop
  endfacet
  facet normal 0 0 -1
    outer loop
      vertex 73.6425 1.97724 0
      vertex 75.9035 8.44243 0
      vertex 73.7404 2.00957 0
    endloop
  endfacet
  facet normal 0 0 -1
    outer loop
      vertex 73.5464 1.94015 0
      vertex 75.9035 8.44243 0
      vertex 73.6425 1.97724 0
    endloop
  endfacet
  facet normal 0 0 -1
    outer loop
      vertex 73.4521 1.89838 0
      vertex 75.9035 8.44243 0
      vertex 73.5464 1.94015 0
    endloop
  endfacet
  facet normal 0 0 -1
    outer loop
      vertex 73.3601 1.85203 0
      vertex 75.9035 8.44243 0
      vertex 73.4521 1.89838 0
    endloop
  endfacet
  facet normal 0 0 -1
    outer loop
      vertex 75.9035 8.44243 0
      vertex 74.9581 10.0205 0
      vertex 75.5096 9.31033 0
    endloop
  endfacet
  facet normal -0 0 -1
    outer loop
      vertex 75.9035 8.44243 0
      vertex 73.3601 1.85203 0
      vertex 74.9581 10.0205 0
    endloop
  endfacet
  facet normal 0 0 -1
    outer loop
      vertex 73.2704 1.80123 0
      vertex 74.9581 10.0205 0
      vertex 73.3601 1.85203 0
    endloop
  endfacet
  facet normal 0 0 -1
    outer loop
      vertex 73.1833 1.74609 0
      vertex 74.9581 10.0205 0
      vertex 73.2704 1.80123 0
    endloop
  endfacet
  facet normal 0 0 -1
    outer loop
      vertex 73.099 1.68674 0
      vertex 74.9581 10.0205 0
      vertex 73.1833 1.74609 0
    endloop
  endfacet
  facet normal 0 0 -1
    outer loop
      vertex 73.0178 1.62332 0
      vertex 74.9581 10.0205 0
      vertex 73.099 1.68674 0
    endloop
  endfacet
  facet normal 0 0 -1
    outer loop
      vertex 74.9581 10.0205 0
      vertex 74.2491 11.204 0
      vertex 74.8794 10.3361 0
    endloop
  endfacet
  facet normal -0 0 -1
    outer loop
      vertex 74.9581 10.0205 0
      vertex 73.0178 1.62332 0
      vertex 74.2491 11.204 0
    endloop
  endfacet
  facet normal 0 0 -1
    outer loop
      vertex 72.9397 1.556 0
      vertex 74.2491 11.204 0
      vertex 73.0178 1.62332 0
    endloop
  endfacet
  facet normal 0 0 -1
    outer loop
      vertex 72.8651 1.48492 0
      vertex 74.2491 11.204 0
      vertex 72.9397 1.556 0
    endloop
  endfacet
  facet normal 0 0 -1
    outer loop
      vertex 72.794 1.41027 0
      vertex 74.2491 11.204 0
      vertex 72.8651 1.48492 0
    endloop
  endfacet
  facet normal 0 0 -1
    outer loop
      vertex 72.7267 1.33223 0
      vertex 74.2491 11.204 0
      vertex 72.794 1.41027 0
    endloop
  endfacet
  facet normal 0 0 -1
    outer loop
      vertex 65.3471 16.8849 0
      vertex 74.2491 11.204 0
      vertex 72.7267 1.33223 0
    endloop
  endfacet
  facet normal 0 0 -1
    outer loop
      vertex 65.3471 16.8849 0
      vertex 72.7267 1.33223 0
      vertex 72.6633 1.25097 0
    endloop
  endfacet
  facet normal 0 0 -1
    outer loop
      vertex 64.0079 16.8849 0
      vertex 72.6633 1.25097 0
      vertex 72.6039 1.1667 0
    endloop
  endfacet
  facet normal -0 -0 -1
    outer loop
      vertex 72.5948 14.0444 0
      vertex 74.2491 11.204 0
      vertex 65.3471 16.8849 0
    endloop
  endfacet
  facet normal 0 0 -1
    outer loop
      vertex 64.0079 16.8849 0
      vertex 72.6039 1.1667 0
      vertex 72.5488 1.07962 0
    endloop
  endfacet
  facet normal 0 0 -1
    outer loop
      vertex 64.0079 16.8849 0
      vertex 72.5488 1.07962 0
      vertex 72.498 0.989933 0
    endloop
  endfacet
  facet normal 0 0 -1
    outer loop
      vertex 64.0079 16.8849 0
      vertex 72.498 0.989933 0
      vertex 72.4516 0.897865 0
    endloop
  endfacet
  facet normal 0 0 -1
    outer loop
      vertex 64.0079 16.8849 0
      vertex 72.4516 0.897865 0
      vertex 72.4099 0.803635 0
    endloop
  endfacet
  facet normal 0 0 -1
    outer loop
      vertex 64.0079 16.8849 0
      vertex 72.4099 0.803635 0
      vertex 72.3728 0.707468 0
    endloop
  endfacet
  facet normal 0 0 -1
    outer loop
      vertex 64.0079 16.8849 0
      vertex 72.3728 0.707468 0
      vertex 72.3404 0.609597 0
    endloop
  endfacet
  facet normal 0 0 -1
    outer loop
      vertex 64.0079 16.8849 0
      vertex 72.3404 0.609597 0
      vertex 72.3129 0.510258 0
    endloop
  endfacet
  facet normal 0 0 -1
    outer loop
      vertex 64.0079 16.8849 0
      vertex 72.3129 0.510258 0
      vertex 72.2904 0.409689 0
    endloop
  endfacet
  facet normal 0 0 -1
    outer loop
      vertex 64.0079 16.8849 0
      vertex 72.2904 0.409689 0
      vertex 72.2727 0.308133 0
    endloop
  endfacet
  facet normal 0 0 -1
    outer loop
      vertex 64.0079 16.8849 0
      vertex 72.2727 0.308133 0
      vertex 72.2601 0.205835 0
    endloop
  endfacet
  facet normal 0 0 -1
    outer loop
      vertex 49.355 17.8317 0
      vertex 72.2601 0.205835 0
      vertex 72.2525 0.103042 0
    endloop
  endfacet
  facet normal 0 0 -1
    outer loop
      vertex 49.355 17.8317 0
      vertex 72.2525 0.103042 0
      vertex 72.25 0 0
    endloop
  endfacet
  facet normal 0 0 -1
    outer loop
      vertex 69.7587 -16.017 0
      vertex 72.0433 -14.8335 0
      vertex 71.4131 -15.3069 0
    endloop
  endfacet
  facet normal -0 0 -1
    outer loop
      vertex 72.2601 -0.205835 0
      vertex 56.2088 -17.2006 0
      vertex 72.2525 -0.103042 0
    endloop
  endfacet
  facet normal -0 0 -1
    outer loop
      vertex 72.2525 -0.103042 0
      vertex 56.2088 -17.2006 0
      vertex 72.25 0 0
    endloop
  endfacet
  facet normal 0 0 -1
    outer loop
      vertex 72.6633 1.25097 0
      vertex 64.0079 16.8849 0
      vertex 65.3471 16.8849 0
    endloop
  endfacet
  facet normal 0 0 -1
    outer loop
      vertex 72.0433 -14.8335 0
      vertex 69.7587 -16.017 0
      vertex 68.8922 -16.1748 0
    endloop
  endfacet
  facet normal 0 0 -1
    outer loop
      vertex 73.5401 -13.0188 0
      vertex 68.8922 -16.1748 0
      vertex 66.9227 -16.2537 0
    endloop
  endfacet
  facet normal 0 0 -1
    outer loop
      vertex 74.2491 11.204 0
      vertex 72.5948 14.0444 0
      vertex 74.1704 11.5196 0
    endloop
  endfacet
  facet normal 0 0 -1
    outer loop
      vertex 72.5948 14.0444 0
      vertex 68.8134 16.5693 0
      vertex 71.4131 15.3069 0
    endloop
  endfacet
  facet normal 0 0 -1
    outer loop
      vertex 71.4131 15.3069 0
      vertex 68.8134 16.5693 0
      vertex 69.8375 16.2537 0
    endloop
  endfacet
  facet normal -0 -0 -1
    outer loop
      vertex 68.8134 16.5693 0
      vertex 72.5948 14.0444 0
      vertex 65.3471 16.8849 0
    endloop
  endfacet
  facet normal 0 0 -1
    outer loop
      vertex 49.355 17.8317 0
      vertex 72.25 0 0
      vertex 56.2088 -17.2006 0
    endloop
  endfacet
  facet normal 0 0 -1
    outer loop
      vertex 72.2601 0.205835 0
      vertex 49.355 17.8317 0
      vertex 64.0079 16.8849 0
    endloop
  endfacet
  facet normal 0 0 -1
    outer loop
      vertex 43.9193 -17.9896 0
      vertex 49.355 17.8317 0
      vertex 56.2088 -17.2006 0
    endloop
  endfacet
  facet normal 0 0 -1
    outer loop
      vertex 42.4225 -17.9896 0
      vertex 49.355 17.8317 0
      vertex 43.9193 -17.9896 0
    endloop
  endfacet
  facet normal 0 0 -1
    outer loop
      vertex 41.2408 -18.1474 0
      vertex 49.355 17.8317 0
      vertex 42.4225 -17.9896 0
    endloop
  endfacet
  facet normal 0 0 -1
    outer loop
      vertex 38.3259 -18.2263 0
      vertex 49.355 17.8317 0
      vertex 41.2408 -18.1474 0
    endloop
  endfacet
  facet normal 0 0 -1
    outer loop
      vertex 27.612 18.7785 0
      vertex 38.3259 -18.2263 0
      vertex 37.0655 -18.3841 0
    endloop
  endfacet
  facet normal 0 0 -1
    outer loop
      vertex 38.3259 -18.2263 0
      vertex 27.612 18.7785 0
      vertex 49.355 17.8317 0
    endloop
  endfacet
  facet normal 0 0 -1
    outer loop
      vertex 23.5943 -18.9364 0
      vertex 27.612 18.7785 0
      vertex 37.0655 -18.3841 0
    endloop
  endfacet
  facet normal 0 0 -1
    outer loop
      vertex 9.02019 19.2519 0
      vertex 23.5943 -18.9364 0
      vertex 9.9655 -19.252 0
    endloop
  endfacet
  facet normal 0 0 -1
    outer loop
      vertex 23.5943 -18.9364 0
      vertex 9.02019 19.2519 0
      vertex 27.612 18.7785 0
    endloop
  endfacet
  facet normal 0 0 -1
    outer loop
      vertex 9.9655 -19.252 0
      vertex -3.8208 19.2519 0
      vertex 9.02019 19.2519 0
    endloop
  endfacet
  facet normal 0 0 -1
    outer loop
      vertex -6.65681 -19.252 0
      vertex -3.8208 19.2519 0
      vertex 9.9655 -19.252 0
    endloop
  endfacet
  facet normal 0 0 -1
    outer loop
      vertex -6.65681 -19.252 0
      vertex -21.9399 18.7785 0
      vertex -3.8208 19.2519 0
    endloop
  endfacet
  facet normal 0 0 -1
    outer loop
      vertex -26.5879 -18.6997 0
      vertex -21.9399 18.7785 0
      vertex -6.65681 -19.252 0
    endloop
  endfacet
  facet normal 0 0 -1
    outer loop
      vertex -26.5879 -18.6997 0
      vertex -37.1443 18.1473 0
      vertex -21.9399 18.7785 0
    endloop
  endfacet
  facet normal 0 0 -1
    outer loop
      vertex -49.9852 -17.4373 0
      vertex -37.1443 18.1473 0
      vertex -26.5879 -18.6997 0
    endloop
  endfacet
  facet normal 0 0 -1
    outer loop
      vertex -49.9852 -17.4373 0
      vertex -61.0143 16.806 0
      vertex -37.1443 18.1473 0
    endloop
  endfacet
  facet normal 0 0 -1
    outer loop
      vertex -72.25 0 0
      vertex -61.0143 16.806 0
      vertex -49.9852 -17.4373 0
    endloop
  endfacet
  facet normal 0 0 -1
    outer loop
      vertex -72.2525 0.103042 0
      vertex -61.0143 16.806 0
      vertex -72.25 0 0
    endloop
  endfacet
  facet normal 0 0 -1
    outer loop
      vertex -72.3728 -0.707468 0
      vertex -49.9852 -17.4373 0
      vertex -69.2861 -16.017 0
    endloop
  endfacet
  facet normal 0 0 -1
    outer loop
      vertex -72.2601 0.205835 0
      vertex -61.0143 16.806 0
      vertex -72.2525 0.103042 0
    endloop
  endfacet
  facet normal 0 0 -1
    outer loop
      vertex -65.8986 16.4115 0
      vertex -71.807 14.9124 0
      vertex -68.4195 16.3326 0
    endloop
  endfacet
  facet normal 0 0 -1
    outer loop
      vertex -73.1462 -13.4922 0
      vertex -69.2861 -16.017 0
      vertex -71.3343 -15.228 0
    endloop
  endfacet
  facet normal 0 0 -1
    outer loop
      vertex -68.4195 16.3326 0
      vertex -71.807 14.9124 0
      vertex -69.68 16.0959 0
    endloop
  endfacet
  facet normal 0 0 -1
    outer loop
      vertex -69.68 16.0959 0
      vertex -71.807 14.9124 0
      vertex -70.9404 15.5436 0
    endloop
  endfacet
  facet normal 0 0 -1
    outer loop
      vertex -49.9852 -17.4373 0
      vertex -72.2525 -0.103042 0
      vertex -72.25 0 0
    endloop
  endfacet
  facet normal 0 0 -1
    outer loop
      vertex -49.9852 -17.4373 0
      vertex -72.2601 -0.205835 0
      vertex -72.2525 -0.103042 0
    endloop
  endfacet
  facet normal 0 0 -1
    outer loop
      vertex -49.9852 -17.4373 0
      vertex -72.2727 -0.308133 0
      vertex -72.2601 -0.205835 0
    endloop
  endfacet
  facet normal 0 0 -1
    outer loop
      vertex -49.9852 -17.4373 0
      vertex -72.2904 -0.409689 0
      vertex -72.2727 -0.308133 0
    endloop
  endfacet
  facet normal 0 0 -1
    outer loop
      vertex -49.9852 -17.4373 0
      vertex -72.3129 -0.510258 0
      vertex -72.2904 -0.409689 0
    endloop
  endfacet
  facet normal 0 0 -1
    outer loop
      vertex -49.9852 -17.4373 0
      vertex -72.3404 -0.609597 0
      vertex -72.3129 -0.510258 0
    endloop
  endfacet
  facet normal 0 0 -1
    outer loop
      vertex -49.9852 -17.4373 0
      vertex -72.3728 -0.707468 0
      vertex -72.3404 -0.609597 0
    endloop
  endfacet
  facet normal 0 0 -1
    outer loop
      vertex -69.2861 -16.017 0
      vertex -72.4099 -0.803635 0
      vertex -72.3728 -0.707468 0
    endloop
  endfacet
  facet normal 0 0 -1
    outer loop
      vertex -73.1462 -13.4922 0
      vertex -71.3343 -15.228 0
      vertex -72.4372 -14.3601 0
    endloop
  endfacet
  facet normal 0 0 -1
    outer loop
      vertex -69.2861 -16.017 0
      vertex -72.4516 -0.897865 0
      vertex -72.4099 -0.803635 0
    endloop
  endfacet
  facet normal 0 0 -1
    outer loop
      vertex -69.2861 -16.017 0
      vertex -72.498 -0.989933 0
      vertex -72.4516 -0.897865 0
    endloop
  endfacet
  facet normal 0 0 -1
    outer loop
      vertex -69.2861 -16.017 0
      vertex -72.5488 -1.07962 0
      vertex -72.498 -0.989933 0
    endloop
  endfacet
  facet normal 0 0 -1
    outer loop
      vertex -69.2861 -16.017 0
      vertex -72.6039 -1.1667 0
      vertex -72.5488 -1.07962 0
    endloop
  endfacet
  facet normal 0 0 -1
    outer loop
      vertex -69.2861 -16.017 0
      vertex -72.6633 -1.25097 0
      vertex -72.6039 -1.1667 0
    endloop
  endfacet
  facet normal 0 0 -1
    outer loop
      vertex -69.2861 -16.017 0
      vertex -72.7267 -1.33223 0
      vertex -72.6633 -1.25097 0
    endloop
  endfacet
  facet normal 0 -0 -1
    outer loop
      vertex -72.8651 -1.48492 0
      vertex -69.2861 -16.017 0
      vertex -73.1462 -13.4922 0
    endloop
  endfacet
  facet normal 0 0 -1
    outer loop
      vertex -69.2861 -16.017 0
      vertex -72.794 -1.41027 0
      vertex -72.7267 -1.33223 0
    endloop
  endfacet
  facet normal 0 0 -1
    outer loop
      vertex -69.2861 -16.017 0
      vertex -72.8651 -1.48492 0
      vertex -72.794 -1.41027 0
    endloop
  endfacet
  facet normal 0 0 -1
    outer loop
      vertex -72.8651 -1.48492 0
      vertex -73.1462 -13.4922 0
      vertex -72.9397 -1.556 0
    endloop
  endfacet
  facet normal 0 0 -1
    outer loop
      vertex -72.9397 -1.556 0
      vertex -73.1462 -13.4922 0
      vertex -73.0178 -1.62332 0
    endloop
  endfacet
  facet normal 0 0 -1
    outer loop
      vertex -73.0178 -1.62332 0
      vertex -73.1462 -13.4922 0
      vertex -73.099 -1.68674 0
    endloop
  endfacet
  facet normal 0 0 -1
    outer loop
      vertex -76.0611 -8.52136 0
      vertex -73.099 -1.68674 0
      vertex -73.1462 -13.4922 0
    endloop
  endfacet
  facet normal 0 0 -1
    outer loop
      vertex -73.099 -1.68674 0
      vertex -76.0611 -8.52136 0
      vertex -73.1833 -1.74609 0
    endloop
  endfacet
  facet normal 0 0 -1
    outer loop
      vertex -73.1833 -1.74609 0
      vertex -76.0611 -8.52136 0
      vertex -73.2704 -1.80123 0
    endloop
  endfacet
  facet normal 0 0 -1
    outer loop
      vertex -73.2704 -1.80123 0
      vertex -76.0611 -8.52136 0
      vertex -73.3601 -1.85203 0
    endloop
  endfacet
  facet normal 0 0 -1
    outer loop
      vertex -73.3601 -1.85203 0
      vertex -76.0611 -8.52136 0
      vertex -73.4521 -1.89838 0
    endloop
  endfacet
  facet normal 0 0 -1
    outer loop
      vertex -73.4521 -1.89838 0
      vertex -76.0611 -8.52136 0
      vertex -73.5464 -1.94015 0
    endloop
  endfacet
  facet normal 0 0 -1
    outer loop
      vertex -73.5464 -1.94015 0
      vertex -76.0611 -8.52136 0
      vertex -73.6425 -1.97724 0
    endloop
  endfacet
  facet normal 0 0 -1
    outer loop
      vertex -73.6425 -1.97724 0
      vertex -76.0611 -8.52136 0
      vertex -73.7404 -2.00957 0
    endloop
  endfacet
  facet normal 0 0 -1
    outer loop
      vertex -76.3762 -7.96907 0
      vertex -73.7404 -2.00957 0
      vertex -76.0611 -8.52136 0
    endloop
  endfacet
  facet normal 0 0 -1
    outer loop
      vertex -73.7404 -2.00957 0
      vertex -76.3762 -7.96907 0
      vertex -73.8397 -2.03707 0
    endloop
  endfacet
  facet normal 0 0 -1
    outer loop
      vertex -73.8397 -2.03707 0
      vertex -76.3762 -7.96907 0
      vertex -73.9403 -2.05965 0
    endloop
  endfacet
  facet normal 0 0 -1
    outer loop
      vertex -76.6913 -7.41676 0
      vertex -73.9403 -2.05965 0
      vertex -76.3762 -7.96907 0
    endloop
  endfacet
  facet normal 0 0 -1
    outer loop
      vertex -73.9403 -2.05965 0
      vertex -76.6913 -7.41676 0
      vertex -74.0419 -2.07727 0
    endloop
  endfacet
  facet normal 0 0 -1
    outer loop
      vertex -74.0419 -2.07727 0
      vertex -76.6913 -7.41676 0
      vertex -74.1442 -2.08989 0
    endloop
  endfacet
  facet normal 0 0 -1
    outer loop
      vertex -76.6913 -7.41676 0
      vertex -76.3762 -7.96907 0
      vertex -76.6125 -7.73236 0
    endloop
  endfacet
  facet normal 0 0 -1
    outer loop
      vertex -74.1442 -2.08989 0
      vertex -76.6913 -7.41676 0
      vertex -74.247 -2.09747 0
    endloop
  endfacet
  facet normal 0 0 -1
    outer loop
      vertex -74.247 -2.09747 0
      vertex -76.6913 -7.41676 0
      vertex -74.35 -2.1 0
    endloop
  endfacet
  facet normal -0 0 -1
    outer loop
      vertex -74.35 -2.1 0
      vertex -76.6913 -7.41676 0
      vertex -74.453 -2.09747 0
    endloop
  endfacet
  facet normal -0 0 -1
    outer loop
      vertex -74.453 -2.09747 0
      vertex -76.6913 -7.41676 0
      vertex -74.5558 -2.08989 0
    endloop
  endfacet
  facet normal 0 0 -1
    outer loop
      vertex -77.7154 -5.68086 0
      vertex -74.5558 -2.08989 0
      vertex -76.6913 -7.41676 0
    endloop
  endfacet
  facet normal -0 0 -1
    outer loop
      vertex -74.5558 -2.08989 0
      vertex -77.7154 -5.68086 0
      vertex -74.6581 -2.07727 0
    endloop
  endfacet
  facet normal -0 0 -1
    outer loop
      vertex -74.6581 -2.07727 0
      vertex -77.7154 -5.68086 0
      vertex -74.7597 -2.05965 0
    endloop
  endfacet
  facet normal -0 0 -1
    outer loop
      vertex -74.7597 -2.05965 0
      vertex -77.7154 -5.68086 0
      vertex -74.8603 -2.03707 0
    endloop
  endfacet
  facet normal -0 0 -1
    outer loop
      vertex -74.8603 -2.03707 0
      vertex -77.7154 -5.68086 0
      vertex -74.9596 -2.00957 0
    endloop
  endfacet
  facet normal -0 0 -1
    outer loop
      vertex -74.9596 -2.00957 0
      vertex -77.7154 -5.68086 0
      vertex -75.0575 -1.97724 0
    endloop
  endfacet
  facet normal -0 0 -1
    outer loop
      vertex -75.0575 -1.97724 0
      vertex -77.7154 -5.68086 0
      vertex -75.1536 -1.94015 0
    endloop
  endfacet
  facet normal -0 0 -1
    outer loop
      vertex -75.1536 -1.94015 0
      vertex -77.7154 -5.68086 0
      vertex -75.2479 -1.89838 0
    endloop
  endfacet
  facet normal 0 0 -1
    outer loop
      vertex -78.1881 -5.04967 0
      vertex -75.2479 -1.89838 0
      vertex -77.7154 -5.68086 0
    endloop
  endfacet
  facet normal -0 0 -1
    outer loop
      vertex -75.2479 -1.89838 0
      vertex -78.1881 -5.04967 0
      vertex -75.3399 -1.85203 0
    endloop
  endfacet
  facet normal -0 0 -1
    outer loop
      vertex -75.3399 -1.85203 0
      vertex -78.1881 -5.04967 0
      vertex -75.4296 -1.80123 0
    endloop
  endfacet
  facet normal -0 0 -1
    outer loop
      vertex -75.4296 -1.80123 0
      vertex -78.1881 -5.04967 0
      vertex -75.5167 -1.74609 0
    endloop
  endfacet
  facet normal -0 0 -1
    outer loop
      vertex -75.5167 -1.74609 0
      vertex -78.1881 -5.04967 0
      vertex -75.601 -1.68674 0
    endloop
  endfacet
  facet normal 0 0 -1
    outer loop
      vertex -78.8971 -3.62947 0
      vertex -75.601 -1.68674 0
      vertex -78.1881 -5.04967 0
    endloop
  endfacet
  facet normal -0 0 -1
    outer loop
      vertex -75.601 -1.68674 0
      vertex -78.8971 -3.62947 0
      vertex -75.6822 -1.62332 0
    endloop
  endfacet
  facet normal -0 0 -1
    outer loop
      vertex -75.6822 -1.62332 0
      vertex -78.8971 -3.62947 0
      vertex -75.7603 -1.556 0
    endloop
  endfacet
  facet normal -0 0 -1
    outer loop
      vertex -75.7603 -1.556 0
      vertex -78.8971 -3.62947 0
      vertex -75.8349 -1.48492 0
    endloop
  endfacet
  facet normal -0 0 -1
    outer loop
      vertex -75.8349 -1.48492 0
      vertex -78.8971 -3.62947 0
      vertex -75.906 -1.41027 0
    endloop
  endfacet
  facet normal -0 0 -1
    outer loop
      vertex -75.906 -1.41027 0
      vertex -78.8971 -3.62947 0
      vertex -75.9733 -1.33223 0
    endloop
  endfacet
  facet normal 0 0 -1
    outer loop
      vertex -76.3762 -7.96907 0
      vertex -76.0611 -8.52136 0
      vertex -76.2974 -8.28467 0
    endloop
  endfacet
  facet normal -0 0 -1
    outer loop
      vertex -75.9733 -1.33223 0
      vertex -78.8971 -3.62947 0
      vertex -76.0367 -1.25097 0
    endloop
  endfacet
  facet normal -0 0 -1
    outer loop
      vertex -76.0367 -1.25097 0
      vertex -78.8971 -3.62947 0
      vertex -76.0961 -1.1667 0
    endloop
  endfacet
  facet normal 0 0 -1
    outer loop
      vertex -79.1334 -3.39276 0
      vertex -76.0961 -1.1667 0
      vertex -78.8971 -3.62947 0
    endloop
  endfacet
  facet normal -0 0 -1
    outer loop
      vertex -76.0961 -1.1667 0
      vertex -79.1334 -3.39276 0
      vertex -76.1512 -1.07962 0
    endloop
  endfacet
  facet normal -0 0 -1
    outer loop
      vertex -76.1512 -1.07962 0
      vertex -79.1334 -3.39276 0
      vertex -76.202 -0.989933 0
    endloop
  endfacet
  facet normal 0 0 -1
    outer loop
      vertex -79.7637 -1.97256 0
      vertex -76.202 -0.989933 0
      vertex -79.1334 -3.39276 0
    endloop
  endfacet
  facet normal -0 0 -1
    outer loop
      vertex -76.202 -0.989933 0
      vertex -79.7637 -1.97256 0
      vertex -76.2484 -0.897865 0
    endloop
  endfacet
  facet normal -0 0 -1
    outer loop
      vertex -76.2484 -0.897865 0
      vertex -79.7637 -1.97256 0
      vertex -76.2901 -0.803635 0
    endloop
  endfacet
  facet normal -0 0 -1
    outer loop
      vertex -76.2901 -0.803635 0
      vertex -79.7637 -1.97256 0
      vertex -76.3272 -0.707468 0
    endloop
  endfacet
  facet normal -0 0 -1
    outer loop
      vertex -76.3272 -0.707468 0
      vertex -79.7637 -1.97256 0
      vertex -76.3596 -0.609597 0
    endloop
  endfacet
  facet normal 0 0 1
    outer loop
      vertex -61.0143 16.806 2
      vertex -72.2525 0.103042 2
      vertex -72.25 0 2
    endloop
  endfacet
  facet normal 0 0 1
    outer loop
      vertex -65.8986 16.4115 2
      vertex -72.2601 0.205835 2
      vertex -72.2525 0.103042 2
    endloop
  endfacet
  facet normal 0 0 1
    outer loop
      vertex -65.8986 16.4115 2
      vertex -72.2727 0.308133 2
      vertex -72.2601 0.205835 2
    endloop
  endfacet
  facet normal 0 0 1
    outer loop
      vertex -65.8986 16.4115 2
      vertex -72.2904 0.409689 2
      vertex -72.2727 0.308133 2
    endloop
  endfacet
  facet normal 0 0 1
    outer loop
      vertex -65.8986 16.4115 2
      vertex -72.3129 0.510258 2
      vertex -72.2904 0.409689 2
    endloop
  endfacet
  facet normal 0 0 1
    outer loop
      vertex -65.8986 16.4115 2
      vertex -72.3404 0.609597 2
      vertex -72.3129 0.510258 2
    endloop
  endfacet
  facet normal 0 0 1
    outer loop
      vertex -65.8986 16.4115 2
      vertex -72.3728 0.707468 2
      vertex -72.3404 0.609597 2
    endloop
  endfacet
  facet normal 0 0 1
    outer loop
      vertex -65.8986 16.4115 2
      vertex -72.4099 0.803635 2
      vertex -72.3728 0.707468 2
    endloop
  endfacet
  facet normal -0 0 1
    outer loop
      vertex -68.4195 16.3326 2
      vertex -73.6977 12.3086 2
      vertex -65.8986 16.4115 2
    endloop
  endfacet
  facet normal 0 0 1
    outer loop
      vertex -65.8986 16.4115 2
      vertex -72.4516 0.897865 2
      vertex -72.4099 0.803635 2
    endloop
  endfacet
  facet normal 0 0 1
    outer loop
      vertex -65.8986 16.4115 2
      vertex -72.498 0.989933 2
      vertex -72.4516 0.897865 2
    endloop
  endfacet
  facet normal 0 0 1
    outer loop
      vertex -65.8986 16.4115 2
      vertex -72.5488 1.07962 2
      vertex -72.498 0.989933 2
    endloop
  endfacet
  facet normal 0 0 1
    outer loop
      vertex -65.8986 16.4115 2
      vertex -72.6039 1.1667 2
      vertex -72.5488 1.07962 2
    endloop
  endfacet
  facet normal 0 0 1
    outer loop
      vertex -65.8986 16.4115 2
      vertex -72.6633 1.25097 2
      vertex -72.6039 1.1667 2
    endloop
  endfacet
  facet normal 0 0 1
    outer loop
      vertex -74.0916 11.4407 2
      vertex -65.8986 16.4115 2
      vertex -73.6977 12.3086 2
    endloop
  endfacet
  facet normal 0 0 1
    outer loop
      vertex -65.8986 16.4115 2
      vertex -72.7267 1.33223 2
      vertex -72.6633 1.25097 2
    endloop
  endfacet
  facet normal 0 -0 1
    outer loop
      vertex -72.794 1.41027 2
      vertex -65.8986 16.4115 2
      vertex -74.0916 11.4407 2
    endloop
  endfacet
  facet normal 0 0 1
    outer loop
      vertex -65.8986 16.4115 2
      vertex -72.794 1.41027 2
      vertex -72.7267 1.33223 2
    endloop
  endfacet
  facet normal 0 0 1
    outer loop
      vertex -72.794 1.41027 2
      vertex -74.0916 11.4407 2
      vertex -72.8651 1.48492 2
    endloop
  endfacet
  facet normal 0 0 1
    outer loop
      vertex -72.8651 1.48492 2
      vertex -74.0916 11.4407 2
      vertex -72.9397 1.556 2
    endloop
  endfacet
  facet normal 0 0 1
    outer loop
      vertex -72.9397 1.556 2
      vertex -74.0916 11.4407 2
      vertex -73.0178 1.62332 2
    endloop
  endfacet
  facet normal -0 0 1
    outer loop
      vertex -75.0369 9.86273 2
      vertex -73.0178 1.62332 2
      vertex -74.0916 11.4407 2
    endloop
  endfacet
  facet normal 0 0 1
    outer loop
      vertex -73.0178 1.62332 2
      vertex -75.0369 9.86273 2
      vertex -73.099 1.68674 2
    endloop
  endfacet
  facet normal 0 0 1
    outer loop
      vertex -73.099 1.68674 2
      vertex -75.0369 9.86273 2
      vertex -73.1833 1.74609 2
    endloop
  endfacet
  facet normal 0 0 1
    outer loop
      vertex -73.1833 1.74609 2
      vertex -75.0369 9.86273 2
      vertex -73.2704 1.80123 2
    endloop
  endfacet
  facet normal 0 0 1
    outer loop
      vertex -73.2704 1.80123 2
      vertex -75.0369 9.86273 2
      vertex -73.3601 1.85203 2
    endloop
  endfacet
  facet normal -0 0 1
    outer loop
      vertex -75.7459 8.67914 2
      vertex -73.3601 1.85203 2
      vertex -75.0369 9.86273 2
    endloop
  endfacet
  facet normal 0 0 1
    outer loop
      vertex -73.3601 1.85203 2
      vertex -75.7459 8.67914 2
      vertex -73.4521 1.89838 2
    endloop
  endfacet
  facet normal 0 0 1
    outer loop
      vertex -73.4521 1.89838 2
      vertex -75.7459 8.67914 2
      vertex -73.5464 1.94015 2
    endloop
  endfacet
  facet normal 0 0 1
    outer loop
      vertex -73.5464 1.94015 2
      vertex -75.7459 8.67914 2
      vertex -73.6425 1.97724 2
    endloop
  endfacet
  facet normal 0 0 1
    outer loop
      vertex -73.6425 1.97724 2
      vertex -75.7459 8.67914 2
      vertex -73.7404 2.00957 2
    endloop
  endfacet
  facet normal -0 0 1
    outer loop
      vertex -76.2974 7.73233 2
      vertex -73.7404 2.00957 2
      vertex -75.7459 8.67914 2
    endloop
  endfacet
  facet normal 0 0 1
    outer loop
      vertex -73.7404 2.00957 2
      vertex -76.2974 7.73233 2
      vertex -73.8397 2.03707 2
    endloop
  endfacet
  facet normal 0 0 1
    outer loop
      vertex -73.8397 2.03707 2
      vertex -76.2974 7.73233 2
      vertex -73.9403 2.05965 2
    endloop
  endfacet
  facet normal 0 0 1
    outer loop
      vertex -73.9403 2.05965 2
      vertex -76.2974 7.73233 2
      vertex -74.0419 2.07727 2
    endloop
  endfacet
  facet normal 0 0 1
    outer loop
      vertex -75.0369 9.86273 2
      vertex -74.0916 11.4407 2
      vertex -74.4067 11.1251 2
    endloop
  endfacet
  facet normal 0 0 1
    outer loop
      vertex -74.0419 2.07727 2
      vertex -76.2974 7.73233 2
      vertex -74.1442 2.08989 2
    endloop
  endfacet
  facet normal -0 0 1
    outer loop
      vertex -77.0064 6.54884 2
      vertex -74.1442 2.08989 2
      vertex -76.2974 7.73233 2
    endloop
  endfacet
  facet normal 0 0 1
    outer loop
      vertex -74.1442 2.08989 2
      vertex -77.0064 6.54884 2
      vertex -74.247 2.09747 2
    endloop
  endfacet
  facet normal 0 0 1
    outer loop
      vertex -74.247 2.09747 2
      vertex -77.0064 6.54884 2
      vertex -74.35 2.1 2
    endloop
  endfacet
  facet normal 0 0 1
    outer loop
      vertex -74.35 2.1 2
      vertex -77.0064 6.54884 2
      vertex -74.453 2.09747 2
    endloop
  endfacet
  facet normal 0 0 1
    outer loop
      vertex -74.453 2.09747 2
      vertex -77.0064 6.54884 2
      vertex -74.5558 2.08989 2
    endloop
  endfacet
  facet normal 0 0 1
    outer loop
      vertex -74.5558 2.08989 2
      vertex -77.0064 6.54884 2
      vertex -74.6581 2.07727 2
    endloop
  endfacet
  facet normal -0 0 1
    outer loop
      vertex -77.6366 5.52313 2
      vertex -74.6581 2.07727 2
      vertex -77.0064 6.54884 2
    endloop
  endfacet
  facet normal 0 0 1
    outer loop
      vertex -74.6581 2.07727 2
      vertex -77.6366 5.52313 2
      vertex -74.7597 2.05965 2
    endloop
  endfacet
  facet normal 0 0 1
    outer loop
      vertex -74.7597 2.05965 2
      vertex -77.6366 5.52313 2
      vertex -74.8603 2.03707 2
    endloop
  endfacet
  facet normal 0 0 1
    outer loop
      vertex -74.8603 2.03707 2
      vertex -77.6366 5.52313 2
      vertex -74.9596 2.00957 2
    endloop
  endfacet
  facet normal 0 0 1
    outer loop
      vertex -74.9596 2.00957 2
      vertex -77.6366 5.52313 2
      vertex -75.0575 1.97724 2
    endloop
  endfacet
  facet normal 0 0 1
    outer loop
      vertex -75.0575 1.97724 2
      vertex -77.6366 5.52313 2
      vertex -75.1536 1.94015 2
    endloop
  endfacet
  facet normal 0 0 1
    outer loop
      vertex -75.1536 1.94015 2
      vertex -77.6366 5.52313 2
      vertex -75.2479 1.89838 2
    endloop
  endfacet
  facet normal 0 0 1
    outer loop
      vertex -75.7459 8.67914 2
      vertex -75.0369 9.86273 2
      vertex -75.6672 8.99474 2
    endloop
  endfacet
  facet normal -0 0 1
    outer loop
      vertex -78.3456 4.33963 2
      vertex -75.2479 1.89838 2
      vertex -77.6366 5.52313 2
    endloop
  endfacet
  facet normal 0 0 1
    outer loop
      vertex -75.2479 1.89838 2
      vertex -78.3456 4.33963 2
      vertex -75.3399 1.85203 2
    endloop
  endfacet
  facet normal 0 0 1
    outer loop
      vertex -75.3399 1.85203 2
      vertex -78.3456 4.33963 2
      vertex -75.4296 1.80123 2
    endloop
  endfacet
  facet normal 0 0 1
    outer loop
      vertex -75.4296 1.80123 2
      vertex -78.3456 4.33963 2
      vertex -75.5167 1.74609 2
    endloop
  endfacet
  facet normal 0 0 1
    outer loop
      vertex -75.5167 1.74609 2
      vertex -78.3456 4.33963 2
      vertex -75.601 1.68674 2
    endloop
  endfacet
  facet normal 0 0 1
    outer loop
      vertex -75.601 1.68674 2
      vertex -78.3456 4.33963 2
      vertex -75.6822 1.62332 2
    endloop
  endfacet
  facet normal 0 0 1
    outer loop
      vertex -75.6822 1.62332 2
      vertex -78.3456 4.33963 2
      vertex -75.7603 1.556 2
    endloop
  endfacet
  facet normal -0 0 1
    outer loop
      vertex -78.8971 3.39273 2
      vertex -75.7603 1.556 2
      vertex -78.3456 4.33963 2
    endloop
  endfacet
  facet normal 0 0 1
    outer loop
      vertex -75.7603 1.556 2
      vertex -78.8971 3.39273 2
      vertex -75.8349 1.48492 2
    endloop
  endfacet
  facet normal 0 0 1
    outer loop
      vertex -75.8349 1.48492 2
      vertex -78.8971 3.39273 2
      vertex -75.906 1.41027 2
    endloop
  endfacet
  facet normal 0 0 1
    outer loop
      vertex -75.906 1.41027 2
      vertex -78.8971 3.39273 2
      vertex -75.9733 1.33223 2
    endloop
  endfacet
  facet normal 0 0 1
    outer loop
      vertex -75.9733 1.33223 2
      vertex -78.8971 3.39273 2
      vertex -76.0367 1.25097 2
    endloop
  endfacet
  facet normal 0 0 1
    outer loop
      vertex -76.2974 7.73233 2
      vertex -75.7459 8.67914 2
      vertex -76.2974 7.96904 2
    endloop
  endfacet
  facet normal 0 0 1
    outer loop
      vertex -76.0367 1.25097 2
      vertex -78.8971 3.39273 2
      vertex -76.0961 1.1667 2
    endloop
  endfacet
  facet normal 0 0 1
    outer loop
      vertex -76.0961 1.1667 2
      vertex -78.8971 3.39273 2
      vertex -76.1512 1.07962 2
    endloop
  endfacet
  facet normal -0 0 1
    outer loop
      vertex -79.5273 2.20923 2
      vertex -76.1512 1.07962 2
      vertex -78.8971 3.39273 2
    endloop
  endfacet
  facet normal 0 0 1
    outer loop
      vertex -76.1512 1.07962 2
      vertex -79.5273 2.20923 2
      vertex -76.202 0.989933 2
    endloop
  endfacet
  facet normal 0 0 1
    outer loop
      vertex -76.202 0.989933 2
      vertex -79.5273 2.20923 2
      vertex -76.2484 0.897865 2
    endloop
  endfacet
  facet normal 0 0 1
    outer loop
      vertex -76.2484 0.897865 2
      vertex -79.5273 2.20923 2
      vertex -76.2901 0.803635 2
    endloop
  endfacet
  facet normal 0 0 1
    outer loop
      vertex -76.2901 0.803635 2
      vertex -79.5273 2.20923 2
      vertex -76.3272 0.707468 2
    endloop
  endfacet
  facet normal 0 0 1
    outer loop
      vertex -76.3272 0.707468 2
      vertex -79.5273 2.20923 2
      vertex -76.3596 0.609597 2
    endloop
  endfacet
  facet normal -0 0 1
    outer loop
      vertex -79.8424 1.02574 2
      vertex -76.3596 0.609597 2
      vertex -79.5273 2.20923 2
    endloop
  endfacet
  facet normal 0 0 1
    outer loop
      vertex -77.0064 6.54884 2
      vertex -76.2974 7.73233 2
      vertex -76.6125 7.41673 2
    endloop
  endfacet
  facet normal 0 0 1
    outer loop
      vertex 80 0.946839 2
      vertex 76.4475 0.103042 2
      vertex 76.45 0 2
    endloop
  endfacet
  facet normal 0 0 1
    outer loop
      vertex 76.5337 7.41673 2
      vertex 76.4399 0.205835 2
      vertex 76.4475 0.103042 2
    endloop
  endfacet
  facet normal 0 0 1
    outer loop
      vertex 76.5337 7.41673 2
      vertex 76.4273 0.308133 2
      vertex 76.4399 0.205835 2
    endloop
  endfacet
  facet normal 0 0 1
    outer loop
      vertex 76.5337 7.41673 2
      vertex 76.4097 0.409689 2
      vertex 76.4273 0.308133 2
    endloop
  endfacet
  facet normal 0 0 1
    outer loop
      vertex 76.5337 7.41673 2
      vertex 76.3871 0.510258 2
      vertex 76.4097 0.409689 2
    endloop
  endfacet
  facet normal 0 0 1
    outer loop
      vertex 76.5337 7.41673 2
      vertex 76.3596 0.609597 2
      vertex 76.3871 0.510258 2
    endloop
  endfacet
  facet normal 0 0 1
    outer loop
      vertex 76.5337 7.41673 2
      vertex 76.3272 0.707468 2
      vertex 76.3596 0.609597 2
    endloop
  endfacet
  facet normal 0 0 1
    outer loop
      vertex 76.5337 7.41673 2
      vertex 76.2901 0.803635 2
      vertex 76.3272 0.707468 2
    endloop
  endfacet
  facet normal 0 0 1
    outer loop
      vertex 76.5337 7.41673 2
      vertex 76.2484 0.897865 2
      vertex 76.2901 0.803635 2
    endloop
  endfacet
  facet normal 0 0 1
    outer loop
      vertex 76.5337 7.41673 2
      vertex 76.202 0.989933 2
      vertex 76.2484 0.897865 2
    endloop
  endfacet
  facet normal 0 0 1
    outer loop
      vertex 76.5337 7.41673 2
      vertex 76.1512 1.07962 2
      vertex 76.202 0.989933 2
    endloop
  endfacet
  facet normal 0 0 1
    outer loop
      vertex 76.5337 7.41673 2
      vertex 76.0961 1.1667 2
      vertex 76.1512 1.07962 2
    endloop
  endfacet
  facet normal 0 0 1
    outer loop
      vertex 76.5337 7.41673 2
      vertex 76.0367 1.25097 2
      vertex 76.0961 1.1667 2
    endloop
  endfacet
  facet normal 0 0 1
    outer loop
      vertex 76.5337 7.41673 2
      vertex 75.9733 1.33223 2
      vertex 76.0367 1.25097 2
    endloop
  endfacet
  facet normal 0 0 1
    outer loop
      vertex 76.5337 7.41673 2
      vertex 75.906 1.41027 2
      vertex 75.9733 1.33223 2
    endloop
  endfacet
  facet normal 0 0 1
    outer loop
      vertex 73.8397 2.03707 2
      vertex 76.5337 7.41673 2
      vertex 75.9035 8.44243 2
    endloop
  endfacet
  facet normal 0 0 1
    outer loop
      vertex 76.5337 7.41673 2
      vertex 75.8349 1.48492 2
      vertex 75.906 1.41027 2
    endloop
  endfacet
  facet normal 0 0 1
    outer loop
      vertex 76.5337 7.41673 2
      vertex 75.7603 1.556 2
      vertex 75.8349 1.48492 2
    endloop
  endfacet
  facet normal 0 0 1
    outer loop
      vertex 76.5337 7.41673 2
      vertex 75.6822 1.62332 2
      vertex 75.7603 1.556 2
    endloop
  endfacet
  facet normal 0 0 1
    outer loop
      vertex 76.5337 7.41673 2
      vertex 75.601 1.68674 2
      vertex 75.6822 1.62332 2
    endloop
  endfacet
  facet normal 0 0 1
    outer loop
      vertex 76.5337 7.41673 2
      vertex 75.5167 1.74609 2
      vertex 75.601 1.68674 2
    endloop
  endfacet
  facet normal 0 0 1
    outer loop
      vertex 74.9581 10.0205 2
      vertex 75.9035 8.44243 2
      vertex 75.5096 9.31033 2
    endloop
  endfacet
  facet normal 0 0 1
    outer loop
      vertex 76.5337 7.41673 2
      vertex 75.4296 1.80123 2
      vertex 75.5167 1.74609 2
    endloop
  endfacet
  facet normal 0 0 1
    outer loop
      vertex 76.5337 7.41673 2
      vertex 75.3399 1.85203 2
      vertex 75.4296 1.80123 2
    endloop
  endfacet
  facet normal 0 0 1
    outer loop
      vertex 76.5337 7.41673 2
      vertex 75.2479 1.89838 2
      vertex 75.3399 1.85203 2
    endloop
  endfacet
  facet normal 0 0 1
    outer loop
      vertex 76.5337 7.41673 2
      vertex 75.1536 1.94015 2
      vertex 75.2479 1.89838 2
    endloop
  endfacet
  facet normal 0 0 1
    outer loop
      vertex 76.5337 7.41673 2
      vertex 75.0575 1.97724 2
      vertex 75.1536 1.94015 2
    endloop
  endfacet
  facet normal 0 0 1
    outer loop
      vertex 76.5337 7.41673 2
      vertex 74.9596 2.00957 2
      vertex 75.0575 1.97724 2
    endloop
  endfacet
  facet normal 0 0 1
    outer loop
      vertex 73.3601 1.85203 2
      vertex 75.9035 8.44243 2
      vertex 74.9581 10.0205 2
    endloop
  endfacet
  facet normal 0 0 1
    outer loop
      vertex 74.2491 11.204 2
      vertex 74.9581 10.0205 2
      vertex 74.8794 10.3361 2
    endloop
  endfacet
  facet normal 0 0 1
    outer loop
      vertex 76.5337 7.41673 2
      vertex 74.8603 2.03707 2
      vertex 74.9596 2.00957 2
    endloop
  endfacet
  facet normal 0 0 1
    outer loop
      vertex 76.5337 7.41673 2
      vertex 74.7597 2.05965 2
      vertex 74.8603 2.03707 2
    endloop
  endfacet
  facet normal 0 0 1
    outer loop
      vertex 76.5337 7.41673 2
      vertex 74.6581 2.07727 2
      vertex 74.7597 2.05965 2
    endloop
  endfacet
  facet normal 0 0 1
    outer loop
      vertex 76.5337 7.41673 2
      vertex 74.5558 2.08989 2
      vertex 74.6581 2.07727 2
    endloop
  endfacet
  facet normal 0 0 1
    outer loop
      vertex 76.5337 7.41673 2
      vertex 74.453 2.09747 2
      vertex 74.5558 2.08989 2
    endloop
  endfacet
  facet normal 0 0 1
    outer loop
      vertex 76.5337 7.41673 2
      vertex 74.35 2.1 2
      vertex 74.453 2.09747 2
    endloop
  endfacet
  facet normal 0 0 1
    outer loop
      vertex 73.0178 1.62332 2
      vertex 74.9581 10.0205 2
      vertex 74.2491 11.204 2
    endloop
  endfacet
  facet normal 0 0 1
    outer loop
      vertex 76.5337 7.41673 2
      vertex 74.247 2.09747 2
      vertex 74.35 2.1 2
    endloop
  endfacet
  facet normal 0 0 1
    outer loop
      vertex 72.5948 14.0444 2
      vertex 74.2491 11.204 2
      vertex 74.1704 11.5196 2
    endloop
  endfacet
  facet normal 0 0 1
    outer loop
      vertex 76.5337 7.41673 2
      vertex 74.1442 2.08989 2
      vertex 74.247 2.09747 2
    endloop
  endfacet
  facet normal 0 0 1
    outer loop
      vertex 76.5337 7.41673 2
      vertex 74.0419 2.07727 2
      vertex 74.1442 2.08989 2
    endloop
  endfacet
  facet normal 0 0 1
    outer loop
      vertex 76.5337 7.41673 2
      vertex 73.9403 2.05965 2
      vertex 74.0419 2.07727 2
    endloop
  endfacet
  facet normal 0 0 1
    outer loop
      vertex 76.5337 7.41673 2
      vertex 73.8397 2.03707 2
      vertex 73.9403 2.05965 2
    endloop
  endfacet
  facet normal 0 0 1
    outer loop
      vertex 75.9035 8.44243 2
      vertex 73.7404 2.00957 2
      vertex 73.8397 2.03707 2
    endloop
  endfacet
  facet normal 0 0 1
    outer loop
      vertex 75.9035 8.44243 2
      vertex 73.6425 1.97724 2
      vertex 73.7404 2.00957 2
    endloop
  endfacet
  facet normal 0 0 1
    outer loop
      vertex 75.9035 8.44243 2
      vertex 73.5464 1.94015 2
      vertex 73.6425 1.97724 2
    endloop
  endfacet
  facet normal 0 0 1
    outer loop
      vertex 75.9035 8.44243 2
      vertex 73.4521 1.89838 2
      vertex 73.5464 1.94015 2
    endloop
  endfacet
  facet normal 0 0 1
    outer loop
      vertex 75.9035 8.44243 2
      vertex 73.3601 1.85203 2
      vertex 73.4521 1.89838 2
    endloop
  endfacet
  facet normal 0 0 1
    outer loop
      vertex 74.9581 10.0205 2
      vertex 73.2704 1.80123 2
      vertex 73.3601 1.85203 2
    endloop
  endfacet
  facet normal 0 0 1
    outer loop
      vertex 74.9581 10.0205 2
      vertex 73.1833 1.74609 2
      vertex 73.2704 1.80123 2
    endloop
  endfacet
  facet normal 0 0 1
    outer loop
      vertex 74.9581 10.0205 2
      vertex 73.099 1.68674 2
      vertex 73.1833 1.74609 2
    endloop
  endfacet
  facet normal 0 0 1
    outer loop
      vertex 74.9581 10.0205 2
      vertex 73.0178 1.62332 2
      vertex 73.099 1.68674 2
    endloop
  endfacet
  facet normal 0 0 1
    outer loop
      vertex 74.2491 11.204 2
      vertex 72.9397 1.556 2
      vertex 73.0178 1.62332 2
    endloop
  endfacet
  facet normal 0 0 1
    outer loop
      vertex 74.2491 11.204 2
      vertex 72.8651 1.48492 2
      vertex 72.9397 1.556 2
    endloop
  endfacet
  facet normal 0 0 1
    outer loop
      vertex 74.2491 11.204 2
      vertex 72.794 1.41027 2
      vertex 72.8651 1.48492 2
    endloop
  endfacet
  facet normal 0 0 1
    outer loop
      vertex 74.2491 11.204 2
      vertex 72.7267 1.33223 2
      vertex 72.794 1.41027 2
    endloop
  endfacet
  facet normal 0 0 1
    outer loop
      vertex 74.2491 11.204 2
      vertex 65.3471 16.8849 2
      vertex 72.7267 1.33223 2
    endloop
  endfacet
  facet normal 0 0 1
    outer loop
      vertex 72.7267 1.33223 2
      vertex 65.3471 16.8849 2
      vertex 72.6633 1.25097 2
    endloop
  endfacet
  facet normal 0 0 1
    outer loop
      vertex 74.2491 11.204 2
      vertex 72.5948 14.0444 2
      vertex 65.3471 16.8849 2
    endloop
  endfacet
  facet normal -0 0 1
    outer loop
      vertex 64.0079 16.8849 2
      vertex 72.6633 1.25097 2
      vertex 65.3471 16.8849 2
    endloop
  endfacet
  facet normal 0 0 1
    outer loop
      vertex 72.6633 1.25097 2
      vertex 64.0079 16.8849 2
      vertex 72.6039 1.1667 2
    endloop
  endfacet
  facet normal 0 0 1
    outer loop
      vertex 72.6039 1.1667 2
      vertex 64.0079 16.8849 2
      vertex 72.5488 1.07962 2
    endloop
  endfacet
  facet normal 0 0 1
    outer loop
      vertex 72.5488 1.07962 2
      vertex 64.0079 16.8849 2
      vertex 72.498 0.989933 2
    endloop
  endfacet
  facet normal 0 0 1
    outer loop
      vertex 72.498 0.989933 2
      vertex 64.0079 16.8849 2
      vertex 72.4516 0.897865 2
    endloop
  endfacet
  facet normal 0 0 1
    outer loop
      vertex 72.4516 0.897865 2
      vertex 64.0079 16.8849 2
      vertex 72.4099 0.803635 2
    endloop
  endfacet
  facet normal 0 0 1
    outer loop
      vertex 72.4099 0.803635 2
      vertex 64.0079 16.8849 2
      vertex 72.3728 0.707468 2
    endloop
  endfacet
  facet normal 0 0 1
    outer loop
      vertex 72.3728 0.707468 2
      vertex 64.0079 16.8849 2
      vertex 72.3404 0.609597 2
    endloop
  endfacet
  facet normal 0 0 1
    outer loop
      vertex 72.3404 0.609597 2
      vertex 64.0079 16.8849 2
      vertex 72.3129 0.510258 2
    endloop
  endfacet
  facet normal 0 0 1
    outer loop
      vertex 72.3129 0.510258 2
      vertex 64.0079 16.8849 2
      vertex 72.2904 0.409689 2
    endloop
  endfacet
  facet normal 0 0 1
    outer loop
      vertex 72.2904 0.409689 2
      vertex 64.0079 16.8849 2
      vertex 72.2727 0.308133 2
    endloop
  endfacet
  facet normal 0 0 1
    outer loop
      vertex 72.2727 0.308133 2
      vertex 64.0079 16.8849 2
      vertex 72.2601 0.205835 2
    endloop
  endfacet
  facet normal 0 0 1
    outer loop
      vertex 68.8134 16.5693 2
      vertex 72.5948 14.0444 2
      vertex 71.4131 15.3069 2
    endloop
  endfacet
  facet normal 0 0 1
    outer loop
      vertex 49.355 17.8317 2
      vertex 72.2601 0.205835 2
      vertex 64.0079 16.8849 2
    endloop
  endfacet
  facet normal 0 0 1
    outer loop
      vertex 72.25 0 2
      vertex 66.9227 -16.2537 2
      vertex 72.0433 -14.8335 2
    endloop
  endfacet
  facet normal 0 0 1
    outer loop
      vertex 68.8134 16.5693 2
      vertex 71.4131 15.3069 2
      vertex 69.8375 16.2537 2
    endloop
  endfacet
  facet normal 0 -0 1
    outer loop
      vertex 68.8922 -16.1748 2
      vertex 72.0433 -14.8335 2
      vertex 66.9227 -16.2537 2
    endloop
  endfacet
  facet normal 0 -0 1
    outer loop
      vertex 69.7587 -16.017 2
      vertex 72.0433 -14.8335 2
      vertex 68.8922 -16.1748 2
    endloop
  endfacet
  facet normal 0 0 1
    outer loop
      vertex 72.5948 14.0444 2
      vertex 68.8134 16.5693 2
      vertex 65.3471 16.8849 2
    endloop
  endfacet
  facet normal 0 0 1
    outer loop
      vertex 72.0433 -14.8335 2
      vertex 69.7587 -16.017 2
      vertex 71.4131 -15.3069 2
    endloop
  endfacet
  facet normal 0 0 1
    outer loop
      vertex 72.2601 0.205835 2
      vertex 49.355 17.8317 2
      vertex 72.2525 0.103042 2
    endloop
  endfacet
  facet normal 0 0 1
    outer loop
      vertex 72.2525 0.103042 2
      vertex 49.355 17.8317 2
      vertex 72.25 0 2
    endloop
  endfacet
  facet normal 0 0 1
    outer loop
      vertex 72.25 0 2
      vertex 56.2088 -17.2006 2
      vertex 66.9227 -16.2537 2
    endloop
  endfacet
  facet normal 0 0 1
    outer loop
      vertex 72.25 0 2
      vertex 49.355 17.8317 2
      vertex 56.2088 -17.2006 2
    endloop
  endfacet
  facet normal 0 0 1
    outer loop
      vertex 49.355 17.8317 2
      vertex 43.9193 -17.9896 2
      vertex 56.2088 -17.2006 2
    endloop
  endfacet
  facet normal 0 0 1
    outer loop
      vertex 49.355 17.8317 2
      vertex 42.4225 -17.9896 2
      vertex 43.9193 -17.9896 2
    endloop
  endfacet
  facet normal 0 0 1
    outer loop
      vertex 49.355 17.8317 2
      vertex 41.2408 -18.1474 2
      vertex 42.4225 -17.9896 2
    endloop
  endfacet
  facet normal 0 0 1
    outer loop
      vertex 49.355 17.8317 2
      vertex 38.3259 -18.2263 2
      vertex 41.2408 -18.1474 2
    endloop
  endfacet
  facet normal 0 0 1
    outer loop
      vertex 27.612 18.7785 2
      vertex 38.3259 -18.2263 2
      vertex 49.355 17.8317 2
    endloop
  endfacet
  facet normal 0 0 1
    outer loop
      vertex 38.3259 -18.2263 2
      vertex 27.612 18.7785 2
      vertex 37.0655 -18.3841 2
    endloop
  endfacet
  facet normal 0 0 1
    outer loop
      vertex 27.612 18.7785 2
      vertex 23.5943 -18.9364 2
      vertex 37.0655 -18.3841 2
    endloop
  endfacet
  facet normal 0 0 1
    outer loop
      vertex 9.02019 19.2519 2
      vertex 23.5943 -18.9364 2
      vertex 27.612 18.7785 2
    endloop
  endfacet
  facet normal 0 0 1
    outer loop
      vertex 23.5943 -18.9364 2
      vertex 9.02019 19.2519 2
      vertex 9.9655 -19.252 2
    endloop
  endfacet
  facet normal -0 0 1
    outer loop
      vertex -3.8208 19.2519 2
      vertex 9.9655 -19.252 2
      vertex 9.02019 19.2519 2
    endloop
  endfacet
  facet normal 0 0 1
    outer loop
      vertex -3.8208 19.2519 2
      vertex -6.65681 -19.252 2
      vertex 9.9655 -19.252 2
    endloop
  endfacet
  facet normal -0 0 1
    outer loop
      vertex -21.9399 18.7785 2
      vertex -6.65681 -19.252 2
      vertex -3.8208 19.2519 2
    endloop
  endfacet
  facet normal 0 0 1
    outer loop
      vertex -21.9399 18.7785 2
      vertex -26.5879 -18.6997 2
      vertex -6.65681 -19.252 2
    endloop
  endfacet
  facet normal -0 0 1
    outer loop
      vertex -37.1443 18.1473 2
      vertex -26.5879 -18.6997 2
      vertex -21.9399 18.7785 2
    endloop
  endfacet
  facet normal 0 0 1
    outer loop
      vertex -37.1443 18.1473 2
      vertex -49.9852 -17.4373 2
      vertex -26.5879 -18.6997 2
    endloop
  endfacet
  facet normal -0 0 1
    outer loop
      vertex -61.0143 16.806 2
      vertex -49.9852 -17.4373 2
      vertex -37.1443 18.1473 2
    endloop
  endfacet
  facet normal 0 0 1
    outer loop
      vertex -72.2525 0.103042 2
      vertex -61.0143 16.806 2
      vertex -65.8986 16.4115 2
    endloop
  endfacet
  facet normal 0 0 1
    outer loop
      vertex -72.4372 14.2811 2
      vertex -68.4195 16.3326 2
      vertex -71.807 14.9124 2
    endloop
  endfacet
  facet normal 0 0 1
    outer loop
      vertex -61.0143 16.806 2
      vertex -72.25 0 2
      vertex -49.9852 -17.4373 2
    endloop
  endfacet
  facet normal 0 0 1
    outer loop
      vertex -71.807 14.9124 2
      vertex -68.4195 16.3326 2
      vertex -69.68 16.0959 2
    endloop
  endfacet
  facet normal 0 0 1
    outer loop
      vertex -71.807 14.9124 2
      vertex -69.68 16.0959 2
      vertex -70.9404 15.5436 2
    endloop
  endfacet
  facet normal -0 0 1
    outer loop
      vertex -72.2525 -0.103042 2
      vertex -49.9852 -17.4373 2
      vertex -72.25 0 2
    endloop
  endfacet
  facet normal 0 0 1
    outer loop
      vertex -73.6977 12.3086 2
      vertex -68.4195 16.3326 2
      vertex -72.4372 14.2811 2
    endloop
  endfacet
  facet normal -0 0 1
    outer loop
      vertex -72.2601 -0.205835 2
      vertex -49.9852 -17.4373 2
      vertex -72.2525 -0.103042 2
    endloop
  endfacet
  facet normal -0 0 1
    outer loop
      vertex -72.2727 -0.308133 2
      vertex -49.9852 -17.4373 2
      vertex -72.2601 -0.205835 2
    endloop
  endfacet
  facet normal -0 0 1
    outer loop
      vertex -72.2904 -0.409689 2
      vertex -49.9852 -17.4373 2
      vertex -72.2727 -0.308133 2
    endloop
  endfacet
  facet normal -0 0 1
    outer loop
      vertex -72.3129 -0.510258 2
      vertex -49.9852 -17.4373 2
      vertex -72.2904 -0.409689 2
    endloop
  endfacet
  facet normal -0 0 1
    outer loop
      vertex -72.3404 -0.609597 2
      vertex -49.9852 -17.4373 2
      vertex -72.3129 -0.510258 2
    endloop
  endfacet
  facet normal -0 0 1
    outer loop
      vertex -72.3728 -0.707468 2
      vertex -49.9852 -17.4373 2
      vertex -72.3404 -0.609597 2
    endloop
  endfacet
  facet normal 0 0 1
    outer loop
      vertex -49.9852 -17.4373 2
      vertex -72.3728 -0.707468 2
      vertex -69.2861 -16.017 2
    endloop
  endfacet
  facet normal -0 0 1
    outer loop
      vertex -72.4099 -0.803635 2
      vertex -69.2861 -16.017 2
      vertex -72.3728 -0.707468 2
    endloop
  endfacet
  facet normal -0 0 1
    outer loop
      vertex -72.4516 -0.897865 2
      vertex -69.2861 -16.017 2
      vertex -72.4099 -0.803635 2
    endloop
  endfacet
  facet normal -0 0 1
    outer loop
      vertex -72.498 -0.989933 2
      vertex -69.2861 -16.017 2
      vertex -72.4516 -0.897865 2
    endloop
  endfacet
  facet normal -0 0 1
    outer loop
      vertex -72.5488 -1.07962 2
      vertex -69.2861 -16.017 2
      vertex -72.498 -0.989933 2
    endloop
  endfacet
  facet normal -0 0 1
    outer loop
      vertex -72.6039 -1.1667 2
      vertex -69.2861 -16.017 2
      vertex -72.5488 -1.07962 2
    endloop
  endfacet
  facet normal -0 0 1
    outer loop
      vertex -72.6633 -1.25097 2
      vertex -69.2861 -16.017 2
      vertex -72.6039 -1.1667 2
    endloop
  endfacet
  facet normal -0 0 1
    outer loop
      vertex -72.7267 -1.33223 2
      vertex -69.2861 -16.017 2
      vertex -72.6633 -1.25097 2
    endloop
  endfacet
  facet normal -0 0 1
    outer loop
      vertex -72.794 -1.41027 2
      vertex -69.2861 -16.017 2
      vertex -72.7267 -1.33223 2
    endloop
  endfacet
  facet normal -0 0 1
    outer loop
      vertex -72.8651 -1.48492 2
      vertex -69.2861 -16.017 2
      vertex -72.794 -1.41027 2
    endloop
  endfacet
  facet normal 0 0 1
    outer loop
      vertex -69.2861 -16.017 2
      vertex -73.1462 -13.4922 2
      vertex -71.3343 -15.228 2
    endloop
  endfacet
  facet normal 0 0 1
    outer loop
      vertex -69.2861 -16.017 2
      vertex -72.8651 -1.48492 2
      vertex -73.1462 -13.4922 2
    endloop
  endfacet
  facet normal 0 0 1
    outer loop
      vertex -73.1462 -13.4922 2
      vertex -72.8651 -1.48492 2
      vertex -72.9397 -1.556 2
    endloop
  endfacet
  facet normal 0 0 1
    outer loop
      vertex -73.1462 -13.4922 2
      vertex -72.9397 -1.556 2
      vertex -73.0178 -1.62332 2
    endloop
  endfacet
  facet normal 0 0 1
    outer loop
      vertex -73.1462 -13.4922 2
      vertex -73.0178 -1.62332 2
      vertex -73.099 -1.68674 2
    endloop
  endfacet
  facet normal 0 0 1
    outer loop
      vertex -71.3343 -15.228 2
      vertex -73.1462 -13.4922 2
      vertex -72.4372 -14.3601 2
    endloop
  endfacet
  facet normal 0 0 1
    outer loop
      vertex -76.0611 -8.52136 2
      vertex -73.099 -1.68674 2
      vertex -73.1833 -1.74609 2
    endloop
  endfacet
  facet normal 0 0 1
    outer loop
      vertex -76.0611 -8.52136 2
      vertex -73.1833 -1.74609 2
      vertex -73.2704 -1.80123 2
    endloop
  endfacet
  facet normal 0 0 1
    outer loop
      vertex -76.0611 -8.52136 2
      vertex -73.2704 -1.80123 2
      vertex -73.3601 -1.85203 2
    endloop
  endfacet
  facet normal 0 0 1
    outer loop
      vertex -76.0611 -8.52136 2
      vertex -73.3601 -1.85203 2
      vertex -73.4521 -1.89838 2
    endloop
  endfacet
  facet normal 0 0 1
    outer loop
      vertex -76.0611 -8.52136 2
      vertex -73.4521 -1.89838 2
      vertex -73.5464 -1.94015 2
    endloop
  endfacet
  facet normal 0 0 1
    outer loop
      vertex -76.0611 -8.52136 2
      vertex -73.5464 -1.94015 2
      vertex -73.6425 -1.97724 2
    endloop
  endfacet
  facet normal 0 0 1
    outer loop
      vertex -76.0611 -8.52136 2
      vertex -73.6425 -1.97724 2
      vertex -73.7404 -2.00957 2
    endloop
  endfacet
  facet normal 0 0 1
    outer loop
      vertex -76.3762 -7.96907 2
      vertex -73.7404 -2.00957 2
      vertex -73.8397 -2.03707 2
    endloop
  endfacet
  facet normal 0 0 1
    outer loop
      vertex -76.3762 -7.96907 2
      vertex -73.8397 -2.03707 2
      vertex -73.9403 -2.05965 2
    endloop
  endfacet
  facet normal 0 0 1
    outer loop
      vertex -76.6913 -7.41676 2
      vertex -73.9403 -2.05965 2
      vertex -74.0419 -2.07727 2
    endloop
  endfacet
  facet normal 0 0 1
    outer loop
      vertex -76.6913 -7.41676 2
      vertex -74.0419 -2.07727 2
      vertex -74.1442 -2.08989 2
    endloop
  endfacet
  facet normal 0 0 1
    outer loop
      vertex -76.6913 -7.41676 2
      vertex -74.1442 -2.08989 2
      vertex -74.247 -2.09747 2
    endloop
  endfacet
  facet normal 0 0 1
    outer loop
      vertex -76.6913 -7.41676 2
      vertex -74.247 -2.09747 2
      vertex -74.35 -2.1 2
    endloop
  endfacet
  facet normal 0 0 1
    outer loop
      vertex -76.6913 -7.41676 2
      vertex -74.35 -2.1 2
      vertex -74.453 -2.09747 2
    endloop
  endfacet
  facet normal 0 0 1
    outer loop
      vertex -76.9276 -7.18007 2
      vertex -74.453 -2.09747 2
      vertex -74.5558 -2.08989 2
    endloop
  endfacet
  facet normal 0 0 1
    outer loop
      vertex -77.7154 -5.68086 2
      vertex -74.5558 -2.08989 2
      vertex -74.6581 -2.07727 2
    endloop
  endfacet
  facet normal 0 0 1
    outer loop
      vertex -77.7154 -5.68086 2
      vertex -74.6581 -2.07727 2
      vertex -74.7597 -2.05965 2
    endloop
  endfacet
  facet normal 0 0 1
    outer loop
      vertex -77.7154 -5.68086 2
      vertex -74.7597 -2.05965 2
      vertex -74.8603 -2.03707 2
    endloop
  endfacet
  facet normal 0 0 1
    outer loop
      vertex -77.7154 -5.68086 2
      vertex -74.8603 -2.03707 2
      vertex -74.9596 -2.00957 2
    endloop
  endfacet
  facet normal 0 0 1
    outer loop
      vertex -77.7154 -5.68086 2
      vertex -74.9596 -2.00957 2
      vertex -75.0575 -1.97724 2
    endloop
  endfacet
  facet normal 0 0 1
    outer loop
      vertex -77.7154 -5.68086 2
      vertex -75.0575 -1.97724 2
      vertex -75.1536 -1.94015 2
    endloop
  endfacet
  facet normal 0 0 1
    outer loop
      vertex -77.7154 -5.68086 2
      vertex -75.1536 -1.94015 2
      vertex -75.2479 -1.89838 2
    endloop
  endfacet
  facet normal 0 0 1
    outer loop
      vertex -78.1881 -5.04967 2
      vertex -75.2479 -1.89838 2
      vertex -75.3399 -1.85203 2
    endloop
  endfacet
  facet normal 0 0 1
    outer loop
      vertex -78.1881 -5.04967 2
      vertex -75.3399 -1.85203 2
      vertex -75.4296 -1.80123 2
    endloop
  endfacet
  facet normal 0 0 1
    outer loop
      vertex -78.1881 -5.04967 2
      vertex -75.4296 -1.80123 2
      vertex -75.5167 -1.74609 2
    endloop
  endfacet
  facet normal 0 0 1
    outer loop
      vertex -78.1881 -5.04967 2
      vertex -75.5167 -1.74609 2
      vertex -75.601 -1.68674 2
    endloop
  endfacet
  facet normal 0 0 1
    outer loop
      vertex -78.8971 -3.62947 2
      vertex -75.601 -1.68674 2
      vertex -75.6822 -1.62332 2
    endloop
  endfacet
  facet normal 0 0 1
    outer loop
      vertex -78.8971 -3.62947 2
      vertex -75.6822 -1.62332 2
      vertex -75.7603 -1.556 2
    endloop
  endfacet
  facet normal 0 0 1
    outer loop
      vertex -78.8971 -3.62947 2
      vertex -75.7603 -1.556 2
      vertex -75.8349 -1.48492 2
    endloop
  endfacet
  facet normal 0 0 1
    outer loop
      vertex -78.8971 -3.62947 2
      vertex -75.8349 -1.48492 2
      vertex -75.906 -1.41027 2
    endloop
  endfacet
  facet normal 0 0 1
    outer loop
      vertex -78.8971 -3.62947 2
      vertex -75.906 -1.41027 2
      vertex -75.9733 -1.33223 2
    endloop
  endfacet
  facet normal 0 0 1
    outer loop
      vertex -78.8971 -3.62947 2
      vertex -75.9733 -1.33223 2
      vertex -76.0367 -1.25097 2
    endloop
  endfacet
  facet normal 0 0 1
    outer loop
      vertex -73.099 -1.68674 2
      vertex -76.0611 -8.52136 2
      vertex -73.1462 -13.4922 2
    endloop
  endfacet
  facet normal 0 0 1
    outer loop
      vertex -78.8971 -3.62947 2
      vertex -76.0367 -1.25097 2
      vertex -76.0961 -1.1667 2
    endloop
  endfacet
  facet normal 0 0 1
    outer loop
      vertex -79.1334 -3.39276 2
      vertex -76.0961 -1.1667 2
      vertex -76.1512 -1.07962 2
    endloop
  endfacet
  facet normal 0 0 1
    outer loop
      vertex -79.1334 -3.39276 2
      vertex -76.1512 -1.07962 2
      vertex -76.202 -0.989933 2
    endloop
  endfacet
  facet normal 0 0 1
    outer loop
      vertex -79.7637 -1.97256 2
      vertex -76.202 -0.989933 2
      vertex -76.2484 -0.897865 2
    endloop
  endfacet
  facet normal 0 0 1
    outer loop
      vertex -79.7637 -1.97256 2
      vertex -76.2484 -0.897865 2
      vertex -76.2901 -0.803635 2
    endloop
  endfacet
  facet normal 0 0 1
    outer loop
      vertex -73.7404 -2.00957 2
      vertex -76.3762 -7.96907 2
      vertex -76.0611 -8.52136 2
    endloop
  endfacet
  facet normal 0 0 1
    outer loop
      vertex -79.7637 -1.97256 2
      vertex -76.2901 -0.803635 2
      vertex -76.3272 -0.707468 2
    endloop
  endfacet
  facet normal 0 0 1
    outer loop
      vertex -79.7637 -1.97256 2
      vertex -76.3272 -0.707468 2
      vertex -76.3596 -0.609597 2
    endloop
  endfacet
  facet normal 0 0 1
    outer loop
      vertex -76.0611 -8.52136 2
      vertex -76.3762 -7.96907 2
      vertex -76.2974 -8.28467 2
    endloop
  endfacet
  facet normal 0 0 1
    outer loop
      vertex -79.7637 -1.97256 2
      vertex -76.3596 -0.609597 2
      vertex -76.3871 -0.510258 2
    endloop
  endfacet
  facet normal 0 0 1
    outer loop
      vertex -80 -0.788969 2
      vertex -76.3871 -0.510258 2
      vertex -76.4097 -0.409689 2
    endloop
  endfacet
  facet normal 0 0 1
    outer loop
      vertex -80 -0.788969 2
      vertex -76.4097 -0.409689 2
      vertex -76.4273 -0.308133 2
    endloop
  endfacet
  facet normal 0 0 1
    outer loop
      vertex -80 -0.788969 2
      vertex -76.4273 -0.308133 2
      vertex -76.4399 -0.205835 2
    endloop
  endfacet
  facet normal 0 0 1
    outer loop
      vertex -80 -0.788969 2
      vertex -76.4399 -0.205835 2
      vertex -76.4475 -0.103042 2
    endloop
  endfacet
  facet normal 0 0 1
    outer loop
      vertex -80 0.552339 2
      vertex -76.4475 -0.103042 2
      vertex -76.45 0 2
    endloop
  endfacet
  facet normal 0 0 1
    outer loop
      vertex -76.3596 0.609597 2
      vertex -79.8424 1.02574 2
      vertex -76.3871 0.510258 2
    endloop
  endfacet
  facet normal 0 0 1
    outer loop
      vertex -76.3871 0.510258 2
      vertex -79.8424 1.02574 2
      vertex -76.4097 0.409689 2
    endloop
  endfacet
  facet normal 0 0 1
    outer loop
      vertex -76.3762 -7.96907 2
      vertex -76.6913 -7.41676 2
      vertex -76.6125 -7.73236 2
    endloop
  endfacet
  facet normal 0 0 1
    outer loop
      vertex -73.9403 -2.05965 2
      vertex -76.6913 -7.41676 2
      vertex -76.3762 -7.96907 2
    endloop
  endfacet
  facet normal 0 0 1
    outer loop
      vertex -74.5558 -2.08989 2
      vertex -77.7154 -5.68086 2
      vertex -76.9276 -7.18007 2
    endloop
  endfacet
  facet normal 0 0 1
    outer loop
      vertex -77.6366 5.52313 2
      vertex -77.0064 6.54884 2
      vertex -77.5579 5.83873 2
    endloop
  endfacet
  facet normal 0 0 1
    outer loop
      vertex -76.4097 0.409689 2
      vertex -79.8424 1.02574 2
      vertex -76.4273 0.308133 2
    endloop
  endfacet
  facet normal 0 0 1
    outer loop
      vertex -74.453 -2.09747 2
      vertex -76.9276 -7.18007 2
      vertex -76.6913 -7.41676 2
    endloop
  endfacet
  facet normal 0 0 1
    outer loop
      vertex -78.3456 4.33963 2
      vertex -77.6366 5.52313 2
      vertex -77.9517 5.20754 2
    endloop
  endfacet
  facet normal 0 0 1
    outer loop
      vertex -76.4273 0.308133 2
      vertex -79.8424 1.02574 2
      vertex -76.4399 0.205835 2
    endloop
  endfacet
  facet normal 0 0 1
    outer loop
      vertex -75.601 -1.68674 2
      vertex -78.8971 -3.62947 2
      vertex -78.1881 -5.04967 2
    endloop
  endfacet
  facet normal 0 0 1
    outer loop
      vertex -78.8971 3.39273 2
      vertex -78.3456 4.33963 2
      vertex -78.8183 3.70834 2
    endloop
  endfacet
  facet normal 0 0 1
    outer loop
      vertex -76.4399 0.205835 2
      vertex -79.8424 1.02574 2
      vertex -76.4475 0.103042 2
    endloop
  endfacet
  facet normal 0 0 1
    outer loop
      vertex -75.2479 -1.89838 2
      vertex -78.1881 -5.04967 2
      vertex -77.7154 -5.68086 2
    endloop
  endfacet
  facet normal 0 0 1
    outer loop
      vertex -76.4475 0.103042 2
      vertex -80 0.552339 2
      vertex -76.45 0 2
    endloop
  endfacet
  facet normal 0 0 1
    outer loop
      vertex -79.5273 2.20923 2
      vertex -78.8971 3.39273 2
      vertex -79.5273 2.52484 2
    endloop
  endfacet
  facet normal -0 0 1
    outer loop
      vertex -80 0.552339 2
      vertex -76.4475 0.103042 2
      vertex -79.8424 1.02574 2
    endloop
  endfacet
  facet normal 0 0 1
    outer loop
      vertex -76.202 -0.989933 2
      vertex -79.7637 -1.97256 2
      vertex -79.1334 -3.39276 2
    endloop
  endfacet
  facet normal 0 0 1
    outer loop
      vertex -79.8424 1.02574 2
      vertex -79.5273 2.20923 2
      vertex -79.8424 1.73584 2
    endloop
  endfacet
  facet normal 0 0 1
    outer loop
      vertex -76.0961 -1.1667 2
      vertex -79.1334 -3.39276 2
      vertex -78.8971 -3.62947 2
    endloop
  endfacet
  facet normal 0 0 1
    outer loop
      vertex -76.4475 -0.103042 2
      vertex -80 0.552339 2
      vertex -80 -0.788969 2
    endloop
  endfacet
  facet normal 0 0 1
    outer loop
      vertex -76.3871 -0.510258 2
      vertex -80 -0.788969 2
      vertex -79.7637 -1.97256 2
    endloop
  endfacet
  facet normal -0 0 1
    outer loop
      vertex 76.4475 -0.103042 2
      vertex 79.9212 -1.26246 2
      vertex 80 0.946839 2
    endloop
  endfacet
  facet normal 0 0 1
    outer loop
      vertex 76.4475 0.103042 2
      vertex 80 0.946839 2
      vertex 79.291 2.91934 2
    endloop
  endfacet
  facet normal 0 0 1
    outer loop
      vertex 76.4475 0.103042 2
      vertex 79.291 2.91934 2
      vertex 79.0547 3.15604 2
    endloop
  endfacet
  facet normal 0 0 1
    outer loop
      vertex 76.4475 0.103042 2
      vertex 79.0547 3.15604 2
      vertex 78.4244 4.41853 2
    endloop
  endfacet
  facet normal 0 0 1
    outer loop
      vertex 76.4475 0.103042 2
      vertex 78.4244 4.41853 2
      vertex 78.1093 4.73413 2
    endloop
  endfacet
  facet normal 0 0 1
    outer loop
      vertex 76.4475 0.103042 2
      vertex 78.1093 4.73413 2
      vertex 77.7154 5.60204 2
    endloop
  endfacet
  facet normal 0 0 1
    outer loop
      vertex 76.4475 0.103042 2
      vertex 77.7154 5.60204 2
      vertex 76.5337 7.41673 2
    endloop
  endfacet
  facet normal 0 0 1
    outer loop
      vertex 75.9035 8.44243 2
      vertex 76.5337 7.41673 2
      vertex 76.4549 7.73233 2
    endloop
  endfacet
  facet normal 0 0 1
    outer loop
      vertex 76.4475 -0.103042 2
      vertex 80 0.946839 2
      vertex 76.45 0 2
    endloop
  endfacet
  facet normal 0 0 1
    outer loop
      vertex 79.9212 -1.26246 2
      vertex 76.4475 -0.103042 2
      vertex 76.4399 -0.205835 2
    endloop
  endfacet
  facet normal 0 0 1
    outer loop
      vertex 79.9212 -1.26246 2
      vertex 76.4399 -0.205835 2
      vertex 76.4273 -0.308133 2
    endloop
  endfacet
  facet normal -0 0 1
    outer loop
      vertex 76.4097 -0.409689 2
      vertex 79.9212 -1.26246 2
      vertex 76.4273 -0.308133 2
    endloop
  endfacet
  facet normal -0 0 1
    outer loop
      vertex 76.3871 -0.510258 2
      vertex 79.9212 -1.26246 2
      vertex 76.4097 -0.409689 2
    endloop
  endfacet
  facet normal -0 0 1
    outer loop
      vertex 76.3596 -0.609597 2
      vertex 79.9212 -1.26246 2
      vertex 76.3871 -0.510258 2
    endloop
  endfacet
  facet normal -0 0 1
    outer loop
      vertex 76.3272 -0.707468 2
      vertex 79.9212 -1.26246 2
      vertex 76.3596 -0.609597 2
    endloop
  endfacet
  facet normal 0 0 1
    outer loop
      vertex 79.9212 -1.26246 2
      vertex 76.3272 -0.707468 2
      vertex 79.6061 -2.36706 2
    endloop
  endfacet
  facet normal -0 0 1
    outer loop
      vertex 76.2901 -0.803635 2
      vertex 79.6061 -2.36706 2
      vertex 76.3272 -0.707468 2
    endloop
  endfacet
  facet normal -0 0 1
    outer loop
      vertex 76.2484 -0.897865 2
      vertex 79.6061 -2.36706 2
      vertex 76.2901 -0.803635 2
    endloop
  endfacet
  facet normal -0 0 1
    outer loop
      vertex 76.202 -0.989933 2
      vertex 79.6061 -2.36706 2
      vertex 76.2484 -0.897865 2
    endloop
  endfacet
  facet normal -0 0 1
    outer loop
      vertex 76.1512 -1.07962 2
      vertex 79.6061 -2.36706 2
      vertex 76.202 -0.989933 2
    endloop
  endfacet
  facet normal -0 0 1
    outer loop
      vertex 76.0961 -1.1667 2
      vertex 79.6061 -2.36706 2
      vertex 76.1512 -1.07962 2
    endloop
  endfacet
  facet normal -0 0 1
    outer loop
      vertex 76.0367 -1.25097 2
      vertex 79.6061 -2.36706 2
      vertex 76.0961 -1.1667 2
    endloop
  endfacet
  facet normal -0 0 1
    outer loop
      vertex 75.9733 -1.33223 2
      vertex 79.6061 -2.36706 2
      vertex 76.0367 -1.25097 2
    endloop
  endfacet
  facet normal -0 0 1
    outer loop
      vertex 75.906 -1.41027 2
      vertex 79.6061 -2.36706 2
      vertex 75.9733 -1.33223 2
    endloop
  endfacet
  facet normal -0 0 1
    outer loop
      vertex 75.8349 -1.48492 2
      vertex 79.6061 -2.36706 2
      vertex 75.906 -1.41027 2
    endloop
  endfacet
  facet normal -0 0 1
    outer loop
      vertex 75.7603 -1.556 2
      vertex 79.6061 -2.36706 2
      vertex 75.8349 -1.48492 2
    endloop
  endfacet
  facet normal -0 0 1
    outer loop
      vertex 75.6822 -1.62332 2
      vertex 79.6061 -2.36706 2
      vertex 75.7603 -1.556 2
    endloop
  endfacet
  facet normal -0 0 1
    outer loop
      vertex 75.601 -1.68674 2
      vertex 79.6061 -2.36706 2
      vertex 75.6822 -1.62332 2
    endloop
  endfacet
  facet normal -0 0 1
    outer loop
      vertex 75.5167 -1.74609 2
      vertex 79.6061 -2.36706 2
      vertex 75.601 -1.68674 2
    endloop
  endfacet
  facet normal -0 0 1
    outer loop
      vertex 75.4296 -1.80123 2
      vertex 79.6061 -2.36706 2
      vertex 75.5167 -1.74609 2
    endloop
  endfacet
  facet normal -0 0 1
    outer loop
      vertex 75.3399 -1.85203 2
      vertex 79.6061 -2.36706 2
      vertex 75.4296 -1.80123 2
    endloop
  endfacet
  facet normal -0 0 1
    outer loop
      vertex 75.2479 -1.89838 2
      vertex 79.6061 -2.36706 2
      vertex 75.3399 -1.85203 2
    endloop
  endfacet
  facet normal -0 0 1
    outer loop
      vertex 75.1536 -1.94015 2
      vertex 79.6061 -2.36706 2
      vertex 75.2479 -1.89838 2
    endloop
  endfacet
  facet normal -0 0 1
    outer loop
      vertex 75.0575 -1.97724 2
      vertex 79.6061 -2.36706 2
      vertex 75.1536 -1.94015 2
    endloop
  endfacet
  facet normal -0 0 1
    outer loop
      vertex 74.9596 -2.00957 2
      vertex 79.6061 -2.36706 2
      vertex 75.0575 -1.97724 2
    endloop
  endfacet
  facet normal 0 0 1
    outer loop
      vertex 73.5401 -13.0188 2
      vertex 74.9596 -2.00957 2
      vertex 74.8603 -2.03707 2
    endloop
  endfacet
  facet normal 0 0 1
    outer loop
      vertex 73.5401 -13.0188 2
      vertex 74.8603 -2.03707 2
      vertex 74.7597 -2.05965 2
    endloop
  endfacet
  facet normal 0 0 1
    outer loop
      vertex 73.5401 -13.0188 2
      vertex 74.7597 -2.05965 2
      vertex 74.6581 -2.07727 2
    endloop
  endfacet
  facet normal 0 0 1
    outer loop
      vertex 73.5401 -13.0188 2
      vertex 74.6581 -2.07727 2
      vertex 74.5558 -2.08989 2
    endloop
  endfacet
  facet normal 0 0 1
    outer loop
      vertex 73.5401 -13.0188 2
      vertex 74.5558 -2.08989 2
      vertex 74.453 -2.09747 2
    endloop
  endfacet
  facet normal 0 0 1
    outer loop
      vertex 73.5401 -13.0188 2
      vertex 74.453 -2.09747 2
      vertex 74.35 -2.1 2
    endloop
  endfacet
  facet normal 0 0 1
    outer loop
      vertex 73.5401 -13.0188 2
      vertex 74.35 -2.1 2
      vertex 74.247 -2.09747 2
    endloop
  endfacet
  facet normal 0 0 1
    outer loop
      vertex 74.9596 -2.00957 2
      vertex 73.5401 -13.0188 2
      vertex 79.6061 -2.36706 2
    endloop
  endfacet
  facet normal 0 0 1
    outer loop
      vertex 74.1442 -2.08989 2
      vertex 73.5401 -13.0188 2
      vertex 74.247 -2.09747 2
    endloop
  endfacet
  facet normal 0 0 1
    outer loop
      vertex 74.0419 -2.07727 2
      vertex 73.5401 -13.0188 2
      vertex 74.1442 -2.08989 2
    endloop
  endfacet
  facet normal 0 0 1
    outer loop
      vertex 73.9403 -2.05965 2
      vertex 73.5401 -13.0188 2
      vertex 74.0419 -2.07727 2
    endloop
  endfacet
  facet normal 0 0 1
    outer loop
      vertex 73.8397 -2.03707 2
      vertex 73.5401 -13.0188 2
      vertex 73.9403 -2.05965 2
    endloop
  endfacet
  facet normal 0 0 1
    outer loop
      vertex 73.7404 -2.00957 2
      vertex 73.5401 -13.0188 2
      vertex 73.8397 -2.03707 2
    endloop
  endfacet
  facet normal 0 0 1
    outer loop
      vertex 73.6425 -1.97724 2
      vertex 73.5401 -13.0188 2
      vertex 73.7404 -2.00957 2
    endloop
  endfacet
  facet normal 0 0 1
    outer loop
      vertex 73.5464 -1.94015 2
      vertex 73.5401 -13.0188 2
      vertex 73.6425 -1.97724 2
    endloop
  endfacet
  facet normal 0 0 1
    outer loop
      vertex 73.4521 -1.89838 2
      vertex 73.5401 -13.0188 2
      vertex 73.5464 -1.94015 2
    endloop
  endfacet
  facet normal 0 0 1
    outer loop
      vertex 73.3601 -1.85203 2
      vertex 73.5401 -13.0188 2
      vertex 73.4521 -1.89838 2
    endloop
  endfacet
  facet normal 0 0 1
    outer loop
      vertex 73.2704 -1.80123 2
      vertex 73.5401 -13.0188 2
      vertex 73.3601 -1.85203 2
    endloop
  endfacet
  facet normal 0 0 1
    outer loop
      vertex 73.1833 -1.74609 2
      vertex 73.5401 -13.0188 2
      vertex 73.2704 -1.80123 2
    endloop
  endfacet
  facet normal 0 0 1
    outer loop
      vertex 73.099 -1.68674 2
      vertex 73.5401 -13.0188 2
      vertex 73.1833 -1.74609 2
    endloop
  endfacet
  facet normal 0 0 1
    outer loop
      vertex 73.0178 -1.62332 2
      vertex 73.5401 -13.0188 2
      vertex 73.099 -1.68674 2
    endloop
  endfacet
  facet normal 0 0 1
    outer loop
      vertex 72.9397 -1.556 2
      vertex 73.5401 -13.0188 2
      vertex 73.0178 -1.62332 2
    endloop
  endfacet
  facet normal 0 0 1
    outer loop
      vertex 72.8651 -1.48492 2
      vertex 73.5401 -13.0188 2
      vertex 72.9397 -1.556 2
    endloop
  endfacet
  facet normal 0 0 1
    outer loop
      vertex 72.794 -1.41027 2
      vertex 73.5401 -13.0188 2
      vertex 72.8651 -1.48492 2
    endloop
  endfacet
  facet normal 0 0 1
    outer loop
      vertex 72.0433 -14.8335 2
      vertex 73.5401 -13.0188 2
      vertex 72.794 -1.41027 2
    endloop
  endfacet
  facet normal 0 0 1
    outer loop
      vertex 72.0433 -14.8335 2
      vertex 72.794 -1.41027 2
      vertex 72.7267 -1.33223 2
    endloop
  endfacet
  facet normal 0 0 1
    outer loop
      vertex 72.0433 -14.8335 2
      vertex 72.7267 -1.33223 2
      vertex 72.6633 -1.25097 2
    endloop
  endfacet
  facet normal 0 0 1
    outer loop
      vertex 72.0433 -14.8335 2
      vertex 72.6633 -1.25097 2
      vertex 72.6039 -1.1667 2
    endloop
  endfacet
  facet normal 0 0 1
    outer loop
      vertex 72.0433 -14.8335 2
      vertex 72.6039 -1.1667 2
      vertex 72.5488 -1.07962 2
    endloop
  endfacet
  facet normal 0 0 1
    outer loop
      vertex 72.0433 -14.8335 2
      vertex 72.5488 -1.07962 2
      vertex 72.498 -0.989933 2
    endloop
  endfacet
  facet normal 0 0 1
    outer loop
      vertex 72.0433 -14.8335 2
      vertex 72.498 -0.989933 2
      vertex 72.4516 -0.897865 2
    endloop
  endfacet
  facet normal 0 0 1
    outer loop
      vertex 72.0433 -14.8335 2
      vertex 72.4516 -0.897865 2
      vertex 72.4099 -0.803635 2
    endloop
  endfacet
  facet normal 0 0 1
    outer loop
      vertex 72.0433 -14.8335 2
      vertex 72.4099 -0.803635 2
      vertex 72.3728 -0.707468 2
    endloop
  endfacet
  facet normal 0 0 1
    outer loop
      vertex 72.0433 -14.8335 2
      vertex 72.3728 -0.707468 2
      vertex 72.3404 -0.609597 2
    endloop
  endfacet
  facet normal 0 0 1
    outer loop
      vertex 72.0433 -14.8335 2
      vertex 72.3404 -0.609597 2
      vertex 72.3129 -0.510258 2
    endloop
  endfacet
  facet normal 0 0 1
    outer loop
      vertex 72.0433 -14.8335 2
      vertex 72.3129 -0.510258 2
      vertex 72.2904 -0.409689 2
    endloop
  endfacet
  facet normal 0 0 1
    outer loop
      vertex 72.0433 -14.8335 2
      vertex 72.2904 -0.409689 2
      vertex 72.2727 -0.308133 2
    endloop
  endfacet
  facet normal 0 0 1
    outer loop
      vertex 72.0433 -14.8335 2
      vertex 72.2727 -0.308133 2
      vertex 72.2601 -0.205835 2
    endloop
  endfacet
  facet normal 0 0 1
    outer loop
      vertex 72.0433 -14.8335 2
      vertex 72.2601 -0.205835 2
      vertex 72.2525 -0.103042 2
    endloop
  endfacet
  facet normal 0 0 1
    outer loop
      vertex 73.5401 -13.0188 2
      vertex 72.0433 -14.8335 2
      vertex 72.9099 -13.9656 2
    endloop
  endfacet
  facet normal 0 0 1
    outer loop
      vertex 72.0433 -14.8335 2
      vertex 72.2525 -0.103042 2
      vertex 72.25 0 2
    endloop
  endfacet
  facet normal 0.0409642 -0.999161 0
    outer loop
      vertex 23.5943 -18.9364 0
      vertex 37.0655 -18.3841 2
      vertex 23.5943 -18.9364 2
    endloop
  endfacet
  facet normal 0.0409642 -0.999161 0
    outer loop
      vertex 37.0655 -18.3841 2
      vertex 23.5943 -18.9364 0
      vertex 37.0655 -18.3841 0
    endloop
  endfacet
  facet normal 0.124229 -0.992254 0
    outer loop
      vertex 37.0655 -18.3841 0
      vertex 38.3259 -18.2263 2
      vertex 37.0655 -18.3841 2
    endloop
  endfacet
  facet normal 0.124229 -0.992254 0
    outer loop
      vertex 38.3259 -18.2263 2
      vertex 37.0655 -18.3841 0
      vertex 38.3259 -18.2263 0
    endloop
  endfacet
  facet normal 0.0270579 -0.999634 0
    outer loop
      vertex 38.3259 -18.2263 0
      vertex 41.2408 -18.1474 2
      vertex 38.3259 -18.2263 2
    endloop
  endfacet
  facet normal 0.0270579 -0.999634 0
    outer loop
      vertex 41.2408 -18.1474 2
      vertex 38.3259 -18.2263 0
      vertex 41.2408 -18.1474 0
    endloop
  endfacet
  facet normal 0.132362 -0.991202 0
    outer loop
      vertex 41.2408 -18.1474 0
      vertex 42.4225 -17.9896 2
      vertex 41.2408 -18.1474 2
    endloop
  endfacet
  facet normal 0.132362 -0.991202 0
    outer loop
      vertex 42.4225 -17.9896 2
      vertex 41.2408 -18.1474 0
      vertex 42.4225 -17.9896 0
    endloop
  endfacet
  facet normal 0 -1 0
    outer loop
      vertex 42.4225 -17.9896 0
      vertex 43.9193 -17.9896 2
      vertex 42.4225 -17.9896 2
    endloop
  endfacet
  facet normal 0 -1 -0
    outer loop
      vertex 43.9193 -17.9896 2
      vertex 42.4225 -17.9896 0
      vertex 43.9193 -17.9896 0
    endloop
  endfacet
  facet normal 0.0640692 -0.997945 0
    outer loop
      vertex 43.9193 -17.9896 0
      vertex 56.2088 -17.2006 2
      vertex 43.9193 -17.9896 2
    endloop
  endfacet
  facet normal 0.0640692 -0.997945 0
    outer loop
      vertex 56.2088 -17.2006 2
      vertex 43.9193 -17.9896 0
      vertex 56.2088 -17.2006 0
    endloop
  endfacet
  facet normal 0.0880373 -0.996117 0
    outer loop
      vertex 56.2088 -17.2006 0
      vertex 66.9227 -16.2537 2
      vertex 56.2088 -17.2006 2
    endloop
  endfacet
  facet normal 0.0880373 -0.996117 0
    outer loop
      vertex 66.9227 -16.2537 2
      vertex 56.2088 -17.2006 0
      vertex 66.9227 -16.2537 0
    endloop
  endfacet
  facet normal 0.0400288 -0.999199 0
    outer loop
      vertex 66.9227 -16.2537 0
      vertex 68.8922 -16.1748 2
      vertex 66.9227 -16.2537 2
    endloop
  endfacet
  facet normal 0.0400288 -0.999199 0
    outer loop
      vertex 68.8922 -16.1748 2
      vertex 66.9227 -16.2537 0
      vertex 68.8922 -16.1748 0
    endloop
  endfacet
  facet normal 0.179165 -0.983819 0
    outer loop
      vertex 68.8922 -16.1748 0
      vertex 69.7587 -16.017 2
      vertex 68.8922 -16.1748 2
    endloop
  endfacet
  facet normal 0.179165 -0.983819 0
    outer loop
      vertex 69.7587 -16.017 2
      vertex 68.8922 -16.1748 0
      vertex 69.7587 -16.017 0
    endloop
  endfacet
  facet normal 0.394422 -0.918929 0
    outer loop
      vertex 69.7587 -16.017 0
      vertex 71.4131 -15.3069 2
      vertex 69.7587 -16.017 2
    endloop
  endfacet
  facet normal 0.394422 -0.918929 0
    outer loop
      vertex 71.4131 -15.3069 2
      vertex 69.7587 -16.017 0
      vertex 71.4131 -15.3069 0
    endloop
  endfacet
  facet normal 0.600609 -0.799543 0
    outer loop
      vertex 71.4131 -15.3069 0
      vertex 72.0433 -14.8335 2
      vertex 71.4131 -15.3069 2
    endloop
  endfacet
  facet normal 0.600609 -0.799543 0
    outer loop
      vertex 72.0433 -14.8335 2
      vertex 71.4131 -15.3069 0
      vertex 72.0433 -14.8335 0
    endloop
  endfacet
  facet normal 0.707637 -0.706577 0
    outer loop
      vertex 72.0433 -14.8335 2
      vertex 72.9099 -13.9656 0
      vertex 72.9099 -13.9656 2
    endloop
  endfacet
  facet normal 0.707637 -0.706577 0
    outer loop
      vertex 72.9099 -13.9656 0
      vertex 72.0433 -14.8335 2
      vertex 72.0433 -14.8335 0
    endloop
  endfacet
  facet normal 0.832456 -0.554091 0
    outer loop
      vertex 72.9099 -13.9656 2
      vertex 73.5401 -13.0188 0
      vertex 73.5401 -13.0188 2
    endloop
  endfacet
  facet normal 0.832456 -0.554091 0
    outer loop
      vertex 73.5401 -13.0188 0
      vertex 72.9099 -13.9656 2
      vertex 72.9099 -13.9656 0
    endloop
  endfacet
  facet normal 0.86897 -0.494865 0
    outer loop
      vertex 73.5401 -13.0188 2
      vertex 79.6061 -2.36706 0
      vertex 79.6061 -2.36706 2
    endloop
  endfacet
  facet normal 0.86897 -0.494865 0
    outer loop
      vertex 79.6061 -2.36706 0
      vertex 73.5401 -13.0188 2
      vertex 73.5401 -13.0188 0
    endloop
  endfacet
  facet normal 0.961639 -0.274319 0
    outer loop
      vertex 79.6061 -2.36706 2
      vertex 79.9212 -1.26246 0
      vertex 79.9212 -1.26246 2
    endloop
  endfacet
  facet normal 0.961639 -0.274319 0
    outer loop
      vertex 79.9212 -1.26246 0
      vertex 79.6061 -2.36706 2
      vertex 79.6061 -2.36706 0
    endloop
  endfacet
  facet normal 0.999365 -0.0356448 0
    outer loop
      vertex 79.9212 -1.26246 2
      vertex 80 0.946839 0
      vertex 80 0.946839 2
    endloop
  endfacet
  facet normal 0.999365 -0.0356448 0
    outer loop
      vertex 80 0.946839 0
      vertex 79.9212 -1.26246 2
      vertex 79.9212 -1.26246 0
    endloop
  endfacet
  facet normal 0.941055 0.338255 0
    outer loop
      vertex 80 0.946839 2
      vertex 79.291 2.91934 0
      vertex 79.291 2.91934 2
    endloop
  endfacet
  facet normal 0.941055 0.338255 0
    outer loop
      vertex 79.291 2.91934 0
      vertex 80 0.946839 2
      vertex 80 0.946839 0
    endloop
  endfacet
  facet normal 0.707705 0.706509 0
    outer loop
      vertex 79.291 2.91934 2
      vertex 79.0547 3.15604 0
      vertex 79.0547 3.15604 2
    endloop
  endfacet
  facet normal 0.707705 0.706509 0
    outer loop
      vertex 79.0547 3.15604 0
      vertex 79.291 2.91934 2
      vertex 79.291 2.91934 0
    endloop
  endfacet
  facet normal 0.894695 0.446678 0
    outer loop
      vertex 79.0547 3.15604 2
      vertex 78.4244 4.41853 0
      vertex 78.4244 4.41853 2
    endloop
  endfacet
  facet normal 0.894695 0.446678 0
    outer loop
      vertex 78.4244 4.41853 0
      vertex 79.0547 3.15604 2
      vertex 79.0547 3.15604 0
    endloop
  endfacet
  facet normal 0.707667 0.706546 0
    outer loop
      vertex 78.4244 4.41853 2
      vertex 78.1093 4.73413 0
      vertex 78.1093 4.73413 2
    endloop
  endfacet
  facet normal 0.707667 0.706546 0
    outer loop
      vertex 78.1093 4.73413 0
      vertex 78.4244 4.41853 2
      vertex 78.4244 4.41853 0
    endloop
  endfacet
  facet normal 0.910605 0.413277 0
    outer loop
      vertex 78.1093 4.73413 2
      vertex 77.7154 5.60204 0
      vertex 77.7154 5.60204 2
    endloop
  endfacet
  facet normal 0.910605 0.413277 0
    outer loop
      vertex 77.7154 5.60204 0
      vertex 78.1093 4.73413 2
      vertex 78.1093 4.73413 0
    endloop
  endfacet
  facet normal 0.837989 0.545687 0
    outer loop
      vertex 77.7154 5.60204 2
      vertex 76.5337 7.41673 0
      vertex 76.5337 7.41673 2
    endloop
  endfacet
  facet normal 0.837989 0.545687 0
    outer loop
      vertex 76.5337 7.41673 0
      vertex 77.7154 5.60204 2
      vertex 77.7154 5.60204 0
    endloop
  endfacet
  facet normal 0.970215 0.242246 0
    outer loop
      vertex 76.5337 7.41673 2
      vertex 76.4549 7.73233 0
      vertex 76.4549 7.73233 2
    endloop
  endfacet
  facet normal 0.970215 0.242246 0
    outer loop
      vertex 76.4549 7.73233 0
      vertex 76.5337 7.41673 2
      vertex 76.5337 7.41673 0
    endloop
  endfacet
  facet normal 0.789837 0.613317 0
    outer loop
      vertex 76.4549 7.73233 2
      vertex 75.9035 8.44243 0
      vertex 75.9035 8.44243 2
    endloop
  endfacet
  facet normal 0.789837 0.613317 0
    outer loop
      vertex 75.9035 8.44243 0
      vertex 76.4549 7.73233 2
      vertex 76.4549 7.73233 0
    endloop
  endfacet
  facet normal 0.910603 0.413281 0
    outer loop
      vertex 75.9035 8.44243 2
      vertex 75.5096 9.31033 0
      vertex 75.5096 9.31033 2
    endloop
  endfacet
  facet normal 0.910603 0.413281 0
    outer loop
      vertex 75.5096 9.31033 0
      vertex 75.9035 8.44243 2
      vertex 75.9035 8.44243 0
    endloop
  endfacet
  facet normal 0.789813 0.613348 0
    outer loop
      vertex 75.5096 9.31033 2
      vertex 74.9581 10.0205 0
      vertex 74.9581 10.0205 2
    endloop
  endfacet
  facet normal 0.789813 0.613348 0
    outer loop
      vertex 74.9581 10.0205 0
      vertex 75.5096 9.31033 2
      vertex 75.5096 9.31033 0
    endloop
  endfacet
  facet normal 0.970287 0.241957 0
    outer loop
      vertex 74.9581 10.0205 2
      vertex 74.8794 10.3361 0
      vertex 74.8794 10.3361 2
    endloop
  endfacet
  facet normal 0.970287 0.241957 0
    outer loop
      vertex 74.8794 10.3361 0
      vertex 74.9581 10.0205 2
      vertex 74.9581 10.0205 0
    endloop
  endfacet
  facet normal 0.809135 0.587623 0
    outer loop
      vertex 74.8794 10.3361 2
      vertex 74.2491 11.204 0
      vertex 74.2491 11.204 2
    endloop
  endfacet
  facet normal 0.809135 0.587623 0
    outer loop
      vertex 74.2491 11.204 0
      vertex 74.8794 10.3361 2
      vertex 74.8794 10.3361 0
    endloop
  endfacet
  facet normal 0.970287 0.241957 0
    outer loop
      vertex 74.2491 11.204 2
      vertex 74.1704 11.5196 0
      vertex 74.1704 11.5196 2
    endloop
  endfacet
  facet normal 0.970287 0.241957 0
    outer loop
      vertex 74.1704 11.5196 0
      vertex 74.2491 11.204 2
      vertex 74.2491 11.204 0
    endloop
  endfacet
  facet normal 0.848361 0.529419 0
    outer loop
      vertex 74.1704 11.5196 2
      vertex 72.5948 14.0444 0
      vertex 72.5948 14.0444 2
    endloop
  endfacet
  facet normal 0.848361 0.529419 0
    outer loop
      vertex 72.5948 14.0444 0
      vertex 74.1704 11.5196 2
      vertex 74.1704 11.5196 0
    endloop
  endfacet
  facet normal 0.730083 0.683358 0
    outer loop
      vertex 72.5948 14.0444 2
      vertex 71.4131 15.3069 0
      vertex 71.4131 15.3069 2
    endloop
  endfacet
  facet normal 0.730083 0.683358 0
    outer loop
      vertex 71.4131 15.3069 0
      vertex 72.5948 14.0444 2
      vertex 72.5948 14.0444 0
    endloop
  endfacet
  facet normal 0.515072 0.857147 -0
    outer loop
      vertex 71.4131 15.3069 0
      vertex 69.8375 16.2537 2
      vertex 71.4131 15.3069 2
    endloop
  endfacet
  facet normal 0.515072 0.857147 0
    outer loop
      vertex 69.8375 16.2537 2
      vertex 71.4131 15.3069 0
      vertex 69.8375 16.2537 0
    endloop
  endfacet
  facet normal 0.294505 0.95565 -0
    outer loop
      vertex 69.8375 16.2537 0
      vertex 68.8134 16.5693 2
      vertex 69.8375 16.2537 2
    endloop
  endfacet
  facet normal 0.294505 0.95565 0
    outer loop
      vertex 68.8134 16.5693 2
      vertex 69.8375 16.2537 0
      vertex 68.8134 16.5693 0
    endloop
  endfacet
  facet normal 0.090673 0.995881 -0
    outer loop
      vertex 68.8134 16.5693 0
      vertex 65.3471 16.8849 2
      vertex 68.8134 16.5693 2
    endloop
  endfacet
  facet normal 0.090673 0.995881 0
    outer loop
      vertex 65.3471 16.8849 2
      vertex 68.8134 16.5693 0
      vertex 65.3471 16.8849 0
    endloop
  endfacet
  facet normal 0 1 -0
    outer loop
      vertex 65.3471 16.8849 0
      vertex 64.0079 16.8849 2
      vertex 65.3471 16.8849 2
    endloop
  endfacet
  facet normal 0 1 0
    outer loop
      vertex 64.0079 16.8849 2
      vertex 65.3471 16.8849 0
      vertex 64.0079 16.8849 0
    endloop
  endfacet
  facet normal 0.0644807 0.997919 -0
    outer loop
      vertex 64.0079 16.8849 0
      vertex 49.355 17.8317 2
      vertex 64.0079 16.8849 2
    endloop
  endfacet
  facet normal 0.0644807 0.997919 0
    outer loop
      vertex 49.355 17.8317 2
      vertex 64.0079 16.8849 0
      vertex 49.355 17.8317 0
    endloop
  endfacet
  facet normal 0.0435038 0.999053 -0
    outer loop
      vertex 49.355 17.8317 0
      vertex 27.612 18.7785 2
      vertex 49.355 17.8317 2
    endloop
  endfacet
  facet normal 0.0435038 0.999053 0
    outer loop
      vertex 27.612 18.7785 2
      vertex 49.355 17.8317 0
      vertex 27.612 18.7785 0
    endloop
  endfacet
  facet normal 0.0254546 0.999676 -0
    outer loop
      vertex 27.612 18.7785 0
      vertex 9.02019 19.2519 2
      vertex 27.612 18.7785 2
    endloop
  endfacet
  facet normal 0.0254546 0.999676 0
    outer loop
      vertex 9.02019 19.2519 2
      vertex 27.612 18.7785 0
      vertex 9.02019 19.2519 0
    endloop
  endfacet
  facet normal 0 1 -0
    outer loop
      vertex 9.02019 19.2519 0
      vertex -3.8208 19.2519 2
      vertex 9.02019 19.2519 2
    endloop
  endfacet
  facet normal 0 1 0
    outer loop
      vertex -3.8208 19.2519 2
      vertex 9.02019 19.2519 0
      vertex -3.8208 19.2519 0
    endloop
  endfacet
  facet normal -0.0261182 0.999659 0
    outer loop
      vertex -3.8208 19.2519 0
      vertex -21.9399 18.7785 2
      vertex -3.8208 19.2519 2
    endloop
  endfacet
  facet normal -0.0261182 0.999659 0
    outer loop
      vertex -21.9399 18.7785 2
      vertex -3.8208 19.2519 0
      vertex -21.9399 18.7785 0
    endloop
  endfacet
  facet normal -0.0414786 0.999139 0
    outer loop
      vertex -21.9399 18.7785 0
      vertex -37.1443 18.1473 2
      vertex -21.9399 18.7785 2
    endloop
  endfacet
  facet normal -0.0414786 0.999139 0
    outer loop
      vertex -37.1443 18.1473 2
      vertex -21.9399 18.7785 0
      vertex -37.1443 18.1473 0
    endloop
  endfacet
  facet normal -0.0561034 0.998425 0
    outer loop
      vertex -37.1443 18.1473 0
      vertex -61.0143 16.806 2
      vertex -37.1443 18.1473 2
    endloop
  endfacet
  facet normal -0.0561034 0.998425 0
    outer loop
      vertex -61.0143 16.806 2
      vertex -37.1443 18.1473 0
      vertex -61.0143 16.806 0
    endloop
  endfacet
  facet normal -0.0805068 0.996754 0
    outer loop
      vertex -61.0143 16.806 0
      vertex -65.8986 16.4115 2
      vertex -61.0143 16.806 2
    endloop
  endfacet
  facet normal -0.0805068 0.996754 0
    outer loop
      vertex -65.8986 16.4115 2
      vertex -61.0143 16.806 0
      vertex -65.8986 16.4115 0
    endloop
  endfacet
  facet normal -0.031283 0.999511 0
    outer loop
      vertex -65.8986 16.4115 0
      vertex -68.4195 16.3326 2
      vertex -65.8986 16.4115 2
    endloop
  endfacet
  facet normal -0.031283 0.999511 0
    outer loop
      vertex -68.4195 16.3326 2
      vertex -65.8986 16.4115 0
      vertex -68.4195 16.3326 0
    endloop
  endfacet
  facet normal -0.184557 0.982822 0
    outer loop
      vertex -68.4195 16.3326 0
      vertex -69.68 16.0959 2
      vertex -68.4195 16.3326 2
    endloop
  endfacet
  facet normal -0.184557 0.982822 0
    outer loop
      vertex -69.68 16.0959 2
      vertex -68.4195 16.3326 0
      vertex -69.68 16.0959 0
    endloop
  endfacet
  facet normal -0.401352 0.915924 0
    outer loop
      vertex -69.68 16.0959 0
      vertex -70.9404 15.5436 2
      vertex -69.68 16.0959 2
    endloop
  endfacet
  facet normal -0.401352 0.915924 0
    outer loop
      vertex -70.9404 15.5436 2
      vertex -69.68 16.0959 0
      vertex -70.9404 15.5436 0
    endloop
  endfacet
  facet normal -0.588748 0.808316 0
    outer loop
      vertex -70.9404 15.5436 0
      vertex -71.807 14.9124 2
      vertex -70.9404 15.5436 2
    endloop
  endfacet
  facet normal -0.588748 0.808316 0
    outer loop
      vertex -71.807 14.9124 2
      vertex -70.9404 15.5436 0
      vertex -71.807 14.9124 0
    endloop
  endfacet
  facet normal -0.707723 0.70649 0
    outer loop
      vertex -72.4372 14.2811 0
      vertex -71.807 14.9124 2
      vertex -71.807 14.9124 0
    endloop
  endfacet
  facet normal -0.707723 0.70649 0
    outer loop
      vertex -71.807 14.9124 2
      vertex -72.4372 14.2811 0
      vertex -72.4372 14.2811 2
    endloop
  endfacet
  facet normal -0.84264 0.538478 0
    outer loop
      vertex -73.6977 12.3086 0
      vertex -72.4372 14.2811 2
      vertex -72.4372 14.2811 0
    endloop
  endfacet
  facet normal -0.84264 0.538478 0
    outer loop
      vertex -72.4372 14.2811 2
      vertex -73.6977 12.3086 0
      vertex -73.6977 12.3086 2
    endloop
  endfacet
  facet normal -0.910603 0.413281 0
    outer loop
      vertex -74.0916 11.4407 0
      vertex -73.6977 12.3086 2
      vertex -73.6977 12.3086 0
    endloop
  endfacet
  facet normal -0.910603 0.413281 0
    outer loop
      vertex -73.6977 12.3086 2
      vertex -74.0916 11.4407 0
      vertex -74.0916 11.4407 2
    endloop
  endfacet
  facet normal -0.707667 0.706546 0
    outer loop
      vertex -74.4067 11.1251 0
      vertex -74.0916 11.4407 2
      vertex -74.0916 11.4407 0
    endloop
  endfacet
  facet normal -0.707667 0.706546 0
    outer loop
      vertex -74.0916 11.4407 2
      vertex -74.4067 11.1251 0
      vertex -74.4067 11.1251 2
    endloop
  endfacet
  facet normal -0.894706 0.446655 0
    outer loop
      vertex -75.0369 9.86273 0
      vertex -74.4067 11.1251 2
      vertex -74.4067 11.1251 0
    endloop
  endfacet
  facet normal -0.894706 0.446655 0
    outer loop
      vertex -74.4067 11.1251 2
      vertex -75.0369 9.86273 0
      vertex -75.0369 9.86273 2
    endloop
  endfacet
  facet normal -0.809164 0.587583 0
    outer loop
      vertex -75.6672 8.99474 0
      vertex -75.0369 9.86273 2
      vertex -75.0369 9.86273 0
    endloop
  endfacet
  facet normal -0.809164 0.587583 0
    outer loop
      vertex -75.0369 9.86273 2
      vertex -75.6672 8.99474 0
      vertex -75.6672 8.99474 2
    endloop
  endfacet
  facet normal -0.970287 0.241957 0
    outer loop
      vertex -75.7459 8.67914 0
      vertex -75.6672 8.99474 2
      vertex -75.6672 8.99474 0
    endloop
  endfacet
  facet normal -0.970287 0.241957 0
    outer loop
      vertex -75.6672 8.99474 2
      vertex -75.7459 8.67914 0
      vertex -75.7459 8.67914 2
    endloop
  endfacet
  facet normal -0.789783 0.613386 0
    outer loop
      vertex -76.2974 7.96904 0
      vertex -75.7459 8.67914 2
      vertex -75.7459 8.67914 0
    endloop
  endfacet
  facet normal -0.789783 0.613386 0
    outer loop
      vertex -75.7459 8.67914 2
      vertex -76.2974 7.96904 0
      vertex -76.2974 7.96904 2
    endloop
  endfacet
  facet normal -1 0 0
    outer loop
      vertex -76.2974 7.73233 0
      vertex -76.2974 7.96904 2
      vertex -76.2974 7.96904 0
    endloop
  endfacet
  facet normal -1 -0 0
    outer loop
      vertex -76.2974 7.96904 2
      vertex -76.2974 7.73233 0
      vertex -76.2974 7.73233 2
    endloop
  endfacet
  facet normal -0.707667 0.706546 0
    outer loop
      vertex -76.6125 7.41673 0
      vertex -76.2974 7.73233 2
      vertex -76.2974 7.73233 0
    endloop
  endfacet
  facet normal -0.707667 0.706546 0
    outer loop
      vertex -76.2974 7.73233 2
      vertex -76.6125 7.41673 0
      vertex -76.6125 7.41673 2
    endloop
  endfacet
  facet normal -0.910602 0.413285 0
    outer loop
      vertex -77.0064 6.54884 0
      vertex -76.6125 7.41673 2
      vertex -76.6125 7.41673 0
    endloop
  endfacet
  facet normal -0.910602 0.413285 0
    outer loop
      vertex -76.6125 7.41673 2
      vertex -77.0064 6.54884 0
      vertex -77.0064 6.54884 2
    endloop
  endfacet
  facet normal -0.789787 0.613381 0
    outer loop
      vertex -77.5579 5.83873 0
      vertex -77.0064 6.54884 2
      vertex -77.0064 6.54884 0
    endloop
  endfacet
  facet normal -0.789787 0.613381 0
    outer loop
      vertex -77.0064 6.54884 2
      vertex -77.5579 5.83873 0
      vertex -77.5579 5.83873 2
    endloop
  endfacet
  facet normal -0.970287 0.241957 0
    outer loop
      vertex -77.6366 5.52313 0
      vertex -77.5579 5.83873 2
      vertex -77.5579 5.83873 0
    endloop
  endfacet
  facet normal -0.970287 0.241957 0
    outer loop
      vertex -77.5579 5.83873 2
      vertex -77.6366 5.52313 0
      vertex -77.6366 5.52313 2
    endloop
  endfacet
  facet normal -0.707656 0.706557 0
    outer loop
      vertex -77.9517 5.20754 0
      vertex -77.6366 5.52313 2
      vertex -77.6366 5.52313 0
    endloop
  endfacet
  facet normal -0.707656 0.706557 0
    outer loop
      vertex -77.6366 5.52313 2
      vertex -77.9517 5.20754 0
      vertex -77.9517 5.20754 2
    endloop
  endfacet
  facet normal -0.910605 0.413277 0
    outer loop
      vertex -78.3456 4.33963 0
      vertex -77.9517 5.20754 2
      vertex -77.9517 5.20754 0
    endloop
  endfacet
  facet normal -0.910605 0.413277 0
    outer loop
      vertex -77.9517 5.20754 2
      vertex -78.3456 4.33963 0
      vertex -78.3456 4.33963 2
    endloop
  endfacet
  facet normal -0.800467 0.599377 0
    outer loop
      vertex -78.8183 3.70834 0
      vertex -78.3456 4.33963 2
      vertex -78.3456 4.33963 0
    endloop
  endfacet
  facet normal -0.800467 0.599377 0
    outer loop
      vertex -78.3456 4.33963 2
      vertex -78.8183 3.70834 0
      vertex -78.8183 3.70834 2
    endloop
  endfacet
  facet normal -0.970217 0.242239 0
    outer loop
      vertex -78.8971 3.39273 0
      vertex -78.8183 3.70834 2
      vertex -78.8183 3.70834 0
    endloop
  endfacet
  facet normal -0.970217 0.242239 0
    outer loop
      vertex -78.8183 3.70834 2
      vertex -78.8971 3.39273 0
      vertex -78.8971 3.39273 2
    endloop
  endfacet
  facet normal -0.809176 0.587566 0
    outer loop
      vertex -79.5273 2.52484 0
      vertex -78.8971 3.39273 2
      vertex -78.8971 3.39273 0
    endloop
  endfacet
  facet normal -0.809176 0.587566 0
    outer loop
      vertex -78.8971 3.39273 2
      vertex -79.5273 2.52484 0
      vertex -79.5273 2.52484 2
    endloop
  endfacet
  facet normal -1 0 0
    outer loop
      vertex -79.5273 2.20923 0
      vertex -79.5273 2.52484 2
      vertex -79.5273 2.52484 0
    endloop
  endfacet
  facet normal -1 -0 0
    outer loop
      vertex -79.5273 2.52484 2
      vertex -79.5273 2.20923 0
      vertex -79.5273 2.20923 2
    endloop
  endfacet
  facet normal -0.83245 0.554099 0
    outer loop
      vertex -79.8424 1.73584 0
      vertex -79.5273 2.20923 2
      vertex -79.5273 2.20923 0
    endloop
  endfacet
  facet normal -0.83245 0.554099 0
    outer loop
      vertex -79.5273 2.20923 2
      vertex -79.8424 1.73584 0
      vertex -79.8424 1.73584 2
    endloop
  endfacet
  facet normal -1 0 0
    outer loop
      vertex -79.8424 1.02574 0
      vertex -79.8424 1.73584 2
      vertex -79.8424 1.73584 0
    endloop
  endfacet
  facet normal -1 -0 0
    outer loop
      vertex -79.8424 1.73584 2
      vertex -79.8424 1.02574 0
      vertex -79.8424 1.02574 2
    endloop
  endfacet
  facet normal -0.948804 0.315866 0
    outer loop
      vertex -80 0.552339 0
      vertex -79.8424 1.02574 2
      vertex -79.8424 1.02574 0
    endloop
  endfacet
  facet normal -0.948804 0.315866 0
    outer loop
      vertex -79.8424 1.02574 2
      vertex -80 0.552339 0
      vertex -80 0.552339 2
    endloop
  endfacet
  facet normal -1 0 0
    outer loop
      vertex -80 -0.788969 0
      vertex -80 0.552339 2
      vertex -80 0.552339 0
    endloop
  endfacet
  facet normal -1 -0 0
    outer loop
      vertex -80 0.552339 2
      vertex -80 -0.788969 0
      vertex -80 -0.788969 2
    endloop
  endfacet
  facet normal -0.980647 -0.195783 0
    outer loop
      vertex -79.7637 -1.97256 0
      vertex -80 -0.788969 2
      vertex -80 -0.788969 0
    endloop
  endfacet
  facet normal -0.980647 -0.195783 0
    outer loop
      vertex -80 -0.788969 2
      vertex -79.7637 -1.97256 0
      vertex -79.7637 -1.97256 2
    endloop
  endfacet
  facet normal -0.914026 -0.405655 0
    outer loop
      vertex -79.1334 -3.39276 0
      vertex -79.7637 -1.97256 2
      vertex -79.7637 -1.97256 0
    endloop
  endfacet
  facet normal -0.914026 -0.405655 0
    outer loop
      vertex -79.7637 -1.97256 2
      vertex -79.1334 -3.39276 0
      vertex -79.1334 -3.39276 2
    endloop
  endfacet
  facet normal -0.707719 -0.706494 0
    outer loop
      vertex -78.8971 -3.62947 0
      vertex -79.1334 -3.39276 2
      vertex -79.1334 -3.39276 0
    endloop
  endfacet
  facet normal -0.707719 -0.706494 0
    outer loop
      vertex -79.1334 -3.39276 2
      vertex -78.8971 -3.62947 0
      vertex -78.8971 -3.62947 2
    endloop
  endfacet
  facet normal -0.894704 -0.446659 0
    outer loop
      vertex -78.1881 -5.04967 0
      vertex -78.8971 -3.62947 2
      vertex -78.8971 -3.62947 0
    endloop
  endfacet
  facet normal -0.894704 -0.446659 0
    outer loop
      vertex -78.8971 -3.62947 2
      vertex -78.1881 -5.04967 0
      vertex -78.1881 -5.04967 2
    endloop
  endfacet
  facet normal -0.800421 -0.599438 0
    outer loop
      vertex -77.7154 -5.68086 0
      vertex -78.1881 -5.04967 2
      vertex -78.1881 -5.04967 0
    endloop
  endfacet
  facet normal -0.800421 -0.599438 0
    outer loop
      vertex -78.1881 -5.04967 2
      vertex -77.7154 -5.68086 0
      vertex -77.7154 -5.68086 2
    endloop
  endfacet
  facet normal -0.885224 -0.465165 0
    outer loop
      vertex -76.9276 -7.18007 0
      vertex -77.7154 -5.68086 2
      vertex -77.7154 -5.68086 0
    endloop
  endfacet
  facet normal -0.885224 -0.465165 0
    outer loop
      vertex -77.7154 -5.68086 2
      vertex -76.9276 -7.18007 0
      vertex -76.9276 -7.18007 2
    endloop
  endfacet
  facet normal -0.70769 -0.706524 0
    outer loop
      vertex -76.6913 -7.41676 0
      vertex -76.9276 -7.18007 2
      vertex -76.9276 -7.18007 0
    endloop
  endfacet
  facet normal -0.70769 -0.706524 0
    outer loop
      vertex -76.9276 -7.18007 2
      vertex -76.6913 -7.41676 0
      vertex -76.6913 -7.41676 2
    endloop
  endfacet
  facet normal -0.970215 -0.242246 0
    outer loop
      vertex -76.6125 -7.73236 0
      vertex -76.6913 -7.41676 2
      vertex -76.6913 -7.41676 0
    endloop
  endfacet
  facet normal -0.970215 -0.242246 0
    outer loop
      vertex -76.6913 -7.41676 2
      vertex -76.6125 -7.73236 0
      vertex -76.6125 -7.73236 2
    endloop
  endfacet
  facet normal -0.707719 -0.706494 0
    outer loop
      vertex -76.3762 -7.96907 0
      vertex -76.6125 -7.73236 2
      vertex -76.6125 -7.73236 0
    endloop
  endfacet
  facet normal -0.707719 -0.706494 0
    outer loop
      vertex -76.6125 -7.73236 2
      vertex -76.3762 -7.96907 0
      vertex -76.3762 -7.96907 2
    endloop
  endfacet
  facet normal -0.970215 -0.242246 0
    outer loop
      vertex -76.2974 -8.28467 0
      vertex -76.3762 -7.96907 2
      vertex -76.3762 -7.96907 0
    endloop
  endfacet
  facet normal -0.970215 -0.242246 0
    outer loop
      vertex -76.3762 -7.96907 2
      vertex -76.2974 -8.28467 0
      vertex -76.2974 -8.28467 2
    endloop
  endfacet
  facet normal -0.70769 -0.706524 0
    outer loop
      vertex -76.0611 -8.52136 0
      vertex -76.2974 -8.28467 2
      vertex -76.2974 -8.28467 0
    endloop
  endfacet
  facet normal -0.70769 -0.706524 0
    outer loop
      vertex -76.2974 -8.28467 2
      vertex -76.0611 -8.52136 0
      vertex -76.0611 -8.52136 2
    endloop
  endfacet
  facet normal -0.862625 -0.505843 0
    outer loop
      vertex -73.1462 -13.4922 0
      vertex -76.0611 -8.52136 2
      vertex -76.0611 -8.52136 0
    endloop
  endfacet
  facet normal -0.862625 -0.505843 0
    outer loop
      vertex -76.0611 -8.52136 2
      vertex -73.1462 -13.4922 0
      vertex -73.1462 -13.4922 2
    endloop
  endfacet
  facet normal -0.774438 -0.63265 0
    outer loop
      vertex -72.4372 -14.3601 0
      vertex -73.1462 -13.4922 2
      vertex -73.1462 -13.4922 0
    endloop
  endfacet
  facet normal -0.774438 -0.63265 0
    outer loop
      vertex -73.1462 -13.4922 2
      vertex -72.4372 -14.3601 0
      vertex -72.4372 -14.3601 2
    endloop
  endfacet
  facet normal -0.61841 -0.785856 0
    outer loop
      vertex -72.4372 -14.3601 0
      vertex -71.3343 -15.228 2
      vertex -72.4372 -14.3601 2
    endloop
  endfacet
  facet normal -0.61841 -0.785856 -0
    outer loop
      vertex -71.3343 -15.228 2
      vertex -72.4372 -14.3601 0
      vertex -71.3343 -15.228 0
    endloop
  endfacet
  facet normal -0.359468 -0.933158 0
    outer loop
      vertex -71.3343 -15.228 0
      vertex -69.2861 -16.017 2
      vertex -71.3343 -15.228 2
    endloop
  endfacet
  facet normal -0.359468 -0.933158 -0
    outer loop
      vertex -69.2861 -16.017 2
      vertex -71.3343 -15.228 0
      vertex -69.2861 -16.017 0
    endloop
  endfacet
  facet normal -0.0733888 -0.997303 0
    outer loop
      vertex -69.2861 -16.017 0
      vertex -49.9852 -17.4373 2
      vertex -69.2861 -16.017 2
    endloop
  endfacet
  facet normal -0.0733888 -0.997303 -0
    outer loop
      vertex -49.9852 -17.4373 2
      vertex -69.2861 -16.017 0
      vertex -49.9852 -17.4373 0
    endloop
  endfacet
  facet normal -0.0538766 -0.998548 0
    outer loop
      vertex -49.9852 -17.4373 0
      vertex -26.5879 -18.6997 2
      vertex -49.9852 -17.4373 2
    endloop
  endfacet
  facet normal -0.0538766 -0.998548 -0
    outer loop
      vertex -26.5879 -18.6997 2
      vertex -49.9852 -17.4373 0
      vertex -26.5879 -18.6997 0
    endloop
  endfacet
  facet normal -0.0276998 -0.999616 0
    outer loop
      vertex -26.5879 -18.6997 0
      vertex -6.65681 -19.252 2
      vertex -26.5879 -18.6997 2
    endloop
  endfacet
  facet normal -0.0276998 -0.999616 -0
    outer loop
      vertex -6.65681 -19.252 2
      vertex -26.5879 -18.6997 0
      vertex -6.65681 -19.252 0
    endloop
  endfacet
  facet normal 0 -1 0
    outer loop
      vertex -6.65681 -19.252 0
      vertex 9.9655 -19.252 2
      vertex -6.65681 -19.252 2
    endloop
  endfacet
  facet normal 0 -1 -0
    outer loop
      vertex 9.9655 -19.252 2
      vertex -6.65681 -19.252 0
      vertex 9.9655 -19.252 0
    endloop
  endfacet
  facet normal 0.0231506 -0.999732 0
    outer loop
      vertex 9.9655 -19.252 0
      vertex 23.5943 -18.9364 2
      vertex 9.9655 -19.252 2
    endloop
  endfacet
  facet normal 0.0231506 -0.999732 0
    outer loop
      vertex 23.5943 -18.9364 2
      vertex 9.9655 -19.252 0
      vertex 23.5943 -18.9364 0
    endloop
  endfacet
endsolid OpenSCAD_Model
