solid OpenSCAD_Model
  facet normal -0.997294 -0.0735232 0
    outer loop
      vertex -71.5028 0.112855 0
      vertex -71.5111 0.225439 2
      vertex -71.5111 0.225439 0
    endloop
  endfacet
  facet normal -0.997294 -0.0735232 0
    outer loop
      vertex -71.5111 0.225439 2
      vertex -71.5028 0.112855 0
      vertex -71.5028 0.112855 2
    endloop
  endfacet
  facet normal -0.999692 -0.024803 0
    outer loop
      vertex -71.5 0 0
      vertex -71.5028 0.112855 2
      vertex -71.5028 0.112855 0
    endloop
  endfacet
  facet normal -0.999692 -0.024803 0
    outer loop
      vertex -71.5028 0.112855 2
      vertex -71.5 0 0
      vertex -71.5 0 2
    endloop
  endfacet
  facet normal -0.9925 -0.122245 0
    outer loop
      vertex -71.5111 0.225439 0
      vertex -71.5249 0.33748 2
      vertex -71.5249 0.33748 0
    endloop
  endfacet
  facet normal -0.9925 -0.122245 0
    outer loop
      vertex -71.5249 0.33748 2
      vertex -71.5111 0.225439 0
      vertex -71.5111 0.225439 2
    endloop
  endfacet
  facet normal 0.405275 -0.914195 0
    outer loop
      vertex -74.7834 2.07917 0
      vertex -74.6802 2.12492 2
      vertex -74.7834 2.07917 2
    endloop
  endfacet
  facet normal 0.405275 -0.914195 0
    outer loop
      vertex -74.6802 2.12492 2
      vertex -74.7834 2.07917 0
      vertex -74.6802 2.12492 0
    endloop
  endfacet
  facet normal 0.653057 0.757309 -0
    outer loop
      vertex -75.2591 -1.77792 0
      vertex -75.3446 -1.70419 2
      vertex -75.2591 -1.77792 2
    endloop
  endfacet
  facet normal 0.653057 0.757309 0
    outer loop
      vertex -75.3446 -1.70419 2
      vertex -75.2591 -1.77792 0
      vertex -75.3446 -1.70419 0
    endloop
  endfacet
  facet normal -0.073666 0.997283 0
    outer loop
      vertex -73.5746 -2.28892 0
      vertex -73.6871 -2.29723 2
      vertex -73.5746 -2.28892 2
    endloop
  endfacet
  facet normal -0.073666 0.997283 0
    outer loop
      vertex -73.6871 -2.29723 2
      vertex -73.5746 -2.28892 0
      vertex -73.6871 -2.29723 0
    endloop
  endfacet
  facet normal 0.788125 -0.615515 0
    outer loop
      vertex -75.6474 1.37011 2
      vertex -75.5779 1.4591 0
      vertex -75.5779 1.4591 2
    endloop
  endfacet
  facet normal 0.788125 -0.615515 0
    outer loop
      vertex -75.5779 1.4591 0
      vertex -75.6474 1.37011 2
      vertex -75.6474 1.37011 0
    endloop
  endfacet
  facet normal -0.219049 -0.975714 0
    outer loop
      vertex -73.3513 2.25581 0
      vertex -73.2411 2.23107 2
      vertex -73.3513 2.25581 2
    endloop
  endfacet
  facet normal -0.219049 -0.975714 -0
    outer loop
      vertex -73.2411 2.23107 2
      vertex -73.3513 2.25581 0
      vertex -73.2411 2.23107 0
    endloop
  endfacet
  facet normal -0.405275 -0.914195 0
    outer loop
      vertex -72.9198 2.12492 0
      vertex -72.8166 2.07917 2
      vertex -72.9198 2.12492 2
    endloop
  endfacet
  facet normal -0.405275 -0.914195 -0
    outer loop
      vertex -72.8166 2.07917 2
      vertex -72.9198 2.12492 0
      vertex -72.8166 2.07917 0
    endloop
  endfacet
  facet normal -0.870264 -0.492586 0
    outer loop
      vertex -71.7716 1.08421 0
      vertex -71.8272 1.18244 2
      vertex -71.8272 1.18244 0
    endloop
  endfacet
  facet normal -0.870264 -0.492586 0
    outer loop
      vertex -71.8272 1.18244 2
      vertex -71.7716 1.08421 0
      vertex -71.7716 1.08421 2
    endloop
  endfacet
  facet normal 0.997294 -0.0735232 0
    outer loop
      vertex -76.0972 0.112855 2
      vertex -76.0889 0.225439 0
      vertex -76.0889 0.225439 2
    endloop
  endfacet
  facet normal 0.997294 -0.0735232 0
    outer loop
      vertex -76.0889 0.225439 0
      vertex -76.0972 0.112855 2
      vertex -76.0972 0.112855 0
    endloop
  endfacet
  facet normal 0.9925 -0.122245 0
    outer loop
      vertex -76.0889 0.225439 2
      vertex -76.0751 0.33748 0
      vertex -76.0751 0.33748 2
    endloop
  endfacet
  facet normal 0.9925 -0.122245 0
    outer loop
      vertex -76.0751 0.33748 0
      vertex -76.0889 0.225439 2
      vertex -76.0889 0.225439 0
    endloop
  endfacet
  facet normal -0.844823 0.535046 0
    outer loop
      vertex -71.8876 -1.27781 0
      vertex -71.8272 -1.18244 2
      vertex -71.8272 -1.18244 0
    endloop
  endfacet
  facet normal -0.844823 0.535046 0
    outer loop
      vertex -71.8272 -1.18244 2
      vertex -71.8876 -1.27781 0
      vertex -71.8876 -1.27781 2
    endloop
  endfacet
  facet normal -0.914366 -0.404889 0
    outer loop
      vertex -71.6751 0.880172 0
      vertex -71.7208 0.983377 2
      vertex -71.7208 0.983377 0
    endloop
  endfacet
  facet normal -0.914366 -0.404889 0
    outer loop
      vertex -71.7208 0.983377 2
      vertex -71.6751 0.880172 0
      vertex -71.6751 0.880172 2
    endloop
  endfacet
  facet normal 0.615252 0.78833 -0
    outer loop
      vertex -75.1701 -1.84738 0
      vertex -75.2591 -1.77792 2
      vertex -75.1701 -1.84738 2
    endloop
  endfacet
  facet normal 0.615252 0.78833 0
    outer loop
      vertex -75.2591 -1.77792 2
      vertex -75.1701 -1.84738 0
      vertex -75.2591 -1.77792 0
    endloop
  endfacet
  facet normal -0.653057 -0.757309 0
    outer loop
      vertex -72.3409 1.77792 0
      vertex -72.2554 1.70419 2
      vertex -72.3409 1.77792 2
    endloop
  endfacet
  facet normal -0.653057 -0.757309 -0
    outer loop
      vertex -72.2554 1.70419 2
      vertex -72.3409 1.77792 0
      vertex -72.2554 1.70419 0
    endloop
  endfacet
  facet normal -0.975767 -0.218814 0
    outer loop
      vertex -71.5442 0.448708 0
      vertex -71.5689 0.558854 2
      vertex -71.5689 0.558854 0
    endloop
  endfacet
  facet normal -0.975767 -0.218814 0
    outer loop
      vertex -71.5689 0.558854 2
      vertex -71.5442 0.448708 0
      vertex -71.5442 0.448708 2
    endloop
  endfacet
  facet normal 0.073666 0.997283 -0
    outer loop
      vertex -73.9129 -2.29723 0
      vertex -74.0254 -2.28892 2
      vertex -73.9129 -2.29723 2
    endloop
  endfacet
  facet normal 0.073666 0.997283 0
    outer loop
      vertex -74.0254 -2.28892 2
      vertex -73.9129 -2.29723 0
      vertex -74.0254 -2.28892 0
    endloop
  endfacet
  facet normal -0.219049 0.975714 0
    outer loop
      vertex -73.2411 -2.23107 0
      vertex -73.3513 -2.25581 2
      vertex -73.2411 -2.23107 2
    endloop
  endfacet
  facet normal -0.219049 0.975714 0
    outer loop
      vertex -73.3513 -2.25581 2
      vertex -73.2411 -2.23107 0
      vertex -73.3513 -2.25581 0
    endloop
  endfacet
  facet normal -0.985277 -0.170963 0
    outer loop
      vertex -71.5249 0.33748 0
      vertex -71.5442 0.448708 2
      vertex -71.5442 0.448708 0
    endloop
  endfacet
  facet normal -0.985277 -0.170963 0
    outer loop
      vertex -71.5442 0.448708 2
      vertex -71.5249 0.33748 0
      vertex -71.5249 0.33748 2
    endloop
  endfacet
  facet normal 0.9925 0.122245 0
    outer loop
      vertex -76.0751 -0.33748 2
      vertex -76.0889 -0.225439 0
      vertex -76.0889 -0.225439 2
    endloop
  endfacet
  facet normal 0.9925 0.122245 0
    outer loop
      vertex -76.0889 -0.225439 0
      vertex -76.0751 -0.33748 2
      vertex -76.0751 -0.33748 0
    endloop
  endfacet
  facet normal -0.985277 0.170963 0
    outer loop
      vertex -71.5442 -0.448708 0
      vertex -71.5249 -0.33748 2
      vertex -71.5249 -0.33748 0
    endloop
  endfacet
  facet normal -0.985277 0.170963 0
    outer loop
      vertex -71.5249 -0.33748 2
      vertex -71.5442 -0.448708 0
      vertex -71.5442 -0.448708 2
    endloop
  endfacet
  facet normal 0.689843 0.723959 -0
    outer loop
      vertex -75.3446 -1.70419 0
      vertex -75.4263 -1.62634 2
      vertex -75.3446 -1.70419 2
    endloop
  endfacet
  facet normal 0.689843 0.723959 0
    outer loop
      vertex -75.4263 -1.62634 2
      vertex -75.3446 -1.70419 0
      vertex -75.4263 -1.62634 0
    endloop
  endfacet
  facet normal 0.932781 0.360444 0
    outer loop
      vertex -75.9249 -0.880172 2
      vertex -75.9656 -0.774846 0
      vertex -75.9656 -0.774846 2
    endloop
  endfacet
  facet normal 0.932781 0.360444 0
    outer loop
      vertex -75.9656 -0.774846 0
      vertex -75.9249 -0.880172 2
      vertex -75.9249 -0.880172 0
    endloop
  endfacet
  facet normal -0.893064 0.449929 0
    outer loop
      vertex -71.7716 -1.08421 0
      vertex -71.7208 -0.983377 2
      vertex -71.7208 -0.983377 0
    endloop
  endfacet
  facet normal -0.893064 0.449929 0
    outer loop
      vertex -71.7208 -0.983377 2
      vertex -71.7716 -1.08421 0
      vertex -71.7716 -1.08421 2
    endloop
  endfacet
  facet normal 0.073666 -0.997283 0
    outer loop
      vertex -74.0254 2.28892 0
      vertex -73.9129 2.29723 2
      vertex -74.0254 2.28892 2
    endloop
  endfacet
  facet normal 0.073666 -0.997283 0
    outer loop
      vertex -73.9129 2.29723 2
      vertex -74.0254 2.28892 0
      vertex -73.9129 2.29723 0
    endloop
  endfacet
  facet normal -0.949558 -0.31359 0
    outer loop
      vertex -71.599 0.667654 0
      vertex -71.6344 0.774846 2
      vertex -71.6344 0.774846 0
    endloop
  endfacet
  facet normal -0.949558 -0.31359 0
    outer loop
      vertex -71.6344 0.774846 2
      vertex -71.599 0.667654 0
      vertex -71.599 0.667654 2
    endloop
  endfacet
  facet normal -0.997294 0.0735232 0
    outer loop
      vertex -71.5111 -0.225439 0
      vertex -71.5028 -0.112855 2
      vertex -71.5028 -0.112855 0
    endloop
  endfacet
  facet normal -0.997294 0.0735232 0
    outer loop
      vertex -71.5028 -0.112855 2
      vertex -71.5111 -0.225439 0
      vertex -71.5111 -0.225439 2
    endloop
  endfacet
  facet normal -0.757402 0.652948 0
    outer loop
      vertex -72.0958 -1.54459 0
      vertex -72.0221 -1.4591 2
      vertex -72.0221 -1.4591 0
    endloop
  endfacet
  facet normal -0.757402 0.652948 0
    outer loop
      vertex -72.0221 -1.4591 2
      vertex -72.0958 -1.54459 0
      vertex -72.0958 -1.54459 2
    endloop
  endfacet
  facet normal -0.949558 0.31359 0
    outer loop
      vertex -71.6344 -0.774846 0
      vertex -71.599 -0.667654 2
      vertex -71.599 -0.667654 0
    endloop
  endfacet
  facet normal -0.949558 0.31359 0
    outer loop
      vertex -71.599 -0.667654 2
      vertex -71.6344 -0.774846 0
      vertex -71.6344 -0.774846 2
    endloop
  endfacet
  facet normal -0.534926 0.844899 0
    outer loop
      vertex -72.5222 -1.91238 0
      vertex -72.6176 -1.97278 2
      vertex -72.5222 -1.91238 2
    endloop
  endfacet
  facet normal -0.534926 0.844899 0
    outer loop
      vertex -72.6176 -1.97278 2
      vertex -72.5222 -1.91238 0
      vertex -72.6176 -1.97278 0
    endloop
  endfacet
  facet normal -0.313913 -0.949452 0
    outer loop
      vertex -73.1323 2.20096 0
      vertex -73.0252 2.16555 2
      vertex -73.1323 2.20096 2
    endloop
  endfacet
  facet normal -0.313913 -0.949452 -0
    outer loop
      vertex -73.0252 2.16555 2
      vertex -73.1323 2.20096 0
      vertex -73.0252 2.16555 0
    endloop
  endfacet
  facet normal -0.870264 0.492586 0
    outer loop
      vertex -71.8272 -1.18244 0
      vertex -71.7716 -1.08421 2
      vertex -71.7716 -1.08421 0
    endloop
  endfacet
  facet normal -0.870264 0.492586 0
    outer loop
      vertex -71.7716 -1.08421 2
      vertex -71.8272 -1.18244 0
      vertex -71.8272 -1.18244 2
    endloop
  endfacet
  facet normal -0.449693 -0.893183 0
    outer loop
      vertex -72.8166 2.07917 0
      vertex -72.7158 2.02842 2
      vertex -72.8166 2.07917 2
    endloop
  endfacet
  facet normal -0.449693 -0.893183 -0
    outer loop
      vertex -72.7158 2.02842 2
      vertex -72.8166 2.07917 0
      vertex -72.7158 2.02842 0
    endloop
  endfacet
  facet normal -0.723948 -0.689854 0
    outer loop
      vertex -72.0958 1.54459 0
      vertex -72.1737 1.62634 2
      vertex -72.1737 1.62634 0
    endloop
  endfacet
  facet normal -0.723948 -0.689854 0
    outer loop
      vertex -72.1737 1.62634 2
      vertex -72.0958 1.54459 0
      vertex -72.0958 1.54459 2
    endloop
  endfacet
  facet normal 0.949558 0.31359 0
    outer loop
      vertex -75.9656 -0.774846 2
      vertex -76.001 -0.667654 0
      vertex -76.001 -0.667654 2
    endloop
  endfacet
  facet normal 0.949558 0.31359 0
    outer loop
      vertex -76.001 -0.667654 0
      vertex -75.9656 -0.774846 2
      vertex -75.9656 -0.774846 0
    endloop
  endfacet
  facet normal 0.492968 -0.870048 0
    outer loop
      vertex -74.9824 1.97278 0
      vertex -74.8842 2.02842 2
      vertex -74.9824 1.97278 2
    endloop
  endfacet
  facet normal 0.492968 -0.870048 0
    outer loop
      vertex -74.8842 2.02842 2
      vertex -74.9824 1.97278 0
      vertex -74.8842 2.02842 0
    endloop
  endfacet
  facet normal -0.0245276 0.999699 0
    outer loop
      vertex -73.6871 -2.29723 0
      vertex -73.8 -2.3 2
      vertex -73.6871 -2.29723 2
    endloop
  endfacet
  facet normal -0.0245276 0.999699 0
    outer loop
      vertex -73.8 -2.3 2
      vertex -73.6871 -2.29723 0
      vertex -73.8 -2.3 0
    endloop
  endfacet
  facet normal -0.171005 0.98527 0
    outer loop
      vertex -73.3513 -2.25581 0
      vertex -73.4625 -2.27511 2
      vertex -73.3513 -2.25581 2
    endloop
  endfacet
  facet normal -0.171005 0.98527 0
    outer loop
      vertex -73.4625 -2.27511 2
      vertex -73.3513 -2.25581 0
      vertex -73.4625 -2.27511 0
    endloop
  endfacet
  facet normal 0.985277 -0.170963 0
    outer loop
      vertex -76.0751 0.33748 2
      vertex -76.0558 0.448708 0
      vertex -76.0558 0.448708 2
    endloop
  endfacet
  facet normal 0.985277 -0.170963 0
    outer loop
      vertex -76.0558 0.448708 0
      vertex -76.0751 0.33748 2
      vertex -76.0751 0.33748 0
    endloop
  endfacet
  facet normal 0.359685 0.933074 -0
    outer loop
      vertex -74.5748 -2.16555 0
      vertex -74.6802 -2.12492 2
      vertex -74.5748 -2.16555 2
    endloop
  endfacet
  facet normal 0.359685 0.933074 0
    outer loop
      vertex -74.6802 -2.12492 2
      vertex -74.5748 -2.16555 0
      vertex -74.6802 -2.12492 0
    endloop
  endfacet
  facet normal -0.266721 0.963774 0
    outer loop
      vertex -73.1323 -2.20096 0
      vertex -73.2411 -2.23107 2
      vertex -73.1323 -2.20096 2
    endloop
  endfacet
  facet normal -0.266721 0.963774 0
    outer loop
      vertex -73.2411 -2.23107 2
      vertex -73.1323 -2.20096 0
      vertex -73.2411 -2.23107 0
    endloop
  endfacet
  facet normal -0.171005 -0.98527 0
    outer loop
      vertex -73.4625 2.27511 0
      vertex -73.3513 2.25581 2
      vertex -73.4625 2.27511 2
    endloop
  endfacet
  facet normal -0.171005 -0.98527 -0
    outer loop
      vertex -73.3513 2.25581 2
      vertex -73.4625 2.27511 0
      vertex -73.3513 2.25581 0
    endloop
  endfacet
  facet normal 0.757402 0.652948 0
    outer loop
      vertex -75.5042 -1.54459 2
      vertex -75.5779 -1.4591 0
      vertex -75.5779 -1.4591 2
    endloop
  endfacet
  facet normal 0.757402 0.652948 0
    outer loop
      vertex -75.5779 -1.4591 0
      vertex -75.5042 -1.54459 2
      vertex -75.5042 -1.54459 0
    endloop
  endfacet
  facet normal -0.122269 -0.992497 0
    outer loop
      vertex -73.5746 2.28892 0
      vertex -73.4625 2.27511 2
      vertex -73.5746 2.28892 2
    endloop
  endfacet
  facet normal -0.122269 -0.992497 -0
    outer loop
      vertex -73.4625 2.27511 2
      vertex -73.5746 2.28892 0
      vertex -73.4625 2.27511 0
    endloop
  endfacet
  facet normal -0.122269 0.992497 0
    outer loop
      vertex -73.4625 -2.27511 0
      vertex -73.5746 -2.28892 2
      vertex -73.4625 -2.27511 2
    endloop
  endfacet
  facet normal -0.122269 0.992497 0
    outer loop
      vertex -73.5746 -2.28892 2
      vertex -73.4625 -2.27511 0
      vertex -73.5746 -2.28892 0
    endloop
  endfacet
  facet normal 0.975767 0.218814 0
    outer loop
      vertex -76.0311 -0.558854 2
      vertex -76.0558 -0.448708 0
      vertex -76.0558 -0.448708 2
    endloop
  endfacet
  facet normal 0.975767 0.218814 0
    outer loop
      vertex -76.0558 -0.448708 0
      vertex -76.0311 -0.558854 2
      vertex -76.0311 -0.558854 0
    endloop
  endfacet
  facet normal -0.9925 0.122245 0
    outer loop
      vertex -71.5249 -0.33748 0
      vertex -71.5111 -0.225439 2
      vertex -71.5111 -0.225439 0
    endloop
  endfacet
  facet normal -0.9925 0.122245 0
    outer loop
      vertex -71.5111 -0.225439 2
      vertex -71.5249 -0.33748 0
      vertex -71.5249 -0.33748 2
    endloop
  endfacet
  facet normal -0.575779 -0.817606 0
    outer loop
      vertex -72.5222 1.91238 0
      vertex -72.4299 1.84738 2
      vertex -72.5222 1.91238 2
    endloop
  endfacet
  facet normal -0.575779 -0.817606 -0
    outer loop
      vertex -72.4299 1.84738 2
      vertex -72.5222 1.91238 0
      vertex -72.4299 1.84738 0
    endloop
  endfacet
  facet normal -0.492968 -0.870048 0
    outer loop
      vertex -72.7158 2.02842 0
      vertex -72.6176 1.97278 2
      vertex -72.7158 2.02842 2
    endloop
  endfacet
  facet normal -0.492968 -0.870048 -0
    outer loop
      vertex -72.6176 1.97278 2
      vertex -72.7158 2.02842 0
      vertex -72.6176 1.97278 0
    endloop
  endfacet
  facet normal 0.844823 -0.535046 0
    outer loop
      vertex -75.7728 1.18244 2
      vertex -75.7124 1.27781 0
      vertex -75.7124 1.27781 2
    endloop
  endfacet
  facet normal 0.844823 -0.535046 0
    outer loop
      vertex -75.7124 1.27781 0
      vertex -75.7728 1.18244 2
      vertex -75.7728 1.18244 0
    endloop
  endfacet
  facet normal 0.449693 0.893183 -0
    outer loop
      vertex -74.7834 -2.07917 0
      vertex -74.8842 -2.02842 2
      vertex -74.7834 -2.07917 2
    endloop
  endfacet
  facet normal 0.449693 0.893183 0
    outer loop
      vertex -74.8842 -2.02842 2
      vertex -74.7834 -2.07917 0
      vertex -74.8842 -2.02842 0
    endloop
  endfacet
  facet normal 0.788125 0.615515 0
    outer loop
      vertex -75.5779 -1.4591 2
      vertex -75.6474 -1.37011 0
      vertex -75.6474 -1.37011 2
    endloop
  endfacet
  facet normal 0.788125 0.615515 0
    outer loop
      vertex -75.6474 -1.37011 0
      vertex -75.5779 -1.4591 2
      vertex -75.5779 -1.4591 0
    endloop
  endfacet
  facet normal 0.266721 -0.963774 0
    outer loop
      vertex -74.4677 2.20096 0
      vertex -74.3589 2.23107 2
      vertex -74.4677 2.20096 2
    endloop
  endfacet
  facet normal 0.266721 -0.963774 0
    outer loop
      vertex -74.3589 2.23107 2
      vertex -74.4677 2.20096 0
      vertex -74.3589 2.23107 0
    endloop
  endfacet
  facet normal 0.689843 -0.723959 0
    outer loop
      vertex -75.4263 1.62634 0
      vertex -75.3446 1.70419 2
      vertex -75.4263 1.62634 2
    endloop
  endfacet
  facet normal 0.689843 -0.723959 0
    outer loop
      vertex -75.3446 1.70419 2
      vertex -75.4263 1.62634 0
      vertex -75.3446 1.70419 0
    endloop
  endfacet
  facet normal -0.575779 0.817606 0
    outer loop
      vertex -72.4299 -1.84738 0
      vertex -72.5222 -1.91238 2
      vertex -72.4299 -1.84738 2
    endloop
  endfacet
  facet normal -0.575779 0.817606 0
    outer loop
      vertex -72.5222 -1.91238 2
      vertex -72.4299 -1.84738 0
      vertex -72.5222 -1.91238 0
    endloop
  endfacet
  facet normal 0.997294 0.0735232 0
    outer loop
      vertex -76.0889 -0.225439 2
      vertex -76.0972 -0.112855 0
      vertex -76.0972 -0.112855 2
    endloop
  endfacet
  facet normal 0.997294 0.0735232 0
    outer loop
      vertex -76.0972 -0.112855 0
      vertex -76.0889 -0.225439 2
      vertex -76.0889 -0.225439 0
    endloop
  endfacet
  facet normal -0.844823 -0.535046 0
    outer loop
      vertex -71.8272 1.18244 0
      vertex -71.8876 1.27781 2
      vertex -71.8876 1.27781 0
    endloop
  endfacet
  facet normal -0.844823 -0.535046 0
    outer loop
      vertex -71.8876 1.27781 2
      vertex -71.8272 1.18244 0
      vertex -71.8272 1.18244 2
    endloop
  endfacet
  facet normal -0.817606 -0.575779 0
    outer loop
      vertex -71.8876 1.27781 0
      vertex -71.9526 1.37011 2
      vertex -71.9526 1.37011 0
    endloop
  endfacet
  facet normal -0.817606 -0.575779 0
    outer loop
      vertex -71.9526 1.37011 2
      vertex -71.8876 1.27781 0
      vertex -71.8876 1.27781 2
    endloop
  endfacet
  facet normal -0.073666 -0.997283 0
    outer loop
      vertex -73.6871 2.29723 0
      vertex -73.5746 2.28892 2
      vertex -73.6871 2.29723 2
    endloop
  endfacet
  facet normal -0.073666 -0.997283 -0
    outer loop
      vertex -73.5746 2.28892 2
      vertex -73.6871 2.29723 0
      vertex -73.5746 2.28892 0
    endloop
  endfacet
  facet normal 0.171005 -0.98527 0
    outer loop
      vertex -74.2487 2.25581 0
      vertex -74.1375 2.27511 2
      vertex -74.2487 2.25581 2
    endloop
  endfacet
  facet normal 0.171005 -0.98527 0
    outer loop
      vertex -74.1375 2.27511 2
      vertex -74.2487 2.25581 0
      vertex -74.1375 2.27511 0
    endloop
  endfacet
  facet normal -0.689843 0.723959 0
    outer loop
      vertex -72.1737 -1.62634 0
      vertex -72.2554 -1.70419 2
      vertex -72.1737 -1.62634 2
    endloop
  endfacet
  facet normal -0.689843 0.723959 0
    outer loop
      vertex -72.2554 -1.70419 2
      vertex -72.1737 -1.62634 0
      vertex -72.2554 -1.70419 0
    endloop
  endfacet
  facet normal 0.449693 -0.893183 0
    outer loop
      vertex -74.8842 2.02842 0
      vertex -74.7834 2.07917 2
      vertex -74.8842 2.02842 2
    endloop
  endfacet
  facet normal 0.449693 -0.893183 0
    outer loop
      vertex -74.7834 2.07917 2
      vertex -74.8842 2.02842 0
      vertex -74.7834 2.07917 0
    endloop
  endfacet
  facet normal 0.219049 -0.975714 0
    outer loop
      vertex -74.3589 2.23107 0
      vertex -74.2487 2.25581 2
      vertex -74.3589 2.23107 2
    endloop
  endfacet
  facet normal 0.219049 -0.975714 0
    outer loop
      vertex -74.2487 2.25581 2
      vertex -74.3589 2.23107 0
      vertex -74.2487 2.25581 0
    endloop
  endfacet
  facet normal 0.313913 0.949452 -0
    outer loop
      vertex -74.4677 -2.20096 0
      vertex -74.5748 -2.16555 2
      vertex -74.4677 -2.20096 2
    endloop
  endfacet
  facet normal 0.313913 0.949452 0
    outer loop
      vertex -74.5748 -2.16555 2
      vertex -74.4677 -2.20096 0
      vertex -74.5748 -2.16555 0
    endloop
  endfacet
  facet normal 0.723948 0.689854 0
    outer loop
      vertex -75.4263 -1.62634 2
      vertex -75.5042 -1.54459 0
      vertex -75.5042 -1.54459 2
    endloop
  endfacet
  facet normal 0.723948 0.689854 0
    outer loop
      vertex -75.5042 -1.54459 0
      vertex -75.4263 -1.62634 2
      vertex -75.4263 -1.62634 0
    endloop
  endfacet
  facet normal -0.359685 -0.933074 0
    outer loop
      vertex -73.0252 2.16555 0
      vertex -72.9198 2.12492 2
      vertex -73.0252 2.16555 2
    endloop
  endfacet
  facet normal -0.359685 -0.933074 -0
    outer loop
      vertex -72.9198 2.12492 2
      vertex -73.0252 2.16555 0
      vertex -72.9198 2.12492 0
    endloop
  endfacet
  facet normal 0.219049 0.975714 -0
    outer loop
      vertex -74.2487 -2.25581 0
      vertex -74.3589 -2.23107 2
      vertex -74.2487 -2.25581 2
    endloop
  endfacet
  facet normal 0.219049 0.975714 0
    outer loop
      vertex -74.3589 -2.23107 2
      vertex -74.2487 -2.25581 0
      vertex -74.3589 -2.23107 0
    endloop
  endfacet
  facet normal -0.615252 0.78833 0
    outer loop
      vertex -72.3409 -1.77792 0
      vertex -72.4299 -1.84738 2
      vertex -72.3409 -1.77792 2
    endloop
  endfacet
  facet normal -0.615252 0.78833 0
    outer loop
      vertex -72.4299 -1.84738 2
      vertex -72.3409 -1.77792 0
      vertex -72.4299 -1.84738 0
    endloop
  endfacet
  facet normal 0.359685 -0.933074 0
    outer loop
      vertex -74.6802 2.12492 0
      vertex -74.5748 2.16555 2
      vertex -74.6802 2.12492 2
    endloop
  endfacet
  facet normal 0.359685 -0.933074 0
    outer loop
      vertex -74.5748 2.16555 2
      vertex -74.6802 2.12492 0
      vertex -74.5748 2.16555 0
    endloop
  endfacet
  facet normal 0.757402 -0.652948 0
    outer loop
      vertex -75.5779 1.4591 2
      vertex -75.5042 1.54459 0
      vertex -75.5042 1.54459 2
    endloop
  endfacet
  facet normal 0.757402 -0.652948 0
    outer loop
      vertex -75.5042 1.54459 0
      vertex -75.5779 1.4591 2
      vertex -75.5779 1.4591 0
    endloop
  endfacet
  facet normal 0.615252 -0.78833 0
    outer loop
      vertex -75.2591 1.77792 0
      vertex -75.1701 1.84738 2
      vertex -75.2591 1.77792 2
    endloop
  endfacet
  facet normal 0.615252 -0.78833 0
    outer loop
      vertex -75.1701 1.84738 2
      vertex -75.2591 1.77792 0
      vertex -75.1701 1.84738 0
    endloop
  endfacet
  facet normal 0.914366 -0.404889 0
    outer loop
      vertex -75.9249 0.880172 2
      vertex -75.8792 0.983377 0
      vertex -75.8792 0.983377 2
    endloop
  endfacet
  facet normal 0.914366 -0.404889 0
    outer loop
      vertex -75.8792 0.983377 0
      vertex -75.9249 0.880172 2
      vertex -75.9249 0.880172 0
    endloop
  endfacet
  facet normal -0.999692 0.024803 0
    outer loop
      vertex -71.5028 -0.112855 0
      vertex -71.5 0 2
      vertex -71.5 0 0
    endloop
  endfacet
  facet normal -0.999692 0.024803 0
    outer loop
      vertex -71.5 0 2
      vertex -71.5028 -0.112855 0
      vertex -71.5028 -0.112855 2
    endloop
  endfacet
  facet normal -0.788125 0.615515 0
    outer loop
      vertex -72.0221 -1.4591 0
      vertex -71.9526 -1.37011 2
      vertex -71.9526 -1.37011 0
    endloop
  endfacet
  facet normal -0.788125 0.615515 0
    outer loop
      vertex -71.9526 -1.37011 2
      vertex -72.0221 -1.4591 0
      vertex -72.0221 -1.4591 2
    endloop
  endfacet
  facet normal -0.963797 0.266639 0
    outer loop
      vertex -71.599 -0.667654 0
      vertex -71.5689 -0.558854 2
      vertex -71.5689 -0.558854 0
    endloop
  endfacet
  facet normal -0.963797 0.266639 0
    outer loop
      vertex -71.5689 -0.558854 2
      vertex -71.599 -0.667654 0
      vertex -71.599 -0.667654 2
    endloop
  endfacet
  facet normal -0.975767 0.218814 0
    outer loop
      vertex -71.5689 -0.558854 0
      vertex -71.5442 -0.448708 2
      vertex -71.5442 -0.448708 0
    endloop
  endfacet
  facet normal -0.975767 0.218814 0
    outer loop
      vertex -71.5442 -0.448708 2
      vertex -71.5689 -0.558854 0
      vertex -71.5689 -0.558854 2
    endloop
  endfacet
  facet normal 0.963797 -0.266639 0
    outer loop
      vertex -76.0311 0.558854 2
      vertex -76.001 0.667654 0
      vertex -76.001 0.667654 2
    endloop
  endfacet
  facet normal 0.963797 -0.266639 0
    outer loop
      vertex -76.001 0.667654 0
      vertex -76.0311 0.558854 2
      vertex -76.0311 0.558854 0
    endloop
  endfacet
  facet normal -0.893064 -0.449929 0
    outer loop
      vertex -71.7208 0.983377 0
      vertex -71.7716 1.08421 2
      vertex -71.7716 1.08421 0
    endloop
  endfacet
  facet normal -0.893064 -0.449929 0
    outer loop
      vertex -71.7716 1.08421 2
      vertex -71.7208 0.983377 0
      vertex -71.7208 0.983377 2
    endloop
  endfacet
  facet normal 0.999692 -0.024803 0
    outer loop
      vertex -76.1 0 2
      vertex -76.0972 0.112855 0
      vertex -76.0972 0.112855 2
    endloop
  endfacet
  facet normal 0.999692 -0.024803 0
    outer loop
      vertex -76.0972 0.112855 0
      vertex -76.1 0 2
      vertex -76.1 0 0
    endloop
  endfacet
  facet normal 0.0245276 -0.999699 0
    outer loop
      vertex -73.9129 2.29723 0
      vertex -73.8 2.3 2
      vertex -73.9129 2.29723 2
    endloop
  endfacet
  facet normal 0.0245276 -0.999699 0
    outer loop
      vertex -73.8 2.3 2
      vertex -73.9129 2.29723 0
      vertex -73.8 2.3 0
    endloop
  endfacet
  facet normal -0.963797 -0.266639 0
    outer loop
      vertex -71.5689 0.558854 0
      vertex -71.599 0.667654 2
      vertex -71.599 0.667654 0
    endloop
  endfacet
  facet normal -0.963797 -0.266639 0
    outer loop
      vertex -71.599 0.667654 2
      vertex -71.5689 0.558854 0
      vertex -71.5689 0.558854 2
    endloop
  endfacet
  facet normal -0.313913 0.949452 0
    outer loop
      vertex -73.0252 -2.16555 0
      vertex -73.1323 -2.20096 2
      vertex -73.0252 -2.16555 2
    endloop
  endfacet
  facet normal -0.313913 0.949452 0
    outer loop
      vertex -73.1323 -2.20096 2
      vertex -73.0252 -2.16555 0
      vertex -73.1323 -2.20096 0
    endloop
  endfacet
  facet normal -0.534926 -0.844899 0
    outer loop
      vertex -72.6176 1.97278 0
      vertex -72.5222 1.91238 2
      vertex -72.6176 1.97278 2
    endloop
  endfacet
  facet normal -0.534926 -0.844899 -0
    outer loop
      vertex -72.5222 1.91238 2
      vertex -72.6176 1.97278 0
      vertex -72.5222 1.91238 0
    endloop
  endfacet
  facet normal 0.534926 0.844899 -0
    outer loop
      vertex -74.9824 -1.97278 0
      vertex -75.0778 -1.91238 2
      vertex -74.9824 -1.97278 2
    endloop
  endfacet
  facet normal 0.534926 0.844899 0
    outer loop
      vertex -75.0778 -1.91238 2
      vertex -74.9824 -1.97278 0
      vertex -75.0778 -1.91238 0
    endloop
  endfacet
  facet normal -0.817606 0.575779 0
    outer loop
      vertex -71.9526 -1.37011 0
      vertex -71.8876 -1.27781 2
      vertex -71.8876 -1.27781 0
    endloop
  endfacet
  facet normal -0.817606 0.575779 0
    outer loop
      vertex -71.8876 -1.27781 2
      vertex -71.9526 -1.37011 0
      vertex -71.9526 -1.37011 2
    endloop
  endfacet
  facet normal -0.757402 -0.652948 0
    outer loop
      vertex -72.0221 1.4591 0
      vertex -72.0958 1.54459 2
      vertex -72.0958 1.54459 0
    endloop
  endfacet
  facet normal -0.757402 -0.652948 0
    outer loop
      vertex -72.0958 1.54459 2
      vertex -72.0221 1.4591 0
      vertex -72.0221 1.4591 2
    endloop
  endfacet
  facet normal -0.788125 -0.615515 0
    outer loop
      vertex -71.9526 1.37011 0
      vertex -72.0221 1.4591 2
      vertex -72.0221 1.4591 0
    endloop
  endfacet
  facet normal -0.788125 -0.615515 0
    outer loop
      vertex -72.0221 1.4591 2
      vertex -71.9526 1.37011 0
      vertex -71.9526 1.37011 2
    endloop
  endfacet
  facet normal 0.949558 -0.31359 0
    outer loop
      vertex -76.001 0.667654 2
      vertex -75.9656 0.774846 0
      vertex -75.9656 0.774846 2
    endloop
  endfacet
  facet normal 0.949558 -0.31359 0
    outer loop
      vertex -75.9656 0.774846 0
      vertex -76.001 0.667654 2
      vertex -76.001 0.667654 0
    endloop
  endfacet
  facet normal 0.122269 -0.992497 0
    outer loop
      vertex -74.1375 2.27511 0
      vertex -74.0254 2.28892 2
      vertex -74.1375 2.27511 2
    endloop
  endfacet
  facet normal 0.122269 -0.992497 0
    outer loop
      vertex -74.0254 2.28892 2
      vertex -74.1375 2.27511 0
      vertex -74.0254 2.28892 0
    endloop
  endfacet
  facet normal 0.266721 0.963774 -0
    outer loop
      vertex -74.3589 -2.23107 0
      vertex -74.4677 -2.20096 2
      vertex -74.3589 -2.23107 2
    endloop
  endfacet
  facet normal 0.266721 0.963774 0
    outer loop
      vertex -74.4677 -2.20096 2
      vertex -74.3589 -2.23107 0
      vertex -74.4677 -2.20096 0
    endloop
  endfacet
  facet normal 0.932781 -0.360444 0
    outer loop
      vertex -75.9656 0.774846 2
      vertex -75.9249 0.880172 0
      vertex -75.9249 0.880172 2
    endloop
  endfacet
  facet normal 0.932781 -0.360444 0
    outer loop
      vertex -75.9249 0.880172 0
      vertex -75.9656 0.774846 2
      vertex -75.9656 0.774846 0
    endloop
  endfacet
  facet normal -0.615252 -0.78833 0
    outer loop
      vertex -72.4299 1.84738 0
      vertex -72.3409 1.77792 2
      vertex -72.4299 1.84738 2
    endloop
  endfacet
  facet normal -0.615252 -0.78833 -0
    outer loop
      vertex -72.3409 1.77792 2
      vertex -72.4299 1.84738 0
      vertex -72.3409 1.77792 0
    endloop
  endfacet
  facet normal -0.449693 0.893183 0
    outer loop
      vertex -72.7158 -2.02842 0
      vertex -72.8166 -2.07917 2
      vertex -72.7158 -2.02842 2
    endloop
  endfacet
  facet normal -0.449693 0.893183 0
    outer loop
      vertex -72.8166 -2.07917 2
      vertex -72.7158 -2.02842 0
      vertex -72.8166 -2.07917 0
    endloop
  endfacet
  facet normal -0.689843 -0.723959 0
    outer loop
      vertex -72.2554 1.70419 0
      vertex -72.1737 1.62634 2
      vertex -72.2554 1.70419 2
    endloop
  endfacet
  facet normal -0.689843 -0.723959 -0
    outer loop
      vertex -72.1737 1.62634 2
      vertex -72.2554 1.70419 0
      vertex -72.1737 1.62634 0
    endloop
  endfacet
  facet normal 0.817606 0.575779 0
    outer loop
      vertex -75.6474 -1.37011 2
      vertex -75.7124 -1.27781 0
      vertex -75.7124 -1.27781 2
    endloop
  endfacet
  facet normal 0.817606 0.575779 0
    outer loop
      vertex -75.7124 -1.27781 0
      vertex -75.6474 -1.37011 2
      vertex -75.6474 -1.37011 0
    endloop
  endfacet
  facet normal -0.359685 0.933074 0
    outer loop
      vertex -72.9198 -2.12492 0
      vertex -73.0252 -2.16555 2
      vertex -72.9198 -2.12492 2
    endloop
  endfacet
  facet normal -0.359685 0.933074 0
    outer loop
      vertex -73.0252 -2.16555 2
      vertex -72.9198 -2.12492 0
      vertex -73.0252 -2.16555 0
    endloop
  endfacet
  facet normal 0.870264 -0.492586 0
    outer loop
      vertex -75.8284 1.08421 2
      vertex -75.7728 1.18244 0
      vertex -75.7728 1.18244 2
    endloop
  endfacet
  facet normal 0.870264 -0.492586 0
    outer loop
      vertex -75.7728 1.18244 0
      vertex -75.8284 1.08421 2
      vertex -75.8284 1.08421 0
    endloop
  endfacet
  facet normal 0.723948 -0.689854 0
    outer loop
      vertex -75.5042 1.54459 2
      vertex -75.4263 1.62634 0
      vertex -75.4263 1.62634 2
    endloop
  endfacet
  facet normal 0.723948 -0.689854 0
    outer loop
      vertex -75.4263 1.62634 0
      vertex -75.5042 1.54459 2
      vertex -75.5042 1.54459 0
    endloop
  endfacet
  facet normal 0.999692 0.024803 0
    outer loop
      vertex -76.0972 -0.112855 2
      vertex -76.1 0 0
      vertex -76.1 0 2
    endloop
  endfacet
  facet normal 0.999692 0.024803 0
    outer loop
      vertex -76.1 0 0
      vertex -76.0972 -0.112855 2
      vertex -76.0972 -0.112855 0
    endloop
  endfacet
  facet normal -0.492968 0.870048 0
    outer loop
      vertex -72.6176 -1.97278 0
      vertex -72.7158 -2.02842 2
      vertex -72.6176 -1.97278 2
    endloop
  endfacet
  facet normal -0.492968 0.870048 0
    outer loop
      vertex -72.7158 -2.02842 2
      vertex -72.6176 -1.97278 0
      vertex -72.7158 -2.02842 0
    endloop
  endfacet
  facet normal 0.844823 0.535046 0
    outer loop
      vertex -75.7124 -1.27781 2
      vertex -75.7728 -1.18244 0
      vertex -75.7728 -1.18244 2
    endloop
  endfacet
  facet normal 0.844823 0.535046 0
    outer loop
      vertex -75.7728 -1.18244 0
      vertex -75.7124 -1.27781 2
      vertex -75.7124 -1.27781 0
    endloop
  endfacet
  facet normal 0.870264 0.492586 0
    outer loop
      vertex -75.7728 -1.18244 2
      vertex -75.8284 -1.08421 0
      vertex -75.8284 -1.08421 2
    endloop
  endfacet
  facet normal 0.870264 0.492586 0
    outer loop
      vertex -75.8284 -1.08421 0
      vertex -75.7728 -1.18244 2
      vertex -75.7728 -1.18244 0
    endloop
  endfacet
  facet normal 0.985277 0.170963 0
    outer loop
      vertex -76.0558 -0.448708 2
      vertex -76.0751 -0.33748 0
      vertex -76.0751 -0.33748 2
    endloop
  endfacet
  facet normal 0.985277 0.170963 0
    outer loop
      vertex -76.0751 -0.33748 0
      vertex -76.0558 -0.448708 2
      vertex -76.0558 -0.448708 0
    endloop
  endfacet
  facet normal 0.817606 -0.575779 0
    outer loop
      vertex -75.7124 1.27781 2
      vertex -75.6474 1.37011 0
      vertex -75.6474 1.37011 2
    endloop
  endfacet
  facet normal 0.817606 -0.575779 0
    outer loop
      vertex -75.6474 1.37011 0
      vertex -75.7124 1.27781 2
      vertex -75.7124 1.27781 0
    endloop
  endfacet
  facet normal 0.0245276 0.999699 -0
    outer loop
      vertex -73.8 -2.3 0
      vertex -73.9129 -2.29723 2
      vertex -73.8 -2.3 2
    endloop
  endfacet
  facet normal 0.0245276 0.999699 0
    outer loop
      vertex -73.9129 -2.29723 2
      vertex -73.8 -2.3 0
      vertex -73.9129 -2.29723 0
    endloop
  endfacet
  facet normal 0.653057 -0.757309 0
    outer loop
      vertex -75.3446 1.70419 0
      vertex -75.2591 1.77792 2
      vertex -75.3446 1.70419 2
    endloop
  endfacet
  facet normal 0.653057 -0.757309 0
    outer loop
      vertex -75.2591 1.77792 2
      vertex -75.3446 1.70419 0
      vertex -75.2591 1.77792 0
    endloop
  endfacet
  facet normal -0.932781 -0.360444 0
    outer loop
      vertex -71.6344 0.774846 0
      vertex -71.6751 0.880172 2
      vertex -71.6751 0.880172 0
    endloop
  endfacet
  facet normal -0.932781 -0.360444 0
    outer loop
      vertex -71.6751 0.880172 2
      vertex -71.6344 0.774846 0
      vertex -71.6344 0.774846 2
    endloop
  endfacet
  facet normal -0.405275 0.914195 0
    outer loop
      vertex -72.8166 -2.07917 0
      vertex -72.9198 -2.12492 2
      vertex -72.8166 -2.07917 2
    endloop
  endfacet
  facet normal -0.405275 0.914195 0
    outer loop
      vertex -72.9198 -2.12492 2
      vertex -72.8166 -2.07917 0
      vertex -72.9198 -2.12492 0
    endloop
  endfacet
  facet normal 0.492968 0.870048 -0
    outer loop
      vertex -74.8842 -2.02842 0
      vertex -74.9824 -1.97278 2
      vertex -74.8842 -2.02842 2
    endloop
  endfacet
  facet normal 0.492968 0.870048 0
    outer loop
      vertex -74.9824 -1.97278 2
      vertex -74.8842 -2.02842 0
      vertex -74.9824 -1.97278 0
    endloop
  endfacet
  facet normal -0.0245276 -0.999699 0
    outer loop
      vertex -73.8 2.3 0
      vertex -73.6871 2.29723 2
      vertex -73.8 2.3 2
    endloop
  endfacet
  facet normal -0.0245276 -0.999699 -0
    outer loop
      vertex -73.6871 2.29723 2
      vertex -73.8 2.3 0
      vertex -73.6871 2.29723 0
    endloop
  endfacet
  facet normal -0.653057 0.757309 0
    outer loop
      vertex -72.2554 -1.70419 0
      vertex -72.3409 -1.77792 2
      vertex -72.2554 -1.70419 2
    endloop
  endfacet
  facet normal -0.653057 0.757309 0
    outer loop
      vertex -72.3409 -1.77792 2
      vertex -72.2554 -1.70419 0
      vertex -72.3409 -1.77792 0
    endloop
  endfacet
  facet normal 0.575779 -0.817606 0
    outer loop
      vertex -75.1701 1.84738 0
      vertex -75.0778 1.91238 2
      vertex -75.1701 1.84738 2
    endloop
  endfacet
  facet normal 0.575779 -0.817606 0
    outer loop
      vertex -75.0778 1.91238 2
      vertex -75.1701 1.84738 0
      vertex -75.0778 1.91238 0
    endloop
  endfacet
  facet normal 0.534926 -0.844899 0
    outer loop
      vertex -75.0778 1.91238 0
      vertex -74.9824 1.97278 2
      vertex -75.0778 1.91238 2
    endloop
  endfacet
  facet normal 0.534926 -0.844899 0
    outer loop
      vertex -74.9824 1.97278 2
      vertex -75.0778 1.91238 0
      vertex -74.9824 1.97278 0
    endloop
  endfacet
  facet normal 0.893064 -0.449929 0
    outer loop
      vertex -75.8792 0.983377 2
      vertex -75.8284 1.08421 0
      vertex -75.8284 1.08421 2
    endloop
  endfacet
  facet normal 0.893064 -0.449929 0
    outer loop
      vertex -75.8284 1.08421 0
      vertex -75.8792 0.983377 2
      vertex -75.8792 0.983377 0
    endloop
  endfacet
  facet normal 0.914366 0.404889 0
    outer loop
      vertex -75.8792 -0.983377 2
      vertex -75.9249 -0.880172 0
      vertex -75.9249 -0.880172 2
    endloop
  endfacet
  facet normal 0.914366 0.404889 0
    outer loop
      vertex -75.9249 -0.880172 0
      vertex -75.8792 -0.983377 2
      vertex -75.8792 -0.983377 0
    endloop
  endfacet
  facet normal 0.122269 0.992497 -0
    outer loop
      vertex -74.0254 -2.28892 0
      vertex -74.1375 -2.27511 2
      vertex -74.0254 -2.28892 2
    endloop
  endfacet
  facet normal 0.122269 0.992497 0
    outer loop
      vertex -74.1375 -2.27511 2
      vertex -74.0254 -2.28892 0
      vertex -74.1375 -2.27511 0
    endloop
  endfacet
  facet normal 0.171005 0.98527 -0
    outer loop
      vertex -74.1375 -2.27511 0
      vertex -74.2487 -2.25581 2
      vertex -74.1375 -2.27511 2
    endloop
  endfacet
  facet normal 0.171005 0.98527 0
    outer loop
      vertex -74.2487 -2.25581 2
      vertex -74.1375 -2.27511 0
      vertex -74.2487 -2.25581 0
    endloop
  endfacet
  facet normal 0.313913 -0.949452 0
    outer loop
      vertex -74.5748 2.16555 0
      vertex -74.4677 2.20096 2
      vertex -74.5748 2.16555 2
    endloop
  endfacet
  facet normal 0.313913 -0.949452 0
    outer loop
      vertex -74.4677 2.20096 2
      vertex -74.5748 2.16555 0
      vertex -74.4677 2.20096 0
    endloop
  endfacet
  facet normal -0.266721 -0.963774 0
    outer loop
      vertex -73.2411 2.23107 0
      vertex -73.1323 2.20096 2
      vertex -73.2411 2.23107 2
    endloop
  endfacet
  facet normal -0.266721 -0.963774 -0
    outer loop
      vertex -73.1323 2.20096 2
      vertex -73.2411 2.23107 0
      vertex -73.1323 2.20096 0
    endloop
  endfacet
  facet normal -0.723948 0.689854 0
    outer loop
      vertex -72.1737 -1.62634 0
      vertex -72.0958 -1.54459 2
      vertex -72.0958 -1.54459 0
    endloop
  endfacet
  facet normal -0.723948 0.689854 0
    outer loop
      vertex -72.0958 -1.54459 2
      vertex -72.1737 -1.62634 0
      vertex -72.1737 -1.62634 2
    endloop
  endfacet
  facet normal 0.963797 0.266639 0
    outer loop
      vertex -76.001 -0.667654 2
      vertex -76.0311 -0.558854 0
      vertex -76.0311 -0.558854 2
    endloop
  endfacet
  facet normal 0.963797 0.266639 0
    outer loop
      vertex -76.0311 -0.558854 0
      vertex -76.001 -0.667654 2
      vertex -76.001 -0.667654 0
    endloop
  endfacet
  facet normal -0.914366 0.404889 0
    outer loop
      vertex -71.7208 -0.983377 0
      vertex -71.6751 -0.880172 2
      vertex -71.6751 -0.880172 0
    endloop
  endfacet
  facet normal -0.914366 0.404889 0
    outer loop
      vertex -71.6751 -0.880172 2
      vertex -71.7208 -0.983377 0
      vertex -71.7208 -0.983377 2
    endloop
  endfacet
  facet normal -0.932781 0.360444 0
    outer loop
      vertex -71.6751 -0.880172 0
      vertex -71.6344 -0.774846 2
      vertex -71.6344 -0.774846 0
    endloop
  endfacet
  facet normal -0.932781 0.360444 0
    outer loop
      vertex -71.6344 -0.774846 2
      vertex -71.6751 -0.880172 0
      vertex -71.6751 -0.880172 2
    endloop
  endfacet
  facet normal 0.975767 -0.218814 0
    outer loop
      vertex -76.0558 0.448708 2
      vertex -76.0311 0.558854 0
      vertex -76.0311 0.558854 2
    endloop
  endfacet
  facet normal 0.975767 -0.218814 0
    outer loop
      vertex -76.0311 0.558854 0
      vertex -76.0558 0.448708 2
      vertex -76.0558 0.448708 0
    endloop
  endfacet
  facet normal 0.405275 0.914195 -0
    outer loop
      vertex -74.6802 -2.12492 0
      vertex -74.7834 -2.07917 2
      vertex -74.6802 -2.12492 2
    endloop
  endfacet
  facet normal 0.405275 0.914195 0
    outer loop
      vertex -74.7834 -2.07917 2
      vertex -74.6802 -2.12492 0
      vertex -74.7834 -2.07917 0
    endloop
  endfacet
  facet normal 0.575779 0.817606 -0
    outer loop
      vertex -75.0778 -1.91238 0
      vertex -75.1701 -1.84738 2
      vertex -75.0778 -1.91238 2
    endloop
  endfacet
  facet normal 0.575779 0.817606 0
    outer loop
      vertex -75.1701 -1.84738 2
      vertex -75.0778 -1.91238 0
      vertex -75.1701 -1.84738 0
    endloop
  endfacet
  facet normal 0.893064 0.449929 0
    outer loop
      vertex -75.8284 -1.08421 2
      vertex -75.8792 -0.983377 0
      vertex -75.8792 -0.983377 2
    endloop
  endfacet
  facet normal 0.893064 0.449929 0
    outer loop
      vertex -75.8792 -0.983377 0
      vertex -75.8284 -1.08421 2
      vertex -75.8284 -1.08421 0
    endloop
  endfacet
  facet normal -0.997294 -0.0735232 0
    outer loop
      vertex 76.0972 0.112855 0
      vertex 76.0889 0.225439 2
      vertex 76.0889 0.225439 0
    endloop
  endfacet
  facet normal -0.997294 -0.0735232 0
    outer loop
      vertex 76.0889 0.225439 2
      vertex 76.0972 0.112855 0
      vertex 76.0972 0.112855 2
    endloop
  endfacet
  facet normal -0.999692 -0.024803 0
    outer loop
      vertex 76.1 0 0
      vertex 76.0972 0.112855 2
      vertex 76.0972 0.112855 0
    endloop
  endfacet
  facet normal -0.999692 -0.024803 0
    outer loop
      vertex 76.0972 0.112855 2
      vertex 76.1 0 0
      vertex 76.1 0 2
    endloop
  endfacet
  facet normal -0.9925 -0.122245 0
    outer loop
      vertex 76.0889 0.225439 0
      vertex 76.0751 0.33748 2
      vertex 76.0751 0.33748 0
    endloop
  endfacet
  facet normal -0.9925 -0.122245 0
    outer loop
      vertex 76.0751 0.33748 2
      vertex 76.0889 0.225439 0
      vertex 76.0889 0.225439 2
    endloop
  endfacet
  facet normal 0.949558 0.31359 0
    outer loop
      vertex 71.6344 -0.774846 2
      vertex 71.599 -0.667654 0
      vertex 71.599 -0.667654 2
    endloop
  endfacet
  facet normal 0.949558 0.31359 0
    outer loop
      vertex 71.599 -0.667654 0
      vertex 71.6344 -0.774846 2
      vertex 71.6344 -0.774846 0
    endloop
  endfacet
  facet normal 0.788125 -0.615515 0
    outer loop
      vertex 71.9526 1.37011 2
      vertex 72.0221 1.4591 0
      vertex 72.0221 1.4591 2
    endloop
  endfacet
  facet normal 0.788125 -0.615515 0
    outer loop
      vertex 72.0221 1.4591 0
      vertex 71.9526 1.37011 2
      vertex 71.9526 1.37011 0
    endloop
  endfacet
  facet normal 0.723948 0.689854 0
    outer loop
      vertex 72.1737 -1.62634 2
      vertex 72.0958 -1.54459 0
      vertex 72.0958 -1.54459 2
    endloop
  endfacet
  facet normal 0.723948 0.689854 0
    outer loop
      vertex 72.0958 -1.54459 0
      vertex 72.1737 -1.62634 2
      vertex 72.1737 -1.62634 0
    endloop
  endfacet
  facet normal 0.689843 -0.723959 0
    outer loop
      vertex 72.1737 1.62634 0
      vertex 72.2554 1.70419 2
      vertex 72.1737 1.62634 2
    endloop
  endfacet
  facet normal 0.689843 -0.723959 0
    outer loop
      vertex 72.2554 1.70419 2
      vertex 72.1737 1.62634 0
      vertex 72.2554 1.70419 0
    endloop
  endfacet
  facet normal 0.653057 -0.757309 0
    outer loop
      vertex 72.2554 1.70419 0
      vertex 72.3409 1.77792 2
      vertex 72.2554 1.70419 2
    endloop
  endfacet
  facet normal 0.653057 -0.757309 0
    outer loop
      vertex 72.3409 1.77792 2
      vertex 72.2554 1.70419 0
      vertex 72.3409 1.77792 0
    endloop
  endfacet
  facet normal -0.0245276 0.999699 0
    outer loop
      vertex 73.9129 -2.29723 0
      vertex 73.8 -2.3 2
      vertex 73.9129 -2.29723 2
    endloop
  endfacet
  facet normal -0.0245276 0.999699 0
    outer loop
      vertex 73.8 -2.3 2
      vertex 73.9129 -2.29723 0
      vertex 73.8 -2.3 0
    endloop
  endfacet
  facet normal -0.534926 0.844899 0
    outer loop
      vertex 75.0778 -1.91238 0
      vertex 74.9824 -1.97278 2
      vertex 75.0778 -1.91238 2
    endloop
  endfacet
  facet normal -0.534926 0.844899 0
    outer loop
      vertex 74.9824 -1.97278 2
      vertex 75.0778 -1.91238 0
      vertex 74.9824 -1.97278 0
    endloop
  endfacet
  facet normal -0.932781 -0.360444 0
    outer loop
      vertex 75.9656 0.774846 0
      vertex 75.9249 0.880172 2
      vertex 75.9249 0.880172 0
    endloop
  endfacet
  facet normal -0.932781 -0.360444 0
    outer loop
      vertex 75.9249 0.880172 2
      vertex 75.9656 0.774846 0
      vertex 75.9656 0.774846 2
    endloop
  endfacet
  facet normal -0.963797 0.266639 0
    outer loop
      vertex 76.001 -0.667654 0
      vertex 76.0311 -0.558854 2
      vertex 76.0311 -0.558854 0
    endloop
  endfacet
  facet normal -0.963797 0.266639 0
    outer loop
      vertex 76.0311 -0.558854 2
      vertex 76.001 -0.667654 0
      vertex 76.001 -0.667654 2
    endloop
  endfacet
  facet normal -0.788125 -0.615515 0
    outer loop
      vertex 75.6474 1.37011 0
      vertex 75.5779 1.4591 2
      vertex 75.5779 1.4591 0
    endloop
  endfacet
  facet normal -0.788125 -0.615515 0
    outer loop
      vertex 75.5779 1.4591 2
      vertex 75.6474 1.37011 0
      vertex 75.6474 1.37011 2
    endloop
  endfacet
  facet normal 0.997294 0.0735232 0
    outer loop
      vertex 71.5111 -0.225439 2
      vertex 71.5028 -0.112855 0
      vertex 71.5028 -0.112855 2
    endloop
  endfacet
  facet normal 0.997294 0.0735232 0
    outer loop
      vertex 71.5028 -0.112855 0
      vertex 71.5111 -0.225439 2
      vertex 71.5111 -0.225439 0
    endloop
  endfacet
  facet normal -0.615252 -0.78833 0
    outer loop
      vertex 75.1701 1.84738 0
      vertex 75.2591 1.77792 2
      vertex 75.1701 1.84738 2
    endloop
  endfacet
  facet normal -0.615252 -0.78833 -0
    outer loop
      vertex 75.2591 1.77792 2
      vertex 75.1701 1.84738 0
      vertex 75.2591 1.77792 0
    endloop
  endfacet
  facet normal -0.359685 0.933074 0
    outer loop
      vertex 74.6802 -2.12492 0
      vertex 74.5748 -2.16555 2
      vertex 74.6802 -2.12492 2
    endloop
  endfacet
  facet normal -0.359685 0.933074 0
    outer loop
      vertex 74.5748 -2.16555 2
      vertex 74.6802 -2.12492 0
      vertex 74.5748 -2.16555 0
    endloop
  endfacet
  facet normal -0.914366 -0.404889 0
    outer loop
      vertex 75.9249 0.880172 0
      vertex 75.8792 0.983377 2
      vertex 75.8792 0.983377 0
    endloop
  endfacet
  facet normal -0.914366 -0.404889 0
    outer loop
      vertex 75.8792 0.983377 2
      vertex 75.9249 0.880172 0
      vertex 75.9249 0.880172 2
    endloop
  endfacet
  facet normal -0.653057 0.757309 0
    outer loop
      vertex 75.3446 -1.70419 0
      vertex 75.2591 -1.77792 2
      vertex 75.3446 -1.70419 2
    endloop
  endfacet
  facet normal -0.653057 0.757309 0
    outer loop
      vertex 75.2591 -1.77792 2
      vertex 75.3446 -1.70419 0
      vertex 75.2591 -1.77792 0
    endloop
  endfacet
  facet normal 0.405275 0.914195 -0
    outer loop
      vertex 72.9198 -2.12492 0
      vertex 72.8166 -2.07917 2
      vertex 72.9198 -2.12492 2
    endloop
  endfacet
  facet normal 0.405275 0.914195 0
    outer loop
      vertex 72.8166 -2.07917 2
      vertex 72.9198 -2.12492 0
      vertex 72.8166 -2.07917 0
    endloop
  endfacet
  facet normal 0.963797 0.266639 0
    outer loop
      vertex 71.599 -0.667654 2
      vertex 71.5689 -0.558854 0
      vertex 71.5689 -0.558854 2
    endloop
  endfacet
  facet normal 0.963797 0.266639 0
    outer loop
      vertex 71.5689 -0.558854 0
      vertex 71.599 -0.667654 2
      vertex 71.599 -0.667654 0
    endloop
  endfacet
  facet normal -0.932781 0.360444 0
    outer loop
      vertex 75.9249 -0.880172 0
      vertex 75.9656 -0.774846 2
      vertex 75.9656 -0.774846 0
    endloop
  endfacet
  facet normal -0.932781 0.360444 0
    outer loop
      vertex 75.9656 -0.774846 2
      vertex 75.9249 -0.880172 0
      vertex 75.9249 -0.880172 2
    endloop
  endfacet
  facet normal -0.949558 -0.31359 0
    outer loop
      vertex 76.001 0.667654 0
      vertex 75.9656 0.774846 2
      vertex 75.9656 0.774846 0
    endloop
  endfacet
  facet normal -0.949558 -0.31359 0
    outer loop
      vertex 75.9656 0.774846 2
      vertex 76.001 0.667654 0
      vertex 76.001 0.667654 2
    endloop
  endfacet
  facet normal -0.985277 -0.170963 0
    outer loop
      vertex 76.0751 0.33748 0
      vertex 76.0558 0.448708 2
      vertex 76.0558 0.448708 0
    endloop
  endfacet
  facet normal -0.985277 -0.170963 0
    outer loop
      vertex 76.0558 0.448708 2
      vertex 76.0751 0.33748 0
      vertex 76.0751 0.33748 2
    endloop
  endfacet
  facet normal -0.689843 0.723959 0
    outer loop
      vertex 75.4263 -1.62634 0
      vertex 75.3446 -1.70419 2
      vertex 75.4263 -1.62634 2
    endloop
  endfacet
  facet normal -0.689843 0.723959 0
    outer loop
      vertex 75.3446 -1.70419 2
      vertex 75.4263 -1.62634 0
      vertex 75.3446 -1.70419 0
    endloop
  endfacet
  facet normal -0.0245276 -0.999699 0
    outer loop
      vertex 73.8 2.3 0
      vertex 73.9129 2.29723 2
      vertex 73.8 2.3 2
    endloop
  endfacet
  facet normal -0.0245276 -0.999699 -0
    outer loop
      vertex 73.9129 2.29723 2
      vertex 73.8 2.3 0
      vertex 73.9129 2.29723 0
    endloop
  endfacet
  facet normal -0.914366 0.404889 0
    outer loop
      vertex 75.8792 -0.983377 0
      vertex 75.9249 -0.880172 2
      vertex 75.9249 -0.880172 0
    endloop
  endfacet
  facet normal -0.914366 0.404889 0
    outer loop
      vertex 75.9249 -0.880172 2
      vertex 75.8792 -0.983377 0
      vertex 75.8792 -0.983377 2
    endloop
  endfacet
  facet normal -0.405275 -0.914195 0
    outer loop
      vertex 74.6802 2.12492 0
      vertex 74.7834 2.07917 2
      vertex 74.6802 2.12492 2
    endloop
  endfacet
  facet normal -0.405275 -0.914195 -0
    outer loop
      vertex 74.7834 2.07917 2
      vertex 74.6802 2.12492 0
      vertex 74.7834 2.07917 0
    endloop
  endfacet
  facet normal -0.405275 0.914195 0
    outer loop
      vertex 74.7834 -2.07917 0
      vertex 74.6802 -2.12492 2
      vertex 74.7834 -2.07917 2
    endloop
  endfacet
  facet normal -0.405275 0.914195 0
    outer loop
      vertex 74.6802 -2.12492 2
      vertex 74.7834 -2.07917 0
      vertex 74.6802 -2.12492 0
    endloop
  endfacet
  facet normal -0.449693 -0.893183 0
    outer loop
      vertex 74.7834 2.07917 0
      vertex 74.8842 2.02842 2
      vertex 74.7834 2.07917 2
    endloop
  endfacet
  facet normal -0.449693 -0.893183 -0
    outer loop
      vertex 74.8842 2.02842 2
      vertex 74.7834 2.07917 0
      vertex 74.8842 2.02842 0
    endloop
  endfacet
  facet normal 0.914366 -0.404889 0
    outer loop
      vertex 71.6751 0.880172 2
      vertex 71.7208 0.983377 0
      vertex 71.7208 0.983377 2
    endloop
  endfacet
  facet normal 0.914366 -0.404889 0
    outer loop
      vertex 71.7208 0.983377 0
      vertex 71.6751 0.880172 2
      vertex 71.6751 0.880172 0
    endloop
  endfacet
  facet normal -0.171005 -0.98527 0
    outer loop
      vertex 74.1375 2.27511 0
      vertex 74.2487 2.25581 2
      vertex 74.1375 2.27511 2
    endloop
  endfacet
  facet normal -0.171005 -0.98527 -0
    outer loop
      vertex 74.2487 2.25581 2
      vertex 74.1375 2.27511 0
      vertex 74.2487 2.25581 0
    endloop
  endfacet
  facet normal 0.575779 0.817606 -0
    outer loop
      vertex 72.5222 -1.91238 0
      vertex 72.4299 -1.84738 2
      vertex 72.5222 -1.91238 2
    endloop
  endfacet
  facet normal 0.575779 0.817606 0
    outer loop
      vertex 72.4299 -1.84738 2
      vertex 72.5222 -1.91238 0
      vertex 72.4299 -1.84738 0
    endloop
  endfacet
  facet normal -0.073666 0.997283 0
    outer loop
      vertex 74.0254 -2.28892 0
      vertex 73.9129 -2.29723 2
      vertex 74.0254 -2.28892 2
    endloop
  endfacet
  facet normal -0.073666 0.997283 0
    outer loop
      vertex 73.9129 -2.29723 2
      vertex 74.0254 -2.28892 0
      vertex 73.9129 -2.29723 0
    endloop
  endfacet
  facet normal -0.817606 -0.575779 0
    outer loop
      vertex 75.7124 1.27781 0
      vertex 75.6474 1.37011 2
      vertex 75.6474 1.37011 0
    endloop
  endfacet
  facet normal -0.817606 -0.575779 0
    outer loop
      vertex 75.6474 1.37011 2
      vertex 75.7124 1.27781 0
      vertex 75.7124 1.27781 2
    endloop
  endfacet
  facet normal -0.975767 -0.218814 0
    outer loop
      vertex 76.0558 0.448708 0
      vertex 76.0311 0.558854 2
      vertex 76.0311 0.558854 0
    endloop
  endfacet
  facet normal -0.975767 -0.218814 0
    outer loop
      vertex 76.0311 0.558854 2
      vertex 76.0558 0.448708 0
      vertex 76.0558 0.448708 2
    endloop
  endfacet
  facet normal 0.9925 0.122245 0
    outer loop
      vertex 71.5249 -0.33748 2
      vertex 71.5111 -0.225439 0
      vertex 71.5111 -0.225439 2
    endloop
  endfacet
  facet normal 0.9925 0.122245 0
    outer loop
      vertex 71.5111 -0.225439 0
      vertex 71.5249 -0.33748 2
      vertex 71.5249 -0.33748 0
    endloop
  endfacet
  facet normal 0.171005 0.98527 -0
    outer loop
      vertex 73.4625 -2.27511 0
      vertex 73.3513 -2.25581 2
      vertex 73.4625 -2.27511 2
    endloop
  endfacet
  facet normal 0.171005 0.98527 0
    outer loop
      vertex 73.3513 -2.25581 2
      vertex 73.4625 -2.27511 0
      vertex 73.3513 -2.25581 0
    endloop
  endfacet
  facet normal -0.817606 0.575779 0
    outer loop
      vertex 75.6474 -1.37011 0
      vertex 75.7124 -1.27781 2
      vertex 75.7124 -1.27781 0
    endloop
  endfacet
  facet normal -0.817606 0.575779 0
    outer loop
      vertex 75.7124 -1.27781 2
      vertex 75.6474 -1.37011 0
      vertex 75.6474 -1.37011 2
    endloop
  endfacet
  facet normal -0.893064 0.449929 0
    outer loop
      vertex 75.8284 -1.08421 0
      vertex 75.8792 -0.983377 2
      vertex 75.8792 -0.983377 0
    endloop
  endfacet
  facet normal -0.893064 0.449929 0
    outer loop
      vertex 75.8792 -0.983377 2
      vertex 75.8284 -1.08421 0
      vertex 75.8284 -1.08421 2
    endloop
  endfacet
  facet normal -0.122269 0.992497 0
    outer loop
      vertex 74.1375 -2.27511 0
      vertex 74.0254 -2.28892 2
      vertex 74.1375 -2.27511 2
    endloop
  endfacet
  facet normal -0.122269 0.992497 0
    outer loop
      vertex 74.0254 -2.28892 2
      vertex 74.1375 -2.27511 0
      vertex 74.0254 -2.28892 0
    endloop
  endfacet
  facet normal -0.999692 0.024803 0
    outer loop
      vertex 76.0972 -0.112855 0
      vertex 76.1 0 2
      vertex 76.1 0 0
    endloop
  endfacet
  facet normal -0.999692 0.024803 0
    outer loop
      vertex 76.1 0 2
      vertex 76.0972 -0.112855 0
      vertex 76.0972 -0.112855 2
    endloop
  endfacet
  facet normal 0.999692 0.024803 0
    outer loop
      vertex 71.5028 -0.112855 2
      vertex 71.5 0 0
      vertex 71.5 0 2
    endloop
  endfacet
  facet normal 0.999692 0.024803 0
    outer loop
      vertex 71.5 0 0
      vertex 71.5028 -0.112855 2
      vertex 71.5028 -0.112855 0
    endloop
  endfacet
  facet normal -0.997294 0.0735232 0
    outer loop
      vertex 76.0889 -0.225439 0
      vertex 76.0972 -0.112855 2
      vertex 76.0972 -0.112855 0
    endloop
  endfacet
  facet normal -0.997294 0.0735232 0
    outer loop
      vertex 76.0972 -0.112855 2
      vertex 76.0889 -0.225439 0
      vertex 76.0889 -0.225439 2
    endloop
  endfacet
  facet normal 0.653057 0.757309 -0
    outer loop
      vertex 72.3409 -1.77792 0
      vertex 72.2554 -1.70419 2
      vertex 72.3409 -1.77792 2
    endloop
  endfacet
  facet normal 0.653057 0.757309 0
    outer loop
      vertex 72.2554 -1.70419 2
      vertex 72.3409 -1.77792 0
      vertex 72.2554 -1.70419 0
    endloop
  endfacet
  facet normal 0.0245276 0.999699 -0
    outer loop
      vertex 73.8 -2.3 0
      vertex 73.6871 -2.29723 2
      vertex 73.8 -2.3 2
    endloop
  endfacet
  facet normal 0.0245276 0.999699 0
    outer loop
      vertex 73.6871 -2.29723 2
      vertex 73.8 -2.3 0
      vertex 73.6871 -2.29723 0
    endloop
  endfacet
  facet normal 0.219049 0.975714 -0
    outer loop
      vertex 73.3513 -2.25581 0
      vertex 73.2411 -2.23107 2
      vertex 73.3513 -2.25581 2
    endloop
  endfacet
  facet normal 0.219049 0.975714 0
    outer loop
      vertex 73.2411 -2.23107 2
      vertex 73.3513 -2.25581 0
      vertex 73.2411 -2.23107 0
    endloop
  endfacet
  facet normal 0.844823 0.535046 0
    outer loop
      vertex 71.8876 -1.27781 2
      vertex 71.8272 -1.18244 0
      vertex 71.8272 -1.18244 2
    endloop
  endfacet
  facet normal 0.844823 0.535046 0
    outer loop
      vertex 71.8272 -1.18244 0
      vertex 71.8876 -1.27781 2
      vertex 71.8876 -1.27781 0
    endloop
  endfacet
  facet normal 0.949558 -0.31359 0
    outer loop
      vertex 71.599 0.667654 2
      vertex 71.6344 0.774846 0
      vertex 71.6344 0.774846 2
    endloop
  endfacet
  facet normal 0.949558 -0.31359 0
    outer loop
      vertex 71.6344 0.774846 0
      vertex 71.599 0.667654 2
      vertex 71.599 0.667654 0
    endloop
  endfacet
  facet normal -0.359685 -0.933074 0
    outer loop
      vertex 74.5748 2.16555 0
      vertex 74.6802 2.12492 2
      vertex 74.5748 2.16555 2
    endloop
  endfacet
  facet normal -0.359685 -0.933074 -0
    outer loop
      vertex 74.6802 2.12492 2
      vertex 74.5748 2.16555 0
      vertex 74.6802 2.12492 0
    endloop
  endfacet
  facet normal -0.492968 -0.870048 0
    outer loop
      vertex 74.8842 2.02842 0
      vertex 74.9824 1.97278 2
      vertex 74.8842 2.02842 2
    endloop
  endfacet
  facet normal -0.492968 -0.870048 -0
    outer loop
      vertex 74.9824 1.97278 2
      vertex 74.8842 2.02842 0
      vertex 74.9824 1.97278 0
    endloop
  endfacet
  facet normal 0.615252 -0.78833 0
    outer loop
      vertex 72.3409 1.77792 0
      vertex 72.4299 1.84738 2
      vertex 72.3409 1.77792 2
    endloop
  endfacet
  facet normal 0.615252 -0.78833 0
    outer loop
      vertex 72.4299 1.84738 2
      vertex 72.3409 1.77792 0
      vertex 72.4299 1.84738 0
    endloop
  endfacet
  facet normal 0.932781 -0.360444 0
    outer loop
      vertex 71.6344 0.774846 2
      vertex 71.6751 0.880172 0
      vertex 71.6751 0.880172 2
    endloop
  endfacet
  facet normal 0.932781 -0.360444 0
    outer loop
      vertex 71.6751 0.880172 0
      vertex 71.6344 0.774846 2
      vertex 71.6344 0.774846 0
    endloop
  endfacet
  facet normal 0.492968 0.870048 -0
    outer loop
      vertex 72.7158 -2.02842 0
      vertex 72.6176 -1.97278 2
      vertex 72.7158 -2.02842 2
    endloop
  endfacet
  facet normal 0.492968 0.870048 0
    outer loop
      vertex 72.6176 -1.97278 2
      vertex 72.7158 -2.02842 0
      vertex 72.6176 -1.97278 0
    endloop
  endfacet
  facet normal -0.219049 -0.975714 0
    outer loop
      vertex 74.2487 2.25581 0
      vertex 74.3589 2.23107 2
      vertex 74.2487 2.25581 2
    endloop
  endfacet
  facet normal -0.219049 -0.975714 -0
    outer loop
      vertex 74.3589 2.23107 2
      vertex 74.2487 2.25581 0
      vertex 74.3589 2.23107 0
    endloop
  endfacet
  facet normal 0.893064 0.449929 0
    outer loop
      vertex 71.7716 -1.08421 2
      vertex 71.7208 -0.983377 0
      vertex 71.7208 -0.983377 2
    endloop
  endfacet
  facet normal 0.893064 0.449929 0
    outer loop
      vertex 71.7208 -0.983377 0
      vertex 71.7716 -1.08421 2
      vertex 71.7716 -1.08421 0
    endloop
  endfacet
  facet normal -0.723948 0.689854 0
    outer loop
      vertex 75.4263 -1.62634 0
      vertex 75.5042 -1.54459 2
      vertex 75.5042 -1.54459 0
    endloop
  endfacet
  facet normal -0.723948 0.689854 0
    outer loop
      vertex 75.5042 -1.54459 2
      vertex 75.4263 -1.62634 0
      vertex 75.4263 -1.62634 2
    endloop
  endfacet
  facet normal -0.844823 0.535046 0
    outer loop
      vertex 75.7124 -1.27781 0
      vertex 75.7728 -1.18244 2
      vertex 75.7728 -1.18244 0
    endloop
  endfacet
  facet normal -0.844823 0.535046 0
    outer loop
      vertex 75.7728 -1.18244 2
      vertex 75.7124 -1.27781 0
      vertex 75.7124 -1.27781 2
    endloop
  endfacet
  facet normal -0.9925 0.122245 0
    outer loop
      vertex 76.0751 -0.33748 0
      vertex 76.0889 -0.225439 2
      vertex 76.0889 -0.225439 0
    endloop
  endfacet
  facet normal -0.9925 0.122245 0
    outer loop
      vertex 76.0889 -0.225439 2
      vertex 76.0751 -0.33748 0
      vertex 76.0751 -0.33748 2
    endloop
  endfacet
  facet normal 0.985277 -0.170963 0
    outer loop
      vertex 71.5249 0.33748 2
      vertex 71.5442 0.448708 0
      vertex 71.5442 0.448708 2
    endloop
  endfacet
  facet normal 0.985277 -0.170963 0
    outer loop
      vertex 71.5442 0.448708 0
      vertex 71.5249 0.33748 2
      vertex 71.5249 0.33748 0
    endloop
  endfacet
  facet normal 0.219049 -0.975714 0
    outer loop
      vertex 73.2411 2.23107 0
      vertex 73.3513 2.25581 2
      vertex 73.2411 2.23107 2
    endloop
  endfacet
  facet normal 0.219049 -0.975714 0
    outer loop
      vertex 73.3513 2.25581 2
      vertex 73.2411 2.23107 0
      vertex 73.3513 2.25581 0
    endloop
  endfacet
  facet normal 0.313913 -0.949452 0
    outer loop
      vertex 73.0252 2.16555 0
      vertex 73.1323 2.20096 2
      vertex 73.0252 2.16555 2
    endloop
  endfacet
  facet normal 0.313913 -0.949452 0
    outer loop
      vertex 73.1323 2.20096 2
      vertex 73.0252 2.16555 0
      vertex 73.1323 2.20096 0
    endloop
  endfacet
  facet normal 0.171005 -0.98527 0
    outer loop
      vertex 73.3513 2.25581 0
      vertex 73.4625 2.27511 2
      vertex 73.3513 2.25581 2
    endloop
  endfacet
  facet normal 0.171005 -0.98527 0
    outer loop
      vertex 73.4625 2.27511 2
      vertex 73.3513 2.25581 0
      vertex 73.4625 2.27511 0
    endloop
  endfacet
  facet normal -0.122269 -0.992497 0
    outer loop
      vertex 74.0254 2.28892 0
      vertex 74.1375 2.27511 2
      vertex 74.0254 2.28892 2
    endloop
  endfacet
  facet normal -0.122269 -0.992497 -0
    outer loop
      vertex 74.1375 2.27511 2
      vertex 74.0254 2.28892 0
      vertex 74.1375 2.27511 0
    endloop
  endfacet
  facet normal -0.893064 -0.449929 0
    outer loop
      vertex 75.8792 0.983377 0
      vertex 75.8284 1.08421 2
      vertex 75.8284 1.08421 0
    endloop
  endfacet
  facet normal -0.893064 -0.449929 0
    outer loop
      vertex 75.8284 1.08421 2
      vertex 75.8792 0.983377 0
      vertex 75.8792 0.983377 2
    endloop
  endfacet
  facet normal -0.949558 0.31359 0
    outer loop
      vertex 75.9656 -0.774846 0
      vertex 76.001 -0.667654 2
      vertex 76.001 -0.667654 0
    endloop
  endfacet
  facet normal -0.949558 0.31359 0
    outer loop
      vertex 76.001 -0.667654 2
      vertex 75.9656 -0.774846 0
      vertex 75.9656 -0.774846 2
    endloop
  endfacet
  facet normal 0.449693 -0.893183 0
    outer loop
      vertex 72.7158 2.02842 0
      vertex 72.8166 2.07917 2
      vertex 72.7158 2.02842 2
    endloop
  endfacet
  facet normal 0.449693 -0.893183 0
    outer loop
      vertex 72.8166 2.07917 2
      vertex 72.7158 2.02842 0
      vertex 72.8166 2.07917 0
    endloop
  endfacet
  facet normal -0.653057 -0.757309 0
    outer loop
      vertex 75.2591 1.77792 0
      vertex 75.3446 1.70419 2
      vertex 75.2591 1.77792 2
    endloop
  endfacet
  facet normal -0.653057 -0.757309 -0
    outer loop
      vertex 75.3446 1.70419 2
      vertex 75.2591 1.77792 0
      vertex 75.3446 1.70419 0
    endloop
  endfacet
  facet normal 0.359685 0.933074 -0
    outer loop
      vertex 73.0252 -2.16555 0
      vertex 72.9198 -2.12492 2
      vertex 73.0252 -2.16555 2
    endloop
  endfacet
  facet normal 0.359685 0.933074 0
    outer loop
      vertex 72.9198 -2.12492 2
      vertex 73.0252 -2.16555 0
      vertex 72.9198 -2.12492 0
    endloop
  endfacet
  facet normal 0.9925 -0.122245 0
    outer loop
      vertex 71.5111 0.225439 2
      vertex 71.5249 0.33748 0
      vertex 71.5249 0.33748 2
    endloop
  endfacet
  facet normal 0.9925 -0.122245 0
    outer loop
      vertex 71.5249 0.33748 0
      vertex 71.5111 0.225439 2
      vertex 71.5111 0.225439 0
    endloop
  endfacet
  facet normal -0.870264 -0.492586 0
    outer loop
      vertex 75.8284 1.08421 0
      vertex 75.7728 1.18244 2
      vertex 75.7728 1.18244 0
    endloop
  endfacet
  facet normal -0.870264 -0.492586 0
    outer loop
      vertex 75.7728 1.18244 2
      vertex 75.8284 1.08421 0
      vertex 75.8284 1.08421 2
    endloop
  endfacet
  facet normal 0.997294 -0.0735232 0
    outer loop
      vertex 71.5028 0.112855 2
      vertex 71.5111 0.225439 0
      vertex 71.5111 0.225439 2
    endloop
  endfacet
  facet normal 0.997294 -0.0735232 0
    outer loop
      vertex 71.5111 0.225439 0
      vertex 71.5028 0.112855 2
      vertex 71.5028 0.112855 0
    endloop
  endfacet
  facet normal -0.575779 0.817606 0
    outer loop
      vertex 75.1701 -1.84738 0
      vertex 75.0778 -1.91238 2
      vertex 75.1701 -1.84738 2
    endloop
  endfacet
  facet normal -0.575779 0.817606 0
    outer loop
      vertex 75.0778 -1.91238 2
      vertex 75.1701 -1.84738 0
      vertex 75.0778 -1.91238 0
    endloop
  endfacet
  facet normal 0.985277 0.170963 0
    outer loop
      vertex 71.5442 -0.448708 2
      vertex 71.5249 -0.33748 0
      vertex 71.5249 -0.33748 2
    endloop
  endfacet
  facet normal 0.985277 0.170963 0
    outer loop
      vertex 71.5249 -0.33748 0
      vertex 71.5442 -0.448708 2
      vertex 71.5442 -0.448708 0
    endloop
  endfacet
  facet normal 0.757402 0.652948 0
    outer loop
      vertex 72.0958 -1.54459 2
      vertex 72.0221 -1.4591 0
      vertex 72.0221 -1.4591 2
    endloop
  endfacet
  facet normal 0.757402 0.652948 0
    outer loop
      vertex 72.0221 -1.4591 0
      vertex 72.0958 -1.54459 2
      vertex 72.0958 -1.54459 0
    endloop
  endfacet
  facet normal -0.844823 -0.535046 0
    outer loop
      vertex 75.7728 1.18244 0
      vertex 75.7124 1.27781 2
      vertex 75.7124 1.27781 0
    endloop
  endfacet
  facet normal -0.844823 -0.535046 0
    outer loop
      vertex 75.7124 1.27781 2
      vertex 75.7728 1.18244 0
      vertex 75.7728 1.18244 2
    endloop
  endfacet
  facet normal -0.963797 -0.266639 0
    outer loop
      vertex 76.0311 0.558854 0
      vertex 76.001 0.667654 2
      vertex 76.001 0.667654 0
    endloop
  endfacet
  facet normal -0.963797 -0.266639 0
    outer loop
      vertex 76.001 0.667654 2
      vertex 76.0311 0.558854 0
      vertex 76.0311 0.558854 2
    endloop
  endfacet
  facet normal -0.575779 -0.817606 0
    outer loop
      vertex 75.0778 1.91238 0
      vertex 75.1701 1.84738 2
      vertex 75.0778 1.91238 2
    endloop
  endfacet
  facet normal -0.575779 -0.817606 -0
    outer loop
      vertex 75.1701 1.84738 2
      vertex 75.0778 1.91238 0
      vertex 75.1701 1.84738 0
    endloop
  endfacet
  facet normal -0.534926 -0.844899 0
    outer loop
      vertex 74.9824 1.97278 0
      vertex 75.0778 1.91238 2
      vertex 74.9824 1.97278 2
    endloop
  endfacet
  facet normal -0.534926 -0.844899 -0
    outer loop
      vertex 75.0778 1.91238 2
      vertex 74.9824 1.97278 0
      vertex 75.0778 1.91238 0
    endloop
  endfacet
  facet normal 0.073666 -0.997283 0
    outer loop
      vertex 73.5746 2.28892 0
      vertex 73.6871 2.29723 2
      vertex 73.5746 2.28892 2
    endloop
  endfacet
  facet normal 0.073666 -0.997283 0
    outer loop
      vertex 73.6871 2.29723 2
      vertex 73.5746 2.28892 0
      vertex 73.6871 2.29723 0
    endloop
  endfacet
  facet normal 0.932781 0.360444 0
    outer loop
      vertex 71.6751 -0.880172 2
      vertex 71.6344 -0.774846 0
      vertex 71.6344 -0.774846 2
    endloop
  endfacet
  facet normal 0.932781 0.360444 0
    outer loop
      vertex 71.6344 -0.774846 0
      vertex 71.6751 -0.880172 2
      vertex 71.6751 -0.880172 0
    endloop
  endfacet
  facet normal 0.122269 -0.992497 0
    outer loop
      vertex 73.4625 2.27511 0
      vertex 73.5746 2.28892 2
      vertex 73.4625 2.27511 2
    endloop
  endfacet
  facet normal 0.122269 -0.992497 0
    outer loop
      vertex 73.5746 2.28892 2
      vertex 73.4625 2.27511 0
      vertex 73.5746 2.28892 0
    endloop
  endfacet
  facet normal 0.723948 -0.689854 0
    outer loop
      vertex 72.0958 1.54459 2
      vertex 72.1737 1.62634 0
      vertex 72.1737 1.62634 2
    endloop
  endfacet
  facet normal 0.723948 -0.689854 0
    outer loop
      vertex 72.1737 1.62634 0
      vertex 72.0958 1.54459 2
      vertex 72.0958 1.54459 0
    endloop
  endfacet
  facet normal -0.788125 0.615515 0
    outer loop
      vertex 75.5779 -1.4591 0
      vertex 75.6474 -1.37011 2
      vertex 75.6474 -1.37011 0
    endloop
  endfacet
  facet normal -0.788125 0.615515 0
    outer loop
      vertex 75.6474 -1.37011 2
      vertex 75.5779 -1.4591 0
      vertex 75.5779 -1.4591 2
    endloop
  endfacet
  facet normal -0.757402 0.652948 0
    outer loop
      vertex 75.5042 -1.54459 0
      vertex 75.5779 -1.4591 2
      vertex 75.5779 -1.4591 0
    endloop
  endfacet
  facet normal -0.757402 0.652948 0
    outer loop
      vertex 75.5779 -1.4591 2
      vertex 75.5042 -1.54459 0
      vertex 75.5042 -1.54459 2
    endloop
  endfacet
  facet normal 0.359685 -0.933074 0
    outer loop
      vertex 72.9198 2.12492 0
      vertex 73.0252 2.16555 2
      vertex 72.9198 2.12492 2
    endloop
  endfacet
  facet normal 0.359685 -0.933074 0
    outer loop
      vertex 73.0252 2.16555 2
      vertex 72.9198 2.12492 0
      vertex 73.0252 2.16555 0
    endloop
  endfacet
  facet normal 0.870264 0.492586 0
    outer loop
      vertex 71.8272 -1.18244 2
      vertex 71.7716 -1.08421 0
      vertex 71.7716 -1.08421 2
    endloop
  endfacet
  facet normal 0.870264 0.492586 0
    outer loop
      vertex 71.7716 -1.08421 0
      vertex 71.8272 -1.18244 2
      vertex 71.8272 -1.18244 0
    endloop
  endfacet
  facet normal 0.963797 -0.266639 0
    outer loop
      vertex 71.5689 0.558854 2
      vertex 71.599 0.667654 0
      vertex 71.599 0.667654 2
    endloop
  endfacet
  facet normal 0.963797 -0.266639 0
    outer loop
      vertex 71.599 0.667654 0
      vertex 71.5689 0.558854 2
      vertex 71.5689 0.558854 0
    endloop
  endfacet
  facet normal -0.723948 -0.689854 0
    outer loop
      vertex 75.5042 1.54459 0
      vertex 75.4263 1.62634 2
      vertex 75.4263 1.62634 0
    endloop
  endfacet
  facet normal -0.723948 -0.689854 0
    outer loop
      vertex 75.4263 1.62634 2
      vertex 75.5042 1.54459 0
      vertex 75.5042 1.54459 2
    endloop
  endfacet
  facet normal 0.0245276 -0.999699 0
    outer loop
      vertex 73.6871 2.29723 0
      vertex 73.8 2.3 2
      vertex 73.6871 2.29723 2
    endloop
  endfacet
  facet normal 0.0245276 -0.999699 0
    outer loop
      vertex 73.8 2.3 2
      vertex 73.6871 2.29723 0
      vertex 73.8 2.3 0
    endloop
  endfacet
  facet normal 0.534926 0.844899 -0
    outer loop
      vertex 72.6176 -1.97278 0
      vertex 72.5222 -1.91238 2
      vertex 72.6176 -1.97278 2
    endloop
  endfacet
  facet normal 0.534926 0.844899 0
    outer loop
      vertex 72.5222 -1.91238 2
      vertex 72.6176 -1.97278 0
      vertex 72.5222 -1.91238 0
    endloop
  endfacet
  facet normal 0.615252 0.78833 -0
    outer loop
      vertex 72.4299 -1.84738 0
      vertex 72.3409 -1.77792 2
      vertex 72.4299 -1.84738 2
    endloop
  endfacet
  facet normal 0.615252 0.78833 0
    outer loop
      vertex 72.3409 -1.77792 2
      vertex 72.4299 -1.84738 0
      vertex 72.3409 -1.77792 0
    endloop
  endfacet
  facet normal -0.689843 -0.723959 0
    outer loop
      vertex 75.3446 1.70419 0
      vertex 75.4263 1.62634 2
      vertex 75.3446 1.70419 2
    endloop
  endfacet
  facet normal -0.689843 -0.723959 -0
    outer loop
      vertex 75.4263 1.62634 2
      vertex 75.3446 1.70419 0
      vertex 75.4263 1.62634 0
    endloop
  endfacet
  facet normal -0.615252 0.78833 0
    outer loop
      vertex 75.2591 -1.77792 0
      vertex 75.1701 -1.84738 2
      vertex 75.2591 -1.77792 2
    endloop
  endfacet
  facet normal -0.615252 0.78833 0
    outer loop
      vertex 75.1701 -1.84738 2
      vertex 75.2591 -1.77792 0
      vertex 75.1701 -1.84738 0
    endloop
  endfacet
  facet normal 0.689843 0.723959 -0
    outer loop
      vertex 72.2554 -1.70419 0
      vertex 72.1737 -1.62634 2
      vertex 72.2554 -1.70419 2
    endloop
  endfacet
  facet normal 0.689843 0.723959 0
    outer loop
      vertex 72.1737 -1.62634 2
      vertex 72.2554 -1.70419 0
      vertex 72.1737 -1.62634 0
    endloop
  endfacet
  facet normal 0.870264 -0.492586 0
    outer loop
      vertex 71.7716 1.08421 2
      vertex 71.8272 1.18244 0
      vertex 71.8272 1.18244 2
    endloop
  endfacet
  facet normal 0.870264 -0.492586 0
    outer loop
      vertex 71.8272 1.18244 0
      vertex 71.7716 1.08421 2
      vertex 71.7716 1.08421 0
    endloop
  endfacet
  facet normal 0.575779 -0.817606 0
    outer loop
      vertex 72.4299 1.84738 0
      vertex 72.5222 1.91238 2
      vertex 72.4299 1.84738 2
    endloop
  endfacet
  facet normal 0.575779 -0.817606 0
    outer loop
      vertex 72.5222 1.91238 2
      vertex 72.4299 1.84738 0
      vertex 72.5222 1.91238 0
    endloop
  endfacet
  facet normal -0.171005 0.98527 0
    outer loop
      vertex 74.2487 -2.25581 0
      vertex 74.1375 -2.27511 2
      vertex 74.2487 -2.25581 2
    endloop
  endfacet
  facet normal -0.171005 0.98527 0
    outer loop
      vertex 74.1375 -2.27511 2
      vertex 74.2487 -2.25581 0
      vertex 74.1375 -2.27511 0
    endloop
  endfacet
  facet normal -0.313913 -0.949452 0
    outer loop
      vertex 74.4677 2.20096 0
      vertex 74.5748 2.16555 2
      vertex 74.4677 2.20096 2
    endloop
  endfacet
  facet normal -0.313913 -0.949452 -0
    outer loop
      vertex 74.5748 2.16555 2
      vertex 74.4677 2.20096 0
      vertex 74.5748 2.16555 0
    endloop
  endfacet
  facet normal -0.870264 0.492586 0
    outer loop
      vertex 75.7728 -1.18244 0
      vertex 75.8284 -1.08421 2
      vertex 75.8284 -1.08421 0
    endloop
  endfacet
  facet normal -0.870264 0.492586 0
    outer loop
      vertex 75.8284 -1.08421 2
      vertex 75.7728 -1.18244 0
      vertex 75.7728 -1.18244 2
    endloop
  endfacet
  facet normal -0.975767 0.218814 0
    outer loop
      vertex 76.0311 -0.558854 0
      vertex 76.0558 -0.448708 2
      vertex 76.0558 -0.448708 0
    endloop
  endfacet
  facet normal -0.975767 0.218814 0
    outer loop
      vertex 76.0558 -0.448708 2
      vertex 76.0311 -0.558854 0
      vertex 76.0311 -0.558854 2
    endloop
  endfacet
  facet normal -0.985277 0.170963 0
    outer loop
      vertex 76.0558 -0.448708 0
      vertex 76.0751 -0.33748 2
      vertex 76.0751 -0.33748 0
    endloop
  endfacet
  facet normal -0.985277 0.170963 0
    outer loop
      vertex 76.0751 -0.33748 2
      vertex 76.0558 -0.448708 0
      vertex 76.0558 -0.448708 2
    endloop
  endfacet
  facet normal 0.073666 0.997283 -0
    outer loop
      vertex 73.6871 -2.29723 0
      vertex 73.5746 -2.28892 2
      vertex 73.6871 -2.29723 2
    endloop
  endfacet
  facet normal 0.073666 0.997283 0
    outer loop
      vertex 73.5746 -2.28892 2
      vertex 73.6871 -2.29723 0
      vertex 73.5746 -2.28892 0
    endloop
  endfacet
  facet normal -0.449693 0.893183 0
    outer loop
      vertex 74.8842 -2.02842 0
      vertex 74.7834 -2.07917 2
      vertex 74.8842 -2.02842 2
    endloop
  endfacet
  facet normal -0.449693 0.893183 0
    outer loop
      vertex 74.7834 -2.07917 2
      vertex 74.8842 -2.02842 0
      vertex 74.7834 -2.07917 0
    endloop
  endfacet
  facet normal -0.757402 -0.652948 0
    outer loop
      vertex 75.5779 1.4591 0
      vertex 75.5042 1.54459 2
      vertex 75.5042 1.54459 0
    endloop
  endfacet
  facet normal -0.757402 -0.652948 0
    outer loop
      vertex 75.5042 1.54459 2
      vertex 75.5779 1.4591 0
      vertex 75.5779 1.4591 2
    endloop
  endfacet
  facet normal 0.999692 -0.024803 0
    outer loop
      vertex 71.5 0 2
      vertex 71.5028 0.112855 0
      vertex 71.5028 0.112855 2
    endloop
  endfacet
  facet normal 0.999692 -0.024803 0
    outer loop
      vertex 71.5028 0.112855 0
      vertex 71.5 0 2
      vertex 71.5 0 0
    endloop
  endfacet
  facet normal -0.073666 -0.997283 0
    outer loop
      vertex 73.9129 2.29723 0
      vertex 74.0254 2.28892 2
      vertex 73.9129 2.29723 2
    endloop
  endfacet
  facet normal -0.073666 -0.997283 -0
    outer loop
      vertex 74.0254 2.28892 2
      vertex 73.9129 2.29723 0
      vertex 74.0254 2.28892 0
    endloop
  endfacet
  facet normal -0.492968 0.870048 0
    outer loop
      vertex 74.9824 -1.97278 0
      vertex 74.8842 -2.02842 2
      vertex 74.9824 -1.97278 2
    endloop
  endfacet
  facet normal -0.492968 0.870048 0
    outer loop
      vertex 74.8842 -2.02842 2
      vertex 74.9824 -1.97278 0
      vertex 74.8842 -2.02842 0
    endloop
  endfacet
  facet normal 0.492968 -0.870048 0
    outer loop
      vertex 72.6176 1.97278 0
      vertex 72.7158 2.02842 2
      vertex 72.6176 1.97278 2
    endloop
  endfacet
  facet normal 0.492968 -0.870048 0
    outer loop
      vertex 72.7158 2.02842 2
      vertex 72.6176 1.97278 0
      vertex 72.7158 2.02842 0
    endloop
  endfacet
  facet normal 0.534926 -0.844899 0
    outer loop
      vertex 72.5222 1.91238 0
      vertex 72.6176 1.97278 2
      vertex 72.5222 1.91238 2
    endloop
  endfacet
  facet normal 0.534926 -0.844899 0
    outer loop
      vertex 72.6176 1.97278 2
      vertex 72.5222 1.91238 0
      vertex 72.6176 1.97278 0
    endloop
  endfacet
  facet normal -0.219049 0.975714 0
    outer loop
      vertex 74.3589 -2.23107 0
      vertex 74.2487 -2.25581 2
      vertex 74.3589 -2.23107 2
    endloop
  endfacet
  facet normal -0.219049 0.975714 0
    outer loop
      vertex 74.2487 -2.25581 2
      vertex 74.3589 -2.23107 0
      vertex 74.2487 -2.25581 0
    endloop
  endfacet
  facet normal 0.893064 -0.449929 0
    outer loop
      vertex 71.7208 0.983377 2
      vertex 71.7716 1.08421 0
      vertex 71.7716 1.08421 2
    endloop
  endfacet
  facet normal 0.893064 -0.449929 0
    outer loop
      vertex 71.7716 1.08421 0
      vertex 71.7208 0.983377 2
      vertex 71.7208 0.983377 0
    endloop
  endfacet
  facet normal 0.122269 0.992497 -0
    outer loop
      vertex 73.5746 -2.28892 0
      vertex 73.4625 -2.27511 2
      vertex 73.5746 -2.28892 2
    endloop
  endfacet
  facet normal 0.122269 0.992497 0
    outer loop
      vertex 73.4625 -2.27511 2
      vertex 73.5746 -2.28892 0
      vertex 73.4625 -2.27511 0
    endloop
  endfacet
  facet normal 0.266721 -0.963774 0
    outer loop
      vertex 73.1323 2.20096 0
      vertex 73.2411 2.23107 2
      vertex 73.1323 2.20096 2
    endloop
  endfacet
  facet normal 0.266721 -0.963774 0
    outer loop
      vertex 73.2411 2.23107 2
      vertex 73.1323 2.20096 0
      vertex 73.2411 2.23107 0
    endloop
  endfacet
  facet normal 0.975767 0.218814 0
    outer loop
      vertex 71.5689 -0.558854 2
      vertex 71.5442 -0.448708 0
      vertex 71.5442 -0.448708 2
    endloop
  endfacet
  facet normal 0.975767 0.218814 0
    outer loop
      vertex 71.5442 -0.448708 0
      vertex 71.5689 -0.558854 2
      vertex 71.5689 -0.558854 0
    endloop
  endfacet
  facet normal -0.266721 0.963774 0
    outer loop
      vertex 74.4677 -2.20096 0
      vertex 74.3589 -2.23107 2
      vertex 74.4677 -2.20096 2
    endloop
  endfacet
  facet normal -0.266721 0.963774 0
    outer loop
      vertex 74.3589 -2.23107 2
      vertex 74.4677 -2.20096 0
      vertex 74.3589 -2.23107 0
    endloop
  endfacet
  facet normal 0.449693 0.893183 -0
    outer loop
      vertex 72.8166 -2.07917 0
      vertex 72.7158 -2.02842 2
      vertex 72.8166 -2.07917 2
    endloop
  endfacet
  facet normal 0.449693 0.893183 0
    outer loop
      vertex 72.7158 -2.02842 2
      vertex 72.8166 -2.07917 0
      vertex 72.7158 -2.02842 0
    endloop
  endfacet
  facet normal 0.914366 0.404889 0
    outer loop
      vertex 71.7208 -0.983377 2
      vertex 71.6751 -0.880172 0
      vertex 71.6751 -0.880172 2
    endloop
  endfacet
  facet normal 0.914366 0.404889 0
    outer loop
      vertex 71.6751 -0.880172 0
      vertex 71.7208 -0.983377 2
      vertex 71.7208 -0.983377 0
    endloop
  endfacet
  facet normal 0.817606 -0.575779 0
    outer loop
      vertex 71.8876 1.27781 2
      vertex 71.9526 1.37011 0
      vertex 71.9526 1.37011 2
    endloop
  endfacet
  facet normal 0.817606 -0.575779 0
    outer loop
      vertex 71.9526 1.37011 0
      vertex 71.8876 1.27781 2
      vertex 71.8876 1.27781 0
    endloop
  endfacet
  facet normal 0.817606 0.575779 0
    outer loop
      vertex 71.9526 -1.37011 2
      vertex 71.8876 -1.27781 0
      vertex 71.8876 -1.27781 2
    endloop
  endfacet
  facet normal 0.817606 0.575779 0
    outer loop
      vertex 71.8876 -1.27781 0
      vertex 71.9526 -1.37011 2
      vertex 71.9526 -1.37011 0
    endloop
  endfacet
  facet normal 0.788125 0.615515 0
    outer loop
      vertex 72.0221 -1.4591 2
      vertex 71.9526 -1.37011 0
      vertex 71.9526 -1.37011 2
    endloop
  endfacet
  facet normal 0.788125 0.615515 0
    outer loop
      vertex 71.9526 -1.37011 0
      vertex 72.0221 -1.4591 2
      vertex 72.0221 -1.4591 0
    endloop
  endfacet
  facet normal -0.266721 -0.963774 0
    outer loop
      vertex 74.3589 2.23107 0
      vertex 74.4677 2.20096 2
      vertex 74.3589 2.23107 2
    endloop
  endfacet
  facet normal -0.266721 -0.963774 -0
    outer loop
      vertex 74.4677 2.20096 2
      vertex 74.3589 2.23107 0
      vertex 74.4677 2.20096 0
    endloop
  endfacet
  facet normal 0.757402 -0.652948 0
    outer loop
      vertex 72.0221 1.4591 2
      vertex 72.0958 1.54459 0
      vertex 72.0958 1.54459 2
    endloop
  endfacet
  facet normal 0.757402 -0.652948 0
    outer loop
      vertex 72.0958 1.54459 0
      vertex 72.0221 1.4591 2
      vertex 72.0221 1.4591 0
    endloop
  endfacet
  facet normal 0.975767 -0.218814 0
    outer loop
      vertex 71.5442 0.448708 2
      vertex 71.5689 0.558854 0
      vertex 71.5689 0.558854 2
    endloop
  endfacet
  facet normal 0.975767 -0.218814 0
    outer loop
      vertex 71.5689 0.558854 0
      vertex 71.5442 0.448708 2
      vertex 71.5442 0.448708 0
    endloop
  endfacet
  facet normal -0.313913 0.949452 0
    outer loop
      vertex 74.5748 -2.16555 0
      vertex 74.4677 -2.20096 2
      vertex 74.5748 -2.16555 2
    endloop
  endfacet
  facet normal -0.313913 0.949452 0
    outer loop
      vertex 74.4677 -2.20096 2
      vertex 74.5748 -2.16555 0
      vertex 74.4677 -2.20096 0
    endloop
  endfacet
  facet normal 0.405275 -0.914195 0
    outer loop
      vertex 72.8166 2.07917 0
      vertex 72.9198 2.12492 2
      vertex 72.8166 2.07917 2
    endloop
  endfacet
  facet normal 0.405275 -0.914195 0
    outer loop
      vertex 72.9198 2.12492 2
      vertex 72.8166 2.07917 0
      vertex 72.9198 2.12492 0
    endloop
  endfacet
  facet normal 0.844823 -0.535046 0
    outer loop
      vertex 71.8272 1.18244 2
      vertex 71.8876 1.27781 0
      vertex 71.8876 1.27781 2
    endloop
  endfacet
  facet normal 0.844823 -0.535046 0
    outer loop
      vertex 71.8876 1.27781 0
      vertex 71.8272 1.18244 2
      vertex 71.8272 1.18244 0
    endloop
  endfacet
  facet normal 0.266721 0.963774 -0
    outer loop
      vertex 73.2411 -2.23107 0
      vertex 73.1323 -2.20096 2
      vertex 73.2411 -2.23107 2
    endloop
  endfacet
  facet normal 0.266721 0.963774 0
    outer loop
      vertex 73.1323 -2.20096 2
      vertex 73.2411 -2.23107 0
      vertex 73.1323 -2.20096 0
    endloop
  endfacet
  facet normal 0.313913 0.949452 -0
    outer loop
      vertex 73.1323 -2.20096 0
      vertex 73.0252 -2.16555 2
      vertex 73.1323 -2.20096 2
    endloop
  endfacet
  facet normal 0.313913 0.949452 0
    outer loop
      vertex 73.0252 -2.16555 2
      vertex 73.1323 -2.20096 0
      vertex 73.0252 -2.16555 0
    endloop
  endfacet
  facet normal 0 0 -1
    outer loop
      vertex -22.9 -20.6 0
      vertex -22 -18.1159 0
      vertex -22 -19.7 0
    endloop
  endfacet
  facet normal 0 0 -1
    outer loop
      vertex -22 -18.1159 0
      vertex -31 -16.8 0
      vertex -22 18.1159 0
    endloop
  endfacet
  facet normal 0 0 -1
    outer loop
      vertex -22.9 -20.6 0
      vertex -22 -19.7 0
      vertex -22.0011 -19.7442 0
    endloop
  endfacet
  facet normal 0 0 -1
    outer loop
      vertex -31 16.8 0
      vertex -22 18.1159 0
      vertex -31 -16.8 0
    endloop
  endfacet
  facet normal 0 0 -1
    outer loop
      vertex -22.9 -20.6 0
      vertex -22.0011 -19.7442 0
      vertex -22.0043 -19.7882 0
    endloop
  endfacet
  facet normal 0 -0 -1
    outer loop
      vertex -26.2414 20.4165 0
      vertex -22 18.1159 0
      vertex -31 16.8 0
    endloop
  endfacet
  facet normal 0 0 -1
    outer loop
      vertex -22.9 -20.6 0
      vertex -22.0043 -19.7882 0
      vertex -22.0097 -19.8321 0
    endloop
  endfacet
  facet normal 0 -0 -1
    outer loop
      vertex -25.6968 20.6 0
      vertex -22 18.1159 0
      vertex -26.2414 20.4165 0
    endloop
  endfacet
  facet normal 0 0 -1
    outer loop
      vertex -22.9 -20.6 0
      vertex -22.0097 -19.8321 0
      vertex -22.0173 -19.8756 0
    endloop
  endfacet
  facet normal -0 -0 -1
    outer loop
      vertex -22.9 20.6 0
      vertex -22 18.1159 0
      vertex -25.6968 20.6 0
    endloop
  endfacet
  facet normal 0 0 -1
    outer loop
      vertex -22.9 -20.6 0
      vertex -22.0173 -19.8756 0
      vertex -22.027 -19.9187 0
    endloop
  endfacet
  facet normal 0 0 -1
    outer loop
      vertex -22 18.1159 0
      vertex -22.9 20.6 0
      vertex -22 19.7 0
    endloop
  endfacet
  facet normal 0 0 -1
    outer loop
      vertex -22.9 -20.6 0
      vertex -22.027 -19.9187 0
      vertex -22.0387 -19.9613 0
    endloop
  endfacet
  facet normal 0 0 -1
    outer loop
      vertex -22 19.7 0
      vertex -22.9 20.6 0
      vertex -22.0011 19.7442 0
    endloop
  endfacet
  facet normal 0 0 -1
    outer loop
      vertex -22.9 -20.6 0
      vertex -22.0387 -19.9613 0
      vertex -22.0526 -20.0032 0
    endloop
  endfacet
  facet normal 0 0 -1
    outer loop
      vertex -22.0011 19.7442 0
      vertex -22.9 20.6 0
      vertex -22.0043 19.7882 0
    endloop
  endfacet
  facet normal 0 0 -1
    outer loop
      vertex -22.9 -20.6 0
      vertex -22.0526 -20.0032 0
      vertex -22.0685 -20.0444 0
    endloop
  endfacet
  facet normal 0 0 -1
    outer loop
      vertex -22.0043 19.7882 0
      vertex -22.9 20.6 0
      vertex -22.0097 19.8321 0
    endloop
  endfacet
  facet normal 0 0 -1
    outer loop
      vertex -22.9 -20.6 0
      vertex -22.0685 -20.0444 0
      vertex -22.0864 -20.0848 0
    endloop
  endfacet
  facet normal 0 0 -1
    outer loop
      vertex -22.0097 19.8321 0
      vertex -22.9 20.6 0
      vertex -22.0173 19.8756 0
    endloop
  endfacet
  facet normal 0 0 -1
    outer loop
      vertex -22.9 -20.6 0
      vertex -22.0864 -20.0848 0
      vertex -22.1063 -20.1243 0
    endloop
  endfacet
  facet normal 0 0 -1
    outer loop
      vertex -22.0173 19.8756 0
      vertex -22.9 20.6 0
      vertex -22.027 19.9187 0
    endloop
  endfacet
  facet normal 0 0 -1
    outer loop
      vertex -22.9 -20.6 0
      vertex -22.1063 -20.1243 0
      vertex -22.128 -20.1627 0
    endloop
  endfacet
  facet normal 0 0 -1
    outer loop
      vertex -22.027 19.9187 0
      vertex -22.9 20.6 0
      vertex -22.0387 19.9613 0
    endloop
  endfacet
  facet normal 0 0 -1
    outer loop
      vertex -22.9 -20.6 0
      vertex -22.128 -20.1627 0
      vertex -22.1517 -20.2 0
    endloop
  endfacet
  facet normal 0 0 -1
    outer loop
      vertex -22.0387 19.9613 0
      vertex -22.9 20.6 0
      vertex -22.0526 20.0032 0
    endloop
  endfacet
  facet normal 0 0 -1
    outer loop
      vertex -22.9 -20.6 0
      vertex -22.1517 -20.2 0
      vertex -22.1771 -20.2361 0
    endloop
  endfacet
  facet normal 0 0 -1
    outer loop
      vertex -22.0526 20.0032 0
      vertex -22.9 20.6 0
      vertex -22.0685 20.0444 0
    endloop
  endfacet
  facet normal 0 0 -1
    outer loop
      vertex -22.9 -20.6 0
      vertex -22.1771 -20.2361 0
      vertex -22.2043 -20.271 0
    endloop
  endfacet
  facet normal 0 0 -1
    outer loop
      vertex -22.0685 20.0444 0
      vertex -22.9 20.6 0
      vertex -22.0864 20.0848 0
    endloop
  endfacet
  facet normal 0 0 -1
    outer loop
      vertex -22.9 -20.6 0
      vertex -22.2043 -20.271 0
      vertex -22.2331 -20.3044 0
    endloop
  endfacet
  facet normal 0 0 -1
    outer loop
      vertex -22.0864 20.0848 0
      vertex -22.9 20.6 0
      vertex -22.1063 20.1243 0
    endloop
  endfacet
  facet normal 0 0 -1
    outer loop
      vertex -22.9 -20.6 0
      vertex -22.2331 -20.3044 0
      vertex -22.2636 -20.3364 0
    endloop
  endfacet
  facet normal 0 0 -1
    outer loop
      vertex -22.1063 20.1243 0
      vertex -22.9 20.6 0
      vertex -22.128 20.1627 0
    endloop
  endfacet
  facet normal 0 0 -1
    outer loop
      vertex -22.9 -20.6 0
      vertex -22.2636 -20.3364 0
      vertex -22.2956 -20.3669 0
    endloop
  endfacet
  facet normal 0 0 -1
    outer loop
      vertex -22.128 20.1627 0
      vertex -22.9 20.6 0
      vertex -22.1517 20.2 0
    endloop
  endfacet
  facet normal 0 0 -1
    outer loop
      vertex -22.9 -20.6 0
      vertex -22.2956 -20.3669 0
      vertex -22.329 -20.3957 0
    endloop
  endfacet
  facet normal 0 0 -1
    outer loop
      vertex -22.1517 20.2 0
      vertex -22.9 20.6 0
      vertex -22.1771 20.2361 0
    endloop
  endfacet
  facet normal 0 0 -1
    outer loop
      vertex -22.9 -20.6 0
      vertex -22.329 -20.3957 0
      vertex -22.3639 -20.4229 0
    endloop
  endfacet
  facet normal 0 0 -1
    outer loop
      vertex -22.1771 20.2361 0
      vertex -22.9 20.6 0
      vertex -22.2043 20.271 0
    endloop
  endfacet
  facet normal 0 0 -1
    outer loop
      vertex -22.9 -20.6 0
      vertex -22.3639 -20.4229 0
      vertex -22.4 -20.4483 0
    endloop
  endfacet
  facet normal 0 0 -1
    outer loop
      vertex -22.2043 20.271 0
      vertex -22.9 20.6 0
      vertex -22.2331 20.3044 0
    endloop
  endfacet
  facet normal 0 0 -1
    outer loop
      vertex -22.9 -20.6 0
      vertex -22.4 -20.4483 0
      vertex -22.4373 -20.472 0
    endloop
  endfacet
  facet normal 0 0 -1
    outer loop
      vertex -22.2331 20.3044 0
      vertex -22.9 20.6 0
      vertex -22.2636 20.3364 0
    endloop
  endfacet
  facet normal 0 0 -1
    outer loop
      vertex -22.9 -20.6 0
      vertex -22.4373 -20.472 0
      vertex -22.4757 -20.4937 0
    endloop
  endfacet
  facet normal 0 0 -1
    outer loop
      vertex -22.2636 20.3364 0
      vertex -22.9 20.6 0
      vertex -22.2956 20.3669 0
    endloop
  endfacet
  facet normal 0 0 -1
    outer loop
      vertex -22.9 -20.6 0
      vertex -22.4757 -20.4937 0
      vertex -22.5152 -20.5136 0
    endloop
  endfacet
  facet normal 0 0 -1
    outer loop
      vertex -22.329 20.3957 0
      vertex -22.9 20.6 0
      vertex -22.3639 20.4229 0
    endloop
  endfacet
  facet normal 0 0 -1
    outer loop
      vertex -22.9 -20.6 0
      vertex -22.5152 -20.5136 0
      vertex -22.5556 -20.5315 0
    endloop
  endfacet
  facet normal 0 0 -1
    outer loop
      vertex -22.3639 20.4229 0
      vertex -22.9 20.6 0
      vertex -22.4 20.4483 0
    endloop
  endfacet
  facet normal 0 0 -1
    outer loop
      vertex -22.9 -20.6 0
      vertex -22.5556 -20.5315 0
      vertex -22.5968 -20.5474 0
    endloop
  endfacet
  facet normal 0 0 -1
    outer loop
      vertex -22.4 20.4483 0
      vertex -22.9 20.6 0
      vertex -22.4373 20.472 0
    endloop
  endfacet
  facet normal 0 0 -1
    outer loop
      vertex -22.9 -20.6 0
      vertex -22.5968 -20.5474 0
      vertex -22.6387 -20.5612 0
    endloop
  endfacet
  facet normal 0 0 -1
    outer loop
      vertex -22.4373 20.472 0
      vertex -22.9 20.6 0
      vertex -22.4757 20.4937 0
    endloop
  endfacet
  facet normal 0 0 -1
    outer loop
      vertex -22.9 -20.6 0
      vertex -22.6387 -20.5612 0
      vertex -22.6813 -20.573 0
    endloop
  endfacet
  facet normal 0 0 -1
    outer loop
      vertex -22.4757 20.4937 0
      vertex -22.9 20.6 0
      vertex -22.5152 20.5136 0
    endloop
  endfacet
  facet normal 0 0 -1
    outer loop
      vertex -22.9 -20.6 0
      vertex -22.6813 -20.573 0
      vertex -22.7244 -20.5827 0
    endloop
  endfacet
  facet normal 0 0 -1
    outer loop
      vertex -22.5556 20.5315 0
      vertex -22.9 20.6 0
      vertex -22.5968 20.5474 0
    endloop
  endfacet
  facet normal 0 0 -1
    outer loop
      vertex -22.9 -20.6 0
      vertex -22.7244 -20.5827 0
      vertex -22.7679 -20.5903 0
    endloop
  endfacet
  facet normal 0 0 -1
    outer loop
      vertex -22.5968 20.5474 0
      vertex -22.9 20.6 0
      vertex -22.6387 20.5612 0
    endloop
  endfacet
  facet normal 0 0 -1
    outer loop
      vertex -22.9 -20.6 0
      vertex -22.7679 -20.5903 0
      vertex -22.8118 -20.5957 0
    endloop
  endfacet
  facet normal 0 0 -1
    outer loop
      vertex -22.6387 20.5612 0
      vertex -22.9 20.6 0
      vertex -22.6813 20.573 0
    endloop
  endfacet
  facet normal 0 0 -1
    outer loop
      vertex -22.9 -20.6 0
      vertex -22.8118 -20.5957 0
      vertex -22.8558 -20.5989 0
    endloop
  endfacet
  facet normal 0 0 -1
    outer loop
      vertex -22.6813 20.573 0
      vertex -22.9 20.6 0
      vertex -22.7244 20.5827 0
    endloop
  endfacet
  facet normal 0 0 -1
    outer loop
      vertex -22 -18.1159 0
      vertex -22.9 -20.6 0
      vertex -25.6968 -20.6 0
    endloop
  endfacet
  facet normal 0 0 -1
    outer loop
      vertex -22.7244 20.5827 0
      vertex -22.9 20.6 0
      vertex -22.7679 20.5903 0
    endloop
  endfacet
  facet normal 0 0 -1
    outer loop
      vertex -22 -18.1159 0
      vertex -25.6968 -20.6 0
      vertex -26.2414 -20.4165 0
    endloop
  endfacet
  facet normal 0 0 -1
    outer loop
      vertex -22.7679 20.5903 0
      vertex -22.9 20.6 0
      vertex -22.8118 20.5957 0
    endloop
  endfacet
  facet normal 0 0 -1
    outer loop
      vertex -22.8118 20.5957 0
      vertex -22.9 20.6 0
      vertex -22.8558 20.5989 0
    endloop
  endfacet
  facet normal 0 0 -1
    outer loop
      vertex -26.2414 -20.4165 0
      vertex -25.6968 -20.6 0
      vertex -25.7515 -20.5983 0
    endloop
  endfacet
  facet normal 0 0 -1
    outer loop
      vertex -22.5152 20.5136 0
      vertex -22.9 20.6 0
      vertex -22.5556 20.5315 0
    endloop
  endfacet
  facet normal 0 0 -1
    outer loop
      vertex -26.2414 -20.4165 0
      vertex -25.7515 -20.5983 0
      vertex -25.7955 -20.5946 0
    endloop
  endfacet
  facet normal 0 0 -1
    outer loop
      vertex -22.2956 20.3669 0
      vertex -22.9 20.6 0
      vertex -22.329 20.3957 0
    endloop
  endfacet
  facet normal 0 0 -1
    outer loop
      vertex -26.2414 -20.4165 0
      vertex -25.7955 -20.5946 0
      vertex -25.8393 -20.5886 0
    endloop
  endfacet
  facet normal 0 0 -1
    outer loop
      vertex -25.6968 20.6 0
      vertex -26.2414 20.4165 0
      vertex -25.741 20.5989 0
    endloop
  endfacet
  facet normal 0 0 -1
    outer loop
      vertex -26.2414 -20.4165 0
      vertex -25.8393 -20.5886 0
      vertex -25.8827 -20.5806 0
    endloop
  endfacet
  facet normal 0 0 -1
    outer loop
      vertex -25.741 20.5989 0
      vertex -26.2414 20.4165 0
      vertex -25.785 20.5957 0
    endloop
  endfacet
  facet normal 0 0 -1
    outer loop
      vertex -26.2414 -20.4165 0
      vertex -25.8827 -20.5806 0
      vertex -25.9257 -20.5704 0
    endloop
  endfacet
  facet normal 0 0 -1
    outer loop
      vertex -25.785 20.5957 0
      vertex -26.2414 20.4165 0
      vertex -25.8289 20.5903 0
    endloop
  endfacet
  facet normal 0 0 -1
    outer loop
      vertex -26.2414 -20.4165 0
      vertex -25.9257 -20.5704 0
      vertex -25.9681 -20.5581 0
    endloop
  endfacet
  facet normal 0 0 -1
    outer loop
      vertex -25.8289 20.5903 0
      vertex -26.2414 20.4165 0
      vertex -25.8724 20.5827 0
    endloop
  endfacet
  facet normal 0 0 -1
    outer loop
      vertex -26.2414 -20.4165 0
      vertex -25.9681 -20.5581 0
      vertex -26.0099 -20.5438 0
    endloop
  endfacet
  facet normal 0 0 -1
    outer loop
      vertex -25.8724 20.5827 0
      vertex -26.2414 20.4165 0
      vertex -25.9155 20.573 0
    endloop
  endfacet
  facet normal 0 0 -1
    outer loop
      vertex -26.2414 -20.4165 0
      vertex -26.0099 -20.5438 0
      vertex -26.0509 -20.5274 0
    endloop
  endfacet
  facet normal 0 0 -1
    outer loop
      vertex -26 20.5474 0
      vertex -26.2414 20.4165 0
      vertex -26.0412 20.5315 0
    endloop
  endfacet
  facet normal 0 0 -1
    outer loop
      vertex -26.2414 -20.4165 0
      vertex -26.0509 -20.5274 0
      vertex -26.0911 -20.509 0
    endloop
  endfacet
  facet normal 0 0 -1
    outer loop
      vertex -26.0412 20.5315 0
      vertex -26.2414 20.4165 0
      vertex -26.0816 20.5136 0
    endloop
  endfacet
  facet normal 0 0 -1
    outer loop
      vertex -26.2414 -20.4165 0
      vertex -26.0911 -20.509 0
      vertex -26.1303 -20.4887 0
    endloop
  endfacet
  facet normal 0 0 -1
    outer loop
      vertex -26.0816 20.5136 0
      vertex -26.2414 20.4165 0
      vertex -26.121 20.4937 0
    endloop
  endfacet
  facet normal 0 0 -1
    outer loop
      vertex -26.2414 -20.4165 0
      vertex -26.1303 -20.4887 0
      vertex -26.1685 -20.4665 0
    endloop
  endfacet
  facet normal 0 0 -1
    outer loop
      vertex -26.121 20.4937 0
      vertex -26.2414 20.4165 0
      vertex -26.1595 20.472 0
    endloop
  endfacet
  facet normal 0 0 -1
    outer loop
      vertex -26.2414 -20.4165 0
      vertex -26.1685 -20.4665 0
      vertex -26.2056 -20.4424 0
    endloop
  endfacet
  facet normal -0 0 -1
    outer loop
      vertex -22 -18.1159 0
      vertex -26.2414 -20.4165 0
      vertex -31 -16.8 0
    endloop
  endfacet
  facet normal 0 0 -1
    outer loop
      vertex -26.1595 20.472 0
      vertex -26.2414 20.4165 0
      vertex -26.1968 20.4483 0
    endloop
  endfacet
  facet normal 0 0 -1
    outer loop
      vertex -25.9155 20.573 0
      vertex -26.2414 20.4165 0
      vertex -25.9581 20.5612 0
    endloop
  endfacet
  facet normal 0 0 -1
    outer loop
      vertex -25.9581 20.5612 0
      vertex -26.2414 20.4165 0
      vertex -26 20.5474 0
    endloop
  endfacet
  facet normal 0 0 -1
    outer loop
      vertex -31 -16.8 0
      vertex -71.5 0 0
      vertex -31 16.8 0
    endloop
  endfacet
  facet normal 0 0 -1
    outer loop
      vertex -31 -16.8 0
      vertex -71.5028 -0.112855 0
      vertex -71.5 0 0
    endloop
  endfacet
  facet normal 0 0 -1
    outer loop
      vertex -31 -16.8 0
      vertex -71.5111 -0.225439 0
      vertex -71.5028 -0.112855 0
    endloop
  endfacet
  facet normal 0 0 -1
    outer loop
      vertex -31 -16.8 0
      vertex -71.5249 -0.33748 0
      vertex -71.5111 -0.225439 0
    endloop
  endfacet
  facet normal 0 0 -1
    outer loop
      vertex -31 -16.8 0
      vertex -71.5442 -0.448708 0
      vertex -71.5249 -0.33748 0
    endloop
  endfacet
  facet normal 0 0 -1
    outer loop
      vertex -31 -16.8 0
      vertex -71.5689 -0.558854 0
      vertex -71.5442 -0.448708 0
    endloop
  endfacet
  facet normal 0 0 -1
    outer loop
      vertex -31 -16.8 0
      vertex -71.599 -0.667654 0
      vertex -71.5689 -0.558854 0
    endloop
  endfacet
  facet normal 0 0 -1
    outer loop
      vertex -31 -16.8 0
      vertex -71.6344 -0.774846 0
      vertex -71.599 -0.667654 0
    endloop
  endfacet
  facet normal 0 0 -1
    outer loop
      vertex -31 -16.8 0
      vertex -71.6751 -0.880172 0
      vertex -71.6344 -0.774846 0
    endloop
  endfacet
  facet normal 0 0 -1
    outer loop
      vertex -31 -16.8 0
      vertex -71.7208 -0.983377 0
      vertex -71.6751 -0.880172 0
    endloop
  endfacet
  facet normal 0 0 -1
    outer loop
      vertex -72.5933 -16.8 0
      vertex -71.7208 -0.983377 0
      vertex -31 -16.8 0
    endloop
  endfacet
  facet normal 0 0 -1
    outer loop
      vertex -71.7208 -0.983377 0
      vertex -72.5933 -16.8 0
      vertex -71.7716 -1.08421 0
    endloop
  endfacet
  facet normal 0 0 -1
    outer loop
      vertex -71.7716 -1.08421 0
      vertex -72.5933 -16.8 0
      vertex -71.8272 -1.18244 0
    endloop
  endfacet
  facet normal 0 0 -1
    outer loop
      vertex -71.8272 -1.18244 0
      vertex -72.5933 -16.8 0
      vertex -71.8876 -1.27781 0
    endloop
  endfacet
  facet normal 0 0 -1
    outer loop
      vertex -71.8876 -1.27781 0
      vertex -72.5933 -16.8 0
      vertex -71.9526 -1.37011 0
    endloop
  endfacet
  facet normal 0 0 -1
    outer loop
      vertex -71.9526 -1.37011 0
      vertex -72.5933 -16.8 0
      vertex -72.0221 -1.4591 0
    endloop
  endfacet
  facet normal 0 0 -1
    outer loop
      vertex -72.0221 -1.4591 0
      vertex -72.5933 -16.8 0
      vertex -72.0958 -1.54459 0
    endloop
  endfacet
  facet normal 0 0 -1
    outer loop
      vertex -72.0958 -1.54459 0
      vertex -72.5933 -16.8 0
      vertex -72.1737 -1.62634 0
    endloop
  endfacet
  facet normal 0 0 -1
    outer loop
      vertex -72.1737 -1.62634 0
      vertex -72.5933 -16.8 0
      vertex -72.2554 -1.70419 0
    endloop
  endfacet
  facet normal 0 0 -1
    outer loop
      vertex -72.2554 -1.70419 0
      vertex -72.5933 -16.8 0
      vertex -72.3409 -1.77792 0
    endloop
  endfacet
  facet normal 0 0 -1
    outer loop
      vertex -72.3409 -1.77792 0
      vertex -72.5933 -16.8 0
      vertex -72.4299 -1.84738 0
    endloop
  endfacet
  facet normal 0 0 -1
    outer loop
      vertex -72.4299 -1.84738 0
      vertex -72.5933 -16.8 0
      vertex -72.5222 -1.91238 0
    endloop
  endfacet
  facet normal 0 0 -1
    outer loop
      vertex -72.5933 -16.8 0
      vertex -72.6176 -1.97278 0
      vertex -72.5222 -1.91238 0
    endloop
  endfacet
  facet normal 0 0 -1
    outer loop
      vertex -73.4276 -16.2377 0
      vertex -72.5933 -16.8 0
      vertex -72.6448 -16.7985 0
    endloop
  endfacet
  facet normal 0 0 -1
    outer loop
      vertex -73.4276 -16.2377 0
      vertex -72.6448 -16.7985 0
      vertex -72.6888 -16.7949 0
    endloop
  endfacet
  facet normal 0 0 -1
    outer loop
      vertex -72.5933 -16.8 0
      vertex -73.4276 -16.2377 0
      vertex -72.6176 -1.97278 0
    endloop
  endfacet
  facet normal 0 0 -1
    outer loop
      vertex -73.4276 -16.2377 0
      vertex -72.6888 -16.7949 0
      vertex -72.7326 -16.7892 0
    endloop
  endfacet
  facet normal 0 0 -1
    outer loop
      vertex -73.4276 -16.2377 0
      vertex -72.7326 -16.7892 0
      vertex -72.7761 -16.7812 0
    endloop
  endfacet
  facet normal 0 0 -1
    outer loop
      vertex -72.6176 -1.97278 0
      vertex -73.4276 -16.2377 0
      vertex -72.7158 -2.02842 0
    endloop
  endfacet
  facet normal 0 0 -1
    outer loop
      vertex -73.4276 -16.2377 0
      vertex -72.7761 -16.7812 0
      vertex -72.8191 -16.7712 0
    endloop
  endfacet
  facet normal 0 0 -1
    outer loop
      vertex -73.4276 -16.2377 0
      vertex -72.8191 -16.7712 0
      vertex -72.8616 -16.7591 0
    endloop
  endfacet
  facet normal 0 0 -1
    outer loop
      vertex -73.4276 -16.2377 0
      vertex -72.8616 -16.7591 0
      vertex -72.9034 -16.7449 0
    endloop
  endfacet
  facet normal 0 0 -1
    outer loop
      vertex -72.7158 -2.02842 0
      vertex -73.4276 -16.2377 0
      vertex -72.8166 -2.07917 0
    endloop
  endfacet
  facet normal 0 0 -1
    outer loop
      vertex -73.4276 -16.2377 0
      vertex -72.9034 -16.7449 0
      vertex -72.9445 -16.7287 0
    endloop
  endfacet
  facet normal 0 0 -1
    outer loop
      vertex -73.4276 -16.2377 0
      vertex -72.9445 -16.7287 0
      vertex -72.9847 -16.7104 0
    endloop
  endfacet
  facet normal 0 0 -1
    outer loop
      vertex -73.4276 -16.2377 0
      vertex -72.9847 -16.7104 0
      vertex -73.024 -16.6903 0
    endloop
  endfacet
  facet normal 0 0 -1
    outer loop
      vertex -72.8166 -2.07917 0
      vertex -73.4276 -16.2377 0
      vertex -72.9198 -2.12492 0
    endloop
  endfacet
  facet normal 0 0 -1
    outer loop
      vertex -73.4276 -16.2377 0
      vertex -73.024 -16.6903 0
      vertex -73.0623 -16.6682 0
    endloop
  endfacet
  facet normal 0 0 -1
    outer loop
      vertex -73.4276 -16.2377 0
      vertex -73.0623 -16.6682 0
      vertex -73.0994 -16.6442 0
    endloop
  endfacet
  facet normal 0 0 -1
    outer loop
      vertex -72.9198 -2.12492 0
      vertex -73.4276 -16.2377 0
      vertex -73.0252 -2.16555 0
    endloop
  endfacet
  facet normal 0 0 -1
    outer loop
      vertex -73.4276 -16.2377 0
      vertex -73.0994 -16.6442 0
      vertex -73.1353 -16.6185 0
    endloop
  endfacet
  facet normal 0 0 -1
    outer loop
      vertex -73.4276 -16.2377 0
      vertex -73.1353 -16.6185 0
      vertex -73.1699 -16.5911 0
    endloop
  endfacet
  facet normal 0 0 -1
    outer loop
      vertex -73.4276 -16.2377 0
      vertex -73.1699 -16.5911 0
      vertex -73.2031 -16.5619 0
    endloop
  endfacet
  facet normal 0 0 -1
    outer loop
      vertex -73.4276 -16.2377 0
      vertex -73.2031 -16.5619 0
      vertex -73.2349 -16.5312 0
    endloop
  endfacet
  facet normal 0 0 -1
    outer loop
      vertex -73.0252 -2.16555 0
      vertex -73.4276 -16.2377 0
      vertex -73.1323 -2.20096 0
    endloop
  endfacet
  facet normal 0 0 -1
    outer loop
      vertex -73.4276 -16.2377 0
      vertex -73.2349 -16.5312 0
      vertex -73.2651 -16.499 0
    endloop
  endfacet
  facet normal 0 0 -1
    outer loop
      vertex -73.4276 -16.2377 0
      vertex -73.2651 -16.499 0
      vertex -73.2936 -16.4653 0
    endloop
  endfacet
  facet normal 0 0 -1
    outer loop
      vertex -73.4276 -16.2377 0
      vertex -73.2936 -16.4653 0
      vertex -73.3205 -16.4303 0
    endloop
  endfacet
  facet normal 0 0 -1
    outer loop
      vertex -73.4276 -16.2377 0
      vertex -73.3205 -16.4303 0
      vertex -73.3457 -16.3939 0
    endloop
  endfacet
  facet normal 0 0 -1
    outer loop
      vertex -73.1323 -2.20096 0
      vertex -73.4276 -16.2377 0
      vertex -73.2411 -2.23107 0
    endloop
  endfacet
  facet normal 0 0 -1
    outer loop
      vertex -73.4276 -16.2377 0
      vertex -73.3457 -16.3939 0
      vertex -73.369 -16.3564 0
    endloop
  endfacet
  facet normal 0 0 -1
    outer loop
      vertex -73.4276 -16.2377 0
      vertex -73.369 -16.3564 0
      vertex -73.3905 -16.3178 0
    endloop
  endfacet
  facet normal 0 0 -1
    outer loop
      vertex -73.4276 -16.2377 0
      vertex -73.3905 -16.3178 0
      vertex -73.41 -16.2782 0
    endloop
  endfacet
  facet normal 0 0 -1
    outer loop
      vertex -73.2411 -2.23107 0
      vertex -73.4276 -16.2377 0
      vertex -73.3513 -2.25581 0
    endloop
  endfacet
  facet normal 0 0 -1
    outer loop
      vertex -73.4276 -16.2377 0
      vertex -73.4625 -2.27511 0
      vertex -73.3513 -2.25581 0
    endloop
  endfacet
  facet normal 0 0 -1
    outer loop
      vertex -73.4276 -16.2377 0
      vertex -73.5746 -2.28892 0
      vertex -73.4625 -2.27511 0
    endloop
  endfacet
  facet normal 0 0 -1
    outer loop
      vertex -73.4276 -16.2377 0
      vertex -73.6871 -2.29723 0
      vertex -73.5746 -2.28892 0
    endloop
  endfacet
  facet normal 0 0 -1
    outer loop
      vertex -73.4276 -16.2377 0
      vertex -73.8 -2.3 0
      vertex -73.6871 -2.29723 0
    endloop
  endfacet
  facet normal 0 0 -1
    outer loop
      vertex -73.4276 -16.2377 0
      vertex -73.9129 -2.29723 0
      vertex -73.8 -2.3 0
    endloop
  endfacet
  facet normal 0 0 -1
    outer loop
      vertex -73.4276 -16.2377 0
      vertex -74.0254 -2.28892 0
      vertex -73.9129 -2.29723 0
    endloop
  endfacet
  facet normal 0 0 -1
    outer loop
      vertex -73.4276 -16.2377 0
      vertex -74.1375 -2.27511 0
      vertex -74.0254 -2.28892 0
    endloop
  endfacet
  facet normal 0 0 -1
    outer loop
      vertex -73.4276 -16.2377 0
      vertex -74.2487 -2.25581 0
      vertex -74.1375 -2.27511 0
    endloop
  endfacet
  facet normal 0 0 -1
    outer loop
      vertex -73.4276 -16.2377 0
      vertex -74.3589 -2.23107 0
      vertex -74.2487 -2.25581 0
    endloop
  endfacet
  facet normal 0 0 -1
    outer loop
      vertex -73.4276 -16.2377 0
      vertex -74.4677 -2.20096 0
      vertex -74.3589 -2.23107 0
    endloop
  endfacet
  facet normal 0 0 -1
    outer loop
      vertex -73.4276 -16.2377 0
      vertex -74.5748 -2.16555 0
      vertex -74.4677 -2.20096 0
    endloop
  endfacet
  facet normal 0 0 -1
    outer loop
      vertex -73.4276 -16.2377 0
      vertex -74.6802 -2.12492 0
      vertex -74.5748 -2.16555 0
    endloop
  endfacet
  facet normal 0 0 -1
    outer loop
      vertex -73.4276 -16.2377 0
      vertex -74.7834 -2.07917 0
      vertex -74.6802 -2.12492 0
    endloop
  endfacet
  facet normal 0 0 -1
    outer loop
      vertex -73.4276 -16.2377 0
      vertex -74.8842 -2.02842 0
      vertex -74.7834 -2.07917 0
    endloop
  endfacet
  facet normal 0 0 -1
    outer loop
      vertex -73.4276 -16.2377 0
      vertex -74.9824 -1.97278 0
      vertex -74.8842 -2.02842 0
    endloop
  endfacet
  facet normal 0 0 -1
    outer loop
      vertex -73.4276 -16.2377 0
      vertex -75.0778 -1.91238 0
      vertex -74.9824 -1.97278 0
    endloop
  endfacet
  facet normal 0 0 -1
    outer loop
      vertex -79.8633 -0.337677 0
      vertex -75.0778 -1.91238 0
      vertex -73.4276 -16.2377 0
    endloop
  endfacet
  facet normal 0 0 -1
    outer loop
      vertex -75.0778 -1.91238 0
      vertex -79.8633 -0.337677 0
      vertex -75.1701 -1.84738 0
    endloop
  endfacet
  facet normal 0 0 -1
    outer loop
      vertex -75.1701 -1.84738 0
      vertex -79.8633 -0.337677 0
      vertex -75.2591 -1.77792 0
    endloop
  endfacet
  facet normal 0 0 -1
    outer loop
      vertex -75.2591 -1.77792 0
      vertex -79.8633 -0.337677 0
      vertex -75.3446 -1.70419 0
    endloop
  endfacet
  facet normal 0 0 -1
    outer loop
      vertex -75.3446 -1.70419 0
      vertex -79.8633 -0.337677 0
      vertex -75.4263 -1.62634 0
    endloop
  endfacet
  facet normal 0 0 -1
    outer loop
      vertex -75.4263 -1.62634 0
      vertex -79.8633 -0.337677 0
      vertex -75.5042 -1.54459 0
    endloop
  endfacet
  facet normal 0 0 -1
    outer loop
      vertex -75.5042 -1.54459 0
      vertex -79.8633 -0.337677 0
      vertex -75.5779 -1.4591 0
    endloop
  endfacet
  facet normal 0 0 -1
    outer loop
      vertex -75.5779 -1.4591 0
      vertex -79.8633 -0.337677 0
      vertex -75.6474 -1.37011 0
    endloop
  endfacet
  facet normal 0 0 -1
    outer loop
      vertex -75.6474 -1.37011 0
      vertex -79.8633 -0.337677 0
      vertex -75.7124 -1.27781 0
    endloop
  endfacet
  facet normal 0 0 -1
    outer loop
      vertex -75.7124 -1.27781 0
      vertex -79.8633 -0.337677 0
      vertex -75.7728 -1.18244 0
    endloop
  endfacet
  facet normal 0 0 -1
    outer loop
      vertex -75.7728 -1.18244 0
      vertex -79.8633 -0.337677 0
      vertex -75.8284 -1.08421 0
    endloop
  endfacet
  facet normal 0 0 -1
    outer loop
      vertex -75.8284 -1.08421 0
      vertex -79.8633 -0.337677 0
      vertex -75.8792 -0.983377 0
    endloop
  endfacet
  facet normal 0 0 -1
    outer loop
      vertex -75.8792 -0.983377 0
      vertex -79.8633 -0.337677 0
      vertex -75.9249 -0.880172 0
    endloop
  endfacet
  facet normal 0 0 -1
    outer loop
      vertex -75.9249 -0.880172 0
      vertex -79.8633 -0.337677 0
      vertex -75.9656 -0.774846 0
    endloop
  endfacet
  facet normal 0 0 -1
    outer loop
      vertex -75.9656 -0.774846 0
      vertex -79.8633 -0.337677 0
      vertex -76.001 -0.667654 0
    endloop
  endfacet
  facet normal 0 0 -1
    outer loop
      vertex -76.001 -0.667654 0
      vertex -79.8633 -0.337677 0
      vertex -76.0311 -0.558854 0
    endloop
  endfacet
  facet normal 0 0 -1
    outer loop
      vertex -76.0311 -0.558854 0
      vertex -79.8633 -0.337677 0
      vertex -76.0558 -0.448708 0
    endloop
  endfacet
  facet normal -0 0 -1
    outer loop
      vertex -76.0972 -0.112855 0
      vertex -79.8633 -0.337677 0
      vertex -76.1 0 0
    endloop
  endfacet
  facet normal -0 0 -1
    outer loop
      vertex -76.0889 -0.225439 0
      vertex -79.8633 -0.337677 0
      vertex -76.0972 -0.112855 0
    endloop
  endfacet
  facet normal -0 0 -1
    outer loop
      vertex -76.0751 -0.33748 0
      vertex -79.8633 -0.337677 0
      vertex -76.0889 -0.225439 0
    endloop
  endfacet
  facet normal 0 0 -1
    outer loop
      vertex -76.0558 -0.448708 0
      vertex -79.8633 -0.337677 0
      vertex -76.0751 -0.33748 0
    endloop
  endfacet
  facet normal 0 0 -1
    outer loop
      vertex 21.1314 -19.1228 0
      vertex 22 18.1159 0
      vertex 22 -18.1159 0
    endloop
  endfacet
  facet normal 0 0 -1
    outer loop
      vertex 21.1314 -19.1228 0
      vertex 21.1314 19.1228 0
      vertex 22 18.1159 0
    endloop
  endfacet
  facet normal 0 0 -1
    outer loop
      vertex 21.1017 -19.1555 0
      vertex 21.1314 19.1228 0
      vertex 21.1314 -19.1228 0
    endloop
  endfacet
  facet normal 0 0 -1
    outer loop
      vertex 21.1017 -19.1555 0
      vertex 21.1017 19.1555 0
      vertex 21.1314 19.1228 0
    endloop
  endfacet
  facet normal 0 0 -1
    outer loop
      vertex 20.1678 -20.1365 0
      vertex 21.1017 19.1555 0
      vertex 21.1017 -19.1555 0
    endloop
  endfacet
  facet normal 0 0 -1
    outer loop
      vertex 20.1678 -20.1365 0
      vertex 20.1678 20.1365 0
      vertex 21.1017 19.1555 0
    endloop
  endfacet
  facet normal 0 0 -1
    outer loop
      vertex 20.1365 -20.1678 0
      vertex 20.1678 20.1365 0
      vertex 20.1678 -20.1365 0
    endloop
  endfacet
  facet normal 0 0 -1
    outer loop
      vertex 20.1365 -20.1678 0
      vertex 20.1365 20.1678 0
      vertex 20.1678 20.1365 0
    endloop
  endfacet
  facet normal 0 0 -1
    outer loop
      vertex 19.1555 -21.1017 0
      vertex 20.1365 20.1678 0
      vertex 20.1365 -20.1678 0
    endloop
  endfacet
  facet normal 0 0 -1
    outer loop
      vertex 19.1555 -21.1017 0
      vertex 19.1555 21.1017 0
      vertex 20.1365 20.1678 0
    endloop
  endfacet
  facet normal 0 0 -1
    outer loop
      vertex 19.1228 -21.1314 0
      vertex 19.1555 21.1017 0
      vertex 19.1555 -21.1017 0
    endloop
  endfacet
  facet normal 0 0 -1
    outer loop
      vertex 19.1228 -21.1314 0
      vertex 19.1228 21.1314 0
      vertex 19.1555 21.1017 0
    endloop
  endfacet
  facet normal 0 0 -1
    outer loop
      vertex 18.097 -22.0163 0
      vertex 19.1228 21.1314 0
      vertex 19.1228 -21.1314 0
    endloop
  endfacet
  facet normal 0 0 -1
    outer loop
      vertex 18.097 -22.0163 0
      vertex 18.097 22.0163 0
      vertex 19.1228 21.1314 0
    endloop
  endfacet
  facet normal 0 0 -1
    outer loop
      vertex 18.0628 -22.0443 0
      vertex 18.097 22.0163 0
      vertex 18.097 -22.0163 0
    endloop
  endfacet
  facet normal 0 0 -1
    outer loop
      vertex 18.0628 -22.0443 0
      vertex 18.0628 22.0443 0
      vertex 18.097 22.0163 0
    endloop
  endfacet
  facet normal 0 0 -1
    outer loop
      vertex 16.9946 -22.878 0
      vertex 18.0628 22.0443 0
      vertex 18.0628 -22.0443 0
    endloop
  endfacet
  facet normal 0 0 -1
    outer loop
      vertex 16.9946 -22.878 0
      vertex 16.9946 22.878 0
      vertex 18.0628 22.0443 0
    endloop
  endfacet
  facet normal 0 0 -1
    outer loop
      vertex 16.9591 -22.9043 0
      vertex 16.9946 22.878 0
      vertex 16.9946 -22.878 0
    endloop
  endfacet
  facet normal 0 0 -1
    outer loop
      vertex 16.9591 -22.9043 0
      vertex 16.9591 22.9043 0
      vertex 16.9946 22.878 0
    endloop
  endfacet
  facet normal 0 0 -1
    outer loop
      vertex 15.8517 -23.6842 0
      vertex 16.9591 22.9043 0
      vertex 16.9591 -22.9043 0
    endloop
  endfacet
  facet normal 0 0 -1
    outer loop
      vertex 15.8517 -23.6842 0
      vertex 15.8517 23.6842 0
      vertex 16.9591 22.9043 0
    endloop
  endfacet
  facet normal 0 0 -1
    outer loop
      vertex 15.815 -23.7087 0
      vertex 15.8517 23.6842 0
      vertex 15.8517 -23.6842 0
    endloop
  endfacet
  facet normal 0 0 -1
    outer loop
      vertex 15.815 -23.7087 0
      vertex 15.815 23.7087 0
      vertex 15.8517 23.6842 0
    endloop
  endfacet
  facet normal 0 0 -1
    outer loop
      vertex 14.6709 -24.4332 0
      vertex 15.815 23.7087 0
      vertex 15.815 -23.7087 0
    endloop
  endfacet
  facet normal 0 0 -1
    outer loop
      vertex 14.6709 -24.4332 0
      vertex 14.6709 24.4332 0
      vertex 15.815 23.7087 0
    endloop
  endfacet
  facet normal 0 0 -1
    outer loop
      vertex 14.633 -24.456 0
      vertex 14.6709 24.4332 0
      vertex 14.6709 -24.4332 0
    endloop
  endfacet
  facet normal 0 0 -1
    outer loop
      vertex 14.633 -24.456 0
      vertex 14.633 24.456 0
      vertex 14.6709 24.4332 0
    endloop
  endfacet
  facet normal 0 0 -1
    outer loop
      vertex 13.4537 -25.124 0
      vertex 14.633 24.456 0
      vertex 14.633 -24.456 0
    endloop
  endfacet
  facet normal 0 0 -1
    outer loop
      vertex 13.4537 -25.124 0
      vertex 13.4537 25.124 0
      vertex 14.633 24.456 0
    endloop
  endfacet
  facet normal 0 0 -1
    outer loop
      vertex 13.4148 -25.1448 0
      vertex 13.4537 25.124 0
      vertex 13.4537 -25.124 0
    endloop
  endfacet
  facet normal 0 0 -1
    outer loop
      vertex 13.4148 -25.1448 0
      vertex 13.4148 25.1448 0
      vertex 13.4537 25.124 0
    endloop
  endfacet
  facet normal 0 0 -1
    outer loop
      vertex 12.2051 -25.7537 0
      vertex 13.4148 25.1448 0
      vertex 13.4148 -25.1448 0
    endloop
  endfacet
  facet normal 0 0 -1
    outer loop
      vertex 12.2051 -25.7537 0
      vertex 12.2051 25.7537 0
      vertex 13.4148 25.1448 0
    endloop
  endfacet
  facet normal 0 0 -1
    outer loop
      vertex 12.1652 -25.7726 0
      vertex 12.2051 25.7537 0
      vertex 12.2051 -25.7537 0
    endloop
  endfacet
  facet normal 0 0 -1
    outer loop
      vertex 12.1652 -25.7726 0
      vertex 12.1652 25.7726 0
      vertex 12.2051 25.7537 0
    endloop
  endfacet
  facet normal 0 0 -1
    outer loop
      vertex 10.9267 -26.3216 0
      vertex 12.1652 25.7726 0
      vertex 12.1652 -25.7726 0
    endloop
  endfacet
  facet normal 0 0 -1
    outer loop
      vertex 10.9267 -26.3216 0
      vertex 10.9267 26.3216 0
      vertex 12.1652 25.7726 0
    endloop
  endfacet
  facet normal 0 0 -1
    outer loop
      vertex 10.8858 -26.3385 0
      vertex 10.9267 26.3216 0
      vertex 10.9267 -26.3216 0
    endloop
  endfacet
  facet normal 0 0 -1
    outer loop
      vertex 10.8858 -26.3385 0
      vertex 10.8858 26.3385 0
      vertex 10.9267 26.3216 0
    endloop
  endfacet
  facet normal 0 0 -1
    outer loop
      vertex 9.62195 -26.826 0
      vertex 10.8858 26.3385 0
      vertex 10.8858 -26.3385 0
    endloop
  endfacet
  facet normal 0 0 -1
    outer loop
      vertex 9.62195 -26.826 0
      vertex 9.62195 26.826 0
      vertex 10.8858 26.3385 0
    endloop
  endfacet
  facet normal 0 0 -1
    outer loop
      vertex 9.58037 -26.8409 0
      vertex 9.62195 26.826 0
      vertex 9.62195 -26.826 0
    endloop
  endfacet
  facet normal 0 0 -1
    outer loop
      vertex 9.58037 -26.8409 0
      vertex 9.58037 26.8409 0
      vertex 9.62195 26.826 0
    endloop
  endfacet
  facet normal 0 0 -1
    outer loop
      vertex 8.2942 -27.2658 0
      vertex 9.58037 26.8409 0
      vertex 9.58037 -26.8409 0
    endloop
  endfacet
  facet normal 0 0 -1
    outer loop
      vertex 8.2942 -27.2658 0
      vertex 8.2942 27.2658 0
      vertex 9.58037 26.8409 0
    endloop
  endfacet
  facet normal 0 0 -1
    outer loop
      vertex 8.25194 -27.2787 0
      vertex 8.2942 27.2658 0
      vertex 8.2942 -27.2658 0
    endloop
  endfacet
  facet normal 0 0 -1
    outer loop
      vertex 8.25194 -27.2787 0
      vertex 8.25194 27.2787 0
      vertex 8.2942 27.2658 0
    endloop
  endfacet
  facet normal 0 0 -1
    outer loop
      vertex 6.94612 -27.64 0
      vertex 8.25194 27.2787 0
      vertex 8.25194 -27.2787 0
    endloop
  endfacet
  facet normal 0 0 -1
    outer loop
      vertex 6.94612 -27.64 0
      vertex 6.94612 27.64 0
      vertex 8.25194 27.2787 0
    endloop
  endfacet
  facet normal 0 0 -1
    outer loop
      vertex 6.90326 -27.6508 0
      vertex 6.94612 27.64 0
      vertex 6.94612 -27.64 0
    endloop
  endfacet
  facet normal 0 0 -1
    outer loop
      vertex 6.90326 -27.6508 0
      vertex 6.90326 27.6508 0
      vertex 6.94612 27.64 0
    endloop
  endfacet
  facet normal 0 0 -1
    outer loop
      vertex 5.58171 -27.9475 0
      vertex 6.90326 27.6508 0
      vertex 6.90326 -27.6508 0
    endloop
  endfacet
  facet normal 0 0 -1
    outer loop
      vertex 5.58171 -27.9475 0
      vertex 5.58171 27.9475 0
      vertex 6.90326 27.6508 0
    endloop
  endfacet
  facet normal 0 0 -1
    outer loop
      vertex 5.53839 -27.9561 0
      vertex 5.58171 27.9475 0
      vertex 5.58171 -27.9475 0
    endloop
  endfacet
  facet normal 0 0 -1
    outer loop
      vertex 5.53839 -27.9561 0
      vertex 5.53839 27.9561 0
      vertex 5.58171 27.9475 0
    endloop
  endfacet
  facet normal 0 0 -1
    outer loop
      vertex 4.20363 -28.1877 0
      vertex 5.53839 27.9561 0
      vertex 5.53839 -27.9561 0
    endloop
  endfacet
  facet normal 0 0 -1
    outer loop
      vertex 4.20363 -28.1877 0
      vertex 4.20363 28.1877 0
      vertex 5.53839 27.9561 0
    endloop
  endfacet
  facet normal 0 0 -1
    outer loop
      vertex 4.15993 -28.1942 0
      vertex 4.20363 28.1877 0
      vertex 4.20363 -28.1877 0
    endloop
  endfacet
  facet normal 0 0 -1
    outer loop
      vertex 4.15993 -28.1942 0
      vertex 4.15993 28.1942 0
      vertex 4.20363 28.1877 0
    endloop
  endfacet
  facet normal 0 0 -1
    outer loop
      vertex 2.81549 -28.36 0
      vertex 4.15993 28.1942 0
      vertex 4.15993 -28.1942 0
    endloop
  endfacet
  facet normal 0 0 -1
    outer loop
      vertex 2.81549 -28.36 0
      vertex 2.81549 28.36 0
      vertex 4.15993 28.1942 0
    endloop
  endfacet
  facet normal 0 0 -1
    outer loop
      vertex 2.77153 -28.3644 0
      vertex 2.81549 28.36 0
      vertex 2.81549 -28.36 0
    endloop
  endfacet
  facet normal 0 0 -1
    outer loop
      vertex 2.77153 -28.3644 0
      vertex 2.77153 28.3644 0
      vertex 2.81549 28.36 0
    endloop
  endfacet
  facet normal 0 0 -1
    outer loop
      vertex 1.42044 -28.4641 0
      vertex 2.77153 28.3644 0
      vertex 2.77153 -28.3644 0
    endloop
  endfacet
  facet normal 0 0 -1
    outer loop
      vertex 1.42044 -28.4641 0
      vertex 1.42044 28.4641 0
      vertex 2.77153 28.3644 0
    endloop
  endfacet
  facet normal 0 0 -1
    outer loop
      vertex 1.37631 -28.4662 0
      vertex 1.42044 28.4641 0
      vertex 1.42044 -28.4641 0
    endloop
  endfacet
  facet normal 0 0 -1
    outer loop
      vertex 1.37631 -28.4662 0
      vertex 1.37631 28.4662 0
      vertex 1.42044 28.4641 0
    endloop
  endfacet
  facet normal 0 0 -1
    outer loop
      vertex 0.0220795 -28.4995 0
      vertex 1.37631 28.4662 0
      vertex 1.37631 -28.4662 0
    endloop
  endfacet
  facet normal 0 0 -1
    outer loop
      vertex 0.0220795 -28.4995 0
      vertex 0.0220795 28.4995 0
      vertex 1.37631 28.4662 0
    endloop
  endfacet
  facet normal 0 0 -1
    outer loop
      vertex -0.0220795 -28.4995 0
      vertex 0.0220795 28.4995 0
      vertex 0.0220795 -28.4995 0
    endloop
  endfacet
  facet normal 0 0 -1
    outer loop
      vertex -0.0220795 -28.4995 0
      vertex -0.0220795 28.4995 0
      vertex 0.0220795 28.4995 0
    endloop
  endfacet
  facet normal 0 0 -1
    outer loop
      vertex -1.37631 -28.4662 0
      vertex -0.0220795 28.4995 0
      vertex -0.0220795 -28.4995 0
    endloop
  endfacet
  facet normal 0 0 -1
    outer loop
      vertex -1.37631 -28.4662 0
      vertex -1.37631 28.4662 0
      vertex -0.0220795 28.4995 0
    endloop
  endfacet
  facet normal 0 0 -1
    outer loop
      vertex -1.42044 -28.4641 0
      vertex -1.37631 28.4662 0
      vertex -1.37631 -28.4662 0
    endloop
  endfacet
  facet normal 0 0 -1
    outer loop
      vertex -1.42044 -28.4641 0
      vertex -1.42044 28.4641 0
      vertex -1.37631 28.4662 0
    endloop
  endfacet
  facet normal 0 0 -1
    outer loop
      vertex -2.77153 -28.3644 0
      vertex -1.42044 28.4641 0
      vertex -1.42044 -28.4641 0
    endloop
  endfacet
  facet normal 0 0 -1
    outer loop
      vertex -2.77153 -28.3644 0
      vertex -2.77153 28.3644 0
      vertex -1.42044 28.4641 0
    endloop
  endfacet
  facet normal 0 0 -1
    outer loop
      vertex -2.81549 -28.36 0
      vertex -2.77153 28.3644 0
      vertex -2.77153 -28.3644 0
    endloop
  endfacet
  facet normal 0 0 -1
    outer loop
      vertex -2.81549 -28.36 0
      vertex -2.81549 28.36 0
      vertex -2.77153 28.3644 0
    endloop
  endfacet
  facet normal 0 0 -1
    outer loop
      vertex -4.15993 -28.1942 0
      vertex -2.81549 28.36 0
      vertex -2.81549 -28.36 0
    endloop
  endfacet
  facet normal 0 0 -1
    outer loop
      vertex -4.15993 -28.1942 0
      vertex -4.15993 28.1942 0
      vertex -2.81549 28.36 0
    endloop
  endfacet
  facet normal 0 0 -1
    outer loop
      vertex -4.20363 -28.1877 0
      vertex -4.15993 28.1942 0
      vertex -4.15993 -28.1942 0
    endloop
  endfacet
  facet normal 0 0 -1
    outer loop
      vertex -4.20363 -28.1877 0
      vertex -4.20363 28.1877 0
      vertex -4.15993 28.1942 0
    endloop
  endfacet
  facet normal 0 0 -1
    outer loop
      vertex -5.53839 -27.9561 0
      vertex -4.20363 28.1877 0
      vertex -4.20363 -28.1877 0
    endloop
  endfacet
  facet normal 0 0 -1
    outer loop
      vertex -5.53839 -27.9561 0
      vertex -5.53839 27.9561 0
      vertex -4.20363 28.1877 0
    endloop
  endfacet
  facet normal 0 0 -1
    outer loop
      vertex -5.58171 -27.9475 0
      vertex -5.53839 27.9561 0
      vertex -5.53839 -27.9561 0
    endloop
  endfacet
  facet normal 0 0 -1
    outer loop
      vertex -5.58171 -27.9475 0
      vertex -5.58171 27.9475 0
      vertex -5.53839 27.9561 0
    endloop
  endfacet
  facet normal 0 0 -1
    outer loop
      vertex -6.90326 -27.6508 0
      vertex -5.58171 27.9475 0
      vertex -5.58171 -27.9475 0
    endloop
  endfacet
  facet normal 0 0 -1
    outer loop
      vertex -6.90326 -27.6508 0
      vertex -6.90326 27.6508 0
      vertex -5.58171 27.9475 0
    endloop
  endfacet
  facet normal 0 0 -1
    outer loop
      vertex -6.94612 -27.64 0
      vertex -6.90326 27.6508 0
      vertex -6.90326 -27.6508 0
    endloop
  endfacet
  facet normal 0 0 -1
    outer loop
      vertex -6.94612 -27.64 0
      vertex -6.94612 27.64 0
      vertex -6.90326 27.6508 0
    endloop
  endfacet
  facet normal 0 0 -1
    outer loop
      vertex -8.25194 -27.2787 0
      vertex -6.94612 27.64 0
      vertex -6.94612 -27.64 0
    endloop
  endfacet
  facet normal 0 0 -1
    outer loop
      vertex -8.25194 -27.2787 0
      vertex -8.25194 27.2787 0
      vertex -6.94612 27.64 0
    endloop
  endfacet
  facet normal 0 0 -1
    outer loop
      vertex -8.2942 -27.2658 0
      vertex -8.25194 27.2787 0
      vertex -8.25194 -27.2787 0
    endloop
  endfacet
  facet normal 0 0 -1
    outer loop
      vertex -8.2942 -27.2658 0
      vertex -8.2942 27.2658 0
      vertex -8.25194 27.2787 0
    endloop
  endfacet
  facet normal 0 0 -1
    outer loop
      vertex -9.58037 -26.8409 0
      vertex -8.2942 27.2658 0
      vertex -8.2942 -27.2658 0
    endloop
  endfacet
  facet normal 0 0 -1
    outer loop
      vertex -9.58037 -26.8409 0
      vertex -9.58037 26.8409 0
      vertex -8.2942 27.2658 0
    endloop
  endfacet
  facet normal 0 0 -1
    outer loop
      vertex -9.62195 -26.826 0
      vertex -9.58037 26.8409 0
      vertex -9.58037 -26.8409 0
    endloop
  endfacet
  facet normal 0 0 -1
    outer loop
      vertex -9.62195 -26.826 0
      vertex -9.62195 26.826 0
      vertex -9.58037 26.8409 0
    endloop
  endfacet
  facet normal 0 0 -1
    outer loop
      vertex -10.8858 -26.3385 0
      vertex -9.62195 26.826 0
      vertex -9.62195 -26.826 0
    endloop
  endfacet
  facet normal 0 0 -1
    outer loop
      vertex -10.8858 -26.3385 0
      vertex -10.8858 26.3385 0
      vertex -9.62195 26.826 0
    endloop
  endfacet
  facet normal 0 0 -1
    outer loop
      vertex -10.9267 -26.3216 0
      vertex -10.8858 26.3385 0
      vertex -10.8858 -26.3385 0
    endloop
  endfacet
  facet normal 0 0 -1
    outer loop
      vertex -10.9267 -26.3216 0
      vertex -10.9267 26.3216 0
      vertex -10.8858 26.3385 0
    endloop
  endfacet
  facet normal 0 0 -1
    outer loop
      vertex -12.1652 -25.7726 0
      vertex -10.9267 26.3216 0
      vertex -10.9267 -26.3216 0
    endloop
  endfacet
  facet normal 0 0 -1
    outer loop
      vertex -12.1652 -25.7726 0
      vertex -12.1652 25.7726 0
      vertex -10.9267 26.3216 0
    endloop
  endfacet
  facet normal 0 0 -1
    outer loop
      vertex -12.2051 -25.7537 0
      vertex -12.1652 25.7726 0
      vertex -12.1652 -25.7726 0
    endloop
  endfacet
  facet normal 0 0 -1
    outer loop
      vertex -12.2051 -25.7537 0
      vertex -12.2051 25.7537 0
      vertex -12.1652 25.7726 0
    endloop
  endfacet
  facet normal 0 0 -1
    outer loop
      vertex -13.4148 -25.1448 0
      vertex -12.2051 25.7537 0
      vertex -12.2051 -25.7537 0
    endloop
  endfacet
  facet normal 0 0 -1
    outer loop
      vertex -13.4148 -25.1448 0
      vertex -13.4148 25.1448 0
      vertex -12.2051 25.7537 0
    endloop
  endfacet
  facet normal 0 0 -1
    outer loop
      vertex -13.4537 -25.124 0
      vertex -13.4148 25.1448 0
      vertex -13.4148 -25.1448 0
    endloop
  endfacet
  facet normal 0 0 -1
    outer loop
      vertex -13.4537 -25.124 0
      vertex -13.4537 25.124 0
      vertex -13.4148 25.1448 0
    endloop
  endfacet
  facet normal 0 0 -1
    outer loop
      vertex -14.633 -24.456 0
      vertex -13.4537 25.124 0
      vertex -13.4537 -25.124 0
    endloop
  endfacet
  facet normal 0 0 -1
    outer loop
      vertex -14.633 -24.456 0
      vertex -14.633 24.456 0
      vertex -13.4537 25.124 0
    endloop
  endfacet
  facet normal 0 0 -1
    outer loop
      vertex -14.6709 -24.4332 0
      vertex -14.633 24.456 0
      vertex -14.633 -24.456 0
    endloop
  endfacet
  facet normal 0 0 -1
    outer loop
      vertex -14.6709 -24.4332 0
      vertex -14.6709 24.4332 0
      vertex -14.633 24.456 0
    endloop
  endfacet
  facet normal 0 0 -1
    outer loop
      vertex -15.815 -23.7087 0
      vertex -14.6709 24.4332 0
      vertex -14.6709 -24.4332 0
    endloop
  endfacet
  facet normal 0 0 -1
    outer loop
      vertex -15.815 -23.7087 0
      vertex -15.815 23.7087 0
      vertex -14.6709 24.4332 0
    endloop
  endfacet
  facet normal 0 0 -1
    outer loop
      vertex -15.8517 -23.6842 0
      vertex -15.815 23.7087 0
      vertex -15.815 -23.7087 0
    endloop
  endfacet
  facet normal 0 0 -1
    outer loop
      vertex -15.8517 -23.6842 0
      vertex -15.8517 23.6842 0
      vertex -15.815 23.7087 0
    endloop
  endfacet
  facet normal 0 0 -1
    outer loop
      vertex -16.9591 -22.9043 0
      vertex -15.8517 23.6842 0
      vertex -15.8517 -23.6842 0
    endloop
  endfacet
  facet normal 0 0 -1
    outer loop
      vertex -16.9591 -22.9043 0
      vertex -16.9591 22.9043 0
      vertex -15.8517 23.6842 0
    endloop
  endfacet
  facet normal 0 0 -1
    outer loop
      vertex -16.9946 -22.878 0
      vertex -16.9591 22.9043 0
      vertex -16.9591 -22.9043 0
    endloop
  endfacet
  facet normal 0 0 -1
    outer loop
      vertex -16.9946 -22.878 0
      vertex -16.9946 22.878 0
      vertex -16.9591 22.9043 0
    endloop
  endfacet
  facet normal 0 0 -1
    outer loop
      vertex -18.0628 -22.0443 0
      vertex -16.9946 22.878 0
      vertex -16.9946 -22.878 0
    endloop
  endfacet
  facet normal 0 0 -1
    outer loop
      vertex -18.0628 -22.0443 0
      vertex -18.0628 22.0443 0
      vertex -16.9946 22.878 0
    endloop
  endfacet
  facet normal 0 0 -1
    outer loop
      vertex -18.097 -22.0163 0
      vertex -18.0628 22.0443 0
      vertex -18.0628 -22.0443 0
    endloop
  endfacet
  facet normal 0 0 -1
    outer loop
      vertex -18.097 -22.0163 0
      vertex -18.097 22.0163 0
      vertex -18.0628 22.0443 0
    endloop
  endfacet
  facet normal 0 0 -1
    outer loop
      vertex -19.1228 -21.1314 0
      vertex -18.097 22.0163 0
      vertex -18.097 -22.0163 0
    endloop
  endfacet
  facet normal 0 0 -1
    outer loop
      vertex -19.1228 -21.1314 0
      vertex -19.1228 21.1314 0
      vertex -18.097 22.0163 0
    endloop
  endfacet
  facet normal 0 0 -1
    outer loop
      vertex -19.1555 -21.1017 0
      vertex -19.1228 21.1314 0
      vertex -19.1228 -21.1314 0
    endloop
  endfacet
  facet normal 0 0 -1
    outer loop
      vertex -19.1555 -21.1017 0
      vertex -19.1555 21.1017 0
      vertex -19.1228 21.1314 0
    endloop
  endfacet
  facet normal 0 0 -1
    outer loop
      vertex -20.1365 -20.1678 0
      vertex -19.1555 21.1017 0
      vertex -19.1555 -21.1017 0
    endloop
  endfacet
  facet normal 0 0 -1
    outer loop
      vertex -20.1365 -20.1678 0
      vertex -20.1365 20.1678 0
      vertex -19.1555 21.1017 0
    endloop
  endfacet
  facet normal 0 0 -1
    outer loop
      vertex -20.1678 -20.1365 0
      vertex -20.1365 20.1678 0
      vertex -20.1365 -20.1678 0
    endloop
  endfacet
  facet normal 0 0 -1
    outer loop
      vertex -20.1678 -20.1365 0
      vertex -20.1678 20.1365 0
      vertex -20.1365 20.1678 0
    endloop
  endfacet
  facet normal 0 0 -1
    outer loop
      vertex -21.1017 -19.1555 0
      vertex -20.1678 20.1365 0
      vertex -20.1678 -20.1365 0
    endloop
  endfacet
  facet normal 0 0 -1
    outer loop
      vertex -21.1017 -19.1555 0
      vertex -21.1017 19.1555 0
      vertex -20.1678 20.1365 0
    endloop
  endfacet
  facet normal 0 0 -1
    outer loop
      vertex -21.1314 -19.1228 0
      vertex -21.1017 19.1555 0
      vertex -21.1017 -19.1555 0
    endloop
  endfacet
  facet normal 0 0 -1
    outer loop
      vertex -21.1314 -19.1228 0
      vertex -21.1314 19.1228 0
      vertex -21.1017 19.1555 0
    endloop
  endfacet
  facet normal 0 0 -1
    outer loop
      vertex -22 -18.1159 0
      vertex -21.1314 19.1228 0
      vertex -21.1314 -19.1228 0
    endloop
  endfacet
  facet normal 0 0 -1
    outer loop
      vertex -21.1314 19.1228 0
      vertex -22 -18.1159 0
      vertex -22 18.1159 0
    endloop
  endfacet
  facet normal 0 0 -1
    outer loop
      vertex -71.5028 0.112855 0
      vertex -31 16.8 0
      vertex -71.5 0 0
    endloop
  endfacet
  facet normal 0 0 -1
    outer loop
      vertex -71.5111 0.225439 0
      vertex -31 16.8 0
      vertex -71.5028 0.112855 0
    endloop
  endfacet
  facet normal 0 0 -1
    outer loop
      vertex -71.5249 0.33748 0
      vertex -31 16.8 0
      vertex -71.5111 0.225439 0
    endloop
  endfacet
  facet normal 0 0 -1
    outer loop
      vertex -71.5442 0.448708 0
      vertex -31 16.8 0
      vertex -71.5249 0.33748 0
    endloop
  endfacet
  facet normal 0 0 -1
    outer loop
      vertex -71.5689 0.558854 0
      vertex -31 16.8 0
      vertex -71.5442 0.448708 0
    endloop
  endfacet
  facet normal 0 0 -1
    outer loop
      vertex -71.599 0.667654 0
      vertex -31 16.8 0
      vertex -71.5689 0.558854 0
    endloop
  endfacet
  facet normal 0 0 -1
    outer loop
      vertex -71.6344 0.774846 0
      vertex -31 16.8 0
      vertex -71.599 0.667654 0
    endloop
  endfacet
  facet normal 0 0 -1
    outer loop
      vertex -71.6751 0.880172 0
      vertex -31 16.8 0
      vertex -71.6344 0.774846 0
    endloop
  endfacet
  facet normal 0 0 -1
    outer loop
      vertex -71.7208 0.983377 0
      vertex -31 16.8 0
      vertex -71.6751 0.880172 0
    endloop
  endfacet
  facet normal 0 0 -1
    outer loop
      vertex -72.5933 16.8 0
      vertex -71.7208 0.983377 0
      vertex -71.7716 1.08421 0
    endloop
  endfacet
  facet normal 0 0 -1
    outer loop
      vertex -72.5933 16.8 0
      vertex -71.7716 1.08421 0
      vertex -71.8272 1.18244 0
    endloop
  endfacet
  facet normal 0 0 -1
    outer loop
      vertex -72.5933 16.8 0
      vertex -71.8272 1.18244 0
      vertex -71.8876 1.27781 0
    endloop
  endfacet
  facet normal 0 0 -1
    outer loop
      vertex -72.5933 16.8 0
      vertex -71.8876 1.27781 0
      vertex -71.9526 1.37011 0
    endloop
  endfacet
  facet normal 0 0 -1
    outer loop
      vertex -72.5933 16.8 0
      vertex -71.9526 1.37011 0
      vertex -72.0221 1.4591 0
    endloop
  endfacet
  facet normal 0 0 -1
    outer loop
      vertex -72.5933 16.8 0
      vertex -72.0221 1.4591 0
      vertex -72.0958 1.54459 0
    endloop
  endfacet
  facet normal 0 0 -1
    outer loop
      vertex -72.5933 16.8 0
      vertex -72.0958 1.54459 0
      vertex -72.1737 1.62634 0
    endloop
  endfacet
  facet normal 0 0 -1
    outer loop
      vertex -72.5933 16.8 0
      vertex -72.1737 1.62634 0
      vertex -72.2554 1.70419 0
    endloop
  endfacet
  facet normal 0 0 -1
    outer loop
      vertex -72.5933 16.8 0
      vertex -72.2554 1.70419 0
      vertex -72.3409 1.77792 0
    endloop
  endfacet
  facet normal 0 0 -1
    outer loop
      vertex -72.5933 16.8 0
      vertex -72.3409 1.77792 0
      vertex -72.4299 1.84738 0
    endloop
  endfacet
  facet normal 0 0 -1
    outer loop
      vertex -72.5933 16.8 0
      vertex -72.4299 1.84738 0
      vertex -72.5222 1.91238 0
    endloop
  endfacet
  facet normal 0 0 -1
    outer loop
      vertex -71.7208 0.983377 0
      vertex -72.5933 16.8 0
      vertex -31 16.8 0
    endloop
  endfacet
  facet normal 0 0 -1
    outer loop
      vertex -72.6176 1.97278 0
      vertex -72.5933 16.8 0
      vertex -72.5222 1.91238 0
    endloop
  endfacet
  facet normal 0 0 -1
    outer loop
      vertex -73.4276 16.2377 0
      vertex -72.5933 16.8 0
      vertex -72.6176 1.97278 0
    endloop
  endfacet
  facet normal 0 0 -1
    outer loop
      vertex -72.5933 16.8 0
      vertex -73.4276 16.2377 0
      vertex -72.6375 16.7989 0
    endloop
  endfacet
  facet normal 0 0 -1
    outer loop
      vertex -73.4276 16.2377 0
      vertex -72.6176 1.97278 0
      vertex -72.7158 2.02842 0
    endloop
  endfacet
  facet normal 0 0 -1
    outer loop
      vertex -72.6375 16.7989 0
      vertex -73.4276 16.2377 0
      vertex -72.6815 16.7957 0
    endloop
  endfacet
  facet normal 0 0 -1
    outer loop
      vertex -72.6815 16.7957 0
      vertex -73.4276 16.2377 0
      vertex -72.7254 16.7903 0
    endloop
  endfacet
  facet normal 0 0 -1
    outer loop
      vertex -72.7254 16.7903 0
      vertex -73.4276 16.2377 0
      vertex -72.7689 16.7827 0
    endloop
  endfacet
  facet normal 0 0 -1
    outer loop
      vertex -73.4276 16.2377 0
      vertex -72.7158 2.02842 0
      vertex -72.8166 2.07917 0
    endloop
  endfacet
  facet normal 0 0 -1
    outer loop
      vertex -72.7689 16.7827 0
      vertex -73.4276 16.2377 0
      vertex -72.812 16.773 0
    endloop
  endfacet
  facet normal 0 0 -1
    outer loop
      vertex -72.812 16.773 0
      vertex -73.4276 16.2377 0
      vertex -72.8546 16.7612 0
    endloop
  endfacet
  facet normal 0 0 -1
    outer loop
      vertex -73.4276 16.2377 0
      vertex -72.8166 2.07917 0
      vertex -72.9198 2.12492 0
    endloop
  endfacet
  facet normal 0 0 -1
    outer loop
      vertex -72.8546 16.7612 0
      vertex -73.4276 16.2377 0
      vertex -72.8965 16.7474 0
    endloop
  endfacet
  facet normal 0 0 -1
    outer loop
      vertex -72.8965 16.7474 0
      vertex -73.4276 16.2377 0
      vertex -72.9378 16.7315 0
    endloop
  endfacet
  facet normal 0 0 -1
    outer loop
      vertex -72.9378 16.7315 0
      vertex -73.4276 16.2377 0
      vertex -72.9781 16.7136 0
    endloop
  endfacet
  facet normal 0 0 -1
    outer loop
      vertex -73.4276 16.2377 0
      vertex -72.9198 2.12492 0
      vertex -73.0252 2.16555 0
    endloop
  endfacet
  facet normal 0 0 -1
    outer loop
      vertex -72.9781 16.7136 0
      vertex -73.4276 16.2377 0
      vertex -73.0176 16.6937 0
    endloop
  endfacet
  facet normal 0 0 -1
    outer loop
      vertex -73.0176 16.6937 0
      vertex -73.4276 16.2377 0
      vertex -73.056 16.672 0
    endloop
  endfacet
  facet normal 0 0 -1
    outer loop
      vertex -73.056 16.672 0
      vertex -73.4276 16.2377 0
      vertex -73.0934 16.6483 0
    endloop
  endfacet
  facet normal 0 0 -1
    outer loop
      vertex -73.4276 16.2377 0
      vertex -73.0252 2.16555 0
      vertex -73.1323 2.20096 0
    endloop
  endfacet
  facet normal 0 0 -1
    outer loop
      vertex -73.0934 16.6483 0
      vertex -73.4276 16.2377 0
      vertex -73.1295 16.6229 0
    endloop
  endfacet
  facet normal 0 0 -1
    outer loop
      vertex -73.1295 16.6229 0
      vertex -73.4276 16.2377 0
      vertex -73.1643 16.5957 0
    endloop
  endfacet
  facet normal 0 0 -1
    outer loop
      vertex -73.1643 16.5957 0
      vertex -73.4276 16.2377 0
      vertex -73.1977 16.5668 0
    endloop
  endfacet
  facet normal 0 0 -1
    outer loop
      vertex -73.4276 16.2377 0
      vertex -73.1323 2.20096 0
      vertex -73.2411 2.23107 0
    endloop
  endfacet
  facet normal 0 0 -1
    outer loop
      vertex -73.1977 16.5668 0
      vertex -73.4276 16.2377 0
      vertex -73.2297 16.5364 0
    endloop
  endfacet
  facet normal 0 0 -1
    outer loop
      vertex -73.2297 16.5364 0
      vertex -73.4276 16.2377 0
      vertex -73.2602 16.5044 0
    endloop
  endfacet
  facet normal 0 0 -1
    outer loop
      vertex -73.2602 16.5044 0
      vertex -73.4276 16.2377 0
      vertex -73.289 16.4709 0
    endloop
  endfacet
  facet normal 0 0 -1
    outer loop
      vertex -73.289 16.4709 0
      vertex -73.4276 16.2377 0
      vertex -73.3162 16.4361 0
    endloop
  endfacet
  facet normal 0 0 -1
    outer loop
      vertex -73.4276 16.2377 0
      vertex -73.2411 2.23107 0
      vertex -73.3513 2.25581 0
    endloop
  endfacet
  facet normal 0 0 -1
    outer loop
      vertex -73.3162 16.4361 0
      vertex -73.4276 16.2377 0
      vertex -73.3417 16.4 0
    endloop
  endfacet
  facet normal 0 0 -1
    outer loop
      vertex -73.3417 16.4 0
      vertex -73.4276 16.2377 0
      vertex -73.3653 16.3627 0
    endloop
  endfacet
  facet normal 0 0 -1
    outer loop
      vertex -73.3653 16.3627 0
      vertex -73.4276 16.2377 0
      vertex -73.3871 16.3242 0
    endloop
  endfacet
  facet normal 0 0 -1
    outer loop
      vertex -73.3871 16.3242 0
      vertex -73.4276 16.2377 0
      vertex -73.4069 16.2848 0
    endloop
  endfacet
  facet normal 0 0 -1
    outer loop
      vertex -73.4625 2.27511 0
      vertex -73.4276 16.2377 0
      vertex -73.3513 2.25581 0
    endloop
  endfacet
  facet normal 0 0 -1
    outer loop
      vertex -73.5746 2.28892 0
      vertex -73.4276 16.2377 0
      vertex -73.4625 2.27511 0
    endloop
  endfacet
  facet normal 0 0 -1
    outer loop
      vertex -73.6871 2.29723 0
      vertex -73.4276 16.2377 0
      vertex -73.5746 2.28892 0
    endloop
  endfacet
  facet normal 0 0 -1
    outer loop
      vertex -73.8 2.3 0
      vertex -73.4276 16.2377 0
      vertex -73.6871 2.29723 0
    endloop
  endfacet
  facet normal 0 0 -1
    outer loop
      vertex -73.9129 2.29723 0
      vertex -73.4276 16.2377 0
      vertex -73.8 2.3 0
    endloop
  endfacet
  facet normal 0 0 -1
    outer loop
      vertex -74.0254 2.28892 0
      vertex -73.4276 16.2377 0
      vertex -73.9129 2.29723 0
    endloop
  endfacet
  facet normal 0 0 -1
    outer loop
      vertex -74.1375 2.27511 0
      vertex -73.4276 16.2377 0
      vertex -74.0254 2.28892 0
    endloop
  endfacet
  facet normal 0 0 -1
    outer loop
      vertex -74.2487 2.25581 0
      vertex -73.4276 16.2377 0
      vertex -74.1375 2.27511 0
    endloop
  endfacet
  facet normal 0 0 -1
    outer loop
      vertex -74.3589 2.23107 0
      vertex -73.4276 16.2377 0
      vertex -74.2487 2.25581 0
    endloop
  endfacet
  facet normal 0 0 -1
    outer loop
      vertex -74.4677 2.20096 0
      vertex -73.4276 16.2377 0
      vertex -74.3589 2.23107 0
    endloop
  endfacet
  facet normal 0 0 -1
    outer loop
      vertex -74.5748 2.16555 0
      vertex -73.4276 16.2377 0
      vertex -74.4677 2.20096 0
    endloop
  endfacet
  facet normal 0 0 -1
    outer loop
      vertex -74.6802 2.12492 0
      vertex -73.4276 16.2377 0
      vertex -74.5748 2.16555 0
    endloop
  endfacet
  facet normal 0 0 -1
    outer loop
      vertex -74.7834 2.07917 0
      vertex -73.4276 16.2377 0
      vertex -74.6802 2.12492 0
    endloop
  endfacet
  facet normal 0 0 -1
    outer loop
      vertex -74.8842 2.02842 0
      vertex -73.4276 16.2377 0
      vertex -74.7834 2.07917 0
    endloop
  endfacet
  facet normal 0 0 -1
    outer loop
      vertex -74.9824 1.97278 0
      vertex -73.4276 16.2377 0
      vertex -74.8842 2.02842 0
    endloop
  endfacet
  facet normal 0 0 -1
    outer loop
      vertex -75.0778 1.91238 0
      vertex -73.4276 16.2377 0
      vertex -74.9824 1.97278 0
    endloop
  endfacet
  facet normal 0 0 -1
    outer loop
      vertex -79.8633 0.337677 0
      vertex -75.0778 1.91238 0
      vertex -75.1701 1.84738 0
    endloop
  endfacet
  facet normal 0 0 -1
    outer loop
      vertex -79.8633 0.337677 0
      vertex -75.1701 1.84738 0
      vertex -75.2591 1.77792 0
    endloop
  endfacet
  facet normal 0 0 -1
    outer loop
      vertex -79.8633 0.337677 0
      vertex -75.2591 1.77792 0
      vertex -75.3446 1.70419 0
    endloop
  endfacet
  facet normal 0 0 -1
    outer loop
      vertex -79.8633 0.337677 0
      vertex -75.3446 1.70419 0
      vertex -75.4263 1.62634 0
    endloop
  endfacet
  facet normal 0 0 -1
    outer loop
      vertex -79.8633 0.337677 0
      vertex -75.4263 1.62634 0
      vertex -75.5042 1.54459 0
    endloop
  endfacet
  facet normal 0 0 -1
    outer loop
      vertex -79.8633 0.337677 0
      vertex -75.5042 1.54459 0
      vertex -75.5779 1.4591 0
    endloop
  endfacet
  facet normal 0 0 -1
    outer loop
      vertex -79.8633 0.337677 0
      vertex -75.5779 1.4591 0
      vertex -75.6474 1.37011 0
    endloop
  endfacet
  facet normal 0 0 -1
    outer loop
      vertex -79.8633 0.337677 0
      vertex -75.6474 1.37011 0
      vertex -75.7124 1.27781 0
    endloop
  endfacet
  facet normal 0 0 -1
    outer loop
      vertex -79.8633 0.337677 0
      vertex -75.7124 1.27781 0
      vertex -75.7728 1.18244 0
    endloop
  endfacet
  facet normal 0 0 -1
    outer loop
      vertex -79.8633 0.337677 0
      vertex -75.7728 1.18244 0
      vertex -75.8284 1.08421 0
    endloop
  endfacet
  facet normal 0 0 -1
    outer loop
      vertex -79.8633 0.337677 0
      vertex -75.8284 1.08421 0
      vertex -75.8792 0.983377 0
    endloop
  endfacet
  facet normal 0 0 -1
    outer loop
      vertex -79.8633 0.337677 0
      vertex -75.8792 0.983377 0
      vertex -75.9249 0.880172 0
    endloop
  endfacet
  facet normal 0 0 -1
    outer loop
      vertex -79.8633 0.337677 0
      vertex -75.9249 0.880172 0
      vertex -75.9656 0.774846 0
    endloop
  endfacet
  facet normal 0 0 -1
    outer loop
      vertex -79.8633 0.337677 0
      vertex -75.9656 0.774846 0
      vertex -76.001 0.667654 0
    endloop
  endfacet
  facet normal 0 0 -1
    outer loop
      vertex -79.8633 0.337677 0
      vertex -76.001 0.667654 0
      vertex -76.0311 0.558854 0
    endloop
  endfacet
  facet normal 0 0 -1
    outer loop
      vertex -79.8633 0.337677 0
      vertex -76.0311 0.558854 0
      vertex -76.0558 0.448708 0
    endloop
  endfacet
  facet normal 0 0 -1
    outer loop
      vertex -79.8633 0.337677 0
      vertex -76.0558 0.448708 0
      vertex -76.0751 0.33748 0
    endloop
  endfacet
  facet normal 0 0 -1
    outer loop
      vertex -79.8633 0.337677 0
      vertex -76.1 0 0
      vertex -79.8633 -0.337677 0
    endloop
  endfacet
  facet normal 0 0 -1
    outer loop
      vertex -76.1 0 0
      vertex -79.8633 0.337677 0
      vertex -76.0972 0.112855 0
    endloop
  endfacet
  facet normal 0 0 -1
    outer loop
      vertex -76.0972 0.112855 0
      vertex -79.8633 0.337677 0
      vertex -76.0889 0.225439 0
    endloop
  endfacet
  facet normal 0 0 -1
    outer loop
      vertex -76.0889 0.225439 0
      vertex -79.8633 0.337677 0
      vertex -76.0751 0.33748 0
    endloop
  endfacet
  facet normal -0 0 -1
    outer loop
      vertex -75.0778 1.91238 0
      vertex -79.8633 0.337677 0
      vertex -73.4276 16.2377 0
    endloop
  endfacet
  facet normal 0 0 -1
    outer loop
      vertex -79.874 -0.310043 0
      vertex -79.8633 0.337677 0
      vertex -79.8633 -0.337677 0
    endloop
  endfacet
  facet normal 0 0 -1
    outer loop
      vertex -79.874 -0.310043 0
      vertex -79.8789 0.296326 0
      vertex -79.8633 0.337677 0
    endloop
  endfacet
  facet normal 0 0 -1
    outer loop
      vertex -79.8882 -0.268219 0
      vertex -79.8789 0.296326 0
      vertex -79.874 -0.310043 0
    endloop
  endfacet
  facet normal 0 0 -1
    outer loop
      vertex -79.8882 -0.268219 0
      vertex -79.8924 0.254272 0
      vertex -79.8789 0.296326 0
    endloop
  endfacet
  facet normal 0 0 -1
    outer loop
      vertex -79.9003 -0.225739 0
      vertex -79.8924 0.254272 0
      vertex -79.8882 -0.268219 0
    endloop
  endfacet
  facet normal 0 0 -1
    outer loop
      vertex -79.9003 -0.225739 0
      vertex -79.9038 0.211609 0
      vertex -79.8924 0.254272 0
    endloop
  endfacet
  facet normal 0 0 -1
    outer loop
      vertex -79.9103 -0.182724 0
      vertex -79.9038 0.211609 0
      vertex -79.9003 -0.225739 0
    endloop
  endfacet
  facet normal 0 0 -1
    outer loop
      vertex -79.9103 -0.182724 0
      vertex -79.9132 0.168427 0
      vertex -79.9038 0.211609 0
    endloop
  endfacet
  facet normal 0 0 -1
    outer loop
      vertex -79.9182 -0.139252 0
      vertex -79.9132 0.168427 0
      vertex -79.9103 -0.182724 0
    endloop
  endfacet
  facet normal 0 0 -1
    outer loop
      vertex -79.9182 -0.139252 0
      vertex -79.9204 0.124847 0
      vertex -79.9132 0.168427 0
    endloop
  endfacet
  facet normal 0 0 -1
    outer loop
      vertex -79.924 -0.095459 0
      vertex -79.9204 0.124847 0
      vertex -79.9182 -0.139252 0
    endloop
  endfacet
  facet normal 0 0 -1
    outer loop
      vertex -79.924 -0.095459 0
      vertex -79.9254 0.0809631 0
      vertex -79.9204 0.124847 0
    endloop
  endfacet
  facet normal 0 0 -1
    outer loop
      vertex -79.9276 -0.0514374 0
      vertex -79.9254 0.0809631 0
      vertex -79.924 -0.095459 0
    endloop
  endfacet
  facet normal 0 0 -1
    outer loop
      vertex -79.9276 -0.0514374 0
      vertex -79.9283 0.0368805 0
      vertex -79.9254 0.0809631 0
    endloop
  endfacet
  facet normal 0 -0 -1
    outer loop
      vertex -79.9283 0.0368805 0
      vertex -79.9276 -0.0514374 0
      vertex -79.929 -0.00727844 0
    endloop
  endfacet
  facet normal 0 0 -1
    outer loop
      vertex 79.9283 -0.0368805 0
      vertex 79.9276 0.0514374 0
      vertex 79.929 0.00727844 0
    endloop
  endfacet
  facet normal 0 0 -1
    outer loop
      vertex 79.9254 -0.0809631 0
      vertex 79.9276 0.0514374 0
      vertex 79.9283 -0.0368805 0
    endloop
  endfacet
  facet normal 0 0 -1
    outer loop
      vertex 79.9254 -0.0809631 0
      vertex 79.924 0.095459 0
      vertex 79.9276 0.0514374 0
    endloop
  endfacet
  facet normal 0 0 -1
    outer loop
      vertex 79.9204 -0.124847 0
      vertex 79.924 0.095459 0
      vertex 79.9254 -0.0809631 0
    endloop
  endfacet
  facet normal 0 0 -1
    outer loop
      vertex 79.9204 -0.124847 0
      vertex 79.9182 0.139252 0
      vertex 79.924 0.095459 0
    endloop
  endfacet
  facet normal 0 0 -1
    outer loop
      vertex 79.9132 -0.168427 0
      vertex 79.9182 0.139252 0
      vertex 79.9204 -0.124847 0
    endloop
  endfacet
  facet normal 0 0 -1
    outer loop
      vertex 79.9132 -0.168427 0
      vertex 79.9103 0.182724 0
      vertex 79.9182 0.139252 0
    endloop
  endfacet
  facet normal 0 0 -1
    outer loop
      vertex 79.9038 -0.211609 0
      vertex 79.9103 0.182724 0
      vertex 79.9132 -0.168427 0
    endloop
  endfacet
  facet normal 0 0 -1
    outer loop
      vertex 79.9038 -0.211609 0
      vertex 79.9003 0.225739 0
      vertex 79.9103 0.182724 0
    endloop
  endfacet
  facet normal 0 0 -1
    outer loop
      vertex 79.8924 -0.254272 0
      vertex 79.9003 0.225739 0
      vertex 79.9038 -0.211609 0
    endloop
  endfacet
  facet normal 0 0 -1
    outer loop
      vertex 79.8924 -0.254272 0
      vertex 79.8882 0.268219 0
      vertex 79.9003 0.225739 0
    endloop
  endfacet
  facet normal 0 0 -1
    outer loop
      vertex 79.8789 -0.296326 0
      vertex 79.8882 0.268219 0
      vertex 79.8924 -0.254272 0
    endloop
  endfacet
  facet normal 0 0 -1
    outer loop
      vertex 79.8789 -0.296326 0
      vertex 79.874 0.310043 0
      vertex 79.8882 0.268219 0
    endloop
  endfacet
  facet normal 0 0 -1
    outer loop
      vertex 79.8633 -0.337677 0
      vertex 79.874 0.310043 0
      vertex 79.8789 -0.296326 0
    endloop
  endfacet
  facet normal 0 0 -1
    outer loop
      vertex 79.8633 -0.337677 0
      vertex 79.8633 0.337677 0
      vertex 79.874 0.310043 0
    endloop
  endfacet
  facet normal 0 0 -1
    outer loop
      vertex 79.8633 -0.337677 0
      vertex 76.1 0 0
      vertex 79.8633 0.337677 0
    endloop
  endfacet
  facet normal 0 0 -1
    outer loop
      vertex 79.8633 -0.337677 0
      vertex 76.0972 -0.112855 0
      vertex 76.1 0 0
    endloop
  endfacet
  facet normal 0 0 -1
    outer loop
      vertex 79.8633 -0.337677 0
      vertex 76.0889 -0.225439 0
      vertex 76.0972 -0.112855 0
    endloop
  endfacet
  facet normal 0 0 -1
    outer loop
      vertex 79.8633 -0.337677 0
      vertex 76.0751 -0.33748 0
      vertex 76.0889 -0.225439 0
    endloop
  endfacet
  facet normal -0 0 -1
    outer loop
      vertex 79.8633 -0.337677 0
      vertex 76.0558 -0.448708 0
      vertex 76.0751 -0.33748 0
    endloop
  endfacet
  facet normal 0 0 -1
    outer loop
      vertex 79.8633 -0.337677 0
      vertex 76.0311 -0.558854 0
      vertex 76.0558 -0.448708 0
    endloop
  endfacet
  facet normal 0 0 -1
    outer loop
      vertex 79.8633 -0.337677 0
      vertex 76.001 -0.667654 0
      vertex 76.0311 -0.558854 0
    endloop
  endfacet
  facet normal 0 0 -1
    outer loop
      vertex 79.8633 -0.337677 0
      vertex 75.9656 -0.774846 0
      vertex 76.001 -0.667654 0
    endloop
  endfacet
  facet normal 0 0 -1
    outer loop
      vertex 79.8633 -0.337677 0
      vertex 75.9249 -0.880172 0
      vertex 75.9656 -0.774846 0
    endloop
  endfacet
  facet normal 0 0 -1
    outer loop
      vertex 79.8633 -0.337677 0
      vertex 75.8792 -0.983377 0
      vertex 75.9249 -0.880172 0
    endloop
  endfacet
  facet normal 0 0 -1
    outer loop
      vertex 79.8633 -0.337677 0
      vertex 75.8284 -1.08421 0
      vertex 75.8792 -0.983377 0
    endloop
  endfacet
  facet normal 0 0 -1
    outer loop
      vertex 79.8633 -0.337677 0
      vertex 75.7728 -1.18244 0
      vertex 75.8284 -1.08421 0
    endloop
  endfacet
  facet normal 0 0 -1
    outer loop
      vertex 79.8633 -0.337677 0
      vertex 75.7124 -1.27781 0
      vertex 75.7728 -1.18244 0
    endloop
  endfacet
  facet normal 0 0 -1
    outer loop
      vertex 79.8633 -0.337677 0
      vertex 75.6474 -1.37011 0
      vertex 75.7124 -1.27781 0
    endloop
  endfacet
  facet normal 0 0 -1
    outer loop
      vertex 79.8633 -0.337677 0
      vertex 75.5779 -1.4591 0
      vertex 75.6474 -1.37011 0
    endloop
  endfacet
  facet normal 0 0 -1
    outer loop
      vertex 79.8633 -0.337677 0
      vertex 75.5042 -1.54459 0
      vertex 75.5779 -1.4591 0
    endloop
  endfacet
  facet normal 0 0 -1
    outer loop
      vertex 79.8633 -0.337677 0
      vertex 75.4263 -1.62634 0
      vertex 75.5042 -1.54459 0
    endloop
  endfacet
  facet normal 0 0 -1
    outer loop
      vertex 79.8633 -0.337677 0
      vertex 75.3446 -1.70419 0
      vertex 75.4263 -1.62634 0
    endloop
  endfacet
  facet normal 0 0 -1
    outer loop
      vertex 79.8633 -0.337677 0
      vertex 75.2591 -1.77792 0
      vertex 75.3446 -1.70419 0
    endloop
  endfacet
  facet normal 0 0 -1
    outer loop
      vertex 79.8633 -0.337677 0
      vertex 75.1701 -1.84738 0
      vertex 75.2591 -1.77792 0
    endloop
  endfacet
  facet normal 0 0 -1
    outer loop
      vertex 79.8633 -0.337677 0
      vertex 75.0778 -1.91238 0
      vertex 75.1701 -1.84738 0
    endloop
  endfacet
  facet normal 0 0 -1
    outer loop
      vertex 73.4276 -16.2377 0
      vertex 75.0778 -1.91238 0
      vertex 79.8633 -0.337677 0
    endloop
  endfacet
  facet normal 0 0 -1
    outer loop
      vertex 75.0778 -1.91238 0
      vertex 73.4276 -16.2377 0
      vertex 74.9824 -1.97278 0
    endloop
  endfacet
  facet normal 0 0 -1
    outer loop
      vertex 74.9824 -1.97278 0
      vertex 73.4276 -16.2377 0
      vertex 74.8842 -2.02842 0
    endloop
  endfacet
  facet normal 0 0 -1
    outer loop
      vertex 74.8842 -2.02842 0
      vertex 73.4276 -16.2377 0
      vertex 74.7834 -2.07917 0
    endloop
  endfacet
  facet normal 0 0 -1
    outer loop
      vertex 74.7834 -2.07917 0
      vertex 73.4276 -16.2377 0
      vertex 74.6802 -2.12492 0
    endloop
  endfacet
  facet normal 0 0 -1
    outer loop
      vertex 74.6802 -2.12492 0
      vertex 73.4276 -16.2377 0
      vertex 74.5748 -2.16555 0
    endloop
  endfacet
  facet normal 0 0 -1
    outer loop
      vertex 73.4276 -16.2377 0
      vertex 74.4677 -2.20096 0
      vertex 74.5748 -2.16555 0
    endloop
  endfacet
  facet normal 0 0 -1
    outer loop
      vertex 73.4276 -16.2377 0
      vertex 74.3589 -2.23107 0
      vertex 74.4677 -2.20096 0
    endloop
  endfacet
  facet normal 0 0 -1
    outer loop
      vertex 73.4276 -16.2377 0
      vertex 74.2487 -2.25581 0
      vertex 74.3589 -2.23107 0
    endloop
  endfacet
  facet normal 0 0 -1
    outer loop
      vertex 73.4276 -16.2377 0
      vertex 74.1375 -2.27511 0
      vertex 74.2487 -2.25581 0
    endloop
  endfacet
  facet normal 0 0 -1
    outer loop
      vertex 73.4276 -16.2377 0
      vertex 74.0254 -2.28892 0
      vertex 74.1375 -2.27511 0
    endloop
  endfacet
  facet normal 0 0 -1
    outer loop
      vertex 73.4276 -16.2377 0
      vertex 73.9129 -2.29723 0
      vertex 74.0254 -2.28892 0
    endloop
  endfacet
  facet normal 0 0 -1
    outer loop
      vertex 73.4276 -16.2377 0
      vertex 73.8 -2.3 0
      vertex 73.9129 -2.29723 0
    endloop
  endfacet
  facet normal 0 0 -1
    outer loop
      vertex 73.4276 -16.2377 0
      vertex 73.6871 -2.29723 0
      vertex 73.8 -2.3 0
    endloop
  endfacet
  facet normal 0 0 -1
    outer loop
      vertex 73.4276 -16.2377 0
      vertex 73.5746 -2.28892 0
      vertex 73.6871 -2.29723 0
    endloop
  endfacet
  facet normal 0 0 -1
    outer loop
      vertex 73.4276 -16.2377 0
      vertex 73.4625 -2.27511 0
      vertex 73.5746 -2.28892 0
    endloop
  endfacet
  facet normal 0 0 -1
    outer loop
      vertex 72.5933 -16.8 0
      vertex 73.4276 -16.2377 0
      vertex 73.4069 -16.2848 0
    endloop
  endfacet
  facet normal 0 0 -1
    outer loop
      vertex 72.5933 -16.8 0
      vertex 73.4069 -16.2848 0
      vertex 73.3871 -16.3242 0
    endloop
  endfacet
  facet normal 0 0 -1
    outer loop
      vertex 72.5933 -16.8 0
      vertex 73.3871 -16.3242 0
      vertex 73.3653 -16.3627 0
    endloop
  endfacet
  facet normal 0 0 -1
    outer loop
      vertex 73.4276 -16.2377 0
      vertex 73.3513 -2.25581 0
      vertex 73.4625 -2.27511 0
    endloop
  endfacet
  facet normal 0 0 -1
    outer loop
      vertex 72.5933 -16.8 0
      vertex 73.3653 -16.3627 0
      vertex 73.3417 -16.4 0
    endloop
  endfacet
  facet normal 0 0 -1
    outer loop
      vertex 72.5933 -16.8 0
      vertex 73.3417 -16.4 0
      vertex 73.3162 -16.4361 0
    endloop
  endfacet
  facet normal 0 0 -1
    outer loop
      vertex 72.5933 -16.8 0
      vertex 73.3162 -16.4361 0
      vertex 73.289 -16.4709 0
    endloop
  endfacet
  facet normal 0 0 -1
    outer loop
      vertex 72.5933 -16.8 0
      vertex 73.289 -16.4709 0
      vertex 73.2602 -16.5044 0
    endloop
  endfacet
  facet normal 0 0 -1
    outer loop
      vertex 73.4276 -16.2377 0
      vertex 73.2411 -2.23107 0
      vertex 73.3513 -2.25581 0
    endloop
  endfacet
  facet normal 0 0 -1
    outer loop
      vertex 72.5933 -16.8 0
      vertex 73.2602 -16.5044 0
      vertex 73.2297 -16.5364 0
    endloop
  endfacet
  facet normal 0 0 -1
    outer loop
      vertex 72.5933 -16.8 0
      vertex 73.2297 -16.5364 0
      vertex 73.1977 -16.5668 0
    endloop
  endfacet
  facet normal 0 0 -1
    outer loop
      vertex 72.5933 -16.8 0
      vertex 73.1977 -16.5668 0
      vertex 73.1643 -16.5957 0
    endloop
  endfacet
  facet normal 0 0 -1
    outer loop
      vertex 73.4276 -16.2377 0
      vertex 73.1323 -2.20096 0
      vertex 73.2411 -2.23107 0
    endloop
  endfacet
  facet normal 0 0 -1
    outer loop
      vertex 72.5933 -16.8 0
      vertex 73.1643 -16.5957 0
      vertex 73.1295 -16.6229 0
    endloop
  endfacet
  facet normal 0 0 -1
    outer loop
      vertex 72.5933 -16.8 0
      vertex 73.1295 -16.6229 0
      vertex 73.0934 -16.6483 0
    endloop
  endfacet
  facet normal 0 0 -1
    outer loop
      vertex 72.5933 -16.8 0
      vertex 73.0934 -16.6483 0
      vertex 73.056 -16.672 0
    endloop
  endfacet
  facet normal 0 -0 -1
    outer loop
      vertex 72.6176 -1.97278 0
      vertex 73.4276 -16.2377 0
      vertex 72.5933 -16.8 0
    endloop
  endfacet
  facet normal 0 0 -1
    outer loop
      vertex 72.5933 -16.8 0
      vertex 73.056 -16.672 0
      vertex 73.0176 -16.6937 0
    endloop
  endfacet
  facet normal 0 0 -1
    outer loop
      vertex 72.5933 -16.8 0
      vertex 73.0176 -16.6937 0
      vertex 72.9781 -16.7136 0
    endloop
  endfacet
  facet normal 0 0 -1
    outer loop
      vertex 72.5933 -16.8 0
      vertex 72.9781 -16.7136 0
      vertex 72.9378 -16.7315 0
    endloop
  endfacet
  facet normal 0 0 -1
    outer loop
      vertex 73.4276 -16.2377 0
      vertex 73.0252 -2.16555 0
      vertex 73.1323 -2.20096 0
    endloop
  endfacet
  facet normal 0 0 -1
    outer loop
      vertex 72.5933 -16.8 0
      vertex 72.9378 -16.7315 0
      vertex 72.8965 -16.7474 0
    endloop
  endfacet
  facet normal 0 0 -1
    outer loop
      vertex 72.5933 -16.8 0
      vertex 72.8965 -16.7474 0
      vertex 72.8546 -16.7612 0
    endloop
  endfacet
  facet normal 0 0 -1
    outer loop
      vertex 73.4276 -16.2377 0
      vertex 72.9198 -2.12492 0
      vertex 73.0252 -2.16555 0
    endloop
  endfacet
  facet normal 0 0 -1
    outer loop
      vertex 72.5933 -16.8 0
      vertex 72.8546 -16.7612 0
      vertex 72.812 -16.773 0
    endloop
  endfacet
  facet normal 0 0 -1
    outer loop
      vertex 72.5933 -16.8 0
      vertex 72.812 -16.773 0
      vertex 72.7689 -16.7827 0
    endloop
  endfacet
  facet normal 0 0 -1
    outer loop
      vertex 72.5933 -16.8 0
      vertex 72.7689 -16.7827 0
      vertex 72.7254 -16.7903 0
    endloop
  endfacet
  facet normal 0 0 -1
    outer loop
      vertex 73.4276 -16.2377 0
      vertex 72.8166 -2.07917 0
      vertex 72.9198 -2.12492 0
    endloop
  endfacet
  facet normal 0 0 -1
    outer loop
      vertex 72.5933 -16.8 0
      vertex 72.7254 -16.7903 0
      vertex 72.6815 -16.7957 0
    endloop
  endfacet
  facet normal 0 0 -1
    outer loop
      vertex 72.5933 -16.8 0
      vertex 72.6815 -16.7957 0
      vertex 72.6375 -16.7989 0
    endloop
  endfacet
  facet normal 0 0 -1
    outer loop
      vertex 73.4276 -16.2377 0
      vertex 72.7158 -2.02842 0
      vertex 72.8166 -2.07917 0
    endloop
  endfacet
  facet normal 0 0 -1
    outer loop
      vertex 73.4276 -16.2377 0
      vertex 72.6176 -1.97278 0
      vertex 72.7158 -2.02842 0
    endloop
  endfacet
  facet normal 0 0 -1
    outer loop
      vertex 72.5933 -16.8 0
      vertex 72.5222 -1.91238 0
      vertex 72.6176 -1.97278 0
    endloop
  endfacet
  facet normal 0 0 -1
    outer loop
      vertex 72.5933 -16.8 0
      vertex 72.4299 -1.84738 0
      vertex 72.5222 -1.91238 0
    endloop
  endfacet
  facet normal 0 0 -1
    outer loop
      vertex 72.5933 -16.8 0
      vertex 72.3409 -1.77792 0
      vertex 72.4299 -1.84738 0
    endloop
  endfacet
  facet normal 0 0 -1
    outer loop
      vertex 72.5933 -16.8 0
      vertex 72.2554 -1.70419 0
      vertex 72.3409 -1.77792 0
    endloop
  endfacet
  facet normal 0 0 -1
    outer loop
      vertex 72.5933 -16.8 0
      vertex 72.1737 -1.62634 0
      vertex 72.2554 -1.70419 0
    endloop
  endfacet
  facet normal 0 0 -1
    outer loop
      vertex 72.5933 -16.8 0
      vertex 72.0958 -1.54459 0
      vertex 72.1737 -1.62634 0
    endloop
  endfacet
  facet normal 0 0 -1
    outer loop
      vertex 72.5933 -16.8 0
      vertex 72.0221 -1.4591 0
      vertex 72.0958 -1.54459 0
    endloop
  endfacet
  facet normal 0 0 -1
    outer loop
      vertex 72.5933 -16.8 0
      vertex 71.9526 -1.37011 0
      vertex 72.0221 -1.4591 0
    endloop
  endfacet
  facet normal 0 0 -1
    outer loop
      vertex 72.5933 -16.8 0
      vertex 71.8876 -1.27781 0
      vertex 71.9526 -1.37011 0
    endloop
  endfacet
  facet normal 0 0 -1
    outer loop
      vertex 72.5933 -16.8 0
      vertex 71.8272 -1.18244 0
      vertex 71.8876 -1.27781 0
    endloop
  endfacet
  facet normal 0 0 -1
    outer loop
      vertex 72.5933 -16.8 0
      vertex 71.7716 -1.08421 0
      vertex 71.8272 -1.18244 0
    endloop
  endfacet
  facet normal 0 0 -1
    outer loop
      vertex 72.5933 -16.8 0
      vertex 71.7208 -0.983377 0
      vertex 71.7716 -1.08421 0
    endloop
  endfacet
  facet normal 0 0 -1
    outer loop
      vertex 31 -16.8 0
      vertex 71.7208 -0.983377 0
      vertex 72.5933 -16.8 0
    endloop
  endfacet
  facet normal -0 0 -1
    outer loop
      vertex 71.7208 -0.983377 0
      vertex 31 -16.8 0
      vertex 71.6751 -0.880172 0
    endloop
  endfacet
  facet normal -0 0 -1
    outer loop
      vertex 71.6751 -0.880172 0
      vertex 31 -16.8 0
      vertex 71.6344 -0.774846 0
    endloop
  endfacet
  facet normal -0 0 -1
    outer loop
      vertex 71.6344 -0.774846 0
      vertex 31 -16.8 0
      vertex 71.599 -0.667654 0
    endloop
  endfacet
  facet normal -0 0 -1
    outer loop
      vertex 71.599 -0.667654 0
      vertex 31 -16.8 0
      vertex 71.5689 -0.558854 0
    endloop
  endfacet
  facet normal -0 0 -1
    outer loop
      vertex 71.5689 -0.558854 0
      vertex 31 -16.8 0
      vertex 71.5442 -0.448708 0
    endloop
  endfacet
  facet normal -0 0 -1
    outer loop
      vertex 71.5442 -0.448708 0
      vertex 31 -16.8 0
      vertex 71.5249 -0.33748 0
    endloop
  endfacet
  facet normal -0 0 -1
    outer loop
      vertex 71.5249 -0.33748 0
      vertex 31 -16.8 0
      vertex 71.5111 -0.225439 0
    endloop
  endfacet
  facet normal -0 0 -1
    outer loop
      vertex 71.5028 -0.112855 0
      vertex 31 -16.8 0
      vertex 71.5 0 0
    endloop
  endfacet
  facet normal -0 0 -1
    outer loop
      vertex 71.5111 -0.225439 0
      vertex 31 -16.8 0
      vertex 71.5028 -0.112855 0
    endloop
  endfacet
  facet normal 0 0 -1
    outer loop
      vertex 76.0972 0.112855 0
      vertex 79.8633 0.337677 0
      vertex 76.1 0 0
    endloop
  endfacet
  facet normal 0 0 -1
    outer loop
      vertex 76.0889 0.225439 0
      vertex 79.8633 0.337677 0
      vertex 76.0972 0.112855 0
    endloop
  endfacet
  facet normal 0 0 -1
    outer loop
      vertex 76.0751 0.33748 0
      vertex 79.8633 0.337677 0
      vertex 76.0889 0.225439 0
    endloop
  endfacet
  facet normal 0 0 -1
    outer loop
      vertex 76.0558 0.448708 0
      vertex 79.8633 0.337677 0
      vertex 76.0751 0.33748 0
    endloop
  endfacet
  facet normal 0 0 -1
    outer loop
      vertex 76.0311 0.558854 0
      vertex 79.8633 0.337677 0
      vertex 76.0558 0.448708 0
    endloop
  endfacet
  facet normal 0 0 -1
    outer loop
      vertex 76.001 0.667654 0
      vertex 79.8633 0.337677 0
      vertex 76.0311 0.558854 0
    endloop
  endfacet
  facet normal 0 0 -1
    outer loop
      vertex 75.9656 0.774846 0
      vertex 79.8633 0.337677 0
      vertex 76.001 0.667654 0
    endloop
  endfacet
  facet normal 0 0 -1
    outer loop
      vertex 75.9249 0.880172 0
      vertex 79.8633 0.337677 0
      vertex 75.9656 0.774846 0
    endloop
  endfacet
  facet normal 0 0 -1
    outer loop
      vertex 75.8792 0.983377 0
      vertex 79.8633 0.337677 0
      vertex 75.9249 0.880172 0
    endloop
  endfacet
  facet normal 0 0 -1
    outer loop
      vertex 75.8284 1.08421 0
      vertex 79.8633 0.337677 0
      vertex 75.8792 0.983377 0
    endloop
  endfacet
  facet normal 0 0 -1
    outer loop
      vertex 75.7728 1.18244 0
      vertex 79.8633 0.337677 0
      vertex 75.8284 1.08421 0
    endloop
  endfacet
  facet normal 0 0 -1
    outer loop
      vertex 75.7124 1.27781 0
      vertex 79.8633 0.337677 0
      vertex 75.7728 1.18244 0
    endloop
  endfacet
  facet normal 0 0 -1
    outer loop
      vertex 75.6474 1.37011 0
      vertex 79.8633 0.337677 0
      vertex 75.7124 1.27781 0
    endloop
  endfacet
  facet normal 0 0 -1
    outer loop
      vertex 75.5779 1.4591 0
      vertex 79.8633 0.337677 0
      vertex 75.6474 1.37011 0
    endloop
  endfacet
  facet normal 0 0 -1
    outer loop
      vertex 75.5042 1.54459 0
      vertex 79.8633 0.337677 0
      vertex 75.5779 1.4591 0
    endloop
  endfacet
  facet normal 0 0 -1
    outer loop
      vertex 75.4263 1.62634 0
      vertex 79.8633 0.337677 0
      vertex 75.5042 1.54459 0
    endloop
  endfacet
  facet normal 0 0 -1
    outer loop
      vertex 75.3446 1.70419 0
      vertex 79.8633 0.337677 0
      vertex 75.4263 1.62634 0
    endloop
  endfacet
  facet normal 0 0 -1
    outer loop
      vertex 75.2591 1.77792 0
      vertex 79.8633 0.337677 0
      vertex 75.3446 1.70419 0
    endloop
  endfacet
  facet normal 0 0 -1
    outer loop
      vertex 75.1701 1.84738 0
      vertex 79.8633 0.337677 0
      vertex 75.2591 1.77792 0
    endloop
  endfacet
  facet normal 0 0 -1
    outer loop
      vertex 75.0778 1.91238 0
      vertex 79.8633 0.337677 0
      vertex 75.1701 1.84738 0
    endloop
  endfacet
  facet normal 0 0 -1
    outer loop
      vertex 73.4276 16.2377 0
      vertex 75.0778 1.91238 0
      vertex 74.9824 1.97278 0
    endloop
  endfacet
  facet normal 0 0 -1
    outer loop
      vertex 73.4276 16.2377 0
      vertex 74.9824 1.97278 0
      vertex 74.8842 2.02842 0
    endloop
  endfacet
  facet normal 0 0 -1
    outer loop
      vertex 73.4276 16.2377 0
      vertex 74.8842 2.02842 0
      vertex 74.7834 2.07917 0
    endloop
  endfacet
  facet normal 0 0 -1
    outer loop
      vertex 73.4276 16.2377 0
      vertex 74.7834 2.07917 0
      vertex 74.6802 2.12492 0
    endloop
  endfacet
  facet normal 0 0 -1
    outer loop
      vertex 73.4276 16.2377 0
      vertex 74.6802 2.12492 0
      vertex 74.5748 2.16555 0
    endloop
  endfacet
  facet normal 0 0 -1
    outer loop
      vertex 75.0778 1.91238 0
      vertex 73.4276 16.2377 0
      vertex 79.8633 0.337677 0
    endloop
  endfacet
  facet normal 0 0 -1
    outer loop
      vertex 74.4677 2.20096 0
      vertex 73.4276 16.2377 0
      vertex 74.5748 2.16555 0
    endloop
  endfacet
  facet normal 0 0 -1
    outer loop
      vertex 74.3589 2.23107 0
      vertex 73.4276 16.2377 0
      vertex 74.4677 2.20096 0
    endloop
  endfacet
  facet normal 0 0 -1
    outer loop
      vertex 74.2487 2.25581 0
      vertex 73.4276 16.2377 0
      vertex 74.3589 2.23107 0
    endloop
  endfacet
  facet normal 0 0 -1
    outer loop
      vertex 74.1375 2.27511 0
      vertex 73.4276 16.2377 0
      vertex 74.2487 2.25581 0
    endloop
  endfacet
  facet normal 0 0 -1
    outer loop
      vertex 74.0254 2.28892 0
      vertex 73.4276 16.2377 0
      vertex 74.1375 2.27511 0
    endloop
  endfacet
  facet normal 0 0 -1
    outer loop
      vertex 73.9129 2.29723 0
      vertex 73.4276 16.2377 0
      vertex 74.0254 2.28892 0
    endloop
  endfacet
  facet normal 0 0 -1
    outer loop
      vertex 73.8 2.3 0
      vertex 73.4276 16.2377 0
      vertex 73.9129 2.29723 0
    endloop
  endfacet
  facet normal 0 0 -1
    outer loop
      vertex 73.6871 2.29723 0
      vertex 73.4276 16.2377 0
      vertex 73.8 2.3 0
    endloop
  endfacet
  facet normal 0 0 -1
    outer loop
      vertex 73.5746 2.28892 0
      vertex 73.4276 16.2377 0
      vertex 73.6871 2.29723 0
    endloop
  endfacet
  facet normal 0 0 -1
    outer loop
      vertex 73.4625 2.27511 0
      vertex 73.4276 16.2377 0
      vertex 73.5746 2.28892 0
    endloop
  endfacet
  facet normal 0 0 -1
    outer loop
      vertex 73.3513 2.25581 0
      vertex 73.4276 16.2377 0
      vertex 73.4625 2.27511 0
    endloop
  endfacet
  facet normal 0 0 -1
    outer loop
      vertex 73.2411 2.23107 0
      vertex 73.4276 16.2377 0
      vertex 73.3513 2.25581 0
    endloop
  endfacet
  facet normal 0 0 -1
    outer loop
      vertex 73.1323 2.20096 0
      vertex 73.4276 16.2377 0
      vertex 73.2411 2.23107 0
    endloop
  endfacet
  facet normal 0 0 -1
    outer loop
      vertex 73.0252 2.16555 0
      vertex 73.4276 16.2377 0
      vertex 73.1323 2.20096 0
    endloop
  endfacet
  facet normal 0 0 -1
    outer loop
      vertex 72.9198 2.12492 0
      vertex 73.4276 16.2377 0
      vertex 73.0252 2.16555 0
    endloop
  endfacet
  facet normal 0 0 -1
    outer loop
      vertex 72.8166 2.07917 0
      vertex 73.4276 16.2377 0
      vertex 72.9198 2.12492 0
    endloop
  endfacet
  facet normal 0 0 -1
    outer loop
      vertex 72.7158 2.02842 0
      vertex 73.4276 16.2377 0
      vertex 72.8166 2.07917 0
    endloop
  endfacet
  facet normal 0 0 -1
    outer loop
      vertex 72.6176 1.97278 0
      vertex 73.4276 16.2377 0
      vertex 72.7158 2.02842 0
    endloop
  endfacet
  facet normal 0 0 -1
    outer loop
      vertex 73.4276 16.2377 0
      vertex 72.5933 16.8 0
      vertex 73.41 16.2782 0
    endloop
  endfacet
  facet normal 0 0 -1
    outer loop
      vertex 73.41 16.2782 0
      vertex 72.5933 16.8 0
      vertex 73.3905 16.3178 0
    endloop
  endfacet
  facet normal 0 0 -1
    outer loop
      vertex 73.369 16.3564 0
      vertex 72.5933 16.8 0
      vertex 73.3457 16.3939 0
    endloop
  endfacet
  facet normal 0 0 -1
    outer loop
      vertex 73.3457 16.3939 0
      vertex 72.5933 16.8 0
      vertex 73.3205 16.4303 0
    endloop
  endfacet
  facet normal 0 0 -1
    outer loop
      vertex 73.2936 16.4653 0
      vertex 72.5933 16.8 0
      vertex 73.2651 16.499 0
    endloop
  endfacet
  facet normal 0 0 -1
    outer loop
      vertex 73.2651 16.499 0
      vertex 72.5933 16.8 0
      vertex 73.2349 16.5312 0
    endloop
  endfacet
  facet normal 0 0 -1
    outer loop
      vertex 73.2031 16.5619 0
      vertex 72.5933 16.8 0
      vertex 73.1699 16.5911 0
    endloop
  endfacet
  facet normal 0 0 -1
    outer loop
      vertex 73.1699 16.5911 0
      vertex 72.5933 16.8 0
      vertex 73.1353 16.6185 0
    endloop
  endfacet
  facet normal 0 0 -1
    outer loop
      vertex 73.1353 16.6185 0
      vertex 72.5933 16.8 0
      vertex 73.0994 16.6442 0
    endloop
  endfacet
  facet normal 0 0 -1
    outer loop
      vertex 73.0994 16.6442 0
      vertex 72.5933 16.8 0
      vertex 73.0623 16.6682 0
    endloop
  endfacet
  facet normal 0 0 -1
    outer loop
      vertex 73.0623 16.6682 0
      vertex 72.5933 16.8 0
      vertex 73.024 16.6903 0
    endloop
  endfacet
  facet normal 0 0 -1
    outer loop
      vertex 73.024 16.6903 0
      vertex 72.5933 16.8 0
      vertex 72.9847 16.7104 0
    endloop
  endfacet
  facet normal 0 0 -1
    outer loop
      vertex 73.2349 16.5312 0
      vertex 72.5933 16.8 0
      vertex 73.2031 16.5619 0
    endloop
  endfacet
  facet normal 0 0 -1
    outer loop
      vertex 72.9847 16.7104 0
      vertex 72.5933 16.8 0
      vertex 72.9445 16.7287 0
    endloop
  endfacet
  facet normal 0 0 -1
    outer loop
      vertex 72.9445 16.7287 0
      vertex 72.5933 16.8 0
      vertex 72.9034 16.7449 0
    endloop
  endfacet
  facet normal 0 0 -1
    outer loop
      vertex 72.9034 16.7449 0
      vertex 72.5933 16.8 0
      vertex 72.8616 16.7591 0
    endloop
  endfacet
  facet normal 0 0 -1
    outer loop
      vertex 73.3205 16.4303 0
      vertex 72.5933 16.8 0
      vertex 73.2936 16.4653 0
    endloop
  endfacet
  facet normal 0 0 -1
    outer loop
      vertex 72.8616 16.7591 0
      vertex 72.5933 16.8 0
      vertex 72.8191 16.7712 0
    endloop
  endfacet
  facet normal 0 0 -1
    outer loop
      vertex 72.8191 16.7712 0
      vertex 72.5933 16.8 0
      vertex 72.7761 16.7812 0
    endloop
  endfacet
  facet normal 0 0 -1
    outer loop
      vertex 73.3905 16.3178 0
      vertex 72.5933 16.8 0
      vertex 73.369 16.3564 0
    endloop
  endfacet
  facet normal 0 0 -1
    outer loop
      vertex 72.7761 16.7812 0
      vertex 72.5933 16.8 0
      vertex 72.7326 16.7892 0
    endloop
  endfacet
  facet normal 0 0 -1
    outer loop
      vertex 72.7326 16.7892 0
      vertex 72.5933 16.8 0
      vertex 72.6888 16.7949 0
    endloop
  endfacet
  facet normal -0 0 -1
    outer loop
      vertex 73.4276 16.2377 0
      vertex 72.6176 1.97278 0
      vertex 72.5933 16.8 0
    endloop
  endfacet
  facet normal 0 0 -1
    outer loop
      vertex 72.6888 16.7949 0
      vertex 72.5933 16.8 0
      vertex 72.6448 16.7985 0
    endloop
  endfacet
  facet normal 0 0 -1
    outer loop
      vertex 72.5222 1.91238 0
      vertex 72.5933 16.8 0
      vertex 72.6176 1.97278 0
    endloop
  endfacet
  facet normal 0 0 -1
    outer loop
      vertex 72.4299 1.84738 0
      vertex 72.5933 16.8 0
      vertex 72.5222 1.91238 0
    endloop
  endfacet
  facet normal 0 0 -1
    outer loop
      vertex 72.3409 1.77792 0
      vertex 72.5933 16.8 0
      vertex 72.4299 1.84738 0
    endloop
  endfacet
  facet normal 0 0 -1
    outer loop
      vertex 72.2554 1.70419 0
      vertex 72.5933 16.8 0
      vertex 72.3409 1.77792 0
    endloop
  endfacet
  facet normal 0 0 -1
    outer loop
      vertex 72.1737 1.62634 0
      vertex 72.5933 16.8 0
      vertex 72.2554 1.70419 0
    endloop
  endfacet
  facet normal 0 0 -1
    outer loop
      vertex 72.0958 1.54459 0
      vertex 72.5933 16.8 0
      vertex 72.1737 1.62634 0
    endloop
  endfacet
  facet normal 0 0 -1
    outer loop
      vertex 72.0221 1.4591 0
      vertex 72.5933 16.8 0
      vertex 72.0958 1.54459 0
    endloop
  endfacet
  facet normal 0 0 -1
    outer loop
      vertex 71.9526 1.37011 0
      vertex 72.5933 16.8 0
      vertex 72.0221 1.4591 0
    endloop
  endfacet
  facet normal 0 0 -1
    outer loop
      vertex 71.8876 1.27781 0
      vertex 72.5933 16.8 0
      vertex 71.9526 1.37011 0
    endloop
  endfacet
  facet normal 0 0 -1
    outer loop
      vertex 71.8272 1.18244 0
      vertex 72.5933 16.8 0
      vertex 71.8876 1.27781 0
    endloop
  endfacet
  facet normal 0 0 -1
    outer loop
      vertex 71.7716 1.08421 0
      vertex 72.5933 16.8 0
      vertex 71.8272 1.18244 0
    endloop
  endfacet
  facet normal 0 0 -1
    outer loop
      vertex 71.7208 0.983377 0
      vertex 72.5933 16.8 0
      vertex 71.7716 1.08421 0
    endloop
  endfacet
  facet normal 0 0 -1
    outer loop
      vertex 31 16.8 0
      vertex 71.7208 0.983377 0
      vertex 71.6751 0.880172 0
    endloop
  endfacet
  facet normal 0 0 -1
    outer loop
      vertex 31 16.8 0
      vertex 71.6751 0.880172 0
      vertex 71.6344 0.774846 0
    endloop
  endfacet
  facet normal 0 0 -1
    outer loop
      vertex 31 16.8 0
      vertex 71.6344 0.774846 0
      vertex 71.599 0.667654 0
    endloop
  endfacet
  facet normal 0 0 -1
    outer loop
      vertex 31 16.8 0
      vertex 71.599 0.667654 0
      vertex 71.5689 0.558854 0
    endloop
  endfacet
  facet normal 0 0 -1
    outer loop
      vertex 31 16.8 0
      vertex 71.5689 0.558854 0
      vertex 71.5442 0.448708 0
    endloop
  endfacet
  facet normal 0 0 -1
    outer loop
      vertex 31 16.8 0
      vertex 71.5442 0.448708 0
      vertex 71.5249 0.33748 0
    endloop
  endfacet
  facet normal 0 0 -1
    outer loop
      vertex 31 16.8 0
      vertex 71.5249 0.33748 0
      vertex 71.5111 0.225439 0
    endloop
  endfacet
  facet normal 0 0 -1
    outer loop
      vertex 31 16.8 0
      vertex 71.5111 0.225439 0
      vertex 71.5028 0.112855 0
    endloop
  endfacet
  facet normal 0 0 -1
    outer loop
      vertex 31 16.8 0
      vertex 71.5 0 0
      vertex 31 -16.8 0
    endloop
  endfacet
  facet normal 0 0 -1
    outer loop
      vertex 71.5 0 0
      vertex 31 16.8 0
      vertex 71.5028 0.112855 0
    endloop
  endfacet
  facet normal 0 0 -1
    outer loop
      vertex 71.7208 0.983377 0
      vertex 31 16.8 0
      vertex 72.5933 16.8 0
    endloop
  endfacet
  facet normal 0 0 -1
    outer loop
      vertex 22 -18.1159 0
      vertex 31 -16.8 0
      vertex 26.2414 -20.4165 0
    endloop
  endfacet
  facet normal -0 0 -1
    outer loop
      vertex 31 -16.8 0
      vertex 22 -18.1159 0
      vertex 31 16.8 0
    endloop
  endfacet
  facet normal 0 0 -1
    outer loop
      vertex 22 18.1159 0
      vertex 31 16.8 0
      vertex 22 -18.1159 0
    endloop
  endfacet
  facet normal 0 0 -1
    outer loop
      vertex 25.6968 -20.6 0
      vertex 26.2414 -20.4165 0
      vertex 26.1968 -20.4483 0
    endloop
  endfacet
  facet normal 0 0 -1
    outer loop
      vertex 31 16.8 0
      vertex 22 18.1159 0
      vertex 26.2414 20.4165 0
    endloop
  endfacet
  facet normal 0 0 -1
    outer loop
      vertex 25.6968 -20.6 0
      vertex 26.1968 -20.4483 0
      vertex 26.1595 -20.472 0
    endloop
  endfacet
  facet normal 0 -0 -1
    outer loop
      vertex 25.6968 20.6 0
      vertex 26.2414 20.4165 0
      vertex 22 18.1159 0
    endloop
  endfacet
  facet normal 0 0 -1
    outer loop
      vertex 25.6968 -20.6 0
      vertex 26.1595 -20.472 0
      vertex 26.121 -20.4937 0
    endloop
  endfacet
  facet normal 0 0 -1
    outer loop
      vertex 26.2414 20.4165 0
      vertex 25.6968 20.6 0
      vertex 26.2056 20.4424 0
    endloop
  endfacet
  facet normal 0 0 -1
    outer loop
      vertex 25.6968 -20.6 0
      vertex 26.121 -20.4937 0
      vertex 26.0816 -20.5136 0
    endloop
  endfacet
  facet normal 0 0 -1
    outer loop
      vertex 26.2056 20.4424 0
      vertex 25.6968 20.6 0
      vertex 26.1685 20.4665 0
    endloop
  endfacet
  facet normal 0 0 -1
    outer loop
      vertex 25.6968 -20.6 0
      vertex 26.0816 -20.5136 0
      vertex 26.0412 -20.5315 0
    endloop
  endfacet
  facet normal 0 0 -1
    outer loop
      vertex 26.1685 20.4665 0
      vertex 25.6968 20.6 0
      vertex 26.1303 20.4887 0
    endloop
  endfacet
  facet normal 0 0 -1
    outer loop
      vertex 25.6968 -20.6 0
      vertex 26.0412 -20.5315 0
      vertex 26 -20.5474 0
    endloop
  endfacet
  facet normal 0 0 -1
    outer loop
      vertex 26.1303 20.4887 0
      vertex 25.6968 20.6 0
      vertex 26.0911 20.509 0
    endloop
  endfacet
  facet normal 0 0 -1
    outer loop
      vertex 25.6968 -20.6 0
      vertex 26 -20.5474 0
      vertex 25.9581 -20.5612 0
    endloop
  endfacet
  facet normal 0 0 -1
    outer loop
      vertex 26.0911 20.509 0
      vertex 25.6968 20.6 0
      vertex 26.0509 20.5274 0
    endloop
  endfacet
  facet normal 0 0 -1
    outer loop
      vertex 25.6968 -20.6 0
      vertex 25.9581 -20.5612 0
      vertex 25.9155 -20.573 0
    endloop
  endfacet
  facet normal 0 0 -1
    outer loop
      vertex 26.0509 20.5274 0
      vertex 25.6968 20.6 0
      vertex 26.0099 20.5438 0
    endloop
  endfacet
  facet normal 0 0 -1
    outer loop
      vertex 25.6968 -20.6 0
      vertex 25.9155 -20.573 0
      vertex 25.8724 -20.5827 0
    endloop
  endfacet
  facet normal 0 0 -1
    outer loop
      vertex 26.0099 20.5438 0
      vertex 25.6968 20.6 0
      vertex 25.9681 20.5581 0
    endloop
  endfacet
  facet normal 0 0 -1
    outer loop
      vertex 25.6968 -20.6 0
      vertex 25.8724 -20.5827 0
      vertex 25.8289 -20.5903 0
    endloop
  endfacet
  facet normal 0 0 -1
    outer loop
      vertex 25.9681 20.5581 0
      vertex 25.6968 20.6 0
      vertex 25.9257 20.5704 0
    endloop
  endfacet
  facet normal 0 0 -1
    outer loop
      vertex 25.6968 -20.6 0
      vertex 25.8289 -20.5903 0
      vertex 25.785 -20.5957 0
    endloop
  endfacet
  facet normal 0 0 -1
    outer loop
      vertex 25.9257 20.5704 0
      vertex 25.6968 20.6 0
      vertex 25.8827 20.5806 0
    endloop
  endfacet
  facet normal 0 0 -1
    outer loop
      vertex 25.6968 -20.6 0
      vertex 25.785 -20.5957 0
      vertex 25.741 -20.5989 0
    endloop
  endfacet
  facet normal -0 0 -1
    outer loop
      vertex 26.2414 -20.4165 0
      vertex 25.6968 -20.6 0
      vertex 22 -18.1159 0
    endloop
  endfacet
  facet normal 0 0 -1
    outer loop
      vertex 25.8827 20.5806 0
      vertex 25.6968 20.6 0
      vertex 25.8393 20.5886 0
    endloop
  endfacet
  facet normal 0 0 -1
    outer loop
      vertex 22 -18.1159 0
      vertex 25.6968 -20.6 0
      vertex 22.9 -20.6 0
    endloop
  endfacet
  facet normal 0 0 -1
    outer loop
      vertex 25.8393 20.5886 0
      vertex 25.6968 20.6 0
      vertex 25.7955 20.5946 0
    endloop
  endfacet
  facet normal 0 0 -1
    outer loop
      vertex 22 -19.7 0
      vertex 22.9 -20.6 0
      vertex 22.8558 -20.5989 0
    endloop
  endfacet
  facet normal 0 0 -1
    outer loop
      vertex 25.7955 20.5946 0
      vertex 25.6968 20.6 0
      vertex 25.7515 20.5983 0
    endloop
  endfacet
  facet normal 0 0 -1
    outer loop
      vertex 22 -19.7 0
      vertex 22.8558 -20.5989 0
      vertex 22.8118 -20.5957 0
    endloop
  endfacet
  facet normal -0 0 -1
    outer loop
      vertex 25.6968 20.6 0
      vertex 22 18.1159 0
      vertex 22.9 20.6 0
    endloop
  endfacet
  facet normal 0 0 -1
    outer loop
      vertex 22 -19.7 0
      vertex 22.8118 -20.5957 0
      vertex 22.7679 -20.5903 0
    endloop
  endfacet
  facet normal 0 0 -1
    outer loop
      vertex 22 19.7 0
      vertex 22.9 20.6 0
      vertex 22 18.1159 0
    endloop
  endfacet
  facet normal 0 0 -1
    outer loop
      vertex 22 -19.7 0
      vertex 22.7679 -20.5903 0
      vertex 22.7244 -20.5827 0
    endloop
  endfacet
  facet normal 0 0 -1
    outer loop
      vertex 22.9 20.6 0
      vertex 22 19.7 0
      vertex 22.8558 20.5989 0
    endloop
  endfacet
  facet normal 0 0 -1
    outer loop
      vertex 22 -19.7 0
      vertex 22.7244 -20.5827 0
      vertex 22.6813 -20.573 0
    endloop
  endfacet
  facet normal 0 0 -1
    outer loop
      vertex 22.8558 20.5989 0
      vertex 22 19.7 0
      vertex 22.8118 20.5957 0
    endloop
  endfacet
  facet normal 0 0 -1
    outer loop
      vertex 22 -19.7 0
      vertex 22.6813 -20.573 0
      vertex 22.6387 -20.5612 0
    endloop
  endfacet
  facet normal 0 0 -1
    outer loop
      vertex 22.8118 20.5957 0
      vertex 22 19.7 0
      vertex 22.7679 20.5903 0
    endloop
  endfacet
  facet normal 0 0 -1
    outer loop
      vertex 22 -19.7 0
      vertex 22.6387 -20.5612 0
      vertex 22.5968 -20.5474 0
    endloop
  endfacet
  facet normal 0 0 -1
    outer loop
      vertex 22.7679 20.5903 0
      vertex 22 19.7 0
      vertex 22.7244 20.5827 0
    endloop
  endfacet
  facet normal 0 0 -1
    outer loop
      vertex 22 -19.7 0
      vertex 22.5968 -20.5474 0
      vertex 22.5556 -20.5315 0
    endloop
  endfacet
  facet normal 0 0 -1
    outer loop
      vertex 22.7244 20.5827 0
      vertex 22 19.7 0
      vertex 22.6813 20.573 0
    endloop
  endfacet
  facet normal 0 0 -1
    outer loop
      vertex 22 -19.7 0
      vertex 22.5556 -20.5315 0
      vertex 22.5152 -20.5136 0
    endloop
  endfacet
  facet normal 0 0 -1
    outer loop
      vertex 22.6813 20.573 0
      vertex 22 19.7 0
      vertex 22.6387 20.5612 0
    endloop
  endfacet
  facet normal 0 0 -1
    outer loop
      vertex 22 -19.7 0
      vertex 22.5152 -20.5136 0
      vertex 22.4757 -20.4937 0
    endloop
  endfacet
  facet normal 0 0 -1
    outer loop
      vertex 22.6387 20.5612 0
      vertex 22 19.7 0
      vertex 22.5968 20.5474 0
    endloop
  endfacet
  facet normal 0 0 -1
    outer loop
      vertex 22 -19.7 0
      vertex 22.4757 -20.4937 0
      vertex 22.4373 -20.472 0
    endloop
  endfacet
  facet normal 0 0 -1
    outer loop
      vertex 22.5968 20.5474 0
      vertex 22 19.7 0
      vertex 22.5556 20.5315 0
    endloop
  endfacet
  facet normal 0 0 -1
    outer loop
      vertex 22 -19.7 0
      vertex 22.4373 -20.472 0
      vertex 22.4 -20.4483 0
    endloop
  endfacet
  facet normal 0 0 -1
    outer loop
      vertex 22.5556 20.5315 0
      vertex 22 19.7 0
      vertex 22.5152 20.5136 0
    endloop
  endfacet
  facet normal 0 0 -1
    outer loop
      vertex 22 -19.7 0
      vertex 22.4 -20.4483 0
      vertex 22.3639 -20.4229 0
    endloop
  endfacet
  facet normal 0 0 -1
    outer loop
      vertex 22.5152 20.5136 0
      vertex 22 19.7 0
      vertex 22.4757 20.4937 0
    endloop
  endfacet
  facet normal 0 0 -1
    outer loop
      vertex 22 -19.7 0
      vertex 22.3639 -20.4229 0
      vertex 22.329 -20.3957 0
    endloop
  endfacet
  facet normal 0 0 -1
    outer loop
      vertex 22.4757 20.4937 0
      vertex 22 19.7 0
      vertex 22.4373 20.472 0
    endloop
  endfacet
  facet normal 0 0 -1
    outer loop
      vertex 22 -19.7 0
      vertex 22.329 -20.3957 0
      vertex 22.2956 -20.3669 0
    endloop
  endfacet
  facet normal 0 0 -1
    outer loop
      vertex 22.4373 20.472 0
      vertex 22 19.7 0
      vertex 22.4 20.4483 0
    endloop
  endfacet
  facet normal 0 0 -1
    outer loop
      vertex 22 -19.7 0
      vertex 22.2956 -20.3669 0
      vertex 22.2636 -20.3364 0
    endloop
  endfacet
  facet normal 0 0 -1
    outer loop
      vertex 22.4 20.4483 0
      vertex 22 19.7 0
      vertex 22.3639 20.4229 0
    endloop
  endfacet
  facet normal 0 0 -1
    outer loop
      vertex 22 -19.7 0
      vertex 22.2636 -20.3364 0
      vertex 22.2331 -20.3044 0
    endloop
  endfacet
  facet normal 0 0 -1
    outer loop
      vertex 22.3639 20.4229 0
      vertex 22 19.7 0
      vertex 22.329 20.3957 0
    endloop
  endfacet
  facet normal 0 0 -1
    outer loop
      vertex 22 -19.7 0
      vertex 22.2331 -20.3044 0
      vertex 22.2043 -20.271 0
    endloop
  endfacet
  facet normal 0 0 -1
    outer loop
      vertex 22.329 20.3957 0
      vertex 22 19.7 0
      vertex 22.2956 20.3669 0
    endloop
  endfacet
  facet normal 0 0 -1
    outer loop
      vertex 22 -19.7 0
      vertex 22.2043 -20.271 0
      vertex 22.1771 -20.2361 0
    endloop
  endfacet
  facet normal 0 0 -1
    outer loop
      vertex 22.2956 20.3669 0
      vertex 22 19.7 0
      vertex 22.2636 20.3364 0
    endloop
  endfacet
  facet normal 0 0 -1
    outer loop
      vertex 22 -19.7 0
      vertex 22.1771 -20.2361 0
      vertex 22.1517 -20.2 0
    endloop
  endfacet
  facet normal 0 0 -1
    outer loop
      vertex 22.2636 20.3364 0
      vertex 22 19.7 0
      vertex 22.2331 20.3044 0
    endloop
  endfacet
  facet normal 0 0 -1
    outer loop
      vertex 22 -19.7 0
      vertex 22.1517 -20.2 0
      vertex 22.128 -20.1627 0
    endloop
  endfacet
  facet normal 0 0 -1
    outer loop
      vertex 22.2331 20.3044 0
      vertex 22 19.7 0
      vertex 22.2043 20.271 0
    endloop
  endfacet
  facet normal 0 0 -1
    outer loop
      vertex 22 -19.7 0
      vertex 22.128 -20.1627 0
      vertex 22.1063 -20.1243 0
    endloop
  endfacet
  facet normal 0 0 -1
    outer loop
      vertex 22.2043 20.271 0
      vertex 22 19.7 0
      vertex 22.1771 20.2361 0
    endloop
  endfacet
  facet normal 0 0 -1
    outer loop
      vertex 22 -19.7 0
      vertex 22.1063 -20.1243 0
      vertex 22.0864 -20.0848 0
    endloop
  endfacet
  facet normal 0 0 -1
    outer loop
      vertex 22.1771 20.2361 0
      vertex 22 19.7 0
      vertex 22.1517 20.2 0
    endloop
  endfacet
  facet normal 0 0 -1
    outer loop
      vertex 22 -19.7 0
      vertex 22.0864 -20.0848 0
      vertex 22.0685 -20.0444 0
    endloop
  endfacet
  facet normal 0 0 -1
    outer loop
      vertex 22.1517 20.2 0
      vertex 22 19.7 0
      vertex 22.128 20.1627 0
    endloop
  endfacet
  facet normal 0 0 -1
    outer loop
      vertex 22 -19.7 0
      vertex 22.0685 -20.0444 0
      vertex 22.0526 -20.0032 0
    endloop
  endfacet
  facet normal 0 0 -1
    outer loop
      vertex 22.128 20.1627 0
      vertex 22 19.7 0
      vertex 22.1063 20.1243 0
    endloop
  endfacet
  facet normal 0 0 -1
    outer loop
      vertex 22 -19.7 0
      vertex 22.0526 -20.0032 0
      vertex 22.0387 -19.9613 0
    endloop
  endfacet
  facet normal 0 0 -1
    outer loop
      vertex 22.1063 20.1243 0
      vertex 22 19.7 0
      vertex 22.0864 20.0848 0
    endloop
  endfacet
  facet normal 0 0 -1
    outer loop
      vertex 22 -19.7 0
      vertex 22.0387 -19.9613 0
      vertex 22.027 -19.9187 0
    endloop
  endfacet
  facet normal 0 0 -1
    outer loop
      vertex 22.0864 20.0848 0
      vertex 22 19.7 0
      vertex 22.0685 20.0444 0
    endloop
  endfacet
  facet normal 0 0 -1
    outer loop
      vertex 22 -19.7 0
      vertex 22.027 -19.9187 0
      vertex 22.0173 -19.8756 0
    endloop
  endfacet
  facet normal 0 0 -1
    outer loop
      vertex 22.0685 20.0444 0
      vertex 22 19.7 0
      vertex 22.0526 20.0032 0
    endloop
  endfacet
  facet normal 0 0 -1
    outer loop
      vertex 22 -19.7 0
      vertex 22.0173 -19.8756 0
      vertex 22.0097 -19.8321 0
    endloop
  endfacet
  facet normal 0 0 -1
    outer loop
      vertex 22.0526 20.0032 0
      vertex 22 19.7 0
      vertex 22.0387 19.9613 0
    endloop
  endfacet
  facet normal 0 0 -1
    outer loop
      vertex 22 -19.7 0
      vertex 22.0097 -19.8321 0
      vertex 22.0043 -19.7882 0
    endloop
  endfacet
  facet normal 0 0 -1
    outer loop
      vertex 22.0387 19.9613 0
      vertex 22 19.7 0
      vertex 22.027 19.9187 0
    endloop
  endfacet
  facet normal 0 0 -1
    outer loop
      vertex 22 -19.7 0
      vertex 22.0043 -19.7882 0
      vertex 22.0011 -19.7442 0
    endloop
  endfacet
  facet normal 0 0 -1
    outer loop
      vertex 22.027 19.9187 0
      vertex 22 19.7 0
      vertex 22.0173 19.8756 0
    endloop
  endfacet
  facet normal 0 0 -1
    outer loop
      vertex 22.9 -20.6 0
      vertex 22 -19.7 0
      vertex 22 -18.1159 0
    endloop
  endfacet
  facet normal 0 0 -1
    outer loop
      vertex 22.0173 19.8756 0
      vertex 22 19.7 0
      vertex 22.0097 19.8321 0
    endloop
  endfacet
  facet normal 0 0 -1
    outer loop
      vertex 22.0097 19.8321 0
      vertex 22 19.7 0
      vertex 22.0043 19.7882 0
    endloop
  endfacet
  facet normal 0 0 -1
    outer loop
      vertex 22.0043 19.7882 0
      vertex 22 19.7 0
      vertex 22.0011 19.7442 0
    endloop
  endfacet
  facet normal 0 0 1
    outer loop
      vertex -22.9 20.6 2
      vertex -22 18.1159 2
      vertex -22 19.7 2
    endloop
  endfacet
  facet normal 0 0 1
    outer loop
      vertex -22 18.1159 2
      vertex -31 16.8 2
      vertex -22 -18.1159 2
    endloop
  endfacet
  facet normal 0 0 1
    outer loop
      vertex -22.9 20.6 2
      vertex -22 19.7 2
      vertex -22.0011 19.7442 2
    endloop
  endfacet
  facet normal -0 0 1
    outer loop
      vertex -31 -16.8 2
      vertex -22 -18.1159 2
      vertex -31 16.8 2
    endloop
  endfacet
  facet normal 0 0 1
    outer loop
      vertex -22.9 20.6 2
      vertex -22.0011 19.7442 2
      vertex -22.0043 19.7882 2
    endloop
  endfacet
  facet normal 0 -0 1
    outer loop
      vertex -26.2414 -20.4165 2
      vertex -22 -18.1159 2
      vertex -31 -16.8 2
    endloop
  endfacet
  facet normal 0 0 1
    outer loop
      vertex -22.9 20.6 2
      vertex -22.0043 19.7882 2
      vertex -22.0097 19.8321 2
    endloop
  endfacet
  facet normal 0 -0 1
    outer loop
      vertex -25.6968 -20.6 2
      vertex -22 -18.1159 2
      vertex -26.2414 -20.4165 2
    endloop
  endfacet
  facet normal 0 0 1
    outer loop
      vertex -22.9 20.6 2
      vertex -22.0097 19.8321 2
      vertex -22.0173 19.8756 2
    endloop
  endfacet
  facet normal 0 -0 1
    outer loop
      vertex -22.9 -20.6 2
      vertex -22 -18.1159 2
      vertex -25.6968 -20.6 2
    endloop
  endfacet
  facet normal 0 0 1
    outer loop
      vertex -22.9 20.6 2
      vertex -22.0173 19.8756 2
      vertex -22.027 19.9187 2
    endloop
  endfacet
  facet normal 0 0 1
    outer loop
      vertex -22 -18.1159 2
      vertex -22.9 -20.6 2
      vertex -22 -19.7 2
    endloop
  endfacet
  facet normal 0 0 1
    outer loop
      vertex -22.9 20.6 2
      vertex -22.027 19.9187 2
      vertex -22.0387 19.9613 2
    endloop
  endfacet
  facet normal 0 0 1
    outer loop
      vertex -22 -19.7 2
      vertex -22.9 -20.6 2
      vertex -22.0011 -19.7442 2
    endloop
  endfacet
  facet normal 0 0 1
    outer loop
      vertex -22.9 20.6 2
      vertex -22.0387 19.9613 2
      vertex -22.0526 20.0032 2
    endloop
  endfacet
  facet normal 0 0 1
    outer loop
      vertex -22.0011 -19.7442 2
      vertex -22.9 -20.6 2
      vertex -22.0043 -19.7882 2
    endloop
  endfacet
  facet normal 0 0 1
    outer loop
      vertex -22.9 20.6 2
      vertex -22.0526 20.0032 2
      vertex -22.0685 20.0444 2
    endloop
  endfacet
  facet normal 0 0 1
    outer loop
      vertex -22.0043 -19.7882 2
      vertex -22.9 -20.6 2
      vertex -22.0097 -19.8321 2
    endloop
  endfacet
  facet normal 0 0 1
    outer loop
      vertex -22.9 20.6 2
      vertex -22.0685 20.0444 2
      vertex -22.0864 20.0848 2
    endloop
  endfacet
  facet normal 0 0 1
    outer loop
      vertex -22.0097 -19.8321 2
      vertex -22.9 -20.6 2
      vertex -22.0173 -19.8756 2
    endloop
  endfacet
  facet normal 0 0 1
    outer loop
      vertex -22.9 20.6 2
      vertex -22.0864 20.0848 2
      vertex -22.1063 20.1243 2
    endloop
  endfacet
  facet normal 0 0 1
    outer loop
      vertex -22.0173 -19.8756 2
      vertex -22.9 -20.6 2
      vertex -22.027 -19.9187 2
    endloop
  endfacet
  facet normal 0 0 1
    outer loop
      vertex -22.9 20.6 2
      vertex -22.1063 20.1243 2
      vertex -22.128 20.1627 2
    endloop
  endfacet
  facet normal 0 0 1
    outer loop
      vertex -22.027 -19.9187 2
      vertex -22.9 -20.6 2
      vertex -22.0387 -19.9613 2
    endloop
  endfacet
  facet normal 0 0 1
    outer loop
      vertex -22.9 20.6 2
      vertex -22.128 20.1627 2
      vertex -22.1517 20.2 2
    endloop
  endfacet
  facet normal 0 0 1
    outer loop
      vertex -22.0387 -19.9613 2
      vertex -22.9 -20.6 2
      vertex -22.0526 -20.0032 2
    endloop
  endfacet
  facet normal 0 0 1
    outer loop
      vertex -22.9 20.6 2
      vertex -22.1517 20.2 2
      vertex -22.1771 20.2361 2
    endloop
  endfacet
  facet normal 0 0 1
    outer loop
      vertex -22.0526 -20.0032 2
      vertex -22.9 -20.6 2
      vertex -22.0685 -20.0444 2
    endloop
  endfacet
  facet normal 0 0 1
    outer loop
      vertex -22.9 20.6 2
      vertex -22.1771 20.2361 2
      vertex -22.2043 20.271 2
    endloop
  endfacet
  facet normal 0 0 1
    outer loop
      vertex -22.0685 -20.0444 2
      vertex -22.9 -20.6 2
      vertex -22.0864 -20.0848 2
    endloop
  endfacet
  facet normal 0 0 1
    outer loop
      vertex -22.9 20.6 2
      vertex -22.2043 20.271 2
      vertex -22.2331 20.3044 2
    endloop
  endfacet
  facet normal 0 0 1
    outer loop
      vertex -22.0864 -20.0848 2
      vertex -22.9 -20.6 2
      vertex -22.1063 -20.1243 2
    endloop
  endfacet
  facet normal 0 0 1
    outer loop
      vertex -22.9 20.6 2
      vertex -22.2331 20.3044 2
      vertex -22.2636 20.3364 2
    endloop
  endfacet
  facet normal 0 0 1
    outer loop
      vertex -22.1063 -20.1243 2
      vertex -22.9 -20.6 2
      vertex -22.128 -20.1627 2
    endloop
  endfacet
  facet normal 0 0 1
    outer loop
      vertex -22.9 20.6 2
      vertex -22.2636 20.3364 2
      vertex -22.2956 20.3669 2
    endloop
  endfacet
  facet normal 0 0 1
    outer loop
      vertex -22.128 -20.1627 2
      vertex -22.9 -20.6 2
      vertex -22.1517 -20.2 2
    endloop
  endfacet
  facet normal 0 0 1
    outer loop
      vertex -22.9 20.6 2
      vertex -22.2956 20.3669 2
      vertex -22.329 20.3957 2
    endloop
  endfacet
  facet normal 0 0 1
    outer loop
      vertex -22.1517 -20.2 2
      vertex -22.9 -20.6 2
      vertex -22.1771 -20.2361 2
    endloop
  endfacet
  facet normal 0 0 1
    outer loop
      vertex -22.9 20.6 2
      vertex -22.329 20.3957 2
      vertex -22.3639 20.4229 2
    endloop
  endfacet
  facet normal 0 0 1
    outer loop
      vertex -22.1771 -20.2361 2
      vertex -22.9 -20.6 2
      vertex -22.2043 -20.271 2
    endloop
  endfacet
  facet normal 0 0 1
    outer loop
      vertex -22.9 20.6 2
      vertex -22.3639 20.4229 2
      vertex -22.4 20.4483 2
    endloop
  endfacet
  facet normal 0 0 1
    outer loop
      vertex -22.2043 -20.271 2
      vertex -22.9 -20.6 2
      vertex -22.2331 -20.3044 2
    endloop
  endfacet
  facet normal 0 0 1
    outer loop
      vertex -22.9 20.6 2
      vertex -22.4 20.4483 2
      vertex -22.4373 20.472 2
    endloop
  endfacet
  facet normal 0 0 1
    outer loop
      vertex -22.2331 -20.3044 2
      vertex -22.9 -20.6 2
      vertex -22.2636 -20.3364 2
    endloop
  endfacet
  facet normal 0 0 1
    outer loop
      vertex -22.9 20.6 2
      vertex -22.4373 20.472 2
      vertex -22.4757 20.4937 2
    endloop
  endfacet
  facet normal 0 0 1
    outer loop
      vertex -22.2636 -20.3364 2
      vertex -22.9 -20.6 2
      vertex -22.2956 -20.3669 2
    endloop
  endfacet
  facet normal 0 0 1
    outer loop
      vertex -22.9 20.6 2
      vertex -22.4757 20.4937 2
      vertex -22.5152 20.5136 2
    endloop
  endfacet
  facet normal 0 0 1
    outer loop
      vertex -22.329 -20.3957 2
      vertex -22.9 -20.6 2
      vertex -22.3639 -20.4229 2
    endloop
  endfacet
  facet normal 0 0 1
    outer loop
      vertex -22.9 20.6 2
      vertex -22.5152 20.5136 2
      vertex -22.5556 20.5315 2
    endloop
  endfacet
  facet normal 0 0 1
    outer loop
      vertex -22.3639 -20.4229 2
      vertex -22.9 -20.6 2
      vertex -22.4 -20.4483 2
    endloop
  endfacet
  facet normal 0 0 1
    outer loop
      vertex -22.9 20.6 2
      vertex -22.5556 20.5315 2
      vertex -22.5968 20.5474 2
    endloop
  endfacet
  facet normal 0 0 1
    outer loop
      vertex -22.4 -20.4483 2
      vertex -22.9 -20.6 2
      vertex -22.4373 -20.472 2
    endloop
  endfacet
  facet normal 0 0 1
    outer loop
      vertex -22.9 20.6 2
      vertex -22.5968 20.5474 2
      vertex -22.6387 20.5612 2
    endloop
  endfacet
  facet normal 0 0 1
    outer loop
      vertex -22.4373 -20.472 2
      vertex -22.9 -20.6 2
      vertex -22.4757 -20.4937 2
    endloop
  endfacet
  facet normal 0 0 1
    outer loop
      vertex -22.9 20.6 2
      vertex -22.6387 20.5612 2
      vertex -22.6813 20.573 2
    endloop
  endfacet
  facet normal 0 0 1
    outer loop
      vertex -22.4757 -20.4937 2
      vertex -22.9 -20.6 2
      vertex -22.5152 -20.5136 2
    endloop
  endfacet
  facet normal 0 0 1
    outer loop
      vertex -22.9 20.6 2
      vertex -22.6813 20.573 2
      vertex -22.7244 20.5827 2
    endloop
  endfacet
  facet normal 0 0 1
    outer loop
      vertex -22.5556 -20.5315 2
      vertex -22.9 -20.6 2
      vertex -22.5968 -20.5474 2
    endloop
  endfacet
  facet normal 0 0 1
    outer loop
      vertex -22.9 20.6 2
      vertex -22.7244 20.5827 2
      vertex -22.7679 20.5903 2
    endloop
  endfacet
  facet normal 0 0 1
    outer loop
      vertex -22.5968 -20.5474 2
      vertex -22.9 -20.6 2
      vertex -22.6387 -20.5612 2
    endloop
  endfacet
  facet normal 0 0 1
    outer loop
      vertex -22.9 20.6 2
      vertex -22.7679 20.5903 2
      vertex -22.8118 20.5957 2
    endloop
  endfacet
  facet normal 0 0 1
    outer loop
      vertex -22.6387 -20.5612 2
      vertex -22.9 -20.6 2
      vertex -22.6813 -20.573 2
    endloop
  endfacet
  facet normal 0 0 1
    outer loop
      vertex -22.9 20.6 2
      vertex -22.8118 20.5957 2
      vertex -22.8558 20.5989 2
    endloop
  endfacet
  facet normal 0 0 1
    outer loop
      vertex -22.6813 -20.573 2
      vertex -22.9 -20.6 2
      vertex -22.7244 -20.5827 2
    endloop
  endfacet
  facet normal 0 0 1
    outer loop
      vertex -22 18.1159 2
      vertex -22.9 20.6 2
      vertex -25.6968 20.6 2
    endloop
  endfacet
  facet normal 0 0 1
    outer loop
      vertex -22.7244 -20.5827 2
      vertex -22.9 -20.6 2
      vertex -22.7679 -20.5903 2
    endloop
  endfacet
  facet normal 0 0 1
    outer loop
      vertex -22 18.1159 2
      vertex -25.6968 20.6 2
      vertex -26.2414 20.4165 2
    endloop
  endfacet
  facet normal 0 0 1
    outer loop
      vertex -22.7679 -20.5903 2
      vertex -22.9 -20.6 2
      vertex -22.8118 -20.5957 2
    endloop
  endfacet
  facet normal 0 0 1
    outer loop
      vertex -26.2414 20.4165 2
      vertex -25.6968 20.6 2
      vertex -25.741 20.5989 2
    endloop
  endfacet
  facet normal 0 0 1
    outer loop
      vertex -22.8118 -20.5957 2
      vertex -22.9 -20.6 2
      vertex -22.8558 -20.5989 2
    endloop
  endfacet
  facet normal 0 0 1
    outer loop
      vertex -26.2414 20.4165 2
      vertex -25.741 20.5989 2
      vertex -25.785 20.5957 2
    endloop
  endfacet
  facet normal 0 0 1
    outer loop
      vertex -22.5152 -20.5136 2
      vertex -22.9 -20.6 2
      vertex -22.5556 -20.5315 2
    endloop
  endfacet
  facet normal 0 0 1
    outer loop
      vertex -26.2414 20.4165 2
      vertex -25.785 20.5957 2
      vertex -25.8289 20.5903 2
    endloop
  endfacet
  facet normal 0 0 1
    outer loop
      vertex -22.2956 -20.3669 2
      vertex -22.9 -20.6 2
      vertex -22.329 -20.3957 2
    endloop
  endfacet
  facet normal 0 0 1
    outer loop
      vertex -26.2414 20.4165 2
      vertex -25.8289 20.5903 2
      vertex -25.8724 20.5827 2
    endloop
  endfacet
  facet normal 0 0 1
    outer loop
      vertex -25.6968 -20.6 2
      vertex -26.2414 -20.4165 2
      vertex -25.7515 -20.5983 2
    endloop
  endfacet
  facet normal 0 0 1
    outer loop
      vertex -26.2414 20.4165 2
      vertex -25.8724 20.5827 2
      vertex -25.9155 20.573 2
    endloop
  endfacet
  facet normal 0 0 1
    outer loop
      vertex -25.7515 -20.5983 2
      vertex -26.2414 -20.4165 2
      vertex -25.7955 -20.5946 2
    endloop
  endfacet
  facet normal 0 0 1
    outer loop
      vertex -26.2414 20.4165 2
      vertex -25.9155 20.573 2
      vertex -25.9581 20.5612 2
    endloop
  endfacet
  facet normal 0 0 1
    outer loop
      vertex -25.7955 -20.5946 2
      vertex -26.2414 -20.4165 2
      vertex -25.8393 -20.5886 2
    endloop
  endfacet
  facet normal 0 0 1
    outer loop
      vertex -26.2414 20.4165 2
      vertex -25.9581 20.5612 2
      vertex -26 20.5474 2
    endloop
  endfacet
  facet normal 0 0 1
    outer loop
      vertex -25.8393 -20.5886 2
      vertex -26.2414 -20.4165 2
      vertex -25.8827 -20.5806 2
    endloop
  endfacet
  facet normal 0 0 1
    outer loop
      vertex -26.2414 20.4165 2
      vertex -26 20.5474 2
      vertex -26.0412 20.5315 2
    endloop
  endfacet
  facet normal 0 0 1
    outer loop
      vertex -22 18.1159 2
      vertex -26.2414 20.4165 2
      vertex -31 16.8 2
    endloop
  endfacet
  facet normal 0 0 1
    outer loop
      vertex -26.2414 20.4165 2
      vertex -26.0412 20.5315 2
      vertex -26.0816 20.5136 2
    endloop
  endfacet
  facet normal 0 0 1
    outer loop
      vertex -25.8827 -20.5806 2
      vertex -26.2414 -20.4165 2
      vertex -25.9257 -20.5704 2
    endloop
  endfacet
  facet normal 0 0 1
    outer loop
      vertex -26.2414 20.4165 2
      vertex -26.0816 20.5136 2
      vertex -26.121 20.4937 2
    endloop
  endfacet
  facet normal 0 0 1
    outer loop
      vertex -26.0099 -20.5438 2
      vertex -26.2414 -20.4165 2
      vertex -26.0509 -20.5274 2
    endloop
  endfacet
  facet normal 0 0 1
    outer loop
      vertex -26.2414 20.4165 2
      vertex -26.121 20.4937 2
      vertex -26.1595 20.472 2
    endloop
  endfacet
  facet normal 0 0 1
    outer loop
      vertex -26.0509 -20.5274 2
      vertex -26.2414 -20.4165 2
      vertex -26.0911 -20.509 2
    endloop
  endfacet
  facet normal 0 0 1
    outer loop
      vertex -26.2414 20.4165 2
      vertex -26.1595 20.472 2
      vertex -26.1968 20.4483 2
    endloop
  endfacet
  facet normal 0 0 1
    outer loop
      vertex -26.0911 -20.509 2
      vertex -26.2414 -20.4165 2
      vertex -26.1303 -20.4887 2
    endloop
  endfacet
  facet normal 0 0 1
    outer loop
      vertex -26.1303 -20.4887 2
      vertex -26.2414 -20.4165 2
      vertex -26.1685 -20.4665 2
    endloop
  endfacet
  facet normal 0 0 1
    outer loop
      vertex -26.1685 -20.4665 2
      vertex -26.2414 -20.4165 2
      vertex -26.2056 -20.4424 2
    endloop
  endfacet
  facet normal 0 0 1
    outer loop
      vertex -25.9257 -20.5704 2
      vertex -26.2414 -20.4165 2
      vertex -25.9681 -20.5581 2
    endloop
  endfacet
  facet normal 0 0 1
    outer loop
      vertex -25.9681 -20.5581 2
      vertex -26.2414 -20.4165 2
      vertex -26.0099 -20.5438 2
    endloop
  endfacet
  facet normal 0 0 1
    outer loop
      vertex -31 16.8 2
      vertex -71.5 0 2
      vertex -31 -16.8 2
    endloop
  endfacet
  facet normal 0 0 1
    outer loop
      vertex -31 16.8 2
      vertex -71.5028 0.112855 2
      vertex -71.5 0 2
    endloop
  endfacet
  facet normal 0 0 1
    outer loop
      vertex -31 16.8 2
      vertex -71.5111 0.225439 2
      vertex -71.5028 0.112855 2
    endloop
  endfacet
  facet normal 0 0 1
    outer loop
      vertex -31 16.8 2
      vertex -71.5249 0.33748 2
      vertex -71.5111 0.225439 2
    endloop
  endfacet
  facet normal 0 0 1
    outer loop
      vertex -31 16.8 2
      vertex -71.5442 0.448708 2
      vertex -71.5249 0.33748 2
    endloop
  endfacet
  facet normal 0 0 1
    outer loop
      vertex -31 16.8 2
      vertex -71.5689 0.558854 2
      vertex -71.5442 0.448708 2
    endloop
  endfacet
  facet normal 0 0 1
    outer loop
      vertex -31 16.8 2
      vertex -71.599 0.667654 2
      vertex -71.5689 0.558854 2
    endloop
  endfacet
  facet normal 0 0 1
    outer loop
      vertex -31 16.8 2
      vertex -71.6344 0.774846 2
      vertex -71.599 0.667654 2
    endloop
  endfacet
  facet normal 0 0 1
    outer loop
      vertex -31 16.8 2
      vertex -71.6751 0.880172 2
      vertex -71.6344 0.774846 2
    endloop
  endfacet
  facet normal 0 0 1
    outer loop
      vertex -31 16.8 2
      vertex -71.7208 0.983377 2
      vertex -71.6751 0.880172 2
    endloop
  endfacet
  facet normal -0 0 1
    outer loop
      vertex -72.5933 16.8 2
      vertex -71.7208 0.983377 2
      vertex -31 16.8 2
    endloop
  endfacet
  facet normal 0 0 1
    outer loop
      vertex -71.7208 0.983377 2
      vertex -72.5933 16.8 2
      vertex -71.7716 1.08421 2
    endloop
  endfacet
  facet normal 0 0 1
    outer loop
      vertex -71.7716 1.08421 2
      vertex -72.5933 16.8 2
      vertex -71.8272 1.18244 2
    endloop
  endfacet
  facet normal 0 0 1
    outer loop
      vertex -71.8272 1.18244 2
      vertex -72.5933 16.8 2
      vertex -71.8876 1.27781 2
    endloop
  endfacet
  facet normal 0 0 1
    outer loop
      vertex -71.8876 1.27781 2
      vertex -72.5933 16.8 2
      vertex -71.9526 1.37011 2
    endloop
  endfacet
  facet normal 0 0 1
    outer loop
      vertex -71.9526 1.37011 2
      vertex -72.5933 16.8 2
      vertex -72.0221 1.4591 2
    endloop
  endfacet
  facet normal 0 0 1
    outer loop
      vertex -72.0221 1.4591 2
      vertex -72.5933 16.8 2
      vertex -72.0958 1.54459 2
    endloop
  endfacet
  facet normal 0 0 1
    outer loop
      vertex -72.0958 1.54459 2
      vertex -72.5933 16.8 2
      vertex -72.1737 1.62634 2
    endloop
  endfacet
  facet normal 0 0 1
    outer loop
      vertex -72.1737 1.62634 2
      vertex -72.5933 16.8 2
      vertex -72.2554 1.70419 2
    endloop
  endfacet
  facet normal 0 0 1
    outer loop
      vertex -72.2554 1.70419 2
      vertex -72.5933 16.8 2
      vertex -72.3409 1.77792 2
    endloop
  endfacet
  facet normal 0 0 1
    outer loop
      vertex -72.3409 1.77792 2
      vertex -72.5933 16.8 2
      vertex -72.4299 1.84738 2
    endloop
  endfacet
  facet normal 0 0 1
    outer loop
      vertex -72.4299 1.84738 2
      vertex -72.5933 16.8 2
      vertex -72.5222 1.91238 2
    endloop
  endfacet
  facet normal 0 0 1
    outer loop
      vertex -72.5933 16.8 2
      vertex -72.6176 1.97278 2
      vertex -72.5222 1.91238 2
    endloop
  endfacet
  facet normal 0 0 1
    outer loop
      vertex -73.4276 16.2377 2
      vertex -72.5933 16.8 2
      vertex -72.6375 16.7989 2
    endloop
  endfacet
  facet normal 0 0 1
    outer loop
      vertex -73.4276 16.2377 2
      vertex -72.6375 16.7989 2
      vertex -72.6815 16.7957 2
    endloop
  endfacet
  facet normal 0 0 1
    outer loop
      vertex -72.5933 16.8 2
      vertex -73.4276 16.2377 2
      vertex -72.6176 1.97278 2
    endloop
  endfacet
  facet normal 0 0 1
    outer loop
      vertex -73.4276 16.2377 2
      vertex -72.6815 16.7957 2
      vertex -72.7254 16.7903 2
    endloop
  endfacet
  facet normal 0 0 1
    outer loop
      vertex -73.4276 16.2377 2
      vertex -72.7254 16.7903 2
      vertex -72.7689 16.7827 2
    endloop
  endfacet
  facet normal 0 0 1
    outer loop
      vertex -73.4276 16.2377 2
      vertex -72.7689 16.7827 2
      vertex -72.812 16.773 2
    endloop
  endfacet
  facet normal 0 0 1
    outer loop
      vertex -72.6176 1.97278 2
      vertex -73.4276 16.2377 2
      vertex -72.7158 2.02842 2
    endloop
  endfacet
  facet normal 0 0 1
    outer loop
      vertex -73.4276 16.2377 2
      vertex -72.812 16.773 2
      vertex -72.8546 16.7612 2
    endloop
  endfacet
  facet normal 0 0 1
    outer loop
      vertex -73.4276 16.2377 2
      vertex -72.8546 16.7612 2
      vertex -72.8965 16.7474 2
    endloop
  endfacet
  facet normal 0 0 1
    outer loop
      vertex -72.7158 2.02842 2
      vertex -73.4276 16.2377 2
      vertex -72.8166 2.07917 2
    endloop
  endfacet
  facet normal 0 0 1
    outer loop
      vertex -73.4276 16.2377 2
      vertex -72.8965 16.7474 2
      vertex -72.9378 16.7315 2
    endloop
  endfacet
  facet normal 0 0 1
    outer loop
      vertex -73.4276 16.2377 2
      vertex -72.9378 16.7315 2
      vertex -72.9781 16.7136 2
    endloop
  endfacet
  facet normal 0 0 1
    outer loop
      vertex -73.4276 16.2377 2
      vertex -72.9781 16.7136 2
      vertex -73.0176 16.6937 2
    endloop
  endfacet
  facet normal 0 0 1
    outer loop
      vertex -72.8166 2.07917 2
      vertex -73.4276 16.2377 2
      vertex -72.9198 2.12492 2
    endloop
  endfacet
  facet normal 0 0 1
    outer loop
      vertex -73.4276 16.2377 2
      vertex -73.0176 16.6937 2
      vertex -73.056 16.672 2
    endloop
  endfacet
  facet normal 0 0 1
    outer loop
      vertex -73.4276 16.2377 2
      vertex -73.056 16.672 2
      vertex -73.0934 16.6483 2
    endloop
  endfacet
  facet normal 0 0 1
    outer loop
      vertex -73.4276 16.2377 2
      vertex -73.0934 16.6483 2
      vertex -73.1295 16.6229 2
    endloop
  endfacet
  facet normal 0 0 1
    outer loop
      vertex -72.9198 2.12492 2
      vertex -73.4276 16.2377 2
      vertex -73.0252 2.16555 2
    endloop
  endfacet
  facet normal 0 0 1
    outer loop
      vertex -73.4276 16.2377 2
      vertex -73.1295 16.6229 2
      vertex -73.1643 16.5957 2
    endloop
  endfacet
  facet normal 0 0 1
    outer loop
      vertex -73.4276 16.2377 2
      vertex -73.1643 16.5957 2
      vertex -73.1977 16.5668 2
    endloop
  endfacet
  facet normal 0 0 1
    outer loop
      vertex -73.4276 16.2377 2
      vertex -73.1977 16.5668 2
      vertex -73.2297 16.5364 2
    endloop
  endfacet
  facet normal 0 0 1
    outer loop
      vertex -73.0252 2.16555 2
      vertex -73.4276 16.2377 2
      vertex -73.1323 2.20096 2
    endloop
  endfacet
  facet normal 0 0 1
    outer loop
      vertex -73.4276 16.2377 2
      vertex -73.2297 16.5364 2
      vertex -73.2602 16.5044 2
    endloop
  endfacet
  facet normal 0 0 1
    outer loop
      vertex -73.4276 16.2377 2
      vertex -73.2602 16.5044 2
      vertex -73.289 16.4709 2
    endloop
  endfacet
  facet normal 0 0 1
    outer loop
      vertex -73.4276 16.2377 2
      vertex -73.289 16.4709 2
      vertex -73.3162 16.4361 2
    endloop
  endfacet
  facet normal 0 0 1
    outer loop
      vertex -73.4276 16.2377 2
      vertex -73.3162 16.4361 2
      vertex -73.3417 16.4 2
    endloop
  endfacet
  facet normal 0 0 1
    outer loop
      vertex -73.1323 2.20096 2
      vertex -73.4276 16.2377 2
      vertex -73.2411 2.23107 2
    endloop
  endfacet
  facet normal 0 0 1
    outer loop
      vertex -73.4276 16.2377 2
      vertex -73.3417 16.4 2
      vertex -73.3653 16.3627 2
    endloop
  endfacet
  facet normal 0 0 1
    outer loop
      vertex -73.4276 16.2377 2
      vertex -73.3653 16.3627 2
      vertex -73.3871 16.3242 2
    endloop
  endfacet
  facet normal 0 0 1
    outer loop
      vertex -73.4276 16.2377 2
      vertex -73.3871 16.3242 2
      vertex -73.4069 16.2848 2
    endloop
  endfacet
  facet normal 0 0 1
    outer loop
      vertex -73.2411 2.23107 2
      vertex -73.4276 16.2377 2
      vertex -73.3513 2.25581 2
    endloop
  endfacet
  facet normal 0 0 1
    outer loop
      vertex -73.4276 16.2377 2
      vertex -73.4625 2.27511 2
      vertex -73.3513 2.25581 2
    endloop
  endfacet
  facet normal 0 0 1
    outer loop
      vertex -73.4276 16.2377 2
      vertex -73.5746 2.28892 2
      vertex -73.4625 2.27511 2
    endloop
  endfacet
  facet normal 0 0 1
    outer loop
      vertex -73.4276 16.2377 2
      vertex -73.6871 2.29723 2
      vertex -73.5746 2.28892 2
    endloop
  endfacet
  facet normal 0 0 1
    outer loop
      vertex -73.4276 16.2377 2
      vertex -73.8 2.3 2
      vertex -73.6871 2.29723 2
    endloop
  endfacet
  facet normal 0 0 1
    outer loop
      vertex -73.4276 16.2377 2
      vertex -73.9129 2.29723 2
      vertex -73.8 2.3 2
    endloop
  endfacet
  facet normal 0 0 1
    outer loop
      vertex -73.4276 16.2377 2
      vertex -74.0254 2.28892 2
      vertex -73.9129 2.29723 2
    endloop
  endfacet
  facet normal 0 0 1
    outer loop
      vertex -73.4276 16.2377 2
      vertex -74.1375 2.27511 2
      vertex -74.0254 2.28892 2
    endloop
  endfacet
  facet normal 0 0 1
    outer loop
      vertex -73.4276 16.2377 2
      vertex -74.2487 2.25581 2
      vertex -74.1375 2.27511 2
    endloop
  endfacet
  facet normal 0 0 1
    outer loop
      vertex -73.4276 16.2377 2
      vertex -74.3589 2.23107 2
      vertex -74.2487 2.25581 2
    endloop
  endfacet
  facet normal 0 0 1
    outer loop
      vertex -73.4276 16.2377 2
      vertex -74.4677 2.20096 2
      vertex -74.3589 2.23107 2
    endloop
  endfacet
  facet normal 0 0 1
    outer loop
      vertex -73.4276 16.2377 2
      vertex -74.5748 2.16555 2
      vertex -74.4677 2.20096 2
    endloop
  endfacet
  facet normal 0 0 1
    outer loop
      vertex -73.4276 16.2377 2
      vertex -74.6802 2.12492 2
      vertex -74.5748 2.16555 2
    endloop
  endfacet
  facet normal 0 0 1
    outer loop
      vertex -73.4276 16.2377 2
      vertex -74.7834 2.07917 2
      vertex -74.6802 2.12492 2
    endloop
  endfacet
  facet normal 0 0 1
    outer loop
      vertex -73.4276 16.2377 2
      vertex -74.8842 2.02842 2
      vertex -74.7834 2.07917 2
    endloop
  endfacet
  facet normal 0 0 1
    outer loop
      vertex -73.4276 16.2377 2
      vertex -74.9824 1.97278 2
      vertex -74.8842 2.02842 2
    endloop
  endfacet
  facet normal 0 0 1
    outer loop
      vertex -73.4276 16.2377 2
      vertex -75.0778 1.91238 2
      vertex -74.9824 1.97278 2
    endloop
  endfacet
  facet normal 0 0 1
    outer loop
      vertex -79.8633 0.337677 2
      vertex -75.0778 1.91238 2
      vertex -73.4276 16.2377 2
    endloop
  endfacet
  facet normal 0 0 1
    outer loop
      vertex -75.0778 1.91238 2
      vertex -79.8633 0.337677 2
      vertex -75.1701 1.84738 2
    endloop
  endfacet
  facet normal 0 0 1
    outer loop
      vertex -75.1701 1.84738 2
      vertex -79.8633 0.337677 2
      vertex -75.2591 1.77792 2
    endloop
  endfacet
  facet normal 0 0 1
    outer loop
      vertex -75.2591 1.77792 2
      vertex -79.8633 0.337677 2
      vertex -75.3446 1.70419 2
    endloop
  endfacet
  facet normal 0 0 1
    outer loop
      vertex -75.3446 1.70419 2
      vertex -79.8633 0.337677 2
      vertex -75.4263 1.62634 2
    endloop
  endfacet
  facet normal 0 0 1
    outer loop
      vertex -75.4263 1.62634 2
      vertex -79.8633 0.337677 2
      vertex -75.5042 1.54459 2
    endloop
  endfacet
  facet normal 0 0 1
    outer loop
      vertex -75.5042 1.54459 2
      vertex -79.8633 0.337677 2
      vertex -75.5779 1.4591 2
    endloop
  endfacet
  facet normal 0 0 1
    outer loop
      vertex -75.5779 1.4591 2
      vertex -79.8633 0.337677 2
      vertex -75.6474 1.37011 2
    endloop
  endfacet
  facet normal 0 0 1
    outer loop
      vertex -75.6474 1.37011 2
      vertex -79.8633 0.337677 2
      vertex -75.7124 1.27781 2
    endloop
  endfacet
  facet normal 0 0 1
    outer loop
      vertex -75.7124 1.27781 2
      vertex -79.8633 0.337677 2
      vertex -75.7728 1.18244 2
    endloop
  endfacet
  facet normal 0 0 1
    outer loop
      vertex -75.7728 1.18244 2
      vertex -79.8633 0.337677 2
      vertex -75.8284 1.08421 2
    endloop
  endfacet
  facet normal 0 0 1
    outer loop
      vertex -75.8284 1.08421 2
      vertex -79.8633 0.337677 2
      vertex -75.8792 0.983377 2
    endloop
  endfacet
  facet normal 0 0 1
    outer loop
      vertex -75.8792 0.983377 2
      vertex -79.8633 0.337677 2
      vertex -75.9249 0.880172 2
    endloop
  endfacet
  facet normal 0 0 1
    outer loop
      vertex -75.9249 0.880172 2
      vertex -79.8633 0.337677 2
      vertex -75.9656 0.774846 2
    endloop
  endfacet
  facet normal 0 0 1
    outer loop
      vertex -75.9656 0.774846 2
      vertex -79.8633 0.337677 2
      vertex -76.001 0.667654 2
    endloop
  endfacet
  facet normal 0 0 1
    outer loop
      vertex -76.001 0.667654 2
      vertex -79.8633 0.337677 2
      vertex -76.0311 0.558854 2
    endloop
  endfacet
  facet normal 0 0 1
    outer loop
      vertex -76.0311 0.558854 2
      vertex -79.8633 0.337677 2
      vertex -76.0558 0.448708 2
    endloop
  endfacet
  facet normal 0 0 1
    outer loop
      vertex -76.0972 0.112855 2
      vertex -79.8633 0.337677 2
      vertex -76.1 0 2
    endloop
  endfacet
  facet normal 0 0 1
    outer loop
      vertex -76.0889 0.225439 2
      vertex -79.8633 0.337677 2
      vertex -76.0972 0.112855 2
    endloop
  endfacet
  facet normal 0 0 1
    outer loop
      vertex -76.0751 0.33748 2
      vertex -79.8633 0.337677 2
      vertex -76.0889 0.225439 2
    endloop
  endfacet
  facet normal 0 0 1
    outer loop
      vertex -76.0558 0.448708 2
      vertex -79.8633 0.337677 2
      vertex -76.0751 0.33748 2
    endloop
  endfacet
  facet normal 0 0 1
    outer loop
      vertex 21.1314 19.1228 2
      vertex 22 -18.1159 2
      vertex 22 18.1159 2
    endloop
  endfacet
  facet normal 0 0 1
    outer loop
      vertex 21.1314 19.1228 2
      vertex 21.1314 -19.1228 2
      vertex 22 -18.1159 2
    endloop
  endfacet
  facet normal 0 0 1
    outer loop
      vertex 21.1017 19.1555 2
      vertex 21.1314 -19.1228 2
      vertex 21.1314 19.1228 2
    endloop
  endfacet
  facet normal 0 0 1
    outer loop
      vertex 21.1017 19.1555 2
      vertex 21.1017 -19.1555 2
      vertex 21.1314 -19.1228 2
    endloop
  endfacet
  facet normal 0 0 1
    outer loop
      vertex 20.1678 20.1365 2
      vertex 21.1017 -19.1555 2
      vertex 21.1017 19.1555 2
    endloop
  endfacet
  facet normal 0 0 1
    outer loop
      vertex 20.1678 20.1365 2
      vertex 20.1678 -20.1365 2
      vertex 21.1017 -19.1555 2
    endloop
  endfacet
  facet normal 0 0 1
    outer loop
      vertex 20.1365 20.1678 2
      vertex 20.1678 -20.1365 2
      vertex 20.1678 20.1365 2
    endloop
  endfacet
  facet normal 0 0 1
    outer loop
      vertex 20.1365 20.1678 2
      vertex 20.1365 -20.1678 2
      vertex 20.1678 -20.1365 2
    endloop
  endfacet
  facet normal 0 0 1
    outer loop
      vertex 19.1555 21.1017 2
      vertex 20.1365 -20.1678 2
      vertex 20.1365 20.1678 2
    endloop
  endfacet
  facet normal 0 0 1
    outer loop
      vertex 19.1555 21.1017 2
      vertex 19.1555 -21.1017 2
      vertex 20.1365 -20.1678 2
    endloop
  endfacet
  facet normal 0 0 1
    outer loop
      vertex 19.1228 21.1314 2
      vertex 19.1555 -21.1017 2
      vertex 19.1555 21.1017 2
    endloop
  endfacet
  facet normal 0 0 1
    outer loop
      vertex 19.1228 21.1314 2
      vertex 19.1228 -21.1314 2
      vertex 19.1555 -21.1017 2
    endloop
  endfacet
  facet normal 0 0 1
    outer loop
      vertex 18.097 22.0163 2
      vertex 19.1228 -21.1314 2
      vertex 19.1228 21.1314 2
    endloop
  endfacet
  facet normal 0 0 1
    outer loop
      vertex 18.097 22.0163 2
      vertex 18.097 -22.0163 2
      vertex 19.1228 -21.1314 2
    endloop
  endfacet
  facet normal 0 0 1
    outer loop
      vertex 18.0628 22.0443 2
      vertex 18.097 -22.0163 2
      vertex 18.097 22.0163 2
    endloop
  endfacet
  facet normal 0 0 1
    outer loop
      vertex 18.0628 22.0443 2
      vertex 18.0628 -22.0443 2
      vertex 18.097 -22.0163 2
    endloop
  endfacet
  facet normal 0 0 1
    outer loop
      vertex 16.9946 22.878 2
      vertex 18.0628 -22.0443 2
      vertex 18.0628 22.0443 2
    endloop
  endfacet
  facet normal 0 0 1
    outer loop
      vertex 16.9946 22.878 2
      vertex 16.9946 -22.878 2
      vertex 18.0628 -22.0443 2
    endloop
  endfacet
  facet normal 0 0 1
    outer loop
      vertex 16.9591 22.9043 2
      vertex 16.9946 -22.878 2
      vertex 16.9946 22.878 2
    endloop
  endfacet
  facet normal 0 0 1
    outer loop
      vertex 16.9591 22.9043 2
      vertex 16.9591 -22.9043 2
      vertex 16.9946 -22.878 2
    endloop
  endfacet
  facet normal 0 0 1
    outer loop
      vertex 15.8517 23.6842 2
      vertex 16.9591 -22.9043 2
      vertex 16.9591 22.9043 2
    endloop
  endfacet
  facet normal 0 0 1
    outer loop
      vertex 15.8517 23.6842 2
      vertex 15.8517 -23.6842 2
      vertex 16.9591 -22.9043 2
    endloop
  endfacet
  facet normal 0 0 1
    outer loop
      vertex 15.815 23.7087 2
      vertex 15.8517 -23.6842 2
      vertex 15.8517 23.6842 2
    endloop
  endfacet
  facet normal 0 0 1
    outer loop
      vertex 15.815 23.7087 2
      vertex 15.815 -23.7087 2
      vertex 15.8517 -23.6842 2
    endloop
  endfacet
  facet normal 0 0 1
    outer loop
      vertex 14.6709 24.4332 2
      vertex 15.815 -23.7087 2
      vertex 15.815 23.7087 2
    endloop
  endfacet
  facet normal 0 0 1
    outer loop
      vertex 14.6709 24.4332 2
      vertex 14.6709 -24.4332 2
      vertex 15.815 -23.7087 2
    endloop
  endfacet
  facet normal 0 0 1
    outer loop
      vertex 14.633 24.456 2
      vertex 14.6709 -24.4332 2
      vertex 14.6709 24.4332 2
    endloop
  endfacet
  facet normal 0 0 1
    outer loop
      vertex 14.633 24.456 2
      vertex 14.633 -24.456 2
      vertex 14.6709 -24.4332 2
    endloop
  endfacet
  facet normal 0 0 1
    outer loop
      vertex 13.4537 25.124 2
      vertex 14.633 -24.456 2
      vertex 14.633 24.456 2
    endloop
  endfacet
  facet normal 0 0 1
    outer loop
      vertex 13.4537 25.124 2
      vertex 13.4537 -25.124 2
      vertex 14.633 -24.456 2
    endloop
  endfacet
  facet normal 0 0 1
    outer loop
      vertex 13.4148 25.1448 2
      vertex 13.4537 -25.124 2
      vertex 13.4537 25.124 2
    endloop
  endfacet
  facet normal 0 0 1
    outer loop
      vertex 13.4148 25.1448 2
      vertex 13.4148 -25.1448 2
      vertex 13.4537 -25.124 2
    endloop
  endfacet
  facet normal 0 0 1
    outer loop
      vertex 12.2051 25.7537 2
      vertex 13.4148 -25.1448 2
      vertex 13.4148 25.1448 2
    endloop
  endfacet
  facet normal 0 0 1
    outer loop
      vertex 12.2051 25.7537 2
      vertex 12.2051 -25.7537 2
      vertex 13.4148 -25.1448 2
    endloop
  endfacet
  facet normal 0 0 1
    outer loop
      vertex 12.1652 25.7726 2
      vertex 12.2051 -25.7537 2
      vertex 12.2051 25.7537 2
    endloop
  endfacet
  facet normal 0 0 1
    outer loop
      vertex 12.1652 25.7726 2
      vertex 12.1652 -25.7726 2
      vertex 12.2051 -25.7537 2
    endloop
  endfacet
  facet normal 0 0 1
    outer loop
      vertex 10.9267 26.3216 2
      vertex 12.1652 -25.7726 2
      vertex 12.1652 25.7726 2
    endloop
  endfacet
  facet normal 0 0 1
    outer loop
      vertex 10.9267 26.3216 2
      vertex 10.9267 -26.3216 2
      vertex 12.1652 -25.7726 2
    endloop
  endfacet
  facet normal 0 0 1
    outer loop
      vertex 10.8858 26.3385 2
      vertex 10.9267 -26.3216 2
      vertex 10.9267 26.3216 2
    endloop
  endfacet
  facet normal 0 0 1
    outer loop
      vertex 10.8858 26.3385 2
      vertex 10.8858 -26.3385 2
      vertex 10.9267 -26.3216 2
    endloop
  endfacet
  facet normal 0 0 1
    outer loop
      vertex 9.62195 26.826 2
      vertex 10.8858 -26.3385 2
      vertex 10.8858 26.3385 2
    endloop
  endfacet
  facet normal 0 0 1
    outer loop
      vertex 9.62195 26.826 2
      vertex 9.62195 -26.826 2
      vertex 10.8858 -26.3385 2
    endloop
  endfacet
  facet normal 0 0 1
    outer loop
      vertex 9.58037 26.8409 2
      vertex 9.62195 -26.826 2
      vertex 9.62195 26.826 2
    endloop
  endfacet
  facet normal 0 0 1
    outer loop
      vertex 9.58037 26.8409 2
      vertex 9.58037 -26.8409 2
      vertex 9.62195 -26.826 2
    endloop
  endfacet
  facet normal 0 0 1
    outer loop
      vertex 8.2942 27.2658 2
      vertex 9.58037 -26.8409 2
      vertex 9.58037 26.8409 2
    endloop
  endfacet
  facet normal 0 0 1
    outer loop
      vertex 8.2942 27.2658 2
      vertex 8.2942 -27.2658 2
      vertex 9.58037 -26.8409 2
    endloop
  endfacet
  facet normal 0 0 1
    outer loop
      vertex 8.25194 27.2787 2
      vertex 8.2942 -27.2658 2
      vertex 8.2942 27.2658 2
    endloop
  endfacet
  facet normal 0 0 1
    outer loop
      vertex 8.25194 27.2787 2
      vertex 8.25194 -27.2787 2
      vertex 8.2942 -27.2658 2
    endloop
  endfacet
  facet normal 0 0 1
    outer loop
      vertex 6.94612 27.64 2
      vertex 8.25194 -27.2787 2
      vertex 8.25194 27.2787 2
    endloop
  endfacet
  facet normal 0 0 1
    outer loop
      vertex 6.94612 27.64 2
      vertex 6.94612 -27.64 2
      vertex 8.25194 -27.2787 2
    endloop
  endfacet
  facet normal 0 0 1
    outer loop
      vertex 6.90326 27.6508 2
      vertex 6.94612 -27.64 2
      vertex 6.94612 27.64 2
    endloop
  endfacet
  facet normal 0 0 1
    outer loop
      vertex 6.90326 27.6508 2
      vertex 6.90326 -27.6508 2
      vertex 6.94612 -27.64 2
    endloop
  endfacet
  facet normal 0 0 1
    outer loop
      vertex 5.58171 27.9475 2
      vertex 6.90326 -27.6508 2
      vertex 6.90326 27.6508 2
    endloop
  endfacet
  facet normal 0 0 1
    outer loop
      vertex 5.58171 27.9475 2
      vertex 5.58171 -27.9475 2
      vertex 6.90326 -27.6508 2
    endloop
  endfacet
  facet normal 0 0 1
    outer loop
      vertex 5.53839 27.9561 2
      vertex 5.58171 -27.9475 2
      vertex 5.58171 27.9475 2
    endloop
  endfacet
  facet normal 0 0 1
    outer loop
      vertex 5.53839 27.9561 2
      vertex 5.53839 -27.9561 2
      vertex 5.58171 -27.9475 2
    endloop
  endfacet
  facet normal 0 0 1
    outer loop
      vertex 4.20363 28.1877 2
      vertex 5.53839 -27.9561 2
      vertex 5.53839 27.9561 2
    endloop
  endfacet
  facet normal 0 0 1
    outer loop
      vertex 4.20363 28.1877 2
      vertex 4.20363 -28.1877 2
      vertex 5.53839 -27.9561 2
    endloop
  endfacet
  facet normal 0 0 1
    outer loop
      vertex 4.15993 28.1942 2
      vertex 4.20363 -28.1877 2
      vertex 4.20363 28.1877 2
    endloop
  endfacet
  facet normal 0 0 1
    outer loop
      vertex 4.15993 28.1942 2
      vertex 4.15993 -28.1942 2
      vertex 4.20363 -28.1877 2
    endloop
  endfacet
  facet normal 0 0 1
    outer loop
      vertex 2.81549 28.36 2
      vertex 4.15993 -28.1942 2
      vertex 4.15993 28.1942 2
    endloop
  endfacet
  facet normal 0 0 1
    outer loop
      vertex 2.81549 28.36 2
      vertex 2.81549 -28.36 2
      vertex 4.15993 -28.1942 2
    endloop
  endfacet
  facet normal 0 0 1
    outer loop
      vertex 2.77153 28.3644 2
      vertex 2.81549 -28.36 2
      vertex 2.81549 28.36 2
    endloop
  endfacet
  facet normal 0 0 1
    outer loop
      vertex 2.77153 28.3644 2
      vertex 2.77153 -28.3644 2
      vertex 2.81549 -28.36 2
    endloop
  endfacet
  facet normal 0 0 1
    outer loop
      vertex 1.42044 28.4641 2
      vertex 2.77153 -28.3644 2
      vertex 2.77153 28.3644 2
    endloop
  endfacet
  facet normal 0 0 1
    outer loop
      vertex 1.42044 28.4641 2
      vertex 1.42044 -28.4641 2
      vertex 2.77153 -28.3644 2
    endloop
  endfacet
  facet normal 0 0 1
    outer loop
      vertex 1.37631 28.4662 2
      vertex 1.42044 -28.4641 2
      vertex 1.42044 28.4641 2
    endloop
  endfacet
  facet normal 0 0 1
    outer loop
      vertex 1.37631 28.4662 2
      vertex 1.37631 -28.4662 2
      vertex 1.42044 -28.4641 2
    endloop
  endfacet
  facet normal 0 0 1
    outer loop
      vertex 0.0220795 28.4995 2
      vertex 1.37631 -28.4662 2
      vertex 1.37631 28.4662 2
    endloop
  endfacet
  facet normal 0 0 1
    outer loop
      vertex 0.0220795 28.4995 2
      vertex 0.0220795 -28.4995 2
      vertex 1.37631 -28.4662 2
    endloop
  endfacet
  facet normal -0 0 1
    outer loop
      vertex -0.0220795 28.4995 2
      vertex 0.0220795 -28.4995 2
      vertex 0.0220795 28.4995 2
    endloop
  endfacet
  facet normal 0 0 1
    outer loop
      vertex -0.0220795 28.4995 2
      vertex -0.0220795 -28.4995 2
      vertex 0.0220795 -28.4995 2
    endloop
  endfacet
  facet normal -0 0 1
    outer loop
      vertex -1.37631 28.4662 2
      vertex -0.0220795 -28.4995 2
      vertex -0.0220795 28.4995 2
    endloop
  endfacet
  facet normal 0 0 1
    outer loop
      vertex -1.37631 28.4662 2
      vertex -1.37631 -28.4662 2
      vertex -0.0220795 -28.4995 2
    endloop
  endfacet
  facet normal -0 0 1
    outer loop
      vertex -1.42044 28.4641 2
      vertex -1.37631 -28.4662 2
      vertex -1.37631 28.4662 2
    endloop
  endfacet
  facet normal 0 0 1
    outer loop
      vertex -1.42044 28.4641 2
      vertex -1.42044 -28.4641 2
      vertex -1.37631 -28.4662 2
    endloop
  endfacet
  facet normal -0 0 1
    outer loop
      vertex -2.77153 28.3644 2
      vertex -1.42044 -28.4641 2
      vertex -1.42044 28.4641 2
    endloop
  endfacet
  facet normal 0 0 1
    outer loop
      vertex -2.77153 28.3644 2
      vertex -2.77153 -28.3644 2
      vertex -1.42044 -28.4641 2
    endloop
  endfacet
  facet normal -0 0 1
    outer loop
      vertex -2.81549 28.36 2
      vertex -2.77153 -28.3644 2
      vertex -2.77153 28.3644 2
    endloop
  endfacet
  facet normal 0 0 1
    outer loop
      vertex -2.81549 28.36 2
      vertex -2.81549 -28.36 2
      vertex -2.77153 -28.3644 2
    endloop
  endfacet
  facet normal -0 0 1
    outer loop
      vertex -4.15993 28.1942 2
      vertex -2.81549 -28.36 2
      vertex -2.81549 28.36 2
    endloop
  endfacet
  facet normal 0 0 1
    outer loop
      vertex -4.15993 28.1942 2
      vertex -4.15993 -28.1942 2
      vertex -2.81549 -28.36 2
    endloop
  endfacet
  facet normal -0 0 1
    outer loop
      vertex -4.20363 28.1877 2
      vertex -4.15993 -28.1942 2
      vertex -4.15993 28.1942 2
    endloop
  endfacet
  facet normal 0 0 1
    outer loop
      vertex -4.20363 28.1877 2
      vertex -4.20363 -28.1877 2
      vertex -4.15993 -28.1942 2
    endloop
  endfacet
  facet normal -0 0 1
    outer loop
      vertex -5.53839 27.9561 2
      vertex -4.20363 -28.1877 2
      vertex -4.20363 28.1877 2
    endloop
  endfacet
  facet normal 0 0 1
    outer loop
      vertex -5.53839 27.9561 2
      vertex -5.53839 -27.9561 2
      vertex -4.20363 -28.1877 2
    endloop
  endfacet
  facet normal -0 0 1
    outer loop
      vertex -5.58171 27.9475 2
      vertex -5.53839 -27.9561 2
      vertex -5.53839 27.9561 2
    endloop
  endfacet
  facet normal 0 0 1
    outer loop
      vertex -5.58171 27.9475 2
      vertex -5.58171 -27.9475 2
      vertex -5.53839 -27.9561 2
    endloop
  endfacet
  facet normal -0 0 1
    outer loop
      vertex -6.90326 27.6508 2
      vertex -5.58171 -27.9475 2
      vertex -5.58171 27.9475 2
    endloop
  endfacet
  facet normal 0 0 1
    outer loop
      vertex -6.90326 27.6508 2
      vertex -6.90326 -27.6508 2
      vertex -5.58171 -27.9475 2
    endloop
  endfacet
  facet normal -0 0 1
    outer loop
      vertex -6.94612 27.64 2
      vertex -6.90326 -27.6508 2
      vertex -6.90326 27.6508 2
    endloop
  endfacet
  facet normal 0 0 1
    outer loop
      vertex -6.94612 27.64 2
      vertex -6.94612 -27.64 2
      vertex -6.90326 -27.6508 2
    endloop
  endfacet
  facet normal -0 0 1
    outer loop
      vertex -8.25194 27.2787 2
      vertex -6.94612 -27.64 2
      vertex -6.94612 27.64 2
    endloop
  endfacet
  facet normal 0 0 1
    outer loop
      vertex -8.25194 27.2787 2
      vertex -8.25194 -27.2787 2
      vertex -6.94612 -27.64 2
    endloop
  endfacet
  facet normal -0 0 1
    outer loop
      vertex -8.2942 27.2658 2
      vertex -8.25194 -27.2787 2
      vertex -8.25194 27.2787 2
    endloop
  endfacet
  facet normal 0 0 1
    outer loop
      vertex -8.2942 27.2658 2
      vertex -8.2942 -27.2658 2
      vertex -8.25194 -27.2787 2
    endloop
  endfacet
  facet normal -0 0 1
    outer loop
      vertex -9.58037 26.8409 2
      vertex -8.2942 -27.2658 2
      vertex -8.2942 27.2658 2
    endloop
  endfacet
  facet normal 0 0 1
    outer loop
      vertex -9.58037 26.8409 2
      vertex -9.58037 -26.8409 2
      vertex -8.2942 -27.2658 2
    endloop
  endfacet
  facet normal -0 0 1
    outer loop
      vertex -9.62195 26.826 2
      vertex -9.58037 -26.8409 2
      vertex -9.58037 26.8409 2
    endloop
  endfacet
  facet normal 0 0 1
    outer loop
      vertex -9.62195 26.826 2
      vertex -9.62195 -26.826 2
      vertex -9.58037 -26.8409 2
    endloop
  endfacet
  facet normal -0 0 1
    outer loop
      vertex -10.8858 26.3385 2
      vertex -9.62195 -26.826 2
      vertex -9.62195 26.826 2
    endloop
  endfacet
  facet normal 0 0 1
    outer loop
      vertex -10.8858 26.3385 2
      vertex -10.8858 -26.3385 2
      vertex -9.62195 -26.826 2
    endloop
  endfacet
  facet normal -0 0 1
    outer loop
      vertex -10.9267 26.3216 2
      vertex -10.8858 -26.3385 2
      vertex -10.8858 26.3385 2
    endloop
  endfacet
  facet normal 0 0 1
    outer loop
      vertex -10.9267 26.3216 2
      vertex -10.9267 -26.3216 2
      vertex -10.8858 -26.3385 2
    endloop
  endfacet
  facet normal -0 0 1
    outer loop
      vertex -12.1652 25.7726 2
      vertex -10.9267 -26.3216 2
      vertex -10.9267 26.3216 2
    endloop
  endfacet
  facet normal 0 0 1
    outer loop
      vertex -12.1652 25.7726 2
      vertex -12.1652 -25.7726 2
      vertex -10.9267 -26.3216 2
    endloop
  endfacet
  facet normal -0 0 1
    outer loop
      vertex -12.2051 25.7537 2
      vertex -12.1652 -25.7726 2
      vertex -12.1652 25.7726 2
    endloop
  endfacet
  facet normal 0 0 1
    outer loop
      vertex -12.2051 25.7537 2
      vertex -12.2051 -25.7537 2
      vertex -12.1652 -25.7726 2
    endloop
  endfacet
  facet normal -0 0 1
    outer loop
      vertex -13.4148 25.1448 2
      vertex -12.2051 -25.7537 2
      vertex -12.2051 25.7537 2
    endloop
  endfacet
  facet normal 0 0 1
    outer loop
      vertex -13.4148 25.1448 2
      vertex -13.4148 -25.1448 2
      vertex -12.2051 -25.7537 2
    endloop
  endfacet
  facet normal -0 0 1
    outer loop
      vertex -13.4537 25.124 2
      vertex -13.4148 -25.1448 2
      vertex -13.4148 25.1448 2
    endloop
  endfacet
  facet normal 0 0 1
    outer loop
      vertex -13.4537 25.124 2
      vertex -13.4537 -25.124 2
      vertex -13.4148 -25.1448 2
    endloop
  endfacet
  facet normal -0 0 1
    outer loop
      vertex -14.633 24.456 2
      vertex -13.4537 -25.124 2
      vertex -13.4537 25.124 2
    endloop
  endfacet
  facet normal 0 0 1
    outer loop
      vertex -14.633 24.456 2
      vertex -14.633 -24.456 2
      vertex -13.4537 -25.124 2
    endloop
  endfacet
  facet normal -0 0 1
    outer loop
      vertex -14.6709 24.4332 2
      vertex -14.633 -24.456 2
      vertex -14.633 24.456 2
    endloop
  endfacet
  facet normal 0 0 1
    outer loop
      vertex -14.6709 24.4332 2
      vertex -14.6709 -24.4332 2
      vertex -14.633 -24.456 2
    endloop
  endfacet
  facet normal -0 0 1
    outer loop
      vertex -15.815 23.7087 2
      vertex -14.6709 -24.4332 2
      vertex -14.6709 24.4332 2
    endloop
  endfacet
  facet normal 0 0 1
    outer loop
      vertex -15.815 23.7087 2
      vertex -15.815 -23.7087 2
      vertex -14.6709 -24.4332 2
    endloop
  endfacet
  facet normal -0 0 1
    outer loop
      vertex -15.8517 23.6842 2
      vertex -15.815 -23.7087 2
      vertex -15.815 23.7087 2
    endloop
  endfacet
  facet normal 0 0 1
    outer loop
      vertex -15.8517 23.6842 2
      vertex -15.8517 -23.6842 2
      vertex -15.815 -23.7087 2
    endloop
  endfacet
  facet normal -0 0 1
    outer loop
      vertex -16.9591 22.9043 2
      vertex -15.8517 -23.6842 2
      vertex -15.8517 23.6842 2
    endloop
  endfacet
  facet normal 0 0 1
    outer loop
      vertex -16.9591 22.9043 2
      vertex -16.9591 -22.9043 2
      vertex -15.8517 -23.6842 2
    endloop
  endfacet
  facet normal -0 0 1
    outer loop
      vertex -16.9946 22.878 2
      vertex -16.9591 -22.9043 2
      vertex -16.9591 22.9043 2
    endloop
  endfacet
  facet normal 0 0 1
    outer loop
      vertex -16.9946 22.878 2
      vertex -16.9946 -22.878 2
      vertex -16.9591 -22.9043 2
    endloop
  endfacet
  facet normal -0 0 1
    outer loop
      vertex -18.0628 22.0443 2
      vertex -16.9946 -22.878 2
      vertex -16.9946 22.878 2
    endloop
  endfacet
  facet normal 0 0 1
    outer loop
      vertex -18.0628 22.0443 2
      vertex -18.0628 -22.0443 2
      vertex -16.9946 -22.878 2
    endloop
  endfacet
  facet normal -0 0 1
    outer loop
      vertex -18.097 22.0163 2
      vertex -18.0628 -22.0443 2
      vertex -18.0628 22.0443 2
    endloop
  endfacet
  facet normal 0 0 1
    outer loop
      vertex -18.097 22.0163 2
      vertex -18.097 -22.0163 2
      vertex -18.0628 -22.0443 2
    endloop
  endfacet
  facet normal -0 0 1
    outer loop
      vertex -19.1228 21.1314 2
      vertex -18.097 -22.0163 2
      vertex -18.097 22.0163 2
    endloop
  endfacet
  facet normal 0 0 1
    outer loop
      vertex -19.1228 21.1314 2
      vertex -19.1228 -21.1314 2
      vertex -18.097 -22.0163 2
    endloop
  endfacet
  facet normal -0 0 1
    outer loop
      vertex -19.1555 21.1017 2
      vertex -19.1228 -21.1314 2
      vertex -19.1228 21.1314 2
    endloop
  endfacet
  facet normal 0 0 1
    outer loop
      vertex -19.1555 21.1017 2
      vertex -19.1555 -21.1017 2
      vertex -19.1228 -21.1314 2
    endloop
  endfacet
  facet normal -0 0 1
    outer loop
      vertex -20.1365 20.1678 2
      vertex -19.1555 -21.1017 2
      vertex -19.1555 21.1017 2
    endloop
  endfacet
  facet normal 0 0 1
    outer loop
      vertex -20.1365 20.1678 2
      vertex -20.1365 -20.1678 2
      vertex -19.1555 -21.1017 2
    endloop
  endfacet
  facet normal -0 0 1
    outer loop
      vertex -20.1678 20.1365 2
      vertex -20.1365 -20.1678 2
      vertex -20.1365 20.1678 2
    endloop
  endfacet
  facet normal 0 0 1
    outer loop
      vertex -20.1678 20.1365 2
      vertex -20.1678 -20.1365 2
      vertex -20.1365 -20.1678 2
    endloop
  endfacet
  facet normal -0 0 1
    outer loop
      vertex -21.1017 19.1555 2
      vertex -20.1678 -20.1365 2
      vertex -20.1678 20.1365 2
    endloop
  endfacet
  facet normal 0 0 1
    outer loop
      vertex -21.1017 19.1555 2
      vertex -21.1017 -19.1555 2
      vertex -20.1678 -20.1365 2
    endloop
  endfacet
  facet normal -0 0 1
    outer loop
      vertex -21.1314 19.1228 2
      vertex -21.1017 -19.1555 2
      vertex -21.1017 19.1555 2
    endloop
  endfacet
  facet normal 0 0 1
    outer loop
      vertex -21.1314 19.1228 2
      vertex -21.1314 -19.1228 2
      vertex -21.1017 -19.1555 2
    endloop
  endfacet
  facet normal -0 0 1
    outer loop
      vertex -22 18.1159 2
      vertex -21.1314 -19.1228 2
      vertex -21.1314 19.1228 2
    endloop
  endfacet
  facet normal 0 0 1
    outer loop
      vertex -21.1314 -19.1228 2
      vertex -22 18.1159 2
      vertex -22 -18.1159 2
    endloop
  endfacet
  facet normal -0 0 1
    outer loop
      vertex -71.5028 -0.112855 2
      vertex -31 -16.8 2
      vertex -71.5 0 2
    endloop
  endfacet
  facet normal -0 0 1
    outer loop
      vertex -71.5111 -0.225439 2
      vertex -31 -16.8 2
      vertex -71.5028 -0.112855 2
    endloop
  endfacet
  facet normal -0 0 1
    outer loop
      vertex -71.5249 -0.33748 2
      vertex -31 -16.8 2
      vertex -71.5111 -0.225439 2
    endloop
  endfacet
  facet normal -0 0 1
    outer loop
      vertex -71.5442 -0.448708 2
      vertex -31 -16.8 2
      vertex -71.5249 -0.33748 2
    endloop
  endfacet
  facet normal -0 0 1
    outer loop
      vertex -71.5689 -0.558854 2
      vertex -31 -16.8 2
      vertex -71.5442 -0.448708 2
    endloop
  endfacet
  facet normal -0 0 1
    outer loop
      vertex -71.599 -0.667654 2
      vertex -31 -16.8 2
      vertex -71.5689 -0.558854 2
    endloop
  endfacet
  facet normal -0 0 1
    outer loop
      vertex -71.6344 -0.774846 2
      vertex -31 -16.8 2
      vertex -71.599 -0.667654 2
    endloop
  endfacet
  facet normal -0 0 1
    outer loop
      vertex -71.6751 -0.880172 2
      vertex -31 -16.8 2
      vertex -71.6344 -0.774846 2
    endloop
  endfacet
  facet normal -0 0 1
    outer loop
      vertex -71.7208 -0.983377 2
      vertex -31 -16.8 2
      vertex -71.6751 -0.880172 2
    endloop
  endfacet
  facet normal 0 0 1
    outer loop
      vertex -72.5933 -16.8 2
      vertex -71.7208 -0.983377 2
      vertex -71.7716 -1.08421 2
    endloop
  endfacet
  facet normal 0 0 1
    outer loop
      vertex -72.5933 -16.8 2
      vertex -71.7716 -1.08421 2
      vertex -71.8272 -1.18244 2
    endloop
  endfacet
  facet normal 0 0 1
    outer loop
      vertex -72.5933 -16.8 2
      vertex -71.8272 -1.18244 2
      vertex -71.8876 -1.27781 2
    endloop
  endfacet
  facet normal 0 0 1
    outer loop
      vertex -72.5933 -16.8 2
      vertex -71.8876 -1.27781 2
      vertex -71.9526 -1.37011 2
    endloop
  endfacet
  facet normal 0 0 1
    outer loop
      vertex -72.5933 -16.8 2
      vertex -71.9526 -1.37011 2
      vertex -72.0221 -1.4591 2
    endloop
  endfacet
  facet normal 0 0 1
    outer loop
      vertex -72.5933 -16.8 2
      vertex -72.0221 -1.4591 2
      vertex -72.0958 -1.54459 2
    endloop
  endfacet
  facet normal 0 0 1
    outer loop
      vertex -72.5933 -16.8 2
      vertex -72.0958 -1.54459 2
      vertex -72.1737 -1.62634 2
    endloop
  endfacet
  facet normal 0 0 1
    outer loop
      vertex -72.5933 -16.8 2
      vertex -72.1737 -1.62634 2
      vertex -72.2554 -1.70419 2
    endloop
  endfacet
  facet normal 0 0 1
    outer loop
      vertex -72.5933 -16.8 2
      vertex -72.2554 -1.70419 2
      vertex -72.3409 -1.77792 2
    endloop
  endfacet
  facet normal 0 0 1
    outer loop
      vertex -72.5933 -16.8 2
      vertex -72.3409 -1.77792 2
      vertex -72.4299 -1.84738 2
    endloop
  endfacet
  facet normal 0 0 1
    outer loop
      vertex -72.5933 -16.8 2
      vertex -72.4299 -1.84738 2
      vertex -72.5222 -1.91238 2
    endloop
  endfacet
  facet normal 0 0 1
    outer loop
      vertex -71.7208 -0.983377 2
      vertex -72.5933 -16.8 2
      vertex -31 -16.8 2
    endloop
  endfacet
  facet normal -0 0 1
    outer loop
      vertex -72.6176 -1.97278 2
      vertex -72.5933 -16.8 2
      vertex -72.5222 -1.91238 2
    endloop
  endfacet
  facet normal -0 0 1
    outer loop
      vertex -73.4276 -16.2377 2
      vertex -72.5933 -16.8 2
      vertex -72.6176 -1.97278 2
    endloop
  endfacet
  facet normal 0 0 1
    outer loop
      vertex -72.5933 -16.8 2
      vertex -73.4276 -16.2377 2
      vertex -72.6448 -16.7985 2
    endloop
  endfacet
  facet normal 0 0 1
    outer loop
      vertex -73.4276 -16.2377 2
      vertex -72.6176 -1.97278 2
      vertex -72.7158 -2.02842 2
    endloop
  endfacet
  facet normal 0 0 1
    outer loop
      vertex -72.6448 -16.7985 2
      vertex -73.4276 -16.2377 2
      vertex -72.6888 -16.7949 2
    endloop
  endfacet
  facet normal 0 0 1
    outer loop
      vertex -72.6888 -16.7949 2
      vertex -73.4276 -16.2377 2
      vertex -72.7326 -16.7892 2
    endloop
  endfacet
  facet normal 0 0 1
    outer loop
      vertex -73.4276 -16.2377 2
      vertex -72.7158 -2.02842 2
      vertex -72.8166 -2.07917 2
    endloop
  endfacet
  facet normal 0 0 1
    outer loop
      vertex -72.7326 -16.7892 2
      vertex -73.4276 -16.2377 2
      vertex -72.7761 -16.7812 2
    endloop
  endfacet
  facet normal 0 0 1
    outer loop
      vertex -72.7761 -16.7812 2
      vertex -73.4276 -16.2377 2
      vertex -72.8191 -16.7712 2
    endloop
  endfacet
  facet normal 0 0 1
    outer loop
      vertex -72.8191 -16.7712 2
      vertex -73.4276 -16.2377 2
      vertex -72.8616 -16.7591 2
    endloop
  endfacet
  facet normal 0 0 1
    outer loop
      vertex -73.4276 -16.2377 2
      vertex -72.8166 -2.07917 2
      vertex -72.9198 -2.12492 2
    endloop
  endfacet
  facet normal 0 0 1
    outer loop
      vertex -72.8616 -16.7591 2
      vertex -73.4276 -16.2377 2
      vertex -72.9034 -16.7449 2
    endloop
  endfacet
  facet normal 0 0 1
    outer loop
      vertex -72.9034 -16.7449 2
      vertex -73.4276 -16.2377 2
      vertex -72.9445 -16.7287 2
    endloop
  endfacet
  facet normal 0 0 1
    outer loop
      vertex -72.9445 -16.7287 2
      vertex -73.4276 -16.2377 2
      vertex -72.9847 -16.7104 2
    endloop
  endfacet
  facet normal 0 0 1
    outer loop
      vertex -73.4276 -16.2377 2
      vertex -72.9198 -2.12492 2
      vertex -73.0252 -2.16555 2
    endloop
  endfacet
  facet normal 0 0 1
    outer loop
      vertex -72.9847 -16.7104 2
      vertex -73.4276 -16.2377 2
      vertex -73.024 -16.6903 2
    endloop
  endfacet
  facet normal 0 0 1
    outer loop
      vertex -73.024 -16.6903 2
      vertex -73.4276 -16.2377 2
      vertex -73.0623 -16.6682 2
    endloop
  endfacet
  facet normal 0 0 1
    outer loop
      vertex -73.4276 -16.2377 2
      vertex -73.0252 -2.16555 2
      vertex -73.1323 -2.20096 2
    endloop
  endfacet
  facet normal 0 0 1
    outer loop
      vertex -73.0623 -16.6682 2
      vertex -73.4276 -16.2377 2
      vertex -73.0994 -16.6442 2
    endloop
  endfacet
  facet normal 0 0 1
    outer loop
      vertex -73.0994 -16.6442 2
      vertex -73.4276 -16.2377 2
      vertex -73.1353 -16.6185 2
    endloop
  endfacet
  facet normal 0 0 1
    outer loop
      vertex -73.1353 -16.6185 2
      vertex -73.4276 -16.2377 2
      vertex -73.1699 -16.5911 2
    endloop
  endfacet
  facet normal 0 0 1
    outer loop
      vertex -73.1699 -16.5911 2
      vertex -73.4276 -16.2377 2
      vertex -73.2031 -16.5619 2
    endloop
  endfacet
  facet normal 0 0 1
    outer loop
      vertex -73.4276 -16.2377 2
      vertex -73.1323 -2.20096 2
      vertex -73.2411 -2.23107 2
    endloop
  endfacet
  facet normal 0 0 1
    outer loop
      vertex -73.2031 -16.5619 2
      vertex -73.4276 -16.2377 2
      vertex -73.2349 -16.5312 2
    endloop
  endfacet
  facet normal 0 0 1
    outer loop
      vertex -73.2349 -16.5312 2
      vertex -73.4276 -16.2377 2
      vertex -73.2651 -16.499 2
    endloop
  endfacet
  facet normal 0 0 1
    outer loop
      vertex -73.2651 -16.499 2
      vertex -73.4276 -16.2377 2
      vertex -73.2936 -16.4653 2
    endloop
  endfacet
  facet normal 0 0 1
    outer loop
      vertex -73.2936 -16.4653 2
      vertex -73.4276 -16.2377 2
      vertex -73.3205 -16.4303 2
    endloop
  endfacet
  facet normal 0 0 1
    outer loop
      vertex -73.4276 -16.2377 2
      vertex -73.2411 -2.23107 2
      vertex -73.3513 -2.25581 2
    endloop
  endfacet
  facet normal 0 0 1
    outer loop
      vertex -73.3205 -16.4303 2
      vertex -73.4276 -16.2377 2
      vertex -73.3457 -16.3939 2
    endloop
  endfacet
  facet normal 0 0 1
    outer loop
      vertex -73.3457 -16.3939 2
      vertex -73.4276 -16.2377 2
      vertex -73.369 -16.3564 2
    endloop
  endfacet
  facet normal 0 0 1
    outer loop
      vertex -73.369 -16.3564 2
      vertex -73.4276 -16.2377 2
      vertex -73.3905 -16.3178 2
    endloop
  endfacet
  facet normal 0 0 1
    outer loop
      vertex -73.3905 -16.3178 2
      vertex -73.4276 -16.2377 2
      vertex -73.41 -16.2782 2
    endloop
  endfacet
  facet normal -0 0 1
    outer loop
      vertex -73.4625 -2.27511 2
      vertex -73.4276 -16.2377 2
      vertex -73.3513 -2.25581 2
    endloop
  endfacet
  facet normal -0 0 1
    outer loop
      vertex -73.5746 -2.28892 2
      vertex -73.4276 -16.2377 2
      vertex -73.4625 -2.27511 2
    endloop
  endfacet
  facet normal -0 0 1
    outer loop
      vertex -73.6871 -2.29723 2
      vertex -73.4276 -16.2377 2
      vertex -73.5746 -2.28892 2
    endloop
  endfacet
  facet normal -0 0 1
    outer loop
      vertex -73.8 -2.3 2
      vertex -73.4276 -16.2377 2
      vertex -73.6871 -2.29723 2
    endloop
  endfacet
  facet normal 0 0 1
    outer loop
      vertex -73.9129 -2.29723 2
      vertex -73.4276 -16.2377 2
      vertex -73.8 -2.3 2
    endloop
  endfacet
  facet normal 0 0 1
    outer loop
      vertex -74.0254 -2.28892 2
      vertex -73.4276 -16.2377 2
      vertex -73.9129 -2.29723 2
    endloop
  endfacet
  facet normal 0 0 1
    outer loop
      vertex -74.1375 -2.27511 2
      vertex -73.4276 -16.2377 2
      vertex -74.0254 -2.28892 2
    endloop
  endfacet
  facet normal 0 0 1
    outer loop
      vertex -74.2487 -2.25581 2
      vertex -73.4276 -16.2377 2
      vertex -74.1375 -2.27511 2
    endloop
  endfacet
  facet normal 0 0 1
    outer loop
      vertex -74.3589 -2.23107 2
      vertex -73.4276 -16.2377 2
      vertex -74.2487 -2.25581 2
    endloop
  endfacet
  facet normal 0 0 1
    outer loop
      vertex -74.4677 -2.20096 2
      vertex -73.4276 -16.2377 2
      vertex -74.3589 -2.23107 2
    endloop
  endfacet
  facet normal 0 0 1
    outer loop
      vertex -74.5748 -2.16555 2
      vertex -73.4276 -16.2377 2
      vertex -74.4677 -2.20096 2
    endloop
  endfacet
  facet normal 0 0 1
    outer loop
      vertex -74.6802 -2.12492 2
      vertex -73.4276 -16.2377 2
      vertex -74.5748 -2.16555 2
    endloop
  endfacet
  facet normal 0 0 1
    outer loop
      vertex -74.7834 -2.07917 2
      vertex -73.4276 -16.2377 2
      vertex -74.6802 -2.12492 2
    endloop
  endfacet
  facet normal 0 0 1
    outer loop
      vertex -74.8842 -2.02842 2
      vertex -73.4276 -16.2377 2
      vertex -74.7834 -2.07917 2
    endloop
  endfacet
  facet normal 0 0 1
    outer loop
      vertex -74.9824 -1.97278 2
      vertex -73.4276 -16.2377 2
      vertex -74.8842 -2.02842 2
    endloop
  endfacet
  facet normal 0 0 1
    outer loop
      vertex -75.0778 -1.91238 2
      vertex -73.4276 -16.2377 2
      vertex -74.9824 -1.97278 2
    endloop
  endfacet
  facet normal 0 0 1
    outer loop
      vertex -79.8633 -0.337677 2
      vertex -75.0778 -1.91238 2
      vertex -75.1701 -1.84738 2
    endloop
  endfacet
  facet normal 0 0 1
    outer loop
      vertex -79.8633 -0.337677 2
      vertex -75.1701 -1.84738 2
      vertex -75.2591 -1.77792 2
    endloop
  endfacet
  facet normal 0 0 1
    outer loop
      vertex -79.8633 -0.337677 2
      vertex -75.2591 -1.77792 2
      vertex -75.3446 -1.70419 2
    endloop
  endfacet
  facet normal 0 0 1
    outer loop
      vertex -79.8633 -0.337677 2
      vertex -75.3446 -1.70419 2
      vertex -75.4263 -1.62634 2
    endloop
  endfacet
  facet normal 0 0 1
    outer loop
      vertex -79.8633 -0.337677 2
      vertex -75.4263 -1.62634 2
      vertex -75.5042 -1.54459 2
    endloop
  endfacet
  facet normal 0 0 1
    outer loop
      vertex -79.8633 -0.337677 2
      vertex -75.5042 -1.54459 2
      vertex -75.5779 -1.4591 2
    endloop
  endfacet
  facet normal 0 0 1
    outer loop
      vertex -79.8633 -0.337677 2
      vertex -75.5779 -1.4591 2
      vertex -75.6474 -1.37011 2
    endloop
  endfacet
  facet normal 0 0 1
    outer loop
      vertex -79.8633 -0.337677 2
      vertex -75.6474 -1.37011 2
      vertex -75.7124 -1.27781 2
    endloop
  endfacet
  facet normal 0 0 1
    outer loop
      vertex -79.8633 -0.337677 2
      vertex -75.7124 -1.27781 2
      vertex -75.7728 -1.18244 2
    endloop
  endfacet
  facet normal 0 0 1
    outer loop
      vertex -79.8633 -0.337677 2
      vertex -75.7728 -1.18244 2
      vertex -75.8284 -1.08421 2
    endloop
  endfacet
  facet normal 0 0 1
    outer loop
      vertex -79.8633 -0.337677 2
      vertex -75.8284 -1.08421 2
      vertex -75.8792 -0.983377 2
    endloop
  endfacet
  facet normal 0 0 1
    outer loop
      vertex -79.8633 -0.337677 2
      vertex -75.8792 -0.983377 2
      vertex -75.9249 -0.880172 2
    endloop
  endfacet
  facet normal 0 0 1
    outer loop
      vertex -79.8633 -0.337677 2
      vertex -75.9249 -0.880172 2
      vertex -75.9656 -0.774846 2
    endloop
  endfacet
  facet normal 0 0 1
    outer loop
      vertex -79.8633 -0.337677 2
      vertex -75.9656 -0.774846 2
      vertex -76.001 -0.667654 2
    endloop
  endfacet
  facet normal 0 0 1
    outer loop
      vertex -79.8633 -0.337677 2
      vertex -76.001 -0.667654 2
      vertex -76.0311 -0.558854 2
    endloop
  endfacet
  facet normal 0 0 1
    outer loop
      vertex -79.8633 -0.337677 2
      vertex -76.0311 -0.558854 2
      vertex -76.0558 -0.448708 2
    endloop
  endfacet
  facet normal -0 0 1
    outer loop
      vertex -79.8633 -0.337677 2
      vertex -76.0558 -0.448708 2
      vertex -76.0751 -0.33748 2
    endloop
  endfacet
  facet normal 0 0 1
    outer loop
      vertex -79.8633 -0.337677 2
      vertex -76.1 0 2
      vertex -79.8633 0.337677 2
    endloop
  endfacet
  facet normal 0 0 1
    outer loop
      vertex -76.1 0 2
      vertex -79.8633 -0.337677 2
      vertex -76.0972 -0.112855 2
    endloop
  endfacet
  facet normal 0 0 1
    outer loop
      vertex -76.0972 -0.112855 2
      vertex -79.8633 -0.337677 2
      vertex -76.0889 -0.225439 2
    endloop
  endfacet
  facet normal 0 0 1
    outer loop
      vertex -76.0889 -0.225439 2
      vertex -79.8633 -0.337677 2
      vertex -76.0751 -0.33748 2
    endloop
  endfacet
  facet normal 0 0 1
    outer loop
      vertex -75.0778 -1.91238 2
      vertex -79.8633 -0.337677 2
      vertex -73.4276 -16.2377 2
    endloop
  endfacet
  facet normal 0 0 1
    outer loop
      vertex -79.8633 0.337677 2
      vertex -79.874 -0.310043 2
      vertex -79.8633 -0.337677 2
    endloop
  endfacet
  facet normal -0 0 1
    outer loop
      vertex -79.8789 0.296326 2
      vertex -79.874 -0.310043 2
      vertex -79.8633 0.337677 2
    endloop
  endfacet
  facet normal 0 0 1
    outer loop
      vertex -79.8789 0.296326 2
      vertex -79.8882 -0.268219 2
      vertex -79.874 -0.310043 2
    endloop
  endfacet
  facet normal -0 0 1
    outer loop
      vertex -79.8924 0.254272 2
      vertex -79.8882 -0.268219 2
      vertex -79.8789 0.296326 2
    endloop
  endfacet
  facet normal 0 0 1
    outer loop
      vertex -79.8924 0.254272 2
      vertex -79.9003 -0.225739 2
      vertex -79.8882 -0.268219 2
    endloop
  endfacet
  facet normal -0 0 1
    outer loop
      vertex -79.9038 0.211609 2
      vertex -79.9003 -0.225739 2
      vertex -79.8924 0.254272 2
    endloop
  endfacet
  facet normal 0 0 1
    outer loop
      vertex -79.9038 0.211609 2
      vertex -79.9103 -0.182724 2
      vertex -79.9003 -0.225739 2
    endloop
  endfacet
  facet normal -0 0 1
    outer loop
      vertex -79.9132 0.168427 2
      vertex -79.9103 -0.182724 2
      vertex -79.9038 0.211609 2
    endloop
  endfacet
  facet normal 0 0 1
    outer loop
      vertex -79.9132 0.168427 2
      vertex -79.9182 -0.139252 2
      vertex -79.9103 -0.182724 2
    endloop
  endfacet
  facet normal -0 0 1
    outer loop
      vertex -79.9204 0.124847 2
      vertex -79.9182 -0.139252 2
      vertex -79.9132 0.168427 2
    endloop
  endfacet
  facet normal 0 0 1
    outer loop
      vertex -79.9204 0.124847 2
      vertex -79.924 -0.095459 2
      vertex -79.9182 -0.139252 2
    endloop
  endfacet
  facet normal -0 0 1
    outer loop
      vertex -79.9254 0.0809631 2
      vertex -79.924 -0.095459 2
      vertex -79.9204 0.124847 2
    endloop
  endfacet
  facet normal 0 0 1
    outer loop
      vertex -79.9254 0.0809631 2
      vertex -79.9276 -0.0514374 2
      vertex -79.924 -0.095459 2
    endloop
  endfacet
  facet normal -0 0 1
    outer loop
      vertex -79.9283 0.0368805 2
      vertex -79.9276 -0.0514374 2
      vertex -79.9254 0.0809631 2
    endloop
  endfacet
  facet normal 0 0 1
    outer loop
      vertex -79.9276 -0.0514374 2
      vertex -79.9283 0.0368805 2
      vertex -79.929 -0.00727844 2
    endloop
  endfacet
  facet normal 0 0 1
    outer loop
      vertex 79.9276 0.0514374 2
      vertex 79.9283 -0.0368805 2
      vertex 79.929 0.00727844 2
    endloop
  endfacet
  facet normal 0 0 1
    outer loop
      vertex 79.9276 0.0514374 2
      vertex 79.9254 -0.0809631 2
      vertex 79.9283 -0.0368805 2
    endloop
  endfacet
  facet normal 0 0 1
    outer loop
      vertex 79.924 0.095459 2
      vertex 79.9254 -0.0809631 2
      vertex 79.9276 0.0514374 2
    endloop
  endfacet
  facet normal 0 0 1
    outer loop
      vertex 79.924 0.095459 2
      vertex 79.9204 -0.124847 2
      vertex 79.9254 -0.0809631 2
    endloop
  endfacet
  facet normal 0 0 1
    outer loop
      vertex 79.9182 0.139252 2
      vertex 79.9204 -0.124847 2
      vertex 79.924 0.095459 2
    endloop
  endfacet
  facet normal 0 0 1
    outer loop
      vertex 79.9182 0.139252 2
      vertex 79.9132 -0.168427 2
      vertex 79.9204 -0.124847 2
    endloop
  endfacet
  facet normal 0 0 1
    outer loop
      vertex 79.9103 0.182724 2
      vertex 79.9132 -0.168427 2
      vertex 79.9182 0.139252 2
    endloop
  endfacet
  facet normal 0 0 1
    outer loop
      vertex 79.9103 0.182724 2
      vertex 79.9038 -0.211609 2
      vertex 79.9132 -0.168427 2
    endloop
  endfacet
  facet normal 0 0 1
    outer loop
      vertex 79.9003 0.225739 2
      vertex 79.9038 -0.211609 2
      vertex 79.9103 0.182724 2
    endloop
  endfacet
  facet normal 0 0 1
    outer loop
      vertex 79.9003 0.225739 2
      vertex 79.8924 -0.254272 2
      vertex 79.9038 -0.211609 2
    endloop
  endfacet
  facet normal 0 0 1
    outer loop
      vertex 79.8882 0.268219 2
      vertex 79.8924 -0.254272 2
      vertex 79.9003 0.225739 2
    endloop
  endfacet
  facet normal 0 0 1
    outer loop
      vertex 79.8882 0.268219 2
      vertex 79.8789 -0.296326 2
      vertex 79.8924 -0.254272 2
    endloop
  endfacet
  facet normal 0 0 1
    outer loop
      vertex 79.874 0.310043 2
      vertex 79.8789 -0.296326 2
      vertex 79.8882 0.268219 2
    endloop
  endfacet
  facet normal 0 0 1
    outer loop
      vertex 79.8633 0.337677 2
      vertex 79.8789 -0.296326 2
      vertex 79.874 0.310043 2
    endloop
  endfacet
  facet normal 0 0 1
    outer loop
      vertex 79.8633 0.337677 2
      vertex 79.8633 -0.337677 2
      vertex 79.8789 -0.296326 2
    endloop
  endfacet
  facet normal 0 0 1
    outer loop
      vertex 79.8633 0.337677 2
      vertex 76.1 0 2
      vertex 79.8633 -0.337677 2
    endloop
  endfacet
  facet normal 0 0 1
    outer loop
      vertex 79.8633 0.337677 2
      vertex 76.0972 0.112855 2
      vertex 76.1 0 2
    endloop
  endfacet
  facet normal 0 0 1
    outer loop
      vertex 79.8633 0.337677 2
      vertex 76.0889 0.225439 2
      vertex 76.0972 0.112855 2
    endloop
  endfacet
  facet normal 0 0 1
    outer loop
      vertex 79.8633 0.337677 2
      vertex 76.0751 0.33748 2
      vertex 76.0889 0.225439 2
    endloop
  endfacet
  facet normal 0 0 1
    outer loop
      vertex 79.8633 0.337677 2
      vertex 76.0558 0.448708 2
      vertex 76.0751 0.33748 2
    endloop
  endfacet
  facet normal 0 0 1
    outer loop
      vertex 79.8633 0.337677 2
      vertex 76.0311 0.558854 2
      vertex 76.0558 0.448708 2
    endloop
  endfacet
  facet normal 0 0 1
    outer loop
      vertex 79.8633 0.337677 2
      vertex 76.001 0.667654 2
      vertex 76.0311 0.558854 2
    endloop
  endfacet
  facet normal 0 0 1
    outer loop
      vertex 79.8633 0.337677 2
      vertex 75.9656 0.774846 2
      vertex 76.001 0.667654 2
    endloop
  endfacet
  facet normal 0 0 1
    outer loop
      vertex 79.8633 0.337677 2
      vertex 75.9249 0.880172 2
      vertex 75.9656 0.774846 2
    endloop
  endfacet
  facet normal 0 0 1
    outer loop
      vertex 79.8633 0.337677 2
      vertex 75.8792 0.983377 2
      vertex 75.9249 0.880172 2
    endloop
  endfacet
  facet normal 0 0 1
    outer loop
      vertex 79.8633 0.337677 2
      vertex 75.8284 1.08421 2
      vertex 75.8792 0.983377 2
    endloop
  endfacet
  facet normal 0 0 1
    outer loop
      vertex 79.8633 0.337677 2
      vertex 75.7728 1.18244 2
      vertex 75.8284 1.08421 2
    endloop
  endfacet
  facet normal 0 0 1
    outer loop
      vertex 79.8633 0.337677 2
      vertex 75.7124 1.27781 2
      vertex 75.7728 1.18244 2
    endloop
  endfacet
  facet normal 0 0 1
    outer loop
      vertex 79.8633 0.337677 2
      vertex 75.6474 1.37011 2
      vertex 75.7124 1.27781 2
    endloop
  endfacet
  facet normal 0 0 1
    outer loop
      vertex 79.8633 0.337677 2
      vertex 75.5779 1.4591 2
      vertex 75.6474 1.37011 2
    endloop
  endfacet
  facet normal 0 0 1
    outer loop
      vertex 79.8633 0.337677 2
      vertex 75.5042 1.54459 2
      vertex 75.5779 1.4591 2
    endloop
  endfacet
  facet normal 0 0 1
    outer loop
      vertex 79.8633 0.337677 2
      vertex 75.4263 1.62634 2
      vertex 75.5042 1.54459 2
    endloop
  endfacet
  facet normal 0 0 1
    outer loop
      vertex 79.8633 0.337677 2
      vertex 75.3446 1.70419 2
      vertex 75.4263 1.62634 2
    endloop
  endfacet
  facet normal 0 0 1
    outer loop
      vertex 79.8633 0.337677 2
      vertex 75.2591 1.77792 2
      vertex 75.3446 1.70419 2
    endloop
  endfacet
  facet normal 0 0 1
    outer loop
      vertex 79.8633 0.337677 2
      vertex 75.1701 1.84738 2
      vertex 75.2591 1.77792 2
    endloop
  endfacet
  facet normal 0 0 1
    outer loop
      vertex 79.8633 0.337677 2
      vertex 75.0778 1.91238 2
      vertex 75.1701 1.84738 2
    endloop
  endfacet
  facet normal 0 0 1
    outer loop
      vertex 73.4276 16.2377 2
      vertex 75.0778 1.91238 2
      vertex 79.8633 0.337677 2
    endloop
  endfacet
  facet normal 0 0 1
    outer loop
      vertex 75.0778 1.91238 2
      vertex 73.4276 16.2377 2
      vertex 74.9824 1.97278 2
    endloop
  endfacet
  facet normal 0 0 1
    outer loop
      vertex 74.9824 1.97278 2
      vertex 73.4276 16.2377 2
      vertex 74.8842 2.02842 2
    endloop
  endfacet
  facet normal 0 0 1
    outer loop
      vertex 74.8842 2.02842 2
      vertex 73.4276 16.2377 2
      vertex 74.7834 2.07917 2
    endloop
  endfacet
  facet normal 0 0 1
    outer loop
      vertex 74.7834 2.07917 2
      vertex 73.4276 16.2377 2
      vertex 74.6802 2.12492 2
    endloop
  endfacet
  facet normal 0 0 1
    outer loop
      vertex 74.6802 2.12492 2
      vertex 73.4276 16.2377 2
      vertex 74.5748 2.16555 2
    endloop
  endfacet
  facet normal 0 0 1
    outer loop
      vertex 73.4276 16.2377 2
      vertex 74.4677 2.20096 2
      vertex 74.5748 2.16555 2
    endloop
  endfacet
  facet normal 0 0 1
    outer loop
      vertex 73.4276 16.2377 2
      vertex 74.3589 2.23107 2
      vertex 74.4677 2.20096 2
    endloop
  endfacet
  facet normal 0 0 1
    outer loop
      vertex 73.4276 16.2377 2
      vertex 74.2487 2.25581 2
      vertex 74.3589 2.23107 2
    endloop
  endfacet
  facet normal 0 0 1
    outer loop
      vertex 73.4276 16.2377 2
      vertex 74.1375 2.27511 2
      vertex 74.2487 2.25581 2
    endloop
  endfacet
  facet normal 0 0 1
    outer loop
      vertex 73.4276 16.2377 2
      vertex 74.0254 2.28892 2
      vertex 74.1375 2.27511 2
    endloop
  endfacet
  facet normal 0 0 1
    outer loop
      vertex 73.4276 16.2377 2
      vertex 73.9129 2.29723 2
      vertex 74.0254 2.28892 2
    endloop
  endfacet
  facet normal 0 0 1
    outer loop
      vertex 73.4276 16.2377 2
      vertex 73.8 2.3 2
      vertex 73.9129 2.29723 2
    endloop
  endfacet
  facet normal 0 0 1
    outer loop
      vertex 73.4276 16.2377 2
      vertex 73.6871 2.29723 2
      vertex 73.8 2.3 2
    endloop
  endfacet
  facet normal 0 0 1
    outer loop
      vertex 73.4276 16.2377 2
      vertex 73.5746 2.28892 2
      vertex 73.6871 2.29723 2
    endloop
  endfacet
  facet normal 0 0 1
    outer loop
      vertex 73.4276 16.2377 2
      vertex 73.4625 2.27511 2
      vertex 73.5746 2.28892 2
    endloop
  endfacet
  facet normal 0 0 1
    outer loop
      vertex 72.5933 16.8 2
      vertex 73.4276 16.2377 2
      vertex 73.41 16.2782 2
    endloop
  endfacet
  facet normal 0 0 1
    outer loop
      vertex 72.5933 16.8 2
      vertex 73.41 16.2782 2
      vertex 73.3905 16.3178 2
    endloop
  endfacet
  facet normal 0 0 1
    outer loop
      vertex 72.5933 16.8 2
      vertex 73.3905 16.3178 2
      vertex 73.369 16.3564 2
    endloop
  endfacet
  facet normal 0 0 1
    outer loop
      vertex 73.4276 16.2377 2
      vertex 73.3513 2.25581 2
      vertex 73.4625 2.27511 2
    endloop
  endfacet
  facet normal 0 0 1
    outer loop
      vertex 72.5933 16.8 2
      vertex 73.369 16.3564 2
      vertex 73.3457 16.3939 2
    endloop
  endfacet
  facet normal 0 0 1
    outer loop
      vertex 72.5933 16.8 2
      vertex 73.3457 16.3939 2
      vertex 73.3205 16.4303 2
    endloop
  endfacet
  facet normal 0 0 1
    outer loop
      vertex 72.5933 16.8 2
      vertex 73.3205 16.4303 2
      vertex 73.2936 16.4653 2
    endloop
  endfacet
  facet normal 0 0 1
    outer loop
      vertex 72.5933 16.8 2
      vertex 73.2936 16.4653 2
      vertex 73.2651 16.499 2
    endloop
  endfacet
  facet normal 0 0 1
    outer loop
      vertex 73.4276 16.2377 2
      vertex 73.2411 2.23107 2
      vertex 73.3513 2.25581 2
    endloop
  endfacet
  facet normal 0 0 1
    outer loop
      vertex 72.5933 16.8 2
      vertex 73.2651 16.499 2
      vertex 73.2349 16.5312 2
    endloop
  endfacet
  facet normal 0 0 1
    outer loop
      vertex 72.5933 16.8 2
      vertex 73.2349 16.5312 2
      vertex 73.2031 16.5619 2
    endloop
  endfacet
  facet normal 0 0 1
    outer loop
      vertex 72.5933 16.8 2
      vertex 73.2031 16.5619 2
      vertex 73.1699 16.5911 2
    endloop
  endfacet
  facet normal 0 0 1
    outer loop
      vertex 72.5933 16.8 2
      vertex 73.1699 16.5911 2
      vertex 73.1353 16.6185 2
    endloop
  endfacet
  facet normal 0 0 1
    outer loop
      vertex 73.4276 16.2377 2
      vertex 73.1323 2.20096 2
      vertex 73.2411 2.23107 2
    endloop
  endfacet
  facet normal 0 0 1
    outer loop
      vertex 72.5933 16.8 2
      vertex 73.1353 16.6185 2
      vertex 73.0994 16.6442 2
    endloop
  endfacet
  facet normal 0 0 1
    outer loop
      vertex 72.5933 16.8 2
      vertex 73.0994 16.6442 2
      vertex 73.0623 16.6682 2
    endloop
  endfacet
  facet normal 0 -0 1
    outer loop
      vertex 72.6176 1.97278 2
      vertex 73.4276 16.2377 2
      vertex 72.5933 16.8 2
    endloop
  endfacet
  facet normal 0 0 1
    outer loop
      vertex 72.5933 16.8 2
      vertex 73.0623 16.6682 2
      vertex 73.024 16.6903 2
    endloop
  endfacet
  facet normal 0 0 1
    outer loop
      vertex 72.5933 16.8 2
      vertex 73.024 16.6903 2
      vertex 72.9847 16.7104 2
    endloop
  endfacet
  facet normal 0 0 1
    outer loop
      vertex 72.5933 16.8 2
      vertex 72.9847 16.7104 2
      vertex 72.9445 16.7287 2
    endloop
  endfacet
  facet normal 0 0 1
    outer loop
      vertex 73.4276 16.2377 2
      vertex 73.0252 2.16555 2
      vertex 73.1323 2.20096 2
    endloop
  endfacet
  facet normal 0 0 1
    outer loop
      vertex 72.5933 16.8 2
      vertex 72.9445 16.7287 2
      vertex 72.9034 16.7449 2
    endloop
  endfacet
  facet normal 0 0 1
    outer loop
      vertex 72.5933 16.8 2
      vertex 72.9034 16.7449 2
      vertex 72.8616 16.7591 2
    endloop
  endfacet
  facet normal 0 0 1
    outer loop
      vertex 72.5933 16.8 2
      vertex 72.8616 16.7591 2
      vertex 72.8191 16.7712 2
    endloop
  endfacet
  facet normal 0 0 1
    outer loop
      vertex 73.4276 16.2377 2
      vertex 72.9198 2.12492 2
      vertex 73.0252 2.16555 2
    endloop
  endfacet
  facet normal 0 0 1
    outer loop
      vertex 72.5933 16.8 2
      vertex 72.8191 16.7712 2
      vertex 72.7761 16.7812 2
    endloop
  endfacet
  facet normal 0 0 1
    outer loop
      vertex 72.5933 16.8 2
      vertex 72.7761 16.7812 2
      vertex 72.7326 16.7892 2
    endloop
  endfacet
  facet normal 0 0 1
    outer loop
      vertex 73.4276 16.2377 2
      vertex 72.8166 2.07917 2
      vertex 72.9198 2.12492 2
    endloop
  endfacet
  facet normal 0 0 1
    outer loop
      vertex 72.5933 16.8 2
      vertex 72.7326 16.7892 2
      vertex 72.6888 16.7949 2
    endloop
  endfacet
  facet normal 0 0 1
    outer loop
      vertex 72.5933 16.8 2
      vertex 72.6888 16.7949 2
      vertex 72.6448 16.7985 2
    endloop
  endfacet
  facet normal 0 0 1
    outer loop
      vertex 73.4276 16.2377 2
      vertex 72.7158 2.02842 2
      vertex 72.8166 2.07917 2
    endloop
  endfacet
  facet normal 0 0 1
    outer loop
      vertex 73.4276 16.2377 2
      vertex 72.6176 1.97278 2
      vertex 72.7158 2.02842 2
    endloop
  endfacet
  facet normal 0 0 1
    outer loop
      vertex 72.5933 16.8 2
      vertex 72.5222 1.91238 2
      vertex 72.6176 1.97278 2
    endloop
  endfacet
  facet normal 0 0 1
    outer loop
      vertex 72.5933 16.8 2
      vertex 72.4299 1.84738 2
      vertex 72.5222 1.91238 2
    endloop
  endfacet
  facet normal 0 0 1
    outer loop
      vertex 72.5933 16.8 2
      vertex 72.3409 1.77792 2
      vertex 72.4299 1.84738 2
    endloop
  endfacet
  facet normal 0 0 1
    outer loop
      vertex 72.5933 16.8 2
      vertex 72.2554 1.70419 2
      vertex 72.3409 1.77792 2
    endloop
  endfacet
  facet normal 0 0 1
    outer loop
      vertex 72.5933 16.8 2
      vertex 72.1737 1.62634 2
      vertex 72.2554 1.70419 2
    endloop
  endfacet
  facet normal 0 0 1
    outer loop
      vertex 72.5933 16.8 2
      vertex 72.0958 1.54459 2
      vertex 72.1737 1.62634 2
    endloop
  endfacet
  facet normal 0 0 1
    outer loop
      vertex 72.5933 16.8 2
      vertex 72.0221 1.4591 2
      vertex 72.0958 1.54459 2
    endloop
  endfacet
  facet normal 0 0 1
    outer loop
      vertex 72.5933 16.8 2
      vertex 71.9526 1.37011 2
      vertex 72.0221 1.4591 2
    endloop
  endfacet
  facet normal 0 0 1
    outer loop
      vertex 72.5933 16.8 2
      vertex 71.8876 1.27781 2
      vertex 71.9526 1.37011 2
    endloop
  endfacet
  facet normal 0 0 1
    outer loop
      vertex 72.5933 16.8 2
      vertex 71.8272 1.18244 2
      vertex 71.8876 1.27781 2
    endloop
  endfacet
  facet normal 0 0 1
    outer loop
      vertex 72.5933 16.8 2
      vertex 71.7716 1.08421 2
      vertex 71.8272 1.18244 2
    endloop
  endfacet
  facet normal 0 0 1
    outer loop
      vertex 72.5933 16.8 2
      vertex 71.7208 0.983377 2
      vertex 71.7716 1.08421 2
    endloop
  endfacet
  facet normal -0 0 1
    outer loop
      vertex 31 16.8 2
      vertex 71.7208 0.983377 2
      vertex 72.5933 16.8 2
    endloop
  endfacet
  facet normal 0 0 1
    outer loop
      vertex 71.7208 0.983377 2
      vertex 31 16.8 2
      vertex 71.6751 0.880172 2
    endloop
  endfacet
  facet normal 0 0 1
    outer loop
      vertex 71.6751 0.880172 2
      vertex 31 16.8 2
      vertex 71.6344 0.774846 2
    endloop
  endfacet
  facet normal 0 0 1
    outer loop
      vertex 71.6344 0.774846 2
      vertex 31 16.8 2
      vertex 71.599 0.667654 2
    endloop
  endfacet
  facet normal 0 0 1
    outer loop
      vertex 71.599 0.667654 2
      vertex 31 16.8 2
      vertex 71.5689 0.558854 2
    endloop
  endfacet
  facet normal 0 0 1
    outer loop
      vertex 71.5689 0.558854 2
      vertex 31 16.8 2
      vertex 71.5442 0.448708 2
    endloop
  endfacet
  facet normal 0 0 1
    outer loop
      vertex 71.5442 0.448708 2
      vertex 31 16.8 2
      vertex 71.5249 0.33748 2
    endloop
  endfacet
  facet normal 0 0 1
    outer loop
      vertex 71.5249 0.33748 2
      vertex 31 16.8 2
      vertex 71.5111 0.225439 2
    endloop
  endfacet
  facet normal 0 0 1
    outer loop
      vertex 71.5028 0.112855 2
      vertex 31 16.8 2
      vertex 71.5 0 2
    endloop
  endfacet
  facet normal 0 0 1
    outer loop
      vertex 71.5111 0.225439 2
      vertex 31 16.8 2
      vertex 71.5028 0.112855 2
    endloop
  endfacet
  facet normal -0 0 1
    outer loop
      vertex 76.0972 -0.112855 2
      vertex 79.8633 -0.337677 2
      vertex 76.1 0 2
    endloop
  endfacet
  facet normal -0 0 1
    outer loop
      vertex 76.0889 -0.225439 2
      vertex 79.8633 -0.337677 2
      vertex 76.0972 -0.112855 2
    endloop
  endfacet
  facet normal -0 0 1
    outer loop
      vertex 76.0751 -0.33748 2
      vertex 79.8633 -0.337677 2
      vertex 76.0889 -0.225439 2
    endloop
  endfacet
  facet normal 0 0 1
    outer loop
      vertex 76.0558 -0.448708 2
      vertex 79.8633 -0.337677 2
      vertex 76.0751 -0.33748 2
    endloop
  endfacet
  facet normal 0 0 1
    outer loop
      vertex 76.0311 -0.558854 2
      vertex 79.8633 -0.337677 2
      vertex 76.0558 -0.448708 2
    endloop
  endfacet
  facet normal 0 0 1
    outer loop
      vertex 76.001 -0.667654 2
      vertex 79.8633 -0.337677 2
      vertex 76.0311 -0.558854 2
    endloop
  endfacet
  facet normal 0 0 1
    outer loop
      vertex 75.9656 -0.774846 2
      vertex 79.8633 -0.337677 2
      vertex 76.001 -0.667654 2
    endloop
  endfacet
  facet normal 0 0 1
    outer loop
      vertex 75.9249 -0.880172 2
      vertex 79.8633 -0.337677 2
      vertex 75.9656 -0.774846 2
    endloop
  endfacet
  facet normal 0 0 1
    outer loop
      vertex 75.8792 -0.983377 2
      vertex 79.8633 -0.337677 2
      vertex 75.9249 -0.880172 2
    endloop
  endfacet
  facet normal 0 0 1
    outer loop
      vertex 75.8284 -1.08421 2
      vertex 79.8633 -0.337677 2
      vertex 75.8792 -0.983377 2
    endloop
  endfacet
  facet normal 0 0 1
    outer loop
      vertex 75.7728 -1.18244 2
      vertex 79.8633 -0.337677 2
      vertex 75.8284 -1.08421 2
    endloop
  endfacet
  facet normal 0 0 1
    outer loop
      vertex 75.7124 -1.27781 2
      vertex 79.8633 -0.337677 2
      vertex 75.7728 -1.18244 2
    endloop
  endfacet
  facet normal 0 0 1
    outer loop
      vertex 75.6474 -1.37011 2
      vertex 79.8633 -0.337677 2
      vertex 75.7124 -1.27781 2
    endloop
  endfacet
  facet normal 0 0 1
    outer loop
      vertex 75.5779 -1.4591 2
      vertex 79.8633 -0.337677 2
      vertex 75.6474 -1.37011 2
    endloop
  endfacet
  facet normal 0 0 1
    outer loop
      vertex 75.5042 -1.54459 2
      vertex 79.8633 -0.337677 2
      vertex 75.5779 -1.4591 2
    endloop
  endfacet
  facet normal 0 0 1
    outer loop
      vertex 75.4263 -1.62634 2
      vertex 79.8633 -0.337677 2
      vertex 75.5042 -1.54459 2
    endloop
  endfacet
  facet normal 0 0 1
    outer loop
      vertex 75.3446 -1.70419 2
      vertex 79.8633 -0.337677 2
      vertex 75.4263 -1.62634 2
    endloop
  endfacet
  facet normal 0 0 1
    outer loop
      vertex 75.2591 -1.77792 2
      vertex 79.8633 -0.337677 2
      vertex 75.3446 -1.70419 2
    endloop
  endfacet
  facet normal 0 0 1
    outer loop
      vertex 75.1701 -1.84738 2
      vertex 79.8633 -0.337677 2
      vertex 75.2591 -1.77792 2
    endloop
  endfacet
  facet normal 0 0 1
    outer loop
      vertex 75.0778 -1.91238 2
      vertex 79.8633 -0.337677 2
      vertex 75.1701 -1.84738 2
    endloop
  endfacet
  facet normal 0 0 1
    outer loop
      vertex 73.4276 -16.2377 2
      vertex 75.0778 -1.91238 2
      vertex 74.9824 -1.97278 2
    endloop
  endfacet
  facet normal 0 0 1
    outer loop
      vertex 73.4276 -16.2377 2
      vertex 74.9824 -1.97278 2
      vertex 74.8842 -2.02842 2
    endloop
  endfacet
  facet normal 0 0 1
    outer loop
      vertex 73.4276 -16.2377 2
      vertex 74.8842 -2.02842 2
      vertex 74.7834 -2.07917 2
    endloop
  endfacet
  facet normal 0 0 1
    outer loop
      vertex 73.4276 -16.2377 2
      vertex 74.7834 -2.07917 2
      vertex 74.6802 -2.12492 2
    endloop
  endfacet
  facet normal 0 0 1
    outer loop
      vertex 73.4276 -16.2377 2
      vertex 74.6802 -2.12492 2
      vertex 74.5748 -2.16555 2
    endloop
  endfacet
  facet normal -0 0 1
    outer loop
      vertex 75.0778 -1.91238 2
      vertex 73.4276 -16.2377 2
      vertex 79.8633 -0.337677 2
    endloop
  endfacet
  facet normal -0 0 1
    outer loop
      vertex 74.4677 -2.20096 2
      vertex 73.4276 -16.2377 2
      vertex 74.5748 -2.16555 2
    endloop
  endfacet
  facet normal -0 0 1
    outer loop
      vertex 74.3589 -2.23107 2
      vertex 73.4276 -16.2377 2
      vertex 74.4677 -2.20096 2
    endloop
  endfacet
  facet normal -0 0 1
    outer loop
      vertex 74.2487 -2.25581 2
      vertex 73.4276 -16.2377 2
      vertex 74.3589 -2.23107 2
    endloop
  endfacet
  facet normal -0 0 1
    outer loop
      vertex 74.1375 -2.27511 2
      vertex 73.4276 -16.2377 2
      vertex 74.2487 -2.25581 2
    endloop
  endfacet
  facet normal -0 0 1
    outer loop
      vertex 74.0254 -2.28892 2
      vertex 73.4276 -16.2377 2
      vertex 74.1375 -2.27511 2
    endloop
  endfacet
  facet normal -0 0 1
    outer loop
      vertex 73.9129 -2.29723 2
      vertex 73.4276 -16.2377 2
      vertex 74.0254 -2.28892 2
    endloop
  endfacet
  facet normal -0 0 1
    outer loop
      vertex 73.8 -2.3 2
      vertex 73.4276 -16.2377 2
      vertex 73.9129 -2.29723 2
    endloop
  endfacet
  facet normal 0 0 1
    outer loop
      vertex 73.6871 -2.29723 2
      vertex 73.4276 -16.2377 2
      vertex 73.8 -2.3 2
    endloop
  endfacet
  facet normal 0 0 1
    outer loop
      vertex 73.5746 -2.28892 2
      vertex 73.4276 -16.2377 2
      vertex 73.6871 -2.29723 2
    endloop
  endfacet
  facet normal 0 0 1
    outer loop
      vertex 73.4625 -2.27511 2
      vertex 73.4276 -16.2377 2
      vertex 73.5746 -2.28892 2
    endloop
  endfacet
  facet normal 0 0 1
    outer loop
      vertex 73.3513 -2.25581 2
      vertex 73.4276 -16.2377 2
      vertex 73.4625 -2.27511 2
    endloop
  endfacet
  facet normal 0 0 1
    outer loop
      vertex 73.2411 -2.23107 2
      vertex 73.4276 -16.2377 2
      vertex 73.3513 -2.25581 2
    endloop
  endfacet
  facet normal 0 0 1
    outer loop
      vertex 73.1323 -2.20096 2
      vertex 73.4276 -16.2377 2
      vertex 73.2411 -2.23107 2
    endloop
  endfacet
  facet normal 0 0 1
    outer loop
      vertex 73.0252 -2.16555 2
      vertex 73.4276 -16.2377 2
      vertex 73.1323 -2.20096 2
    endloop
  endfacet
  facet normal 0 0 1
    outer loop
      vertex 72.9198 -2.12492 2
      vertex 73.4276 -16.2377 2
      vertex 73.0252 -2.16555 2
    endloop
  endfacet
  facet normal 0 0 1
    outer loop
      vertex 72.8166 -2.07917 2
      vertex 73.4276 -16.2377 2
      vertex 72.9198 -2.12492 2
    endloop
  endfacet
  facet normal 0 0 1
    outer loop
      vertex 72.7158 -2.02842 2
      vertex 73.4276 -16.2377 2
      vertex 72.8166 -2.07917 2
    endloop
  endfacet
  facet normal 0 0 1
    outer loop
      vertex 72.6176 -1.97278 2
      vertex 73.4276 -16.2377 2
      vertex 72.7158 -2.02842 2
    endloop
  endfacet
  facet normal 0 0 1
    outer loop
      vertex 73.4276 -16.2377 2
      vertex 72.5933 -16.8 2
      vertex 73.4069 -16.2848 2
    endloop
  endfacet
  facet normal 0 0 1
    outer loop
      vertex 73.4069 -16.2848 2
      vertex 72.5933 -16.8 2
      vertex 73.3871 -16.3242 2
    endloop
  endfacet
  facet normal 0 0 1
    outer loop
      vertex 73.3653 -16.3627 2
      vertex 72.5933 -16.8 2
      vertex 73.3417 -16.4 2
    endloop
  endfacet
  facet normal 0 0 1
    outer loop
      vertex 73.3417 -16.4 2
      vertex 72.5933 -16.8 2
      vertex 73.3162 -16.4361 2
    endloop
  endfacet
  facet normal 0 0 1
    outer loop
      vertex 73.289 -16.4709 2
      vertex 72.5933 -16.8 2
      vertex 73.2602 -16.5044 2
    endloop
  endfacet
  facet normal 0 0 1
    outer loop
      vertex 73.2602 -16.5044 2
      vertex 72.5933 -16.8 2
      vertex 73.2297 -16.5364 2
    endloop
  endfacet
  facet normal 0 0 1
    outer loop
      vertex 73.1977 -16.5668 2
      vertex 72.5933 -16.8 2
      vertex 73.1643 -16.5957 2
    endloop
  endfacet
  facet normal 0 0 1
    outer loop
      vertex 73.1295 -16.6229 2
      vertex 72.5933 -16.8 2
      vertex 73.0934 -16.6483 2
    endloop
  endfacet
  facet normal 0 0 1
    outer loop
      vertex 73.1643 -16.5957 2
      vertex 72.5933 -16.8 2
      vertex 73.1295 -16.6229 2
    endloop
  endfacet
  facet normal 0 0 1
    outer loop
      vertex 73.0934 -16.6483 2
      vertex 72.5933 -16.8 2
      vertex 73.056 -16.672 2
    endloop
  endfacet
  facet normal 0 0 1
    outer loop
      vertex 73.056 -16.672 2
      vertex 72.5933 -16.8 2
      vertex 73.0176 -16.6937 2
    endloop
  endfacet
  facet normal 0 0 1
    outer loop
      vertex 73.0176 -16.6937 2
      vertex 72.5933 -16.8 2
      vertex 72.9781 -16.7136 2
    endloop
  endfacet
  facet normal 0 0 1
    outer loop
      vertex 73.2297 -16.5364 2
      vertex 72.5933 -16.8 2
      vertex 73.1977 -16.5668 2
    endloop
  endfacet
  facet normal 0 0 1
    outer loop
      vertex 72.9781 -16.7136 2
      vertex 72.5933 -16.8 2
      vertex 72.9378 -16.7315 2
    endloop
  endfacet
  facet normal 0 0 1
    outer loop
      vertex 72.9378 -16.7315 2
      vertex 72.5933 -16.8 2
      vertex 72.8965 -16.7474 2
    endloop
  endfacet
  facet normal 0 0 1
    outer loop
      vertex 73.3162 -16.4361 2
      vertex 72.5933 -16.8 2
      vertex 73.289 -16.4709 2
    endloop
  endfacet
  facet normal 0 0 1
    outer loop
      vertex 72.8965 -16.7474 2
      vertex 72.5933 -16.8 2
      vertex 72.8546 -16.7612 2
    endloop
  endfacet
  facet normal 0 0 1
    outer loop
      vertex 72.8546 -16.7612 2
      vertex 72.5933 -16.8 2
      vertex 72.812 -16.773 2
    endloop
  endfacet
  facet normal 0 0 1
    outer loop
      vertex 72.812 -16.773 2
      vertex 72.5933 -16.8 2
      vertex 72.7689 -16.7827 2
    endloop
  endfacet
  facet normal 0 0 1
    outer loop
      vertex 73.3871 -16.3242 2
      vertex 72.5933 -16.8 2
      vertex 73.3653 -16.3627 2
    endloop
  endfacet
  facet normal 0 0 1
    outer loop
      vertex 72.7689 -16.7827 2
      vertex 72.5933 -16.8 2
      vertex 72.7254 -16.7903 2
    endloop
  endfacet
  facet normal 0 0 1
    outer loop
      vertex 72.7254 -16.7903 2
      vertex 72.5933 -16.8 2
      vertex 72.6815 -16.7957 2
    endloop
  endfacet
  facet normal 0 0 1
    outer loop
      vertex 73.4276 -16.2377 2
      vertex 72.6176 -1.97278 2
      vertex 72.5933 -16.8 2
    endloop
  endfacet
  facet normal 0 0 1
    outer loop
      vertex 72.6815 -16.7957 2
      vertex 72.5933 -16.8 2
      vertex 72.6375 -16.7989 2
    endloop
  endfacet
  facet normal 0 0 1
    outer loop
      vertex 72.5222 -1.91238 2
      vertex 72.5933 -16.8 2
      vertex 72.6176 -1.97278 2
    endloop
  endfacet
  facet normal 0 0 1
    outer loop
      vertex 72.4299 -1.84738 2
      vertex 72.5933 -16.8 2
      vertex 72.5222 -1.91238 2
    endloop
  endfacet
  facet normal 0 0 1
    outer loop
      vertex 72.3409 -1.77792 2
      vertex 72.5933 -16.8 2
      vertex 72.4299 -1.84738 2
    endloop
  endfacet
  facet normal 0 0 1
    outer loop
      vertex 72.2554 -1.70419 2
      vertex 72.5933 -16.8 2
      vertex 72.3409 -1.77792 2
    endloop
  endfacet
  facet normal 0 0 1
    outer loop
      vertex 72.1737 -1.62634 2
      vertex 72.5933 -16.8 2
      vertex 72.2554 -1.70419 2
    endloop
  endfacet
  facet normal 0 0 1
    outer loop
      vertex 72.0958 -1.54459 2
      vertex 72.5933 -16.8 2
      vertex 72.1737 -1.62634 2
    endloop
  endfacet
  facet normal 0 0 1
    outer loop
      vertex 72.0221 -1.4591 2
      vertex 72.5933 -16.8 2
      vertex 72.0958 -1.54459 2
    endloop
  endfacet
  facet normal 0 0 1
    outer loop
      vertex 71.9526 -1.37011 2
      vertex 72.5933 -16.8 2
      vertex 72.0221 -1.4591 2
    endloop
  endfacet
  facet normal 0 0 1
    outer loop
      vertex 71.8876 -1.27781 2
      vertex 72.5933 -16.8 2
      vertex 71.9526 -1.37011 2
    endloop
  endfacet
  facet normal 0 0 1
    outer loop
      vertex 71.8272 -1.18244 2
      vertex 72.5933 -16.8 2
      vertex 71.8876 -1.27781 2
    endloop
  endfacet
  facet normal 0 0 1
    outer loop
      vertex 71.7716 -1.08421 2
      vertex 72.5933 -16.8 2
      vertex 71.8272 -1.18244 2
    endloop
  endfacet
  facet normal 0 0 1
    outer loop
      vertex 71.7208 -0.983377 2
      vertex 72.5933 -16.8 2
      vertex 71.7716 -1.08421 2
    endloop
  endfacet
  facet normal 0 0 1
    outer loop
      vertex 31 -16.8 2
      vertex 71.7208 -0.983377 2
      vertex 71.6751 -0.880172 2
    endloop
  endfacet
  facet normal 0 0 1
    outer loop
      vertex 31 -16.8 2
      vertex 71.6751 -0.880172 2
      vertex 71.6344 -0.774846 2
    endloop
  endfacet
  facet normal 0 0 1
    outer loop
      vertex 31 -16.8 2
      vertex 71.6344 -0.774846 2
      vertex 71.599 -0.667654 2
    endloop
  endfacet
  facet normal 0 0 1
    outer loop
      vertex 31 -16.8 2
      vertex 71.599 -0.667654 2
      vertex 71.5689 -0.558854 2
    endloop
  endfacet
  facet normal 0 0 1
    outer loop
      vertex 31 -16.8 2
      vertex 71.5689 -0.558854 2
      vertex 71.5442 -0.448708 2
    endloop
  endfacet
  facet normal 0 0 1
    outer loop
      vertex 31 -16.8 2
      vertex 71.5442 -0.448708 2
      vertex 71.5249 -0.33748 2
    endloop
  endfacet
  facet normal 0 0 1
    outer loop
      vertex 31 -16.8 2
      vertex 71.5249 -0.33748 2
      vertex 71.5111 -0.225439 2
    endloop
  endfacet
  facet normal 0 0 1
    outer loop
      vertex 31 -16.8 2
      vertex 71.5111 -0.225439 2
      vertex 71.5028 -0.112855 2
    endloop
  endfacet
  facet normal 0 0 1
    outer loop
      vertex 31 -16.8 2
      vertex 71.5 0 2
      vertex 31 16.8 2
    endloop
  endfacet
  facet normal 0 0 1
    outer loop
      vertex 71.5 0 2
      vertex 31 -16.8 2
      vertex 71.5028 -0.112855 2
    endloop
  endfacet
  facet normal 0 0 1
    outer loop
      vertex 71.7208 -0.983377 2
      vertex 31 -16.8 2
      vertex 72.5933 -16.8 2
    endloop
  endfacet
  facet normal -0 0 1
    outer loop
      vertex 22 18.1159 2
      vertex 31 16.8 2
      vertex 26.2414 20.4165 2
    endloop
  endfacet
  facet normal 0 0 1
    outer loop
      vertex 31 16.8 2
      vertex 22 18.1159 2
      vertex 31 -16.8 2
    endloop
  endfacet
  facet normal 0 0 1
    outer loop
      vertex 25.6968 20.6 2
      vertex 26.2414 20.4165 2
      vertex 26.2056 20.4424 2
    endloop
  endfacet
  facet normal 0 0 1
    outer loop
      vertex 22 -18.1159 2
      vertex 31 -16.8 2
      vertex 22 18.1159 2
    endloop
  endfacet
  facet normal 0 0 1
    outer loop
      vertex 25.6968 20.6 2
      vertex 26.2056 20.4424 2
      vertex 26.1685 20.4665 2
    endloop
  endfacet
  facet normal 0 0 1
    outer loop
      vertex 31 -16.8 2
      vertex 22 -18.1159 2
      vertex 26.2414 -20.4165 2
    endloop
  endfacet
  facet normal 0 0 1
    outer loop
      vertex 25.6968 20.6 2
      vertex 26.1685 20.4665 2
      vertex 26.1303 20.4887 2
    endloop
  endfacet
  facet normal 0 -0 1
    outer loop
      vertex 25.6968 -20.6 2
      vertex 26.2414 -20.4165 2
      vertex 22 -18.1159 2
    endloop
  endfacet
  facet normal 0 0 1
    outer loop
      vertex 25.6968 20.6 2
      vertex 26.1303 20.4887 2
      vertex 26.0911 20.509 2
    endloop
  endfacet
  facet normal 0 0 1
    outer loop
      vertex 26.2414 -20.4165 2
      vertex 25.6968 -20.6 2
      vertex 26.1968 -20.4483 2
    endloop
  endfacet
  facet normal 0 0 1
    outer loop
      vertex 25.6968 20.6 2
      vertex 26.0911 20.509 2
      vertex 26.0509 20.5274 2
    endloop
  endfacet
  facet normal 0 0 1
    outer loop
      vertex 26.1968 -20.4483 2
      vertex 25.6968 -20.6 2
      vertex 26.1595 -20.472 2
    endloop
  endfacet
  facet normal 0 0 1
    outer loop
      vertex 25.6968 20.6 2
      vertex 26.0509 20.5274 2
      vertex 26.0099 20.5438 2
    endloop
  endfacet
  facet normal 0 0 1
    outer loop
      vertex 26.1595 -20.472 2
      vertex 25.6968 -20.6 2
      vertex 26.121 -20.4937 2
    endloop
  endfacet
  facet normal 0 0 1
    outer loop
      vertex 25.6968 20.6 2
      vertex 26.0099 20.5438 2
      vertex 25.9681 20.5581 2
    endloop
  endfacet
  facet normal 0 0 1
    outer loop
      vertex 26.121 -20.4937 2
      vertex 25.6968 -20.6 2
      vertex 26.0816 -20.5136 2
    endloop
  endfacet
  facet normal 0 0 1
    outer loop
      vertex 25.6968 20.6 2
      vertex 25.9681 20.5581 2
      vertex 25.9257 20.5704 2
    endloop
  endfacet
  facet normal 0 0 1
    outer loop
      vertex 26.0816 -20.5136 2
      vertex 25.6968 -20.6 2
      vertex 26.0412 -20.5315 2
    endloop
  endfacet
  facet normal 0 0 1
    outer loop
      vertex 25.6968 20.6 2
      vertex 25.9257 20.5704 2
      vertex 25.8827 20.5806 2
    endloop
  endfacet
  facet normal 0 0 1
    outer loop
      vertex 26.0412 -20.5315 2
      vertex 25.6968 -20.6 2
      vertex 26 -20.5474 2
    endloop
  endfacet
  facet normal 0 0 1
    outer loop
      vertex 25.6968 20.6 2
      vertex 25.8827 20.5806 2
      vertex 25.8393 20.5886 2
    endloop
  endfacet
  facet normal 0 0 1
    outer loop
      vertex 26 -20.5474 2
      vertex 25.6968 -20.6 2
      vertex 25.9581 -20.5612 2
    endloop
  endfacet
  facet normal 0 0 1
    outer loop
      vertex 25.6968 20.6 2
      vertex 25.8393 20.5886 2
      vertex 25.7955 20.5946 2
    endloop
  endfacet
  facet normal 0 0 1
    outer loop
      vertex 25.9581 -20.5612 2
      vertex 25.6968 -20.6 2
      vertex 25.9155 -20.573 2
    endloop
  endfacet
  facet normal 0 0 1
    outer loop
      vertex 25.6968 20.6 2
      vertex 25.7955 20.5946 2
      vertex 25.7515 20.5983 2
    endloop
  endfacet
  facet normal 0 0 1
    outer loop
      vertex 25.9155 -20.573 2
      vertex 25.6968 -20.6 2
      vertex 25.8724 -20.5827 2
    endloop
  endfacet
  facet normal 0 0 1
    outer loop
      vertex 26.2414 20.4165 2
      vertex 25.6968 20.6 2
      vertex 22 18.1159 2
    endloop
  endfacet
  facet normal 0 0 1
    outer loop
      vertex 25.8724 -20.5827 2
      vertex 25.6968 -20.6 2
      vertex 25.8289 -20.5903 2
    endloop
  endfacet
  facet normal 0 0 1
    outer loop
      vertex 22 18.1159 2
      vertex 25.6968 20.6 2
      vertex 22.9 20.6 2
    endloop
  endfacet
  facet normal 0 0 1
    outer loop
      vertex 25.8289 -20.5903 2
      vertex 25.6968 -20.6 2
      vertex 25.785 -20.5957 2
    endloop
  endfacet
  facet normal 0 0 1
    outer loop
      vertex 22 19.7 2
      vertex 22.9 20.6 2
      vertex 22.8558 20.5989 2
    endloop
  endfacet
  facet normal 0 0 1
    outer loop
      vertex 25.785 -20.5957 2
      vertex 25.6968 -20.6 2
      vertex 25.741 -20.5989 2
    endloop
  endfacet
  facet normal 0 0 1
    outer loop
      vertex 22 19.7 2
      vertex 22.8558 20.5989 2
      vertex 22.8118 20.5957 2
    endloop
  endfacet
  facet normal 0 0 1
    outer loop
      vertex 25.6968 -20.6 2
      vertex 22 -18.1159 2
      vertex 22.9 -20.6 2
    endloop
  endfacet
  facet normal 0 0 1
    outer loop
      vertex 22 19.7 2
      vertex 22.8118 20.5957 2
      vertex 22.7679 20.5903 2
    endloop
  endfacet
  facet normal -0 0 1
    outer loop
      vertex 22 -19.7 2
      vertex 22.9 -20.6 2
      vertex 22 -18.1159 2
    endloop
  endfacet
  facet normal 0 0 1
    outer loop
      vertex 22 19.7 2
      vertex 22.7679 20.5903 2
      vertex 22.7244 20.5827 2
    endloop
  endfacet
  facet normal 0 0 1
    outer loop
      vertex 22.9 -20.6 2
      vertex 22 -19.7 2
      vertex 22.8558 -20.5989 2
    endloop
  endfacet
  facet normal 0 0 1
    outer loop
      vertex 22 19.7 2
      vertex 22.7244 20.5827 2
      vertex 22.6813 20.573 2
    endloop
  endfacet
  facet normal 0 0 1
    outer loop
      vertex 22.8558 -20.5989 2
      vertex 22 -19.7 2
      vertex 22.8118 -20.5957 2
    endloop
  endfacet
  facet normal 0 0 1
    outer loop
      vertex 22 19.7 2
      vertex 22.6813 20.573 2
      vertex 22.6387 20.5612 2
    endloop
  endfacet
  facet normal 0 0 1
    outer loop
      vertex 22.8118 -20.5957 2
      vertex 22 -19.7 2
      vertex 22.7679 -20.5903 2
    endloop
  endfacet
  facet normal 0 0 1
    outer loop
      vertex 22 19.7 2
      vertex 22.6387 20.5612 2
      vertex 22.5968 20.5474 2
    endloop
  endfacet
  facet normal 0 0 1
    outer loop
      vertex 22.7679 -20.5903 2
      vertex 22 -19.7 2
      vertex 22.7244 -20.5827 2
    endloop
  endfacet
  facet normal 0 0 1
    outer loop
      vertex 22 19.7 2
      vertex 22.5968 20.5474 2
      vertex 22.5556 20.5315 2
    endloop
  endfacet
  facet normal 0 0 1
    outer loop
      vertex 22.7244 -20.5827 2
      vertex 22 -19.7 2
      vertex 22.6813 -20.573 2
    endloop
  endfacet
  facet normal 0 0 1
    outer loop
      vertex 22 19.7 2
      vertex 22.5556 20.5315 2
      vertex 22.5152 20.5136 2
    endloop
  endfacet
  facet normal 0 0 1
    outer loop
      vertex 22.6813 -20.573 2
      vertex 22 -19.7 2
      vertex 22.6387 -20.5612 2
    endloop
  endfacet
  facet normal 0 0 1
    outer loop
      vertex 22 19.7 2
      vertex 22.5152 20.5136 2
      vertex 22.4757 20.4937 2
    endloop
  endfacet
  facet normal 0 0 1
    outer loop
      vertex 22.6387 -20.5612 2
      vertex 22 -19.7 2
      vertex 22.5968 -20.5474 2
    endloop
  endfacet
  facet normal 0 0 1
    outer loop
      vertex 22 19.7 2
      vertex 22.4757 20.4937 2
      vertex 22.4373 20.472 2
    endloop
  endfacet
  facet normal 0 0 1
    outer loop
      vertex 22.5968 -20.5474 2
      vertex 22 -19.7 2
      vertex 22.5556 -20.5315 2
    endloop
  endfacet
  facet normal 0 0 1
    outer loop
      vertex 22 19.7 2
      vertex 22.4373 20.472 2
      vertex 22.4 20.4483 2
    endloop
  endfacet
  facet normal 0 0 1
    outer loop
      vertex 22.5556 -20.5315 2
      vertex 22 -19.7 2
      vertex 22.5152 -20.5136 2
    endloop
  endfacet
  facet normal 0 0 1
    outer loop
      vertex 22 19.7 2
      vertex 22.4 20.4483 2
      vertex 22.3639 20.4229 2
    endloop
  endfacet
  facet normal 0 0 1
    outer loop
      vertex 22.5152 -20.5136 2
      vertex 22 -19.7 2
      vertex 22.4757 -20.4937 2
    endloop
  endfacet
  facet normal 0 0 1
    outer loop
      vertex 22 19.7 2
      vertex 22.3639 20.4229 2
      vertex 22.329 20.3957 2
    endloop
  endfacet
  facet normal 0 0 1
    outer loop
      vertex 22.4757 -20.4937 2
      vertex 22 -19.7 2
      vertex 22.4373 -20.472 2
    endloop
  endfacet
  facet normal 0 0 1
    outer loop
      vertex 22 19.7 2
      vertex 22.329 20.3957 2
      vertex 22.2956 20.3669 2
    endloop
  endfacet
  facet normal 0 0 1
    outer loop
      vertex 22.4373 -20.472 2
      vertex 22 -19.7 2
      vertex 22.4 -20.4483 2
    endloop
  endfacet
  facet normal 0 0 1
    outer loop
      vertex 22 19.7 2
      vertex 22.2956 20.3669 2
      vertex 22.2636 20.3364 2
    endloop
  endfacet
  facet normal 0 0 1
    outer loop
      vertex 22.4 -20.4483 2
      vertex 22 -19.7 2
      vertex 22.3639 -20.4229 2
    endloop
  endfacet
  facet normal 0 0 1
    outer loop
      vertex 22 19.7 2
      vertex 22.2636 20.3364 2
      vertex 22.2331 20.3044 2
    endloop
  endfacet
  facet normal 0 0 1
    outer loop
      vertex 22.3639 -20.4229 2
      vertex 22 -19.7 2
      vertex 22.329 -20.3957 2
    endloop
  endfacet
  facet normal 0 0 1
    outer loop
      vertex 22 19.7 2
      vertex 22.2331 20.3044 2
      vertex 22.2043 20.271 2
    endloop
  endfacet
  facet normal 0 0 1
    outer loop
      vertex 22.329 -20.3957 2
      vertex 22 -19.7 2
      vertex 22.2956 -20.3669 2
    endloop
  endfacet
  facet normal 0 0 1
    outer loop
      vertex 22 19.7 2
      vertex 22.2043 20.271 2
      vertex 22.1771 20.2361 2
    endloop
  endfacet
  facet normal 0 0 1
    outer loop
      vertex 22.2956 -20.3669 2
      vertex 22 -19.7 2
      vertex 22.2636 -20.3364 2
    endloop
  endfacet
  facet normal 0 0 1
    outer loop
      vertex 22 19.7 2
      vertex 22.1771 20.2361 2
      vertex 22.1517 20.2 2
    endloop
  endfacet
  facet normal 0 0 1
    outer loop
      vertex 22.2636 -20.3364 2
      vertex 22 -19.7 2
      vertex 22.2331 -20.3044 2
    endloop
  endfacet
  facet normal 0 0 1
    outer loop
      vertex 22 19.7 2
      vertex 22.1517 20.2 2
      vertex 22.128 20.1627 2
    endloop
  endfacet
  facet normal 0 0 1
    outer loop
      vertex 22.2331 -20.3044 2
      vertex 22 -19.7 2
      vertex 22.2043 -20.271 2
    endloop
  endfacet
  facet normal 0 0 1
    outer loop
      vertex 22 19.7 2
      vertex 22.128 20.1627 2
      vertex 22.1063 20.1243 2
    endloop
  endfacet
  facet normal 0 0 1
    outer loop
      vertex 22.2043 -20.271 2
      vertex 22 -19.7 2
      vertex 22.1771 -20.2361 2
    endloop
  endfacet
  facet normal 0 0 1
    outer loop
      vertex 22 19.7 2
      vertex 22.1063 20.1243 2
      vertex 22.0864 20.0848 2
    endloop
  endfacet
  facet normal 0 0 1
    outer loop
      vertex 22.1771 -20.2361 2
      vertex 22 -19.7 2
      vertex 22.1517 -20.2 2
    endloop
  endfacet
  facet normal 0 0 1
    outer loop
      vertex 22 19.7 2
      vertex 22.0864 20.0848 2
      vertex 22.0685 20.0444 2
    endloop
  endfacet
  facet normal 0 0 1
    outer loop
      vertex 22.1517 -20.2 2
      vertex 22 -19.7 2
      vertex 22.128 -20.1627 2
    endloop
  endfacet
  facet normal 0 0 1
    outer loop
      vertex 22 19.7 2
      vertex 22.0685 20.0444 2
      vertex 22.0526 20.0032 2
    endloop
  endfacet
  facet normal 0 0 1
    outer loop
      vertex 22.128 -20.1627 2
      vertex 22 -19.7 2
      vertex 22.1063 -20.1243 2
    endloop
  endfacet
  facet normal 0 0 1
    outer loop
      vertex 22 19.7 2
      vertex 22.0526 20.0032 2
      vertex 22.0387 19.9613 2
    endloop
  endfacet
  facet normal 0 0 1
    outer loop
      vertex 22.1063 -20.1243 2
      vertex 22 -19.7 2
      vertex 22.0864 -20.0848 2
    endloop
  endfacet
  facet normal 0 0 1
    outer loop
      vertex 22 19.7 2
      vertex 22.0387 19.9613 2
      vertex 22.027 19.9187 2
    endloop
  endfacet
  facet normal 0 0 1
    outer loop
      vertex 22.0864 -20.0848 2
      vertex 22 -19.7 2
      vertex 22.0685 -20.0444 2
    endloop
  endfacet
  facet normal 0 0 1
    outer loop
      vertex 22 19.7 2
      vertex 22.027 19.9187 2
      vertex 22.0173 19.8756 2
    endloop
  endfacet
  facet normal 0 0 1
    outer loop
      vertex 22.0685 -20.0444 2
      vertex 22 -19.7 2
      vertex 22.0526 -20.0032 2
    endloop
  endfacet
  facet normal 0 0 1
    outer loop
      vertex 22 19.7 2
      vertex 22.0173 19.8756 2
      vertex 22.0097 19.8321 2
    endloop
  endfacet
  facet normal 0 0 1
    outer loop
      vertex 22.0526 -20.0032 2
      vertex 22 -19.7 2
      vertex 22.0387 -19.9613 2
    endloop
  endfacet
  facet normal 0 0 1
    outer loop
      vertex 22 19.7 2
      vertex 22.0097 19.8321 2
      vertex 22.0043 19.7882 2
    endloop
  endfacet
  facet normal 0 0 1
    outer loop
      vertex 22.0387 -19.9613 2
      vertex 22 -19.7 2
      vertex 22.027 -19.9187 2
    endloop
  endfacet
  facet normal 0 0 1
    outer loop
      vertex 22 19.7 2
      vertex 22.0043 19.7882 2
      vertex 22.0011 19.7442 2
    endloop
  endfacet
  facet normal 0 0 1
    outer loop
      vertex 22.027 -19.9187 2
      vertex 22 -19.7 2
      vertex 22.0173 -19.8756 2
    endloop
  endfacet
  facet normal 0 0 1
    outer loop
      vertex 22.9 20.6 2
      vertex 22 19.7 2
      vertex 22 18.1159 2
    endloop
  endfacet
  facet normal 0 0 1
    outer loop
      vertex 22.0173 -19.8756 2
      vertex 22 -19.7 2
      vertex 22.0097 -19.8321 2
    endloop
  endfacet
  facet normal 0 0 1
    outer loop
      vertex 22.0097 -19.8321 2
      vertex 22 -19.7 2
      vertex 22.0043 -19.7882 2
    endloop
  endfacet
  facet normal 0 0 1
    outer loop
      vertex 22.0043 -19.7882 2
      vertex 22 -19.7 2
      vertex 22.0011 -19.7442 2
    endloop
  endfacet
  facet normal 0.0475329 -0.99887 0
    outer loop
      vertex 1.37631 -28.4662 0
      vertex 1.42044 -28.4641 2
      vertex 1.37631 -28.4662 2
    endloop
  endfacet
  facet normal 0.0475329 -0.99887 0
    outer loop
      vertex 1.42044 -28.4641 2
      vertex 1.37631 -28.4662 0
      vertex 1.42044 -28.4641 0
    endloop
  endfacet
  facet normal 0.0735922 -0.997288 0
    outer loop
      vertex 1.42044 -28.4641 0
      vertex 2.77153 -28.3644 2
      vertex 1.42044 -28.4641 2
    endloop
  endfacet
  facet normal 0.0735922 -0.997288 0
    outer loop
      vertex 2.77153 -28.3644 2
      vertex 1.42044 -28.4641 0
      vertex 2.77153 -28.3644 0
    endloop
  endfacet
  facet normal 0.0995934 -0.995028 0
    outer loop
      vertex 2.77153 -28.3644 0
      vertex 2.81549 -28.36 2
      vertex 2.77153 -28.3644 2
    endloop
  endfacet
  facet normal 0.0995934 -0.995028 0
    outer loop
      vertex 2.81549 -28.36 2
      vertex 2.77153 -28.3644 0
      vertex 2.81549 -28.36 0
    endloop
  endfacet
  facet normal 0.122396 -0.992481 0
    outer loop
      vertex 2.81549 -28.36 0
      vertex 4.15993 -28.1942 2
      vertex 2.81549 -28.36 2
    endloop
  endfacet
  facet normal 0.122396 -0.992481 0
    outer loop
      vertex 4.15993 -28.1942 2
      vertex 2.81549 -28.36 0
      vertex 4.15993 -28.1942 0
    endloop
  endfacet
  facet normal 0.147123 -0.989118 0
    outer loop
      vertex 4.15993 -28.1942 0
      vertex 4.20363 -28.1877 2
      vertex 4.15993 -28.1942 2
    endloop
  endfacet
  facet normal 0.147123 -0.989118 0
    outer loop
      vertex 4.20363 -28.1877 2
      vertex 4.15993 -28.1942 0
      vertex 4.20363 -28.1877 0
    endloop
  endfacet
  facet normal 0.17096 -0.985278 0
    outer loop
      vertex 4.20363 -28.1877 0
      vertex 5.53839 -27.9561 2
      vertex 4.20363 -28.1877 2
    endloop
  endfacet
  facet normal 0.17096 -0.985278 0
    outer loop
      vertex 5.53839 -27.9561 2
      vertex 4.20363 -28.1877 0
      vertex 5.53839 -27.9561 0
    endloop
  endfacet
  facet normal 0.194723 -0.980858 0
    outer loop
      vertex 5.53839 -27.9561 0
      vertex 5.58171 -27.9475 2
      vertex 5.53839 -27.9561 2
    endloop
  endfacet
  facet normal 0.194723 -0.980858 0
    outer loop
      vertex 5.58171 -27.9475 2
      vertex 5.53839 -27.9561 0
      vertex 5.58171 -27.9475 0
    endloop
  endfacet
  facet normal 0.219056 -0.975712 0
    outer loop
      vertex 5.58171 -27.9475 0
      vertex 6.90326 -27.6508 2
      vertex 5.58171 -27.9475 2
    endloop
  endfacet
  facet normal 0.219056 -0.975712 0
    outer loop
      vertex 6.90326 -27.6508 2
      vertex 5.58171 -27.9475 0
      vertex 6.90326 -27.6508 0
    endloop
  endfacet
  facet normal 0.244345 -0.969688 0
    outer loop
      vertex 6.90326 -27.6508 0
      vertex 6.94612 -27.64 2
      vertex 6.90326 -27.6508 2
    endloop
  endfacet
  facet normal 0.244345 -0.969688 0
    outer loop
      vertex 6.94612 -27.64 2
      vertex 6.90326 -27.6508 0
      vertex 6.94612 -27.64 0
    endloop
  endfacet
  facet normal 0.266665 -0.963789 0
    outer loop
      vertex 6.94612 -27.64 0
      vertex 8.25194 -27.2787 2
      vertex 6.94612 -27.64 2
    endloop
  endfacet
  facet normal 0.266665 -0.963789 0
    outer loop
      vertex 8.25194 -27.2787 2
      vertex 6.94612 -27.64 0
      vertex 8.25194 -27.2787 0
    endloop
  endfacet
  facet normal 0.291954 -0.956432 0
    outer loop
      vertex 8.25194 -27.2787 0
      vertex 8.2942 -27.2658 2
      vertex 8.25194 -27.2787 2
    endloop
  endfacet
  facet normal 0.291954 -0.956432 0
    outer loop
      vertex 8.2942 -27.2658 2
      vertex 8.25194 -27.2787 0
      vertex 8.2942 -27.2658 0
    endloop
  endfacet
  facet normal 0.313686 -0.949527 0
    outer loop
      vertex 8.2942 -27.2658 0
      vertex 9.58037 -26.8409 2
      vertex 8.2942 -27.2658 2
    endloop
  endfacet
  facet normal 0.313686 -0.949527 0
    outer loop
      vertex 9.58037 -26.8409 2
      vertex 8.2942 -27.2658 0
      vertex 9.58037 -26.8409 0
    endloop
  endfacet
  facet normal 0.33734 -0.941383 0
    outer loop
      vertex 9.58037 -26.8409 0
      vertex 9.62195 -26.826 2
      vertex 9.58037 -26.8409 2
    endloop
  endfacet
  facet normal 0.33734 -0.941383 0
    outer loop
      vertex 9.62195 -26.826 2
      vertex 9.58037 -26.8409 0
      vertex 9.62195 -26.826 0
    endloop
  endfacet
  facet normal 0.359882 -0.932998 0
    outer loop
      vertex 9.62195 -26.826 0
      vertex 10.8858 -26.3385 2
      vertex 9.62195 -26.826 2
    endloop
  endfacet
  facet normal 0.359882 -0.932998 0
    outer loop
      vertex 10.8858 -26.3385 2
      vertex 9.62195 -26.826 0
      vertex 10.8858 -26.3385 0
    endloop
  endfacet
  facet normal 0.381886 -0.924209 0
    outer loop
      vertex 10.8858 -26.3385 0
      vertex 10.9267 -26.3216 2
      vertex 10.8858 -26.3385 2
    endloop
  endfacet
  facet normal 0.381886 -0.924209 0
    outer loop
      vertex 10.9267 -26.3216 2
      vertex 10.8858 -26.3385 0
      vertex 10.9267 -26.3216 0
    endloop
  endfacet
  facet normal 0.405248 -0.914207 0
    outer loop
      vertex 10.9267 -26.3216 0
      vertex 12.1652 -25.7726 2
      vertex 10.9267 -26.3216 2
    endloop
  endfacet
  facet normal 0.405248 -0.914207 0
    outer loop
      vertex 12.1652 -25.7726 2
      vertex 10.9267 -26.3216 0
      vertex 12.1652 -25.7726 0
    endloop
  endfacet
  facet normal 0.428086 -0.903738 0
    outer loop
      vertex 12.1652 -25.7726 0
      vertex 12.2051 -25.7537 2
      vertex 12.1652 -25.7726 2
    endloop
  endfacet
  facet normal 0.428086 -0.903738 0
    outer loop
      vertex 12.2051 -25.7537 2
      vertex 12.1652 -25.7726 0
      vertex 12.2051 -25.7537 0
    endloop
  endfacet
  facet normal 0.449604 -0.893228 0
    outer loop
      vertex 12.2051 -25.7537 0
      vertex 13.4148 -25.1448 2
      vertex 12.2051 -25.7537 2
    endloop
  endfacet
  facet normal 0.449604 -0.893228 0
    outer loop
      vertex 13.4148 -25.1448 2
      vertex 12.2051 -25.7537 0
      vertex 13.4148 -25.1448 0
    endloop
  endfacet
  facet normal 0.471529 -0.88185 0
    outer loop
      vertex 13.4148 -25.1448 0
      vertex 13.4537 -25.124 2
      vertex 13.4148 -25.1448 2
    endloop
  endfacet
  facet normal 0.471529 -0.88185 0
    outer loop
      vertex 13.4537 -25.124 2
      vertex 13.4148 -25.1448 0
      vertex 13.4537 -25.124 0
    endloop
  endfacet
  facet normal 0.492862 -0.870108 0
    outer loop
      vertex 13.4537 -25.124 0
      vertex 14.633 -24.456 2
      vertex 13.4537 -25.124 2
    endloop
  endfacet
  facet normal 0.492862 -0.870108 0
    outer loop
      vertex 14.633 -24.456 2
      vertex 13.4537 -25.124 0
      vertex 14.633 -24.456 0
    endloop
  endfacet
  facet normal 0.515493 -0.856894 0
    outer loop
      vertex 14.633 -24.456 0
      vertex 14.6709 -24.4332 2
      vertex 14.633 -24.456 2
    endloop
  endfacet
  facet normal 0.515493 -0.856894 0
    outer loop
      vertex 14.6709 -24.4332 2
      vertex 14.633 -24.456 0
      vertex 14.6709 -24.4332 0
    endloop
  endfacet
  facet normal 0.535001 -0.844851 0
    outer loop
      vertex 14.6709 -24.4332 0
      vertex 15.815 -23.7087 2
      vertex 14.6709 -24.4332 2
    endloop
  endfacet
  facet normal 0.535001 -0.844851 0
    outer loop
      vertex 15.815 -23.7087 2
      vertex 14.6709 -24.4332 0
      vertex 15.815 -23.7087 0
    endloop
  endfacet
  facet normal 0.555223 -0.831701 0
    outer loop
      vertex 15.815 -23.7087 0
      vertex 15.8517 -23.6842 2
      vertex 15.815 -23.7087 2
    endloop
  endfacet
  facet normal 0.555223 -0.831701 0
    outer loop
      vertex 15.8517 -23.6842 2
      vertex 15.815 -23.7087 0
      vertex 15.8517 -23.6842 0
    endloop
  endfacet
  facet normal 0.575799 -0.817591 0
    outer loop
      vertex 15.8517 -23.6842 0
      vertex 16.9591 -22.9043 2
      vertex 15.8517 -23.6842 2
    endloop
  endfacet
  facet normal 0.575799 -0.817591 0
    outer loop
      vertex 16.9591 -22.9043 2
      vertex 15.8517 -23.6842 0
      vertex 16.9591 -22.9043 0
    endloop
  endfacet
  facet normal 0.595282 -0.803517 0
    outer loop
      vertex 16.9591 -22.9043 0
      vertex 16.9946 -22.878 2
      vertex 16.9591 -22.9043 2
    endloop
  endfacet
  facet normal 0.595282 -0.803517 0
    outer loop
      vertex 16.9946 -22.878 2
      vertex 16.9591 -22.9043 0
      vertex 16.9946 -22.878 0
    endloop
  endfacet
  facet normal 0.615263 -0.788322 0
    outer loop
      vertex 16.9946 -22.878 0
      vertex 18.0628 -22.0443 2
      vertex 16.9946 -22.878 2
    endloop
  endfacet
  facet normal 0.615263 -0.788322 0
    outer loop
      vertex 18.0628 -22.0443 2
      vertex 16.9946 -22.878 0
      vertex 18.0628 -22.0443 0
    endloop
  endfacet
  facet normal 0.633484 -0.773756 0
    outer loop
      vertex 18.0628 -22.0443 0
      vertex 18.097 -22.0163 2
      vertex 18.0628 -22.0443 2
    endloop
  endfacet
  facet normal 0.633484 -0.773756 0
    outer loop
      vertex 18.097 -22.0163 2
      vertex 18.0628 -22.0443 0
      vertex 18.097 -22.0163 0
    endloop
  endfacet
  facet normal 0.653189 -0.757195 0
    outer loop
      vertex 18.097 -22.0163 0
      vertex 19.1228 -21.1314 2
      vertex 18.097 -22.0163 2
    endloop
  endfacet
  facet normal 0.653189 -0.757195 0
    outer loop
      vertex 19.1228 -21.1314 2
      vertex 18.097 -22.0163 0
      vertex 19.1228 -21.1314 0
    endloop
  endfacet
  facet normal 0.672335 -0.740247 0
    outer loop
      vertex 19.1228 -21.1314 0
      vertex 19.1555 -21.1017 2
      vertex 19.1228 -21.1314 2
    endloop
  endfacet
  facet normal 0.672335 -0.740247 0
    outer loop
      vertex 19.1555 -21.1017 2
      vertex 19.1228 -21.1314 0
      vertex 19.1555 -21.1017 0
    endloop
  endfacet
  facet normal 0.689506 -0.72428 0
    outer loop
      vertex 19.1555 -21.1017 0
      vertex 20.1365 -20.1678 2
      vertex 19.1555 -21.1017 2
    endloop
  endfacet
  facet normal 0.689506 -0.72428 0
    outer loop
      vertex 20.1365 -20.1678 2
      vertex 19.1555 -21.1017 0
      vertex 20.1365 -20.1678 0
    endloop
  endfacet
  facet normal 0.707107 -0.707107 0
    outer loop
      vertex 20.1365 -20.1678 0
      vertex 20.1678 -20.1365 2
      vertex 20.1365 -20.1678 2
    endloop
  endfacet
  facet normal 0.707107 -0.707107 0
    outer loop
      vertex 20.1678 -20.1365 2
      vertex 20.1365 -20.1678 0
      vertex 20.1678 -20.1365 0
    endloop
  endfacet
  facet normal 0.72428 -0.689506 0
    outer loop
      vertex 20.1678 -20.1365 2
      vertex 21.1017 -19.1555 0
      vertex 21.1017 -19.1555 2
    endloop
  endfacet
  facet normal 0.72428 -0.689506 0
    outer loop
      vertex 21.1017 -19.1555 0
      vertex 20.1678 -20.1365 2
      vertex 20.1678 -20.1365 0
    endloop
  endfacet
  facet normal 0.740247 -0.672335 0
    outer loop
      vertex 21.1017 -19.1555 2
      vertex 21.1314 -19.1228 0
      vertex 21.1314 -19.1228 2
    endloop
  endfacet
  facet normal 0.740247 -0.672335 0
    outer loop
      vertex 21.1314 -19.1228 0
      vertex 21.1017 -19.1555 2
      vertex 21.1017 -19.1555 0
    endloop
  endfacet
  facet normal 0.757193 -0.653191 0
    outer loop
      vertex 21.1314 -19.1228 2
      vertex 22 -18.1159 0
      vertex 22 -18.1159 2
    endloop
  endfacet
  facet normal 0.757193 -0.653191 0
    outer loop
      vertex 22 -18.1159 0
      vertex 21.1314 -19.1228 2
      vertex 21.1314 -19.1228 0
    endloop
  endfacet
  facet normal -1 0 0
    outer loop
      vertex 22 -19.7 0
      vertex 22 -18.1159 2
      vertex 22 -18.1159 0
    endloop
  endfacet
  facet normal -1 -0 0
    outer loop
      vertex 22 -18.1159 2
      vertex 22 -19.7 0
      vertex 22 -19.7 2
    endloop
  endfacet
  facet normal -0.99969 -0.0248792 0
    outer loop
      vertex 22.0011 -19.7442 0
      vertex 22 -19.7 2
      vertex 22 -19.7 0
    endloop
  endfacet
  facet normal -0.99969 -0.0248792 0
    outer loop
      vertex 22 -19.7 2
      vertex 22.0011 -19.7442 0
      vertex 22.0011 -19.7442 2
    endloop
  endfacet
  facet normal -0.997366 -0.0725357 0
    outer loop
      vertex 22.0043 -19.7882 0
      vertex 22.0011 -19.7442 2
      vertex 22.0011 -19.7442 0
    endloop
  endfacet
  facet normal -0.997366 -0.0725357 0
    outer loop
      vertex 22.0011 -19.7442 2
      vertex 22.0043 -19.7882 0
      vertex 22.0043 -19.7882 2
    endloop
  endfacet
  facet normal -0.992519 -0.122087 0
    outer loop
      vertex 22.0097 -19.8321 0
      vertex 22.0043 -19.7882 2
      vertex 22.0043 -19.7882 0
    endloop
  endfacet
  facet normal -0.992519 -0.122087 0
    outer loop
      vertex 22.0043 -19.7882 2
      vertex 22.0097 -19.8321 0
      vertex 22.0097 -19.8321 2
    endloop
  endfacet
  facet normal -0.985078 -0.172106 0
    outer loop
      vertex 22.0173 -19.8756 0
      vertex 22.0097 -19.8321 2
      vertex 22.0097 -19.8321 0
    endloop
  endfacet
  facet normal -0.985078 -0.172106 0
    outer loop
      vertex 22.0097 -19.8321 2
      vertex 22.0173 -19.8756 0
      vertex 22.0173 -19.8756 2
    endloop
  endfacet
  facet normal -0.975598 -0.219566 0
    outer loop
      vertex 22.027 -19.9187 0
      vertex 22.0173 -19.8756 2
      vertex 22.0173 -19.8756 0
    endloop
  endfacet
  facet normal -0.975598 -0.219566 0
    outer loop
      vertex 22.0173 -19.8756 2
      vertex 22.027 -19.9187 0
      vertex 22.027 -19.9187 2
    endloop
  endfacet
  facet normal -0.964292 -0.264841 0
    outer loop
      vertex 22.0387 -19.9613 0
      vertex 22.027 -19.9187 2
      vertex 22.027 -19.9187 0
    endloop
  endfacet
  facet normal -0.964292 -0.264841 0
    outer loop
      vertex 22.027 -19.9187 2
      vertex 22.0387 -19.9613 0
      vertex 22.0387 -19.9613 2
    endloop
  endfacet
  facet normal -0.949135 -0.314868 0
    outer loop
      vertex 22.0526 -20.0032 0
      vertex 22.0387 -19.9613 2
      vertex 22.0387 -19.9613 0
    endloop
  endfacet
  facet normal -0.949135 -0.314868 0
    outer loop
      vertex 22.0387 -19.9613 2
      vertex 22.0526 -20.0032 0
      vertex 22.0526 -20.0032 2
    endloop
  endfacet
  facet normal -0.932936 -0.360041 0
    outer loop
      vertex 22.0685 -20.0444 0
      vertex 22.0526 -20.0032 2
      vertex 22.0526 -20.0032 0
    endloop
  endfacet
  facet normal -0.932936 -0.360041 0
    outer loop
      vertex 22.0526 -20.0032 2
      vertex 22.0685 -20.0444 0
      vertex 22.0685 -20.0444 2
    endloop
  endfacet
  facet normal -0.914278 -0.405088 0
    outer loop
      vertex 22.0864 -20.0848 0
      vertex 22.0685 -20.0444 2
      vertex 22.0685 -20.0444 0
    endloop
  endfacet
  facet normal -0.914278 -0.405088 0
    outer loop
      vertex 22.0685 -20.0444 2
      vertex 22.0864 -20.0848 0
      vertex 22.0864 -20.0848 2
    endloop
  endfacet
  facet normal -0.893067 -0.449925 0
    outer loop
      vertex 22.1063 -20.1243 0
      vertex 22.0864 -20.0848 2
      vertex 22.0864 -20.0848 0
    endloop
  endfacet
  facet normal -0.893067 -0.449925 0
    outer loop
      vertex 22.0864 -20.0848 2
      vertex 22.1063 -20.1243 0
      vertex 22.1063 -20.1243 2
    endloop
  endfacet
  facet normal -0.870605 -0.491983 0
    outer loop
      vertex 22.128 -20.1627 0
      vertex 22.1063 -20.1243 2
      vertex 22.1063 -20.1243 0
    endloop
  endfacet
  facet normal -0.870605 -0.491983 0
    outer loop
      vertex 22.1063 -20.1243 2
      vertex 22.128 -20.1627 0
      vertex 22.128 -20.1627 2
    endloop
  endfacet
  facet normal -0.844034 -0.53629 0
    outer loop
      vertex 22.1517 -20.2 0
      vertex 22.128 -20.1627 2
      vertex 22.128 -20.1627 0
    endloop
  endfacet
  facet normal -0.844034 -0.53629 0
    outer loop
      vertex 22.128 -20.1627 2
      vertex 22.1517 -20.2 0
      vertex 22.1517 -20.2 2
    endloop
  endfacet
  facet normal -0.817846 -0.575437 0
    outer loop
      vertex 22.1771 -20.2361 0
      vertex 22.1517 -20.2 2
      vertex 22.1517 -20.2 0
    endloop
  endfacet
  facet normal -0.817846 -0.575437 0
    outer loop
      vertex 22.1517 -20.2 2
      vertex 22.1771 -20.2361 0
      vertex 22.1771 -20.2361 2
    endloop
  endfacet
  facet normal -0.788743 -0.614723 0
    outer loop
      vertex 22.2043 -20.271 0
      vertex 22.1771 -20.2361 2
      vertex 22.1771 -20.2361 0
    endloop
  endfacet
  facet normal -0.788743 -0.614723 0
    outer loop
      vertex 22.1771 -20.2361 2
      vertex 22.2043 -20.271 0
      vertex 22.2043 -20.271 2
    endloop
  endfacet
  facet normal -0.757333 -0.653029 0
    outer loop
      vertex 22.2331 -20.3044 0
      vertex 22.2043 -20.271 2
      vertex 22.2043 -20.271 0
    endloop
  endfacet
  facet normal -0.757333 -0.653029 0
    outer loop
      vertex 22.2043 -20.271 2
      vertex 22.2331 -20.3044 0
      vertex 22.2331 -20.3044 2
    endloop
  endfacet
  facet normal -0.723869 -0.689938 0
    outer loop
      vertex 22.2636 -20.3364 0
      vertex 22.2331 -20.3044 2
      vertex 22.2331 -20.3044 0
    endloop
  endfacet
  facet normal -0.723869 -0.689938 0
    outer loop
      vertex 22.2331 -20.3044 2
      vertex 22.2636 -20.3364 0
      vertex 22.2636 -20.3364 2
    endloop
  endfacet
  facet normal -0.689938 -0.723869 0
    outer loop
      vertex 22.2636 -20.3364 0
      vertex 22.2956 -20.3669 2
      vertex 22.2636 -20.3364 2
    endloop
  endfacet
  facet normal -0.689938 -0.723869 -0
    outer loop
      vertex 22.2956 -20.3669 2
      vertex 22.2636 -20.3364 0
      vertex 22.2956 -20.3669 0
    endloop
  endfacet
  facet normal -0.653029 -0.757333 0
    outer loop
      vertex 22.2956 -20.3669 0
      vertex 22.329 -20.3957 2
      vertex 22.2956 -20.3669 2
    endloop
  endfacet
  facet normal -0.653029 -0.757333 -0
    outer loop
      vertex 22.329 -20.3957 2
      vertex 22.2956 -20.3669 0
      vertex 22.329 -20.3957 0
    endloop
  endfacet
  facet normal -0.614723 -0.788743 0
    outer loop
      vertex 22.329 -20.3957 0
      vertex 22.3639 -20.4229 2
      vertex 22.329 -20.3957 2
    endloop
  endfacet
  facet normal -0.614723 -0.788743 -0
    outer loop
      vertex 22.3639 -20.4229 2
      vertex 22.329 -20.3957 0
      vertex 22.3639 -20.4229 0
    endloop
  endfacet
  facet normal -0.575437 -0.817846 0
    outer loop
      vertex 22.3639 -20.4229 0
      vertex 22.4 -20.4483 2
      vertex 22.3639 -20.4229 2
    endloop
  endfacet
  facet normal -0.575437 -0.817846 -0
    outer loop
      vertex 22.4 -20.4483 2
      vertex 22.3639 -20.4229 0
      vertex 22.4 -20.4483 0
    endloop
  endfacet
  facet normal -0.53629 -0.844034 0
    outer loop
      vertex 22.4 -20.4483 0
      vertex 22.4373 -20.472 2
      vertex 22.4 -20.4483 2
    endloop
  endfacet
  facet normal -0.53629 -0.844034 -0
    outer loop
      vertex 22.4373 -20.472 2
      vertex 22.4 -20.4483 0
      vertex 22.4373 -20.472 0
    endloop
  endfacet
  facet normal -0.491983 -0.870605 0
    outer loop
      vertex 22.4373 -20.472 0
      vertex 22.4757 -20.4937 2
      vertex 22.4373 -20.472 2
    endloop
  endfacet
  facet normal -0.491983 -0.870605 -0
    outer loop
      vertex 22.4757 -20.4937 2
      vertex 22.4373 -20.472 0
      vertex 22.4757 -20.4937 0
    endloop
  endfacet
  facet normal -0.449925 -0.893067 0
    outer loop
      vertex 22.4757 -20.4937 0
      vertex 22.5152 -20.5136 2
      vertex 22.4757 -20.4937 2
    endloop
  endfacet
  facet normal -0.449925 -0.893067 -0
    outer loop
      vertex 22.5152 -20.5136 2
      vertex 22.4757 -20.4937 0
      vertex 22.5152 -20.5136 0
    endloop
  endfacet
  facet normal -0.405088 -0.914278 0
    outer loop
      vertex 22.5152 -20.5136 0
      vertex 22.5556 -20.5315 2
      vertex 22.5152 -20.5136 2
    endloop
  endfacet
  facet normal -0.405088 -0.914278 -0
    outer loop
      vertex 22.5556 -20.5315 2
      vertex 22.5152 -20.5136 0
      vertex 22.5556 -20.5315 0
    endloop
  endfacet
  facet normal -0.360041 -0.932936 0
    outer loop
      vertex 22.5556 -20.5315 0
      vertex 22.5968 -20.5474 2
      vertex 22.5556 -20.5315 2
    endloop
  endfacet
  facet normal -0.360041 -0.932936 -0
    outer loop
      vertex 22.5968 -20.5474 2
      vertex 22.5556 -20.5315 0
      vertex 22.5968 -20.5474 0
    endloop
  endfacet
  facet normal -0.312825 -0.949811 0
    outer loop
      vertex 22.5968 -20.5474 0
      vertex 22.6387 -20.5612 2
      vertex 22.5968 -20.5474 2
    endloop
  endfacet
  facet normal -0.312825 -0.949811 -0
    outer loop
      vertex 22.6387 -20.5612 2
      vertex 22.5968 -20.5474 0
      vertex 22.6387 -20.5612 0
    endloop
  endfacet
  facet normal -0.266944 -0.963712 0
    outer loop
      vertex 22.6387 -20.5612 0
      vertex 22.6813 -20.573 2
      vertex 22.6387 -20.5612 2
    endloop
  endfacet
  facet normal -0.266944 -0.963712 -0
    outer loop
      vertex 22.6813 -20.573 2
      vertex 22.6387 -20.5612 0
      vertex 22.6813 -20.573 0
    endloop
  endfacet
  facet normal -0.219566 -0.975598 0
    outer loop
      vertex 22.6813 -20.573 0
      vertex 22.7244 -20.5827 2
      vertex 22.6813 -20.573 2
    endloop
  endfacet
  facet normal -0.219566 -0.975598 -0
    outer loop
      vertex 22.7244 -20.5827 2
      vertex 22.6813 -20.573 0
      vertex 22.7244 -20.5827 0
    endloop
  endfacet
  facet normal -0.172106 -0.985078 0
    outer loop
      vertex 22.7244 -20.5827 0
      vertex 22.7679 -20.5903 2
      vertex 22.7244 -20.5827 2
    endloop
  endfacet
  facet normal -0.172106 -0.985078 -0
    outer loop
      vertex 22.7679 -20.5903 2
      vertex 22.7244 -20.5827 0
      vertex 22.7679 -20.5903 0
    endloop
  endfacet
  facet normal -0.122087 -0.992519 0
    outer loop
      vertex 22.7679 -20.5903 0
      vertex 22.8118 -20.5957 2
      vertex 22.7679 -20.5903 2
    endloop
  endfacet
  facet normal -0.122087 -0.992519 -0
    outer loop
      vertex 22.8118 -20.5957 2
      vertex 22.7679 -20.5903 0
      vertex 22.8118 -20.5957 0
    endloop
  endfacet
  facet normal -0.0725357 -0.997366 0
    outer loop
      vertex 22.8118 -20.5957 0
      vertex 22.8558 -20.5989 2
      vertex 22.8118 -20.5957 2
    endloop
  endfacet
  facet normal -0.0725357 -0.997366 -0
    outer loop
      vertex 22.8558 -20.5989 2
      vertex 22.8118 -20.5957 0
      vertex 22.8558 -20.5989 0
    endloop
  endfacet
  facet normal -0.0248792 -0.99969 0
    outer loop
      vertex 22.8558 -20.5989 0
      vertex 22.9 -20.6 2
      vertex 22.8558 -20.5989 2
    endloop
  endfacet
  facet normal -0.0248792 -0.99969 -0
    outer loop
      vertex 22.9 -20.6 2
      vertex 22.8558 -20.5989 0
      vertex 22.9 -20.6 0
    endloop
  endfacet
  facet normal 0 -1 0
    outer loop
      vertex 22.9 -20.6 0
      vertex 25.6968 -20.6 2
      vertex 22.9 -20.6 2
    endloop
  endfacet
  facet normal 0 -1 -0
    outer loop
      vertex 25.6968 -20.6 2
      vertex 22.9 -20.6 0
      vertex 25.6968 -20.6 0
    endloop
  endfacet
  facet normal 0.0248792 -0.99969 0
    outer loop
      vertex 25.6968 -20.6 0
      vertex 25.741 -20.5989 2
      vertex 25.6968 -20.6 2
    endloop
  endfacet
  facet normal 0.0248792 -0.99969 0
    outer loop
      vertex 25.741 -20.5989 2
      vertex 25.6968 -20.6 0
      vertex 25.741 -20.5989 0
    endloop
  endfacet
  facet normal 0.0725357 -0.997366 0
    outer loop
      vertex 25.741 -20.5989 0
      vertex 25.785 -20.5957 2
      vertex 25.741 -20.5989 2
    endloop
  endfacet
  facet normal 0.0725357 -0.997366 0
    outer loop
      vertex 25.785 -20.5957 2
      vertex 25.741 -20.5989 0
      vertex 25.785 -20.5957 0
    endloop
  endfacet
  facet normal 0.122087 -0.992519 0
    outer loop
      vertex 25.785 -20.5957 0
      vertex 25.8289 -20.5903 2
      vertex 25.785 -20.5957 2
    endloop
  endfacet
  facet normal 0.122087 -0.992519 0
    outer loop
      vertex 25.8289 -20.5903 2
      vertex 25.785 -20.5957 0
      vertex 25.8289 -20.5903 0
    endloop
  endfacet
  facet normal 0.172106 -0.985078 0
    outer loop
      vertex 25.8289 -20.5903 0
      vertex 25.8724 -20.5827 2
      vertex 25.8289 -20.5903 2
    endloop
  endfacet
  facet normal 0.172106 -0.985078 0
    outer loop
      vertex 25.8724 -20.5827 2
      vertex 25.8289 -20.5903 0
      vertex 25.8724 -20.5827 0
    endloop
  endfacet
  facet normal 0.219566 -0.975598 0
    outer loop
      vertex 25.8724 -20.5827 0
      vertex 25.9155 -20.573 2
      vertex 25.8724 -20.5827 2
    endloop
  endfacet
  facet normal 0.219566 -0.975598 0
    outer loop
      vertex 25.9155 -20.573 2
      vertex 25.8724 -20.5827 0
      vertex 25.9155 -20.573 0
    endloop
  endfacet
  facet normal 0.266944 -0.963712 0
    outer loop
      vertex 25.9155 -20.573 0
      vertex 25.9581 -20.5612 2
      vertex 25.9155 -20.573 2
    endloop
  endfacet
  facet normal 0.266944 -0.963712 0
    outer loop
      vertex 25.9581 -20.5612 2
      vertex 25.9155 -20.573 0
      vertex 25.9581 -20.5612 0
    endloop
  endfacet
  facet normal 0.312825 -0.949811 0
    outer loop
      vertex 25.9581 -20.5612 0
      vertex 26 -20.5474 2
      vertex 25.9581 -20.5612 2
    endloop
  endfacet
  facet normal 0.312825 -0.949811 0
    outer loop
      vertex 26 -20.5474 2
      vertex 25.9581 -20.5612 0
      vertex 26 -20.5474 0
    endloop
  endfacet
  facet normal 0.360041 -0.932936 0
    outer loop
      vertex 26 -20.5474 0
      vertex 26.0412 -20.5315 2
      vertex 26 -20.5474 2
    endloop
  endfacet
  facet normal 0.360041 -0.932936 0
    outer loop
      vertex 26.0412 -20.5315 2
      vertex 26 -20.5474 0
      vertex 26.0412 -20.5315 0
    endloop
  endfacet
  facet normal 0.405088 -0.914278 0
    outer loop
      vertex 26.0412 -20.5315 0
      vertex 26.0816 -20.5136 2
      vertex 26.0412 -20.5315 2
    endloop
  endfacet
  facet normal 0.405088 -0.914278 0
    outer loop
      vertex 26.0816 -20.5136 2
      vertex 26.0412 -20.5315 0
      vertex 26.0816 -20.5136 0
    endloop
  endfacet
  facet normal 0.450835 -0.892607 0
    outer loop
      vertex 26.0816 -20.5136 0
      vertex 26.121 -20.4937 2
      vertex 26.0816 -20.5136 2
    endloop
  endfacet
  facet normal 0.450835 -0.892607 0
    outer loop
      vertex 26.121 -20.4937 2
      vertex 26.0816 -20.5136 0
      vertex 26.121 -20.4937 0
    endloop
  endfacet
  facet normal 0.491013 -0.871152 0
    outer loop
      vertex 26.121 -20.4937 0
      vertex 26.1595 -20.472 2
      vertex 26.121 -20.4937 2
    endloop
  endfacet
  facet normal 0.491013 -0.871152 0
    outer loop
      vertex 26.1595 -20.472 2
      vertex 26.121 -20.4937 0
      vertex 26.1595 -20.472 0
    endloop
  endfacet
  facet normal 0.53629 -0.844034 0
    outer loop
      vertex 26.1595 -20.472 0
      vertex 26.1968 -20.4483 2
      vertex 26.1595 -20.472 2
    endloop
  endfacet
  facet normal 0.53629 -0.844034 0
    outer loop
      vertex 26.1968 -20.4483 2
      vertex 26.1595 -20.472 0
      vertex 26.1968 -20.4483 0
    endloop
  endfacet
  facet normal 0.580547 -0.814227 0
    outer loop
      vertex 26.1968 -20.4483 0
      vertex 26.2414 -20.4165 2
      vertex 26.1968 -20.4483 2
    endloop
  endfacet
  facet normal 0.580547 -0.814227 0
    outer loop
      vertex 26.2414 -20.4165 2
      vertex 26.1968 -20.4483 0
      vertex 26.2414 -20.4165 0
    endloop
  endfacet
  facet normal 0.605079 -0.796165 0
    outer loop
      vertex 26.2414 -20.4165 0
      vertex 31 -16.8 2
      vertex 26.2414 -20.4165 2
    endloop
  endfacet
  facet normal 0.605079 -0.796165 0
    outer loop
      vertex 31 -16.8 2
      vertex 26.2414 -20.4165 0
      vertex 31 -16.8 0
    endloop
  endfacet
  facet normal 0 -1 0
    outer loop
      vertex 31 -16.8 0
      vertex 72.5933 -16.8 2
      vertex 31 -16.8 2
    endloop
  endfacet
  facet normal 0 -1 -0
    outer loop
      vertex 72.5933 -16.8 2
      vertex 31 -16.8 0
      vertex 72.5933 -16.8 0
    endloop
  endfacet
  facet normal 0.0248792 -0.99969 0
    outer loop
      vertex 72.5933 -16.8 0
      vertex 72.6375 -16.7989 2
      vertex 72.5933 -16.8 2
    endloop
  endfacet
  facet normal 0.0248792 -0.99969 0
    outer loop
      vertex 72.6375 -16.7989 2
      vertex 72.5933 -16.8 0
      vertex 72.6375 -16.7989 0
    endloop
  endfacet
  facet normal 0.0725357 -0.997366 0
    outer loop
      vertex 72.6375 -16.7989 0
      vertex 72.6815 -16.7957 2
      vertex 72.6375 -16.7989 2
    endloop
  endfacet
  facet normal 0.0725357 -0.997366 0
    outer loop
      vertex 72.6815 -16.7957 2
      vertex 72.6375 -16.7989 0
      vertex 72.6815 -16.7957 0
    endloop
  endfacet
  facet normal 0.122087 -0.992519 0
    outer loop
      vertex 72.6815 -16.7957 0
      vertex 72.7254 -16.7903 2
      vertex 72.6815 -16.7957 2
    endloop
  endfacet
  facet normal 0.122087 -0.992519 0
    outer loop
      vertex 72.7254 -16.7903 2
      vertex 72.6815 -16.7957 0
      vertex 72.7254 -16.7903 0
    endloop
  endfacet
  facet normal 0.172106 -0.985078 0
    outer loop
      vertex 72.7254 -16.7903 0
      vertex 72.7689 -16.7827 2
      vertex 72.7254 -16.7903 2
    endloop
  endfacet
  facet normal 0.172106 -0.985078 0
    outer loop
      vertex 72.7689 -16.7827 2
      vertex 72.7254 -16.7903 0
      vertex 72.7689 -16.7827 0
    endloop
  endfacet
  facet normal 0.219566 -0.975598 0
    outer loop
      vertex 72.7689 -16.7827 0
      vertex 72.812 -16.773 2
      vertex 72.7689 -16.7827 2
    endloop
  endfacet
  facet normal 0.219566 -0.975598 0
    outer loop
      vertex 72.812 -16.773 2
      vertex 72.7689 -16.7827 0
      vertex 72.812 -16.773 0
    endloop
  endfacet
  facet normal 0.266944 -0.963712 0
    outer loop
      vertex 72.812 -16.773 0
      vertex 72.8546 -16.7612 2
      vertex 72.812 -16.773 2
    endloop
  endfacet
  facet normal 0.266944 -0.963712 0
    outer loop
      vertex 72.8546 -16.7612 2
      vertex 72.812 -16.773 0
      vertex 72.8546 -16.7612 0
    endloop
  endfacet
  facet normal 0.312825 -0.949811 0
    outer loop
      vertex 72.8546 -16.7612 0
      vertex 72.8965 -16.7474 2
      vertex 72.8546 -16.7612 2
    endloop
  endfacet
  facet normal 0.312825 -0.949811 0
    outer loop
      vertex 72.8965 -16.7474 2
      vertex 72.8546 -16.7612 0
      vertex 72.8965 -16.7474 0
    endloop
  endfacet
  facet normal 0.359282 -0.933229 0
    outer loop
      vertex 72.8965 -16.7474 0
      vertex 72.9378 -16.7315 2
      vertex 72.8965 -16.7474 2
    endloop
  endfacet
  facet normal 0.359282 -0.933229 0
    outer loop
      vertex 72.9378 -16.7315 2
      vertex 72.8965 -16.7474 0
      vertex 72.9378 -16.7315 0
    endloop
  endfacet
  facet normal 0.405928 -0.913905 0
    outer loop
      vertex 72.9378 -16.7315 0
      vertex 72.9781 -16.7136 2
      vertex 72.9378 -16.7315 2
    endloop
  endfacet
  facet normal 0.405928 -0.913905 0
    outer loop
      vertex 72.9781 -16.7136 2
      vertex 72.9378 -16.7315 0
      vertex 72.9781 -16.7136 0
    endloop
  endfacet
  facet normal 0.449925 -0.893067 0
    outer loop
      vertex 72.9781 -16.7136 0
      vertex 73.0176 -16.6937 2
      vertex 72.9781 -16.7136 2
    endloop
  endfacet
  facet normal 0.449925 -0.893067 0
    outer loop
      vertex 73.0176 -16.6937 2
      vertex 72.9781 -16.7136 0
      vertex 73.0176 -16.6937 0
    endloop
  endfacet
  facet normal 0.491983 -0.870605 0
    outer loop
      vertex 73.0176 -16.6937 0
      vertex 73.056 -16.672 2
      vertex 73.0176 -16.6937 2
    endloop
  endfacet
  facet normal 0.491983 -0.870605 0
    outer loop
      vertex 73.056 -16.672 2
      vertex 73.0176 -16.6937 0
      vertex 73.056 -16.672 0
    endloop
  endfacet
  facet normal 0.535267 -0.844683 0
    outer loop
      vertex 73.056 -16.672 0
      vertex 73.0934 -16.6483 2
      vertex 73.056 -16.672 2
    endloop
  endfacet
  facet normal 0.535267 -0.844683 0
    outer loop
      vertex 73.0934 -16.6483 2
      vertex 73.056 -16.672 0
      vertex 73.0934 -16.6483 0
    endloop
  endfacet
  facet normal 0.575437 -0.817846 0
    outer loop
      vertex 73.0934 -16.6483 0
      vertex 73.1295 -16.6229 2
      vertex 73.0934 -16.6483 2
    endloop
  endfacet
  facet normal 0.575437 -0.817846 0
    outer loop
      vertex 73.1295 -16.6229 2
      vertex 73.0934 -16.6483 0
      vertex 73.1295 -16.6229 0
    endloop
  endfacet
  facet normal 0.61582 -0.787887 0
    outer loop
      vertex 73.1295 -16.6229 0
      vertex 73.1643 -16.5957 2
      vertex 73.1295 -16.6229 2
    endloop
  endfacet
  facet normal 0.61582 -0.787887 0
    outer loop
      vertex 73.1643 -16.5957 2
      vertex 73.1295 -16.6229 0
      vertex 73.1643 -16.5957 0
    endloop
  endfacet
  facet normal 0.654327 -0.756212 0
    outer loop
      vertex 73.1643 -16.5957 0
      vertex 73.1977 -16.5668 2
      vertex 73.1643 -16.5957 2
    endloop
  endfacet
  facet normal 0.654327 -0.756212 0
    outer loop
      vertex 73.1977 -16.5668 2
      vertex 73.1643 -16.5957 0
      vertex 73.1977 -16.5668 0
    endloop
  endfacet
  facet normal 0.688749 -0.724999 0
    outer loop
      vertex 73.1977 -16.5668 0
      vertex 73.2297 -16.5364 2
      vertex 73.1977 -16.5668 2
    endloop
  endfacet
  facet normal 0.688749 -0.724999 0
    outer loop
      vertex 73.2297 -16.5364 2
      vertex 73.1977 -16.5668 0
      vertex 73.2297 -16.5364 0
    endloop
  endfacet
  facet normal 0.723869 -0.689938 0
    outer loop
      vertex 73.2297 -16.5364 2
      vertex 73.2602 -16.5044 0
      vertex 73.2602 -16.5044 2
    endloop
  endfacet
  facet normal 0.723869 -0.689938 0
    outer loop
      vertex 73.2602 -16.5044 0
      vertex 73.2297 -16.5364 2
      vertex 73.2297 -16.5364 0
    endloop
  endfacet
  facet normal 0.758297 -0.651909 0
    outer loop
      vertex 73.2602 -16.5044 2
      vertex 73.289 -16.4709 0
      vertex 73.289 -16.4709 2
    endloop
  endfacet
  facet normal 0.758297 -0.651909 0
    outer loop
      vertex 73.289 -16.4709 0
      vertex 73.2602 -16.5044 2
      vertex 73.2602 -16.5044 0
    endloop
  endfacet
  facet normal 0.787887 -0.61582 0
    outer loop
      vertex 73.289 -16.4709 2
      vertex 73.3162 -16.4361 0
      vertex 73.3162 -16.4361 2
    endloop
  endfacet
  facet normal 0.787887 -0.61582 0
    outer loop
      vertex 73.3162 -16.4361 0
      vertex 73.289 -16.4709 2
      vertex 73.289 -16.4709 0
    endloop
  endfacet
  facet normal 0.81678 -0.57695 0
    outer loop
      vertex 73.3162 -16.4361 2
      vertex 73.3417 -16.4 0
      vertex 73.3417 -16.4 2
    endloop
  endfacet
  facet normal 0.81678 -0.57695 0
    outer loop
      vertex 73.3417 -16.4 0
      vertex 73.3162 -16.4361 2
      vertex 73.3162 -16.4361 0
    endloop
  endfacet
  facet normal 0.845058 -0.534675 0
    outer loop
      vertex 73.3417 -16.4 2
      vertex 73.3653 -16.3627 0
      vertex 73.3653 -16.3627 2
    endloop
  endfacet
  facet normal 0.845058 -0.534675 0
    outer loop
      vertex 73.3653 -16.3627 0
      vertex 73.3417 -16.4 2
      vertex 73.3417 -16.4 0
    endloop
  endfacet
  facet normal 0.870184 -0.492727 0
    outer loop
      vertex 73.3653 -16.3627 2
      vertex 73.3871 -16.3242 0
      vertex 73.3871 -16.3242 2
    endloop
  endfacet
  facet normal 0.870184 -0.492727 0
    outer loop
      vertex 73.3871 -16.3242 0
      vertex 73.3653 -16.3627 2
      vertex 73.3653 -16.3627 0
    endloop
  endfacet
  facet normal 0.893518 -0.449027 0
    outer loop
      vertex 73.3871 -16.3242 2
      vertex 73.4069 -16.2848 0
      vertex 73.4069 -16.2848 2
    endloop
  endfacet
  facet normal 0.893518 -0.449027 0
    outer loop
      vertex 73.4069 -16.2848 0
      vertex 73.3871 -16.3242 2
      vertex 73.3871 -16.3242 0
    endloop
  endfacet
  facet normal 0.915487 -0.402348 0
    outer loop
      vertex 73.4069 -16.2848 2
      vertex 73.4276 -16.2377 0
      vertex 73.4276 -16.2377 2
    endloop
  endfacet
  facet normal 0.915487 -0.402348 0
    outer loop
      vertex 73.4276 -16.2377 0
      vertex 73.4069 -16.2848 2
      vertex 73.4069 -16.2848 0
    endloop
  endfacet
  facet normal 0.926947 -0.375192 0
    outer loop
      vertex 73.4276 -16.2377 2
      vertex 79.8633 -0.337677 0
      vertex 79.8633 -0.337677 2
    endloop
  endfacet
  facet normal 0.926947 -0.375192 0
    outer loop
      vertex 79.8633 -0.337677 0
      vertex 73.4276 -16.2377 2
      vertex 73.4276 -16.2377 0
    endloop
  endfacet
  facet normal 0.935633 -0.352975 0
    outer loop
      vertex 79.8633 -0.337677 2
      vertex 79.8789 -0.296326 0
      vertex 79.8789 -0.296326 2
    endloop
  endfacet
  facet normal 0.935633 -0.352975 0
    outer loop
      vertex 79.8789 -0.296326 0
      vertex 79.8633 -0.337677 2
      vertex 79.8633 -0.337677 0
    endloop
  endfacet
  facet normal 0.952143 -0.305653 0
    outer loop
      vertex 79.8789 -0.296326 2
      vertex 79.8924 -0.254272 0
      vertex 79.8924 -0.254272 2
    endloop
  endfacet
  facet normal 0.952143 -0.305653 0
    outer loop
      vertex 79.8924 -0.254272 0
      vertex 79.8789 -0.296326 2
      vertex 79.8789 -0.296326 0
    endloop
  endfacet
  facet normal 0.966104 -0.258153 0
    outer loop
      vertex 79.8924 -0.254272 2
      vertex 79.9038 -0.211609 0
      vertex 79.9038 -0.211609 2
    endloop
  endfacet
  facet normal 0.966104 -0.258153 0
    outer loop
      vertex 79.9038 -0.211609 0
      vertex 79.8924 -0.254272 2
      vertex 79.8924 -0.254272 0
    endloop
  endfacet
  facet normal 0.977117 -0.212702 0
    outer loop
      vertex 79.9038 -0.211609 2
      vertex 79.9132 -0.168427 0
      vertex 79.9132 -0.168427 2
    endloop
  endfacet
  facet normal 0.977117 -0.212702 0
    outer loop
      vertex 79.9132 -0.168427 0
      vertex 79.9038 -0.211609 2
      vertex 79.9038 -0.211609 0
    endloop
  endfacet
  facet normal 0.986625 -0.163004 0
    outer loop
      vertex 79.9132 -0.168427 2
      vertex 79.9204 -0.124847 0
      vertex 79.9204 -0.124847 2
    endloop
  endfacet
  facet normal 0.986625 -0.163004 0
    outer loop
      vertex 79.9204 -0.124847 0
      vertex 79.9132 -0.168427 2
      vertex 79.9132 -0.168427 0
    endloop
  endfacet
  facet normal 0.993572 -0.113205 0
    outer loop
      vertex 79.9204 -0.124847 2
      vertex 79.9254 -0.0809631 0
      vertex 79.9254 -0.0809631 2
    endloop
  endfacet
  facet normal 0.993572 -0.113205 0
    outer loop
      vertex 79.9254 -0.0809631 0
      vertex 79.9204 -0.124847 2
      vertex 79.9204 -0.124847 0
    endloop
  endfacet
  facet normal 0.997843 -0.0656437 0
    outer loop
      vertex 79.9254 -0.0809631 2
      vertex 79.9283 -0.0368805 0
      vertex 79.9283 -0.0368805 2
    endloop
  endfacet
  facet normal 0.997843 -0.0656437 0
    outer loop
      vertex 79.9283 -0.0368805 0
      vertex 79.9254 -0.0809631 2
      vertex 79.9254 -0.0809631 0
    endloop
  endfacet
  facet normal 0.999874 -0.0158498 0
    outer loop
      vertex 79.9283 -0.0368805 2
      vertex 79.929 0.00727844 0
      vertex 79.929 0.00727844 2
    endloop
  endfacet
  facet normal 0.999874 -0.0158498 0
    outer loop
      vertex 79.929 0.00727844 0
      vertex 79.9283 -0.0368805 2
      vertex 79.9283 -0.0368805 0
    endloop
  endfacet
  facet normal 0.999498 0.0316877 0
    outer loop
      vertex 79.929 0.00727844 2
      vertex 79.9276 0.0514374 0
      vertex 79.9276 0.0514374 2
    endloop
  endfacet
  facet normal 0.999498 0.0316877 0
    outer loop
      vertex 79.9276 0.0514374 0
      vertex 79.929 0.00727844 2
      vertex 79.929 0.00727844 0
    endloop
  endfacet
  facet normal 0.996673 0.0815059 0
    outer loop
      vertex 79.9276 0.0514374 2
      vertex 79.924 0.095459 0
      vertex 79.924 0.095459 2
    endloop
  endfacet
  facet normal 0.996673 0.0815059 0
    outer loop
      vertex 79.924 0.095459 0
      vertex 79.9276 0.0514374 2
      vertex 79.9276 0.0514374 0
    endloop
  endfacet
  facet normal 0.991343 0.131295 0
    outer loop
      vertex 79.924 0.095459 2
      vertex 79.9182 0.139252 0
      vertex 79.9182 0.139252 2
    endloop
  endfacet
  facet normal 0.991343 0.131295 0
    outer loop
      vertex 79.9182 0.139252 0
      vertex 79.924 0.095459 2
      vertex 79.924 0.095459 0
    endloop
  endfacet
  facet normal 0.983886 0.178798 0
    outer loop
      vertex 79.9182 0.139252 2
      vertex 79.9103 0.182724 0
      vertex 79.9103 0.182724 2
    endloop
  endfacet
  facet normal 0.983886 0.178798 0
    outer loop
      vertex 79.9103 0.182724 0
      vertex 79.9182 0.139252 2
      vertex 79.9182 0.139252 0
    endloop
  endfacet
  facet normal 0.974025 0.226439 0
    outer loop
      vertex 79.9103 0.182724 2
      vertex 79.9003 0.225739 0
      vertex 79.9003 0.225739 2
    endloop
  endfacet
  facet normal 0.974025 0.226439 0
    outer loop
      vertex 79.9003 0.225739 0
      vertex 79.9103 0.182724 2
      vertex 79.9103 0.182724 0
    endloop
  endfacet
  facet normal 0.961746 0.273944 0
    outer loop
      vertex 79.9003 0.225739 2
      vertex 79.8882 0.268219 0
      vertex 79.8882 0.268219 2
    endloop
  endfacet
  facet normal 0.961746 0.273944 0
    outer loop
      vertex 79.8882 0.268219 0
      vertex 79.9003 0.225739 2
      vertex 79.9003 0.225739 0
    endloop
  endfacet
  facet normal 0.946912 0.321494 0
    outer loop
      vertex 79.8882 0.268219 2
      vertex 79.874 0.310043 0
      vertex 79.874 0.310043 2
    endloop
  endfacet
  facet normal 0.946912 0.321494 0
    outer loop
      vertex 79.874 0.310043 0
      vertex 79.8882 0.268219 2
      vertex 79.8882 0.268219 0
    endloop
  endfacet
  facet normal 0.932534 0.361081 0
    outer loop
      vertex 79.874 0.310043 2
      vertex 79.8633 0.337677 0
      vertex 79.8633 0.337677 2
    endloop
  endfacet
  facet normal 0.932534 0.361081 0
    outer loop
      vertex 79.8633 0.337677 0
      vertex 79.874 0.310043 2
      vertex 79.874 0.310043 0
    endloop
  endfacet
  facet normal 0.926947 0.375192 0
    outer loop
      vertex 79.8633 0.337677 2
      vertex 73.4276 16.2377 0
      vertex 73.4276 16.2377 2
    endloop
  endfacet
  facet normal 0.926947 0.375192 0
    outer loop
      vertex 73.4276 16.2377 0
      vertex 79.8633 0.337677 2
      vertex 79.8633 0.337677 0
    endloop
  endfacet
  facet normal 0.917142 0.39856 0
    outer loop
      vertex 73.4276 16.2377 2
      vertex 73.41 16.2782 0
      vertex 73.41 16.2782 2
    endloop
  endfacet
  facet normal 0.917142 0.39856 0
    outer loop
      vertex 73.41 16.2782 0
      vertex 73.4276 16.2377 2
      vertex 73.4276 16.2377 0
    endloop
  endfacet
  facet normal 0.897129 0.441768 0
    outer loop
      vertex 73.41 16.2782 2
      vertex 73.3905 16.3178 0
      vertex 73.3905 16.3178 2
    endloop
  endfacet
  facet normal 0.897129 0.441768 0
    outer loop
      vertex 73.3905 16.3178 0
      vertex 73.41 16.2782 2
      vertex 73.41 16.2782 0
    endloop
  endfacet
  facet normal 0.873623 0.486603 0
    outer loop
      vertex 73.3905 16.3178 2
      vertex 73.369 16.3564 0
      vertex 73.369 16.3564 2
    endloop
  endfacet
  facet normal 0.873623 0.486603 0
    outer loop
      vertex 73.369 16.3564 0
      vertex 73.3905 16.3178 2
      vertex 73.3905 16.3178 0
    endloop
  endfacet
  facet normal 0.849395 0.527757 0
    outer loop
      vertex 73.369 16.3564 2
      vertex 73.3457 16.3939 0
      vertex 73.3457 16.3939 2
    endloop
  endfacet
  facet normal 0.849395 0.527757 0
    outer loop
      vertex 73.3457 16.3939 0
      vertex 73.369 16.3564 2
      vertex 73.369 16.3564 0
    endloop
  endfacet
  facet normal 0.822192 0.56921 0
    outer loop
      vertex 73.3457 16.3939 2
      vertex 73.3205 16.4303 0
      vertex 73.3205 16.4303 2
    endloop
  endfacet
  facet normal 0.822192 0.56921 0
    outer loop
      vertex 73.3205 16.4303 0
      vertex 73.3457 16.3939 2
      vertex 73.3457 16.3939 0
    endloop
  endfacet
  facet normal 0.792877 0.609382 0
    outer loop
      vertex 73.3205 16.4303 2
      vertex 73.2936 16.4653 0
      vertex 73.2936 16.4653 2
    endloop
  endfacet
  facet normal 0.792877 0.609382 0
    outer loop
      vertex 73.2936 16.4653 0
      vertex 73.3205 16.4303 2
      vertex 73.3205 16.4303 0
    endloop
  endfacet
  facet normal 0.763558 0.645739 0
    outer loop
      vertex 73.2936 16.4653 2
      vertex 73.2651 16.499 0
      vertex 73.2651 16.499 2
    endloop
  endfacet
  facet normal 0.763558 0.645739 0
    outer loop
      vertex 73.2651 16.499 0
      vertex 73.2936 16.4653 2
      vertex 73.2936 16.4653 0
    endloop
  endfacet
  facet normal 0.729396 0.684092 0
    outer loop
      vertex 73.2651 16.499 2
      vertex 73.2349 16.5312 0
      vertex 73.2349 16.5312 2
    endloop
  endfacet
  facet normal 0.729396 0.684092 0
    outer loop
      vertex 73.2349 16.5312 0
      vertex 73.2651 16.499 2
      vertex 73.2651 16.499 0
    endloop
  endfacet
  facet normal 0.694554 0.71944 -0
    outer loop
      vertex 73.2349 16.5312 0
      vertex 73.2031 16.5619 2
      vertex 73.2349 16.5312 2
    endloop
  endfacet
  facet normal 0.694554 0.71944 0
    outer loop
      vertex 73.2031 16.5619 2
      vertex 73.2349 16.5312 0
      vertex 73.2031 16.5619 0
    endloop
  endfacet
  facet normal 0.660424 0.750893 -0
    outer loop
      vertex 73.2031 16.5619 0
      vertex 73.1699 16.5911 2
      vertex 73.2031 16.5619 2
    endloop
  endfacet
  facet normal 0.660424 0.750893 0
    outer loop
      vertex 73.1699 16.5911 2
      vertex 73.2031 16.5619 0
      vertex 73.1699 16.5911 0
    endloop
  endfacet
  facet normal 0.620819 0.783954 -0
    outer loop
      vertex 73.1699 16.5911 0
      vertex 73.1353 16.6185 2
      vertex 73.1699 16.5911 2
    endloop
  endfacet
  facet normal 0.620819 0.783954 0
    outer loop
      vertex 73.1353 16.6185 2
      vertex 73.1699 16.5911 0
      vertex 73.1353 16.6185 0
    endloop
  endfacet
  facet normal 0.582095 0.813121 -0
    outer loop
      vertex 73.1353 16.6185 0
      vertex 73.0994 16.6442 2
      vertex 73.1353 16.6185 2
    endloop
  endfacet
  facet normal 0.582095 0.813121 0
    outer loop
      vertex 73.0994 16.6442 2
      vertex 73.1353 16.6185 0
      vertex 73.0994 16.6442 0
    endloop
  endfacet
  facet normal 0.543157 0.839631 -0
    outer loop
      vertex 73.0994 16.6442 0
      vertex 73.0623 16.6682 2
      vertex 73.0994 16.6442 2
    endloop
  endfacet
  facet normal 0.543157 0.839631 0
    outer loop
      vertex 73.0623 16.6682 2
      vertex 73.0994 16.6442 0
      vertex 73.0623 16.6682 0
    endloop
  endfacet
  facet normal 0.499788 0.866148 -0
    outer loop
      vertex 73.0623 16.6682 0
      vertex 73.024 16.6903 2
      vertex 73.0623 16.6682 2
    endloop
  endfacet
  facet normal 0.499788 0.866148 0
    outer loop
      vertex 73.024 16.6903 2
      vertex 73.0623 16.6682 0
      vertex 73.024 16.6903 0
    endloop
  endfacet
  facet normal 0.455351 0.890312 -0
    outer loop
      vertex 73.024 16.6903 0
      vertex 72.9847 16.7104 2
      vertex 73.024 16.6903 2
    endloop
  endfacet
  facet normal 0.455351 0.890312 0
    outer loop
      vertex 72.9847 16.7104 2
      vertex 73.024 16.6903 0
      vertex 72.9847 16.7104 0
    endloop
  endfacet
  facet normal 0.414315 0.910134 -0
    outer loop
      vertex 72.9847 16.7104 0
      vertex 72.9445 16.7287 2
      vertex 72.9847 16.7104 2
    endloop
  endfacet
  facet normal 0.414315 0.910134 0
    outer loop
      vertex 72.9445 16.7287 2
      vertex 72.9847 16.7104 0
      vertex 72.9445 16.7287 0
    endloop
  endfacet
  facet normal 0.366703 0.930338 -0
    outer loop
      vertex 72.9445 16.7287 0
      vertex 72.9034 16.7449 2
      vertex 72.9445 16.7287 2
    endloop
  endfacet
  facet normal 0.366703 0.930338 0
    outer loop
      vertex 72.9034 16.7449 2
      vertex 72.9445 16.7287 0
      vertex 72.9034 16.7449 0
    endloop
  endfacet
  facet normal 0.321659 0.946856 -0
    outer loop
      vertex 72.9034 16.7449 0
      vertex 72.8616 16.7591 2
      vertex 72.9034 16.7449 2
    endloop
  endfacet
  facet normal 0.321659 0.946856 0
    outer loop
      vertex 72.8616 16.7591 2
      vertex 72.9034 16.7449 0
      vertex 72.8616 16.7591 0
    endloop
  endfacet
  facet normal 0.273824 0.96178 -0
    outer loop
      vertex 72.8616 16.7591 0
      vertex 72.8191 16.7712 2
      vertex 72.8616 16.7591 2
    endloop
  endfacet
  facet normal 0.273824 0.96178 0
    outer loop
      vertex 72.8191 16.7712 2
      vertex 72.8616 16.7591 0
      vertex 72.8191 16.7712 0
    endloop
  endfacet
  facet normal 0.226513 0.974008 -0
    outer loop
      vertex 72.8191 16.7712 0
      vertex 72.7761 16.7812 2
      vertex 72.8191 16.7712 2
    endloop
  endfacet
  facet normal 0.226513 0.974008 0
    outer loop
      vertex 72.7761 16.7812 2
      vertex 72.8191 16.7712 0
      vertex 72.7761 16.7812 0
    endloop
  endfacet
  facet normal 0.180875 0.983506 -0
    outer loop
      vertex 72.7761 16.7812 0
      vertex 72.7326 16.7892 2
      vertex 72.7761 16.7812 2
    endloop
  endfacet
  facet normal 0.180875 0.983506 0
    outer loop
      vertex 72.7326 16.7892 2
      vertex 72.7761 16.7812 0
      vertex 72.7326 16.7892 0
    endloop
  endfacet
  facet normal 0.129049 0.991638 -0
    outer loop
      vertex 72.7326 16.7892 0
      vertex 72.6888 16.7949 2
      vertex 72.7326 16.7892 2
    endloop
  endfacet
  facet normal 0.129049 0.991638 0
    outer loop
      vertex 72.6888 16.7949 2
      vertex 72.7326 16.7892 0
      vertex 72.6888 16.7949 0
    endloop
  endfacet
  facet normal 0.0815457 0.99667 -0
    outer loop
      vertex 72.6888 16.7949 0
      vertex 72.6448 16.7985 2
      vertex 72.6888 16.7949 2
    endloop
  endfacet
  facet normal 0.0815457 0.99667 0
    outer loop
      vertex 72.6448 16.7985 2
      vertex 72.6888 16.7949 0
      vertex 72.6448 16.7985 0
    endloop
  endfacet
  facet normal 0.0291139 0.999576 -0
    outer loop
      vertex 72.6448 16.7985 0
      vertex 72.5933 16.8 2
      vertex 72.6448 16.7985 2
    endloop
  endfacet
  facet normal 0.0291139 0.999576 0
    outer loop
      vertex 72.5933 16.8 2
      vertex 72.6448 16.7985 0
      vertex 72.5933 16.8 0
    endloop
  endfacet
  facet normal 0 1 -0
    outer loop
      vertex 72.5933 16.8 0
      vertex 31 16.8 2
      vertex 72.5933 16.8 2
    endloop
  endfacet
  facet normal 0 1 0
    outer loop
      vertex 31 16.8 2
      vertex 72.5933 16.8 0
      vertex 31 16.8 0
    endloop
  endfacet
  facet normal 0.605079 0.796165 -0
    outer loop
      vertex 31 16.8 0
      vertex 26.2414 20.4165 2
      vertex 31 16.8 2
    endloop
  endfacet
  facet normal 0.605079 0.796165 0
    outer loop
      vertex 26.2414 20.4165 2
      vertex 31 16.8 0
      vertex 26.2414 20.4165 0
    endloop
  endfacet
  facet normal 0.586151 0.810202 -0
    outer loop
      vertex 26.2414 20.4165 0
      vertex 26.2056 20.4424 2
      vertex 26.2414 20.4165 2
    endloop
  endfacet
  facet normal 0.586151 0.810202 0
    outer loop
      vertex 26.2056 20.4424 2
      vertex 26.2414 20.4165 0
      vertex 26.2056 20.4424 0
    endloop
  endfacet
  facet normal 0.54475 0.838599 -0
    outer loop
      vertex 26.2056 20.4424 0
      vertex 26.1685 20.4665 2
      vertex 26.2056 20.4424 2
    endloop
  endfacet
  facet normal 0.54475 0.838599 0
    outer loop
      vertex 26.1685 20.4665 2
      vertex 26.2056 20.4424 0
      vertex 26.1685 20.4665 0
    endloop
  endfacet
  facet normal 0.502463 0.864599 -0
    outer loop
      vertex 26.1685 20.4665 0
      vertex 26.1303 20.4887 2
      vertex 26.1685 20.4665 2
    endloop
  endfacet
  facet normal 0.502463 0.864599 0
    outer loop
      vertex 26.1303 20.4887 2
      vertex 26.1685 20.4665 0
      vertex 26.1303 20.4887 0
    endloop
  endfacet
  facet normal 0.459854 0.887994 -0
    outer loop
      vertex 26.1303 20.4887 0
      vertex 26.0911 20.509 2
      vertex 26.1303 20.4887 2
    endloop
  endfacet
  facet normal 0.459854 0.887994 0
    outer loop
      vertex 26.0911 20.509 2
      vertex 26.1303 20.4887 0
      vertex 26.0911 20.509 0
    endloop
  endfacet
  facet normal 0.416187 0.909279 -0
    outer loop
      vertex 26.0911 20.509 0
      vertex 26.0509 20.5274 2
      vertex 26.0911 20.509 2
    endloop
  endfacet
  facet normal 0.416187 0.909279 0
    outer loop
      vertex 26.0509 20.5274 2
      vertex 26.0911 20.509 0
      vertex 26.0509 20.5274 0
    endloop
  endfacet
  facet normal 0.371391 0.928477 -0
    outer loop
      vertex 26.0509 20.5274 0
      vertex 26.0099 20.5438 2
      vertex 26.0509 20.5274 2
    endloop
  endfacet
  facet normal 0.371391 0.928477 0
    outer loop
      vertex 26.0099 20.5438 2
      vertex 26.0509 20.5274 0
      vertex 26.0099 20.5438 0
    endloop
  endfacet
  facet normal 0.323688 0.946164 -0
    outer loop
      vertex 26.0099 20.5438 0
      vertex 25.9681 20.5581 2
      vertex 26.0099 20.5438 2
    endloop
  endfacet
  facet normal 0.323688 0.946164 0
    outer loop
      vertex 25.9681 20.5581 2
      vertex 26.0099 20.5438 0
      vertex 25.9681 20.5581 0
    endloop
  endfacet
  facet normal 0.278608 0.960405 -0
    outer loop
      vertex 25.9681 20.5581 0
      vertex 25.9257 20.5704 2
      vertex 25.9681 20.5581 2
    endloop
  endfacet
  facet normal 0.278608 0.960405 0
    outer loop
      vertex 25.9257 20.5704 2
      vertex 25.9681 20.5581 0
      vertex 25.9257 20.5704 0
    endloop
  endfacet
  facet normal 0.230805 0.973 -0
    outer loop
      vertex 25.9257 20.5704 0
      vertex 25.8827 20.5806 2
      vertex 25.9257 20.5704 2
    endloop
  endfacet
  facet normal 0.230805 0.973 0
    outer loop
      vertex 25.8827 20.5806 2
      vertex 25.9257 20.5704 0
      vertex 25.8827 20.5806 0
    endloop
  endfacet
  facet normal 0.181278 0.983432 -0
    outer loop
      vertex 25.8827 20.5806 0
      vertex 25.8393 20.5886 2
      vertex 25.8827 20.5806 2
    endloop
  endfacet
  facet normal 0.181278 0.983432 0
    outer loop
      vertex 25.8393 20.5886 2
      vertex 25.8827 20.5806 0
      vertex 25.8393 20.5886 0
    endloop
  endfacet
  facet normal 0.135719 0.990747 -0
    outer loop
      vertex 25.8393 20.5886 0
      vertex 25.7955 20.5946 2
      vertex 25.8393 20.5886 2
    endloop
  endfacet
  facet normal 0.135719 0.990747 0
    outer loop
      vertex 25.7955 20.5946 2
      vertex 25.8393 20.5886 0
      vertex 25.7955 20.5946 0
    endloop
  endfacet
  facet normal 0.0837952 0.996483 -0
    outer loop
      vertex 25.7955 20.5946 0
      vertex 25.7515 20.5983 2
      vertex 25.7955 20.5946 2
    endloop
  endfacet
  facet normal 0.0837952 0.996483 0
    outer loop
      vertex 25.7515 20.5983 2
      vertex 25.7955 20.5946 0
      vertex 25.7515 20.5983 0
    endloop
  endfacet
  facet normal 0.0310636 0.999517 -0
    outer loop
      vertex 25.7515 20.5983 0
      vertex 25.6968 20.6 2
      vertex 25.7515 20.5983 2
    endloop
  endfacet
  facet normal 0.0310636 0.999517 0
    outer loop
      vertex 25.6968 20.6 2
      vertex 25.7515 20.5983 0
      vertex 25.6968 20.6 0
    endloop
  endfacet
  facet normal 0 1 -0
    outer loop
      vertex 25.6968 20.6 0
      vertex 22.9 20.6 2
      vertex 25.6968 20.6 2
    endloop
  endfacet
  facet normal 0 1 0
    outer loop
      vertex 22.9 20.6 2
      vertex 25.6968 20.6 0
      vertex 22.9 20.6 0
    endloop
  endfacet
  facet normal -0.0248792 0.99969 0
    outer loop
      vertex 22.9 20.6 0
      vertex 22.8558 20.5989 2
      vertex 22.9 20.6 2
    endloop
  endfacet
  facet normal -0.0248792 0.99969 0
    outer loop
      vertex 22.8558 20.5989 2
      vertex 22.9 20.6 0
      vertex 22.8558 20.5989 0
    endloop
  endfacet
  facet normal -0.0725357 0.997366 0
    outer loop
      vertex 22.8558 20.5989 0
      vertex 22.8118 20.5957 2
      vertex 22.8558 20.5989 2
    endloop
  endfacet
  facet normal -0.0725357 0.997366 0
    outer loop
      vertex 22.8118 20.5957 2
      vertex 22.8558 20.5989 0
      vertex 22.8118 20.5957 0
    endloop
  endfacet
  facet normal -0.122087 0.992519 0
    outer loop
      vertex 22.8118 20.5957 0
      vertex 22.7679 20.5903 2
      vertex 22.8118 20.5957 2
    endloop
  endfacet
  facet normal -0.122087 0.992519 0
    outer loop
      vertex 22.7679 20.5903 2
      vertex 22.8118 20.5957 0
      vertex 22.7679 20.5903 0
    endloop
  endfacet
  facet normal -0.172106 0.985078 0
    outer loop
      vertex 22.7679 20.5903 0
      vertex 22.7244 20.5827 2
      vertex 22.7679 20.5903 2
    endloop
  endfacet
  facet normal -0.172106 0.985078 0
    outer loop
      vertex 22.7244 20.5827 2
      vertex 22.7679 20.5903 0
      vertex 22.7244 20.5827 0
    endloop
  endfacet
  facet normal -0.219566 0.975598 0
    outer loop
      vertex 22.7244 20.5827 0
      vertex 22.6813 20.573 2
      vertex 22.7244 20.5827 2
    endloop
  endfacet
  facet normal -0.219566 0.975598 0
    outer loop
      vertex 22.6813 20.573 2
      vertex 22.7244 20.5827 0
      vertex 22.6813 20.573 0
    endloop
  endfacet
  facet normal -0.266944 0.963712 0
    outer loop
      vertex 22.6813 20.573 0
      vertex 22.6387 20.5612 2
      vertex 22.6813 20.573 2
    endloop
  endfacet
  facet normal -0.266944 0.963712 0
    outer loop
      vertex 22.6387 20.5612 2
      vertex 22.6813 20.573 0
      vertex 22.6387 20.5612 0
    endloop
  endfacet
  facet normal -0.312825 0.949811 0
    outer loop
      vertex 22.6387 20.5612 0
      vertex 22.5968 20.5474 2
      vertex 22.6387 20.5612 2
    endloop
  endfacet
  facet normal -0.312825 0.949811 0
    outer loop
      vertex 22.5968 20.5474 2
      vertex 22.6387 20.5612 0
      vertex 22.5968 20.5474 0
    endloop
  endfacet
  facet normal -0.360041 0.932936 0
    outer loop
      vertex 22.5968 20.5474 0
      vertex 22.5556 20.5315 2
      vertex 22.5968 20.5474 2
    endloop
  endfacet
  facet normal -0.360041 0.932936 0
    outer loop
      vertex 22.5556 20.5315 2
      vertex 22.5968 20.5474 0
      vertex 22.5556 20.5315 0
    endloop
  endfacet
  facet normal -0.405088 0.914278 0
    outer loop
      vertex 22.5556 20.5315 0
      vertex 22.5152 20.5136 2
      vertex 22.5556 20.5315 2
    endloop
  endfacet
  facet normal -0.405088 0.914278 0
    outer loop
      vertex 22.5152 20.5136 2
      vertex 22.5556 20.5315 0
      vertex 22.5152 20.5136 0
    endloop
  endfacet
  facet normal -0.449925 0.893067 0
    outer loop
      vertex 22.5152 20.5136 0
      vertex 22.4757 20.4937 2
      vertex 22.5152 20.5136 2
    endloop
  endfacet
  facet normal -0.449925 0.893067 0
    outer loop
      vertex 22.4757 20.4937 2
      vertex 22.5152 20.5136 0
      vertex 22.4757 20.4937 0
    endloop
  endfacet
  facet normal -0.491983 0.870605 0
    outer loop
      vertex 22.4757 20.4937 0
      vertex 22.4373 20.472 2
      vertex 22.4757 20.4937 2
    endloop
  endfacet
  facet normal -0.491983 0.870605 0
    outer loop
      vertex 22.4373 20.472 2
      vertex 22.4757 20.4937 0
      vertex 22.4373 20.472 0
    endloop
  endfacet
  facet normal -0.53629 0.844034 0
    outer loop
      vertex 22.4373 20.472 0
      vertex 22.4 20.4483 2
      vertex 22.4373 20.472 2
    endloop
  endfacet
  facet normal -0.53629 0.844034 0
    outer loop
      vertex 22.4 20.4483 2
      vertex 22.4373 20.472 0
      vertex 22.4 20.4483 0
    endloop
  endfacet
  facet normal -0.575437 0.817846 0
    outer loop
      vertex 22.4 20.4483 0
      vertex 22.3639 20.4229 2
      vertex 22.4 20.4483 2
    endloop
  endfacet
  facet normal -0.575437 0.817846 0
    outer loop
      vertex 22.3639 20.4229 2
      vertex 22.4 20.4483 0
      vertex 22.3639 20.4229 0
    endloop
  endfacet
  facet normal -0.614723 0.788743 0
    outer loop
      vertex 22.3639 20.4229 0
      vertex 22.329 20.3957 2
      vertex 22.3639 20.4229 2
    endloop
  endfacet
  facet normal -0.614723 0.788743 0
    outer loop
      vertex 22.329 20.3957 2
      vertex 22.3639 20.4229 0
      vertex 22.329 20.3957 0
    endloop
  endfacet
  facet normal -0.653029 0.757333 0
    outer loop
      vertex 22.329 20.3957 0
      vertex 22.2956 20.3669 2
      vertex 22.329 20.3957 2
    endloop
  endfacet
  facet normal -0.653029 0.757333 0
    outer loop
      vertex 22.2956 20.3669 2
      vertex 22.329 20.3957 0
      vertex 22.2956 20.3669 0
    endloop
  endfacet
  facet normal -0.689938 0.723869 0
    outer loop
      vertex 22.2956 20.3669 0
      vertex 22.2636 20.3364 2
      vertex 22.2956 20.3669 2
    endloop
  endfacet
  facet normal -0.689938 0.723869 0
    outer loop
      vertex 22.2636 20.3364 2
      vertex 22.2956 20.3669 0
      vertex 22.2636 20.3364 0
    endloop
  endfacet
  facet normal -0.723869 0.689938 0
    outer loop
      vertex 22.2331 20.3044 0
      vertex 22.2636 20.3364 2
      vertex 22.2636 20.3364 0
    endloop
  endfacet
  facet normal -0.723869 0.689938 0
    outer loop
      vertex 22.2636 20.3364 2
      vertex 22.2331 20.3044 0
      vertex 22.2331 20.3044 2
    endloop
  endfacet
  facet normal -0.757333 0.653029 0
    outer loop
      vertex 22.2043 20.271 0
      vertex 22.2331 20.3044 2
      vertex 22.2331 20.3044 0
    endloop
  endfacet
  facet normal -0.757333 0.653029 0
    outer loop
      vertex 22.2331 20.3044 2
      vertex 22.2043 20.271 0
      vertex 22.2043 20.271 2
    endloop
  endfacet
  facet normal -0.788743 0.614723 0
    outer loop
      vertex 22.1771 20.2361 0
      vertex 22.2043 20.271 2
      vertex 22.2043 20.271 0
    endloop
  endfacet
  facet normal -0.788743 0.614723 0
    outer loop
      vertex 22.2043 20.271 2
      vertex 22.1771 20.2361 0
      vertex 22.1771 20.2361 2
    endloop
  endfacet
  facet normal -0.817846 0.575437 0
    outer loop
      vertex 22.1517 20.2 0
      vertex 22.1771 20.2361 2
      vertex 22.1771 20.2361 0
    endloop
  endfacet
  facet normal -0.817846 0.575437 0
    outer loop
      vertex 22.1771 20.2361 2
      vertex 22.1517 20.2 0
      vertex 22.1517 20.2 2
    endloop
  endfacet
  facet normal -0.844034 0.53629 0
    outer loop
      vertex 22.128 20.1627 0
      vertex 22.1517 20.2 2
      vertex 22.1517 20.2 0
    endloop
  endfacet
  facet normal -0.844034 0.53629 0
    outer loop
      vertex 22.1517 20.2 2
      vertex 22.128 20.1627 0
      vertex 22.128 20.1627 2
    endloop
  endfacet
  facet normal -0.870605 0.491983 0
    outer loop
      vertex 22.1063 20.1243 0
      vertex 22.128 20.1627 2
      vertex 22.128 20.1627 0
    endloop
  endfacet
  facet normal -0.870605 0.491983 0
    outer loop
      vertex 22.128 20.1627 2
      vertex 22.1063 20.1243 0
      vertex 22.1063 20.1243 2
    endloop
  endfacet
  facet normal -0.893067 0.449925 0
    outer loop
      vertex 22.0864 20.0848 0
      vertex 22.1063 20.1243 2
      vertex 22.1063 20.1243 0
    endloop
  endfacet
  facet normal -0.893067 0.449925 0
    outer loop
      vertex 22.1063 20.1243 2
      vertex 22.0864 20.0848 0
      vertex 22.0864 20.0848 2
    endloop
  endfacet
  facet normal -0.914278 0.405088 0
    outer loop
      vertex 22.0685 20.0444 0
      vertex 22.0864 20.0848 2
      vertex 22.0864 20.0848 0
    endloop
  endfacet
  facet normal -0.914278 0.405088 0
    outer loop
      vertex 22.0864 20.0848 2
      vertex 22.0685 20.0444 0
      vertex 22.0685 20.0444 2
    endloop
  endfacet
  facet normal -0.932936 0.360041 0
    outer loop
      vertex 22.0526 20.0032 0
      vertex 22.0685 20.0444 2
      vertex 22.0685 20.0444 0
    endloop
  endfacet
  facet normal -0.932936 0.360041 0
    outer loop
      vertex 22.0685 20.0444 2
      vertex 22.0526 20.0032 0
      vertex 22.0526 20.0032 2
    endloop
  endfacet
  facet normal -0.949135 0.314868 0
    outer loop
      vertex 22.0387 19.9613 0
      vertex 22.0526 20.0032 2
      vertex 22.0526 20.0032 0
    endloop
  endfacet
  facet normal -0.949135 0.314868 0
    outer loop
      vertex 22.0526 20.0032 2
      vertex 22.0387 19.9613 0
      vertex 22.0387 19.9613 2
    endloop
  endfacet
  facet normal -0.964292 0.264841 0
    outer loop
      vertex 22.027 19.9187 0
      vertex 22.0387 19.9613 2
      vertex 22.0387 19.9613 0
    endloop
  endfacet
  facet normal -0.964292 0.264841 0
    outer loop
      vertex 22.0387 19.9613 2
      vertex 22.027 19.9187 0
      vertex 22.027 19.9187 2
    endloop
  endfacet
  facet normal -0.975598 0.219566 0
    outer loop
      vertex 22.0173 19.8756 0
      vertex 22.027 19.9187 2
      vertex 22.027 19.9187 0
    endloop
  endfacet
  facet normal -0.975598 0.219566 0
    outer loop
      vertex 22.027 19.9187 2
      vertex 22.0173 19.8756 0
      vertex 22.0173 19.8756 2
    endloop
  endfacet
  facet normal -0.985078 0.172106 0
    outer loop
      vertex 22.0097 19.8321 0
      vertex 22.0173 19.8756 2
      vertex 22.0173 19.8756 0
    endloop
  endfacet
  facet normal -0.985078 0.172106 0
    outer loop
      vertex 22.0173 19.8756 2
      vertex 22.0097 19.8321 0
      vertex 22.0097 19.8321 2
    endloop
  endfacet
  facet normal -0.992519 0.122087 0
    outer loop
      vertex 22.0043 19.7882 0
      vertex 22.0097 19.8321 2
      vertex 22.0097 19.8321 0
    endloop
  endfacet
  facet normal -0.992519 0.122087 0
    outer loop
      vertex 22.0097 19.8321 2
      vertex 22.0043 19.7882 0
      vertex 22.0043 19.7882 2
    endloop
  endfacet
  facet normal -0.997366 0.0725357 0
    outer loop
      vertex 22.0011 19.7442 0
      vertex 22.0043 19.7882 2
      vertex 22.0043 19.7882 0
    endloop
  endfacet
  facet normal -0.997366 0.0725357 0
    outer loop
      vertex 22.0043 19.7882 2
      vertex 22.0011 19.7442 0
      vertex 22.0011 19.7442 2
    endloop
  endfacet
  facet normal -0.99969 0.0248792 0
    outer loop
      vertex 22 19.7 0
      vertex 22.0011 19.7442 2
      vertex 22.0011 19.7442 0
    endloop
  endfacet
  facet normal -0.99969 0.0248792 0
    outer loop
      vertex 22.0011 19.7442 2
      vertex 22 19.7 0
      vertex 22 19.7 2
    endloop
  endfacet
  facet normal -1 0 0
    outer loop
      vertex 22 18.1159 0
      vertex 22 19.7 2
      vertex 22 19.7 0
    endloop
  endfacet
  facet normal -1 -0 0
    outer loop
      vertex 22 19.7 2
      vertex 22 18.1159 0
      vertex 22 18.1159 2
    endloop
  endfacet
  facet normal 0.757193 0.653191 0
    outer loop
      vertex 22 18.1159 2
      vertex 21.1314 19.1228 0
      vertex 21.1314 19.1228 2
    endloop
  endfacet
  facet normal 0.757193 0.653191 0
    outer loop
      vertex 21.1314 19.1228 0
      vertex 22 18.1159 2
      vertex 22 18.1159 0
    endloop
  endfacet
  facet normal 0.740247 0.672335 0
    outer loop
      vertex 21.1314 19.1228 2
      vertex 21.1017 19.1555 0
      vertex 21.1017 19.1555 2
    endloop
  endfacet
  facet normal 0.740247 0.672335 0
    outer loop
      vertex 21.1017 19.1555 0
      vertex 21.1314 19.1228 2
      vertex 21.1314 19.1228 0
    endloop
  endfacet
  facet normal 0.72428 0.689506 0
    outer loop
      vertex 21.1017 19.1555 2
      vertex 20.1678 20.1365 0
      vertex 20.1678 20.1365 2
    endloop
  endfacet
  facet normal 0.72428 0.689506 0
    outer loop
      vertex 20.1678 20.1365 0
      vertex 21.1017 19.1555 2
      vertex 21.1017 19.1555 0
    endloop
  endfacet
  facet normal 0.707107 0.707107 -0
    outer loop
      vertex 20.1678 20.1365 0
      vertex 20.1365 20.1678 2
      vertex 20.1678 20.1365 2
    endloop
  endfacet
  facet normal 0.707107 0.707107 0
    outer loop
      vertex 20.1365 20.1678 2
      vertex 20.1678 20.1365 0
      vertex 20.1365 20.1678 0
    endloop
  endfacet
  facet normal 0.689506 0.72428 -0
    outer loop
      vertex 20.1365 20.1678 0
      vertex 19.1555 21.1017 2
      vertex 20.1365 20.1678 2
    endloop
  endfacet
  facet normal 0.689506 0.72428 0
    outer loop
      vertex 19.1555 21.1017 2
      vertex 20.1365 20.1678 0
      vertex 19.1555 21.1017 0
    endloop
  endfacet
  facet normal 0.672335 0.740247 -0
    outer loop
      vertex 19.1555 21.1017 0
      vertex 19.1228 21.1314 2
      vertex 19.1555 21.1017 2
    endloop
  endfacet
  facet normal 0.672335 0.740247 0
    outer loop
      vertex 19.1228 21.1314 2
      vertex 19.1555 21.1017 0
      vertex 19.1228 21.1314 0
    endloop
  endfacet
  facet normal 0.653189 0.757195 -0
    outer loop
      vertex 19.1228 21.1314 0
      vertex 18.097 22.0163 2
      vertex 19.1228 21.1314 2
    endloop
  endfacet
  facet normal 0.653189 0.757195 0
    outer loop
      vertex 18.097 22.0163 2
      vertex 19.1228 21.1314 0
      vertex 18.097 22.0163 0
    endloop
  endfacet
  facet normal 0.633484 0.773756 -0
    outer loop
      vertex 18.097 22.0163 0
      vertex 18.0628 22.0443 2
      vertex 18.097 22.0163 2
    endloop
  endfacet
  facet normal 0.633484 0.773756 0
    outer loop
      vertex 18.0628 22.0443 2
      vertex 18.097 22.0163 0
      vertex 18.0628 22.0443 0
    endloop
  endfacet
  facet normal 0.615263 0.788322 -0
    outer loop
      vertex 18.0628 22.0443 0
      vertex 16.9946 22.878 2
      vertex 18.0628 22.0443 2
    endloop
  endfacet
  facet normal 0.615263 0.788322 0
    outer loop
      vertex 16.9946 22.878 2
      vertex 18.0628 22.0443 0
      vertex 16.9946 22.878 0
    endloop
  endfacet
  facet normal 0.595282 0.803517 -0
    outer loop
      vertex 16.9946 22.878 0
      vertex 16.9591 22.9043 2
      vertex 16.9946 22.878 2
    endloop
  endfacet
  facet normal 0.595282 0.803517 0
    outer loop
      vertex 16.9591 22.9043 2
      vertex 16.9946 22.878 0
      vertex 16.9591 22.9043 0
    endloop
  endfacet
  facet normal 0.575799 0.817591 -0
    outer loop
      vertex 16.9591 22.9043 0
      vertex 15.8517 23.6842 2
      vertex 16.9591 22.9043 2
    endloop
  endfacet
  facet normal 0.575799 0.817591 0
    outer loop
      vertex 15.8517 23.6842 2
      vertex 16.9591 22.9043 0
      vertex 15.8517 23.6842 0
    endloop
  endfacet
  facet normal 0.555223 0.831701 -0
    outer loop
      vertex 15.8517 23.6842 0
      vertex 15.815 23.7087 2
      vertex 15.8517 23.6842 2
    endloop
  endfacet
  facet normal 0.555223 0.831701 0
    outer loop
      vertex 15.815 23.7087 2
      vertex 15.8517 23.6842 0
      vertex 15.815 23.7087 0
    endloop
  endfacet
  facet normal 0.535001 0.844851 -0
    outer loop
      vertex 15.815 23.7087 0
      vertex 14.6709 24.4332 2
      vertex 15.815 23.7087 2
    endloop
  endfacet
  facet normal 0.535001 0.844851 0
    outer loop
      vertex 14.6709 24.4332 2
      vertex 15.815 23.7087 0
      vertex 14.6709 24.4332 0
    endloop
  endfacet
  facet normal 0.515493 0.856894 -0
    outer loop
      vertex 14.6709 24.4332 0
      vertex 14.633 24.456 2
      vertex 14.6709 24.4332 2
    endloop
  endfacet
  facet normal 0.515493 0.856894 0
    outer loop
      vertex 14.633 24.456 2
      vertex 14.6709 24.4332 0
      vertex 14.633 24.456 0
    endloop
  endfacet
  facet normal 0.492862 0.870108 -0
    outer loop
      vertex 14.633 24.456 0
      vertex 13.4537 25.124 2
      vertex 14.633 24.456 2
    endloop
  endfacet
  facet normal 0.492862 0.870108 0
    outer loop
      vertex 13.4537 25.124 2
      vertex 14.633 24.456 0
      vertex 13.4537 25.124 0
    endloop
  endfacet
  facet normal 0.471529 0.88185 -0
    outer loop
      vertex 13.4537 25.124 0
      vertex 13.4148 25.1448 2
      vertex 13.4537 25.124 2
    endloop
  endfacet
  facet normal 0.471529 0.88185 0
    outer loop
      vertex 13.4148 25.1448 2
      vertex 13.4537 25.124 0
      vertex 13.4148 25.1448 0
    endloop
  endfacet
  facet normal 0.449604 0.893228 -0
    outer loop
      vertex 13.4148 25.1448 0
      vertex 12.2051 25.7537 2
      vertex 13.4148 25.1448 2
    endloop
  endfacet
  facet normal 0.449604 0.893228 0
    outer loop
      vertex 12.2051 25.7537 2
      vertex 13.4148 25.1448 0
      vertex 12.2051 25.7537 0
    endloop
  endfacet
  facet normal 0.428086 0.903738 -0
    outer loop
      vertex 12.2051 25.7537 0
      vertex 12.1652 25.7726 2
      vertex 12.2051 25.7537 2
    endloop
  endfacet
  facet normal 0.428086 0.903738 0
    outer loop
      vertex 12.1652 25.7726 2
      vertex 12.2051 25.7537 0
      vertex 12.1652 25.7726 0
    endloop
  endfacet
  facet normal 0.405248 0.914207 -0
    outer loop
      vertex 12.1652 25.7726 0
      vertex 10.9267 26.3216 2
      vertex 12.1652 25.7726 2
    endloop
  endfacet
  facet normal 0.405248 0.914207 0
    outer loop
      vertex 10.9267 26.3216 2
      vertex 12.1652 25.7726 0
      vertex 10.9267 26.3216 0
    endloop
  endfacet
  facet normal 0.381886 0.924209 -0
    outer loop
      vertex 10.9267 26.3216 0
      vertex 10.8858 26.3385 2
      vertex 10.9267 26.3216 2
    endloop
  endfacet
  facet normal 0.381886 0.924209 0
    outer loop
      vertex 10.8858 26.3385 2
      vertex 10.9267 26.3216 0
      vertex 10.8858 26.3385 0
    endloop
  endfacet
  facet normal 0.359882 0.932998 -0
    outer loop
      vertex 10.8858 26.3385 0
      vertex 9.62195 26.826 2
      vertex 10.8858 26.3385 2
    endloop
  endfacet
  facet normal 0.359882 0.932998 0
    outer loop
      vertex 9.62195 26.826 2
      vertex 10.8858 26.3385 0
      vertex 9.62195 26.826 0
    endloop
  endfacet
  facet normal 0.33734 0.941383 -0
    outer loop
      vertex 9.62195 26.826 0
      vertex 9.58037 26.8409 2
      vertex 9.62195 26.826 2
    endloop
  endfacet
  facet normal 0.33734 0.941383 0
    outer loop
      vertex 9.58037 26.8409 2
      vertex 9.62195 26.826 0
      vertex 9.58037 26.8409 0
    endloop
  endfacet
  facet normal 0.313686 0.949527 -0
    outer loop
      vertex 9.58037 26.8409 0
      vertex 8.2942 27.2658 2
      vertex 9.58037 26.8409 2
    endloop
  endfacet
  facet normal 0.313686 0.949527 0
    outer loop
      vertex 8.2942 27.2658 2
      vertex 9.58037 26.8409 0
      vertex 8.2942 27.2658 0
    endloop
  endfacet
  facet normal 0.291954 0.956432 -0
    outer loop
      vertex 8.2942 27.2658 0
      vertex 8.25194 27.2787 2
      vertex 8.2942 27.2658 2
    endloop
  endfacet
  facet normal 0.291954 0.956432 0
    outer loop
      vertex 8.25194 27.2787 2
      vertex 8.2942 27.2658 0
      vertex 8.25194 27.2787 0
    endloop
  endfacet
  facet normal 0.266665 0.963789 -0
    outer loop
      vertex 8.25194 27.2787 0
      vertex 6.94612 27.64 2
      vertex 8.25194 27.2787 2
    endloop
  endfacet
  facet normal 0.266665 0.963789 0
    outer loop
      vertex 6.94612 27.64 2
      vertex 8.25194 27.2787 0
      vertex 6.94612 27.64 0
    endloop
  endfacet
  facet normal 0.244345 0.969688 -0
    outer loop
      vertex 6.94612 27.64 0
      vertex 6.90326 27.6508 2
      vertex 6.94612 27.64 2
    endloop
  endfacet
  facet normal 0.244345 0.969688 0
    outer loop
      vertex 6.90326 27.6508 2
      vertex 6.94612 27.64 0
      vertex 6.90326 27.6508 0
    endloop
  endfacet
  facet normal 0.219056 0.975712 -0
    outer loop
      vertex 6.90326 27.6508 0
      vertex 5.58171 27.9475 2
      vertex 6.90326 27.6508 2
    endloop
  endfacet
  facet normal 0.219056 0.975712 0
    outer loop
      vertex 5.58171 27.9475 2
      vertex 6.90326 27.6508 0
      vertex 5.58171 27.9475 0
    endloop
  endfacet
  facet normal 0.194723 0.980858 -0
    outer loop
      vertex 5.58171 27.9475 0
      vertex 5.53839 27.9561 2
      vertex 5.58171 27.9475 2
    endloop
  endfacet
  facet normal 0.194723 0.980858 0
    outer loop
      vertex 5.53839 27.9561 2
      vertex 5.58171 27.9475 0
      vertex 5.53839 27.9561 0
    endloop
  endfacet
  facet normal 0.17096 0.985278 -0
    outer loop
      vertex 5.53839 27.9561 0
      vertex 4.20363 28.1877 2
      vertex 5.53839 27.9561 2
    endloop
  endfacet
  facet normal 0.17096 0.985278 0
    outer loop
      vertex 4.20363 28.1877 2
      vertex 5.53839 27.9561 0
      vertex 4.20363 28.1877 0
    endloop
  endfacet
  facet normal 0.147123 0.989118 -0
    outer loop
      vertex 4.20363 28.1877 0
      vertex 4.15993 28.1942 2
      vertex 4.20363 28.1877 2
    endloop
  endfacet
  facet normal 0.147123 0.989118 0
    outer loop
      vertex 4.15993 28.1942 2
      vertex 4.20363 28.1877 0
      vertex 4.15993 28.1942 0
    endloop
  endfacet
  facet normal 0.122396 0.992481 -0
    outer loop
      vertex 4.15993 28.1942 0
      vertex 2.81549 28.36 2
      vertex 4.15993 28.1942 2
    endloop
  endfacet
  facet normal 0.122396 0.992481 0
    outer loop
      vertex 2.81549 28.36 2
      vertex 4.15993 28.1942 0
      vertex 2.81549 28.36 0
    endloop
  endfacet
  facet normal 0.0995934 0.995028 -0
    outer loop
      vertex 2.81549 28.36 0
      vertex 2.77153 28.3644 2
      vertex 2.81549 28.36 2
    endloop
  endfacet
  facet normal 0.0995934 0.995028 0
    outer loop
      vertex 2.77153 28.3644 2
      vertex 2.81549 28.36 0
      vertex 2.77153 28.3644 0
    endloop
  endfacet
  facet normal 0.0735922 0.997288 -0
    outer loop
      vertex 2.77153 28.3644 0
      vertex 1.42044 28.4641 2
      vertex 2.77153 28.3644 2
    endloop
  endfacet
  facet normal 0.0735922 0.997288 0
    outer loop
      vertex 1.42044 28.4641 2
      vertex 2.77153 28.3644 0
      vertex 1.42044 28.4641 0
    endloop
  endfacet
  facet normal 0.0475329 0.99887 -0
    outer loop
      vertex 1.42044 28.4641 0
      vertex 1.37631 28.4662 2
      vertex 1.42044 28.4641 2
    endloop
  endfacet
  facet normal 0.0475329 0.99887 0
    outer loop
      vertex 1.37631 28.4662 2
      vertex 1.42044 28.4641 0
      vertex 1.37631 28.4662 0
    endloop
  endfacet
  facet normal 0.0245822 0.999698 -0
    outer loop
      vertex 1.37631 28.4662 0
      vertex 0.0220795 28.4995 2
      vertex 1.37631 28.4662 2
    endloop
  endfacet
  facet normal 0.0245822 0.999698 0
    outer loop
      vertex 0.0220795 28.4995 2
      vertex 1.37631 28.4662 0
      vertex 0.0220795 28.4995 0
    endloop
  endfacet
  facet normal 0 1 -0
    outer loop
      vertex 0.0220795 28.4995 0
      vertex -0.0220795 28.4995 2
      vertex 0.0220795 28.4995 2
    endloop
  endfacet
  facet normal 0 1 0
    outer loop
      vertex -0.0220795 28.4995 2
      vertex 0.0220795 28.4995 0
      vertex -0.0220795 28.4995 0
    endloop
  endfacet
  facet normal -0.0245822 0.999698 0
    outer loop
      vertex -0.0220795 28.4995 0
      vertex -1.37631 28.4662 2
      vertex -0.0220795 28.4995 2
    endloop
  endfacet
  facet normal -0.0245822 0.999698 0
    outer loop
      vertex -1.37631 28.4662 2
      vertex -0.0220795 28.4995 0
      vertex -1.37631 28.4662 0
    endloop
  endfacet
  facet normal -0.0475329 0.99887 0
    outer loop
      vertex -1.37631 28.4662 0
      vertex -1.42044 28.4641 2
      vertex -1.37631 28.4662 2
    endloop
  endfacet
  facet normal -0.0475329 0.99887 0
    outer loop
      vertex -1.42044 28.4641 2
      vertex -1.37631 28.4662 0
      vertex -1.42044 28.4641 0
    endloop
  endfacet
  facet normal -0.0735922 0.997288 0
    outer loop
      vertex -1.42044 28.4641 0
      vertex -2.77153 28.3644 2
      vertex -1.42044 28.4641 2
    endloop
  endfacet
  facet normal -0.0735922 0.997288 0
    outer loop
      vertex -2.77153 28.3644 2
      vertex -1.42044 28.4641 0
      vertex -2.77153 28.3644 0
    endloop
  endfacet
  facet normal -0.0995934 0.995028 0
    outer loop
      vertex -2.77153 28.3644 0
      vertex -2.81549 28.36 2
      vertex -2.77153 28.3644 2
    endloop
  endfacet
  facet normal -0.0995934 0.995028 0
    outer loop
      vertex -2.81549 28.36 2
      vertex -2.77153 28.3644 0
      vertex -2.81549 28.36 0
    endloop
  endfacet
  facet normal -0.122396 0.992481 0
    outer loop
      vertex -2.81549 28.36 0
      vertex -4.15993 28.1942 2
      vertex -2.81549 28.36 2
    endloop
  endfacet
  facet normal -0.122396 0.992481 0
    outer loop
      vertex -4.15993 28.1942 2
      vertex -2.81549 28.36 0
      vertex -4.15993 28.1942 0
    endloop
  endfacet
  facet normal -0.147123 0.989118 0
    outer loop
      vertex -4.15993 28.1942 0
      vertex -4.20363 28.1877 2
      vertex -4.15993 28.1942 2
    endloop
  endfacet
  facet normal -0.147123 0.989118 0
    outer loop
      vertex -4.20363 28.1877 2
      vertex -4.15993 28.1942 0
      vertex -4.20363 28.1877 0
    endloop
  endfacet
  facet normal -0.17096 0.985278 0
    outer loop
      vertex -4.20363 28.1877 0
      vertex -5.53839 27.9561 2
      vertex -4.20363 28.1877 2
    endloop
  endfacet
  facet normal -0.17096 0.985278 0
    outer loop
      vertex -5.53839 27.9561 2
      vertex -4.20363 28.1877 0
      vertex -5.53839 27.9561 0
    endloop
  endfacet
  facet normal -0.194723 0.980858 0
    outer loop
      vertex -5.53839 27.9561 0
      vertex -5.58171 27.9475 2
      vertex -5.53839 27.9561 2
    endloop
  endfacet
  facet normal -0.194723 0.980858 0
    outer loop
      vertex -5.58171 27.9475 2
      vertex -5.53839 27.9561 0
      vertex -5.58171 27.9475 0
    endloop
  endfacet
  facet normal -0.219056 0.975712 0
    outer loop
      vertex -5.58171 27.9475 0
      vertex -6.90326 27.6508 2
      vertex -5.58171 27.9475 2
    endloop
  endfacet
  facet normal -0.219056 0.975712 0
    outer loop
      vertex -6.90326 27.6508 2
      vertex -5.58171 27.9475 0
      vertex -6.90326 27.6508 0
    endloop
  endfacet
  facet normal -0.244345 0.969688 0
    outer loop
      vertex -6.90326 27.6508 0
      vertex -6.94612 27.64 2
      vertex -6.90326 27.6508 2
    endloop
  endfacet
  facet normal -0.244345 0.969688 0
    outer loop
      vertex -6.94612 27.64 2
      vertex -6.90326 27.6508 0
      vertex -6.94612 27.64 0
    endloop
  endfacet
  facet normal -0.266665 0.963789 0
    outer loop
      vertex -6.94612 27.64 0
      vertex -8.25194 27.2787 2
      vertex -6.94612 27.64 2
    endloop
  endfacet
  facet normal -0.266665 0.963789 0
    outer loop
      vertex -8.25194 27.2787 2
      vertex -6.94612 27.64 0
      vertex -8.25194 27.2787 0
    endloop
  endfacet
  facet normal -0.291954 0.956432 0
    outer loop
      vertex -8.25194 27.2787 0
      vertex -8.2942 27.2658 2
      vertex -8.25194 27.2787 2
    endloop
  endfacet
  facet normal -0.291954 0.956432 0
    outer loop
      vertex -8.2942 27.2658 2
      vertex -8.25194 27.2787 0
      vertex -8.2942 27.2658 0
    endloop
  endfacet
  facet normal -0.313686 0.949527 0
    outer loop
      vertex -8.2942 27.2658 0
      vertex -9.58037 26.8409 2
      vertex -8.2942 27.2658 2
    endloop
  endfacet
  facet normal -0.313686 0.949527 0
    outer loop
      vertex -9.58037 26.8409 2
      vertex -8.2942 27.2658 0
      vertex -9.58037 26.8409 0
    endloop
  endfacet
  facet normal -0.33734 0.941383 0
    outer loop
      vertex -9.58037 26.8409 0
      vertex -9.62195 26.826 2
      vertex -9.58037 26.8409 2
    endloop
  endfacet
  facet normal -0.33734 0.941383 0
    outer loop
      vertex -9.62195 26.826 2
      vertex -9.58037 26.8409 0
      vertex -9.62195 26.826 0
    endloop
  endfacet
  facet normal -0.359882 0.932998 0
    outer loop
      vertex -9.62195 26.826 0
      vertex -10.8858 26.3385 2
      vertex -9.62195 26.826 2
    endloop
  endfacet
  facet normal -0.359882 0.932998 0
    outer loop
      vertex -10.8858 26.3385 2
      vertex -9.62195 26.826 0
      vertex -10.8858 26.3385 0
    endloop
  endfacet
  facet normal -0.381886 0.924209 0
    outer loop
      vertex -10.8858 26.3385 0
      vertex -10.9267 26.3216 2
      vertex -10.8858 26.3385 2
    endloop
  endfacet
  facet normal -0.381886 0.924209 0
    outer loop
      vertex -10.9267 26.3216 2
      vertex -10.8858 26.3385 0
      vertex -10.9267 26.3216 0
    endloop
  endfacet
  facet normal -0.405248 0.914207 0
    outer loop
      vertex -10.9267 26.3216 0
      vertex -12.1652 25.7726 2
      vertex -10.9267 26.3216 2
    endloop
  endfacet
  facet normal -0.405248 0.914207 0
    outer loop
      vertex -12.1652 25.7726 2
      vertex -10.9267 26.3216 0
      vertex -12.1652 25.7726 0
    endloop
  endfacet
  facet normal -0.428086 0.903738 0
    outer loop
      vertex -12.1652 25.7726 0
      vertex -12.2051 25.7537 2
      vertex -12.1652 25.7726 2
    endloop
  endfacet
  facet normal -0.428086 0.903738 0
    outer loop
      vertex -12.2051 25.7537 2
      vertex -12.1652 25.7726 0
      vertex -12.2051 25.7537 0
    endloop
  endfacet
  facet normal -0.449604 0.893228 0
    outer loop
      vertex -12.2051 25.7537 0
      vertex -13.4148 25.1448 2
      vertex -12.2051 25.7537 2
    endloop
  endfacet
  facet normal -0.449604 0.893228 0
    outer loop
      vertex -13.4148 25.1448 2
      vertex -12.2051 25.7537 0
      vertex -13.4148 25.1448 0
    endloop
  endfacet
  facet normal -0.471529 0.88185 0
    outer loop
      vertex -13.4148 25.1448 0
      vertex -13.4537 25.124 2
      vertex -13.4148 25.1448 2
    endloop
  endfacet
  facet normal -0.471529 0.88185 0
    outer loop
      vertex -13.4537 25.124 2
      vertex -13.4148 25.1448 0
      vertex -13.4537 25.124 0
    endloop
  endfacet
  facet normal -0.492862 0.870108 0
    outer loop
      vertex -13.4537 25.124 0
      vertex -14.633 24.456 2
      vertex -13.4537 25.124 2
    endloop
  endfacet
  facet normal -0.492862 0.870108 0
    outer loop
      vertex -14.633 24.456 2
      vertex -13.4537 25.124 0
      vertex -14.633 24.456 0
    endloop
  endfacet
  facet normal -0.515493 0.856894 0
    outer loop
      vertex -14.633 24.456 0
      vertex -14.6709 24.4332 2
      vertex -14.633 24.456 2
    endloop
  endfacet
  facet normal -0.515493 0.856894 0
    outer loop
      vertex -14.6709 24.4332 2
      vertex -14.633 24.456 0
      vertex -14.6709 24.4332 0
    endloop
  endfacet
  facet normal -0.535001 0.844851 0
    outer loop
      vertex -14.6709 24.4332 0
      vertex -15.815 23.7087 2
      vertex -14.6709 24.4332 2
    endloop
  endfacet
  facet normal -0.535001 0.844851 0
    outer loop
      vertex -15.815 23.7087 2
      vertex -14.6709 24.4332 0
      vertex -15.815 23.7087 0
    endloop
  endfacet
  facet normal -0.555223 0.831701 0
    outer loop
      vertex -15.815 23.7087 0
      vertex -15.8517 23.6842 2
      vertex -15.815 23.7087 2
    endloop
  endfacet
  facet normal -0.555223 0.831701 0
    outer loop
      vertex -15.8517 23.6842 2
      vertex -15.815 23.7087 0
      vertex -15.8517 23.6842 0
    endloop
  endfacet
  facet normal -0.575799 0.817591 0
    outer loop
      vertex -15.8517 23.6842 0
      vertex -16.9591 22.9043 2
      vertex -15.8517 23.6842 2
    endloop
  endfacet
  facet normal -0.575799 0.817591 0
    outer loop
      vertex -16.9591 22.9043 2
      vertex -15.8517 23.6842 0
      vertex -16.9591 22.9043 0
    endloop
  endfacet
  facet normal -0.595282 0.803517 0
    outer loop
      vertex -16.9591 22.9043 0
      vertex -16.9946 22.878 2
      vertex -16.9591 22.9043 2
    endloop
  endfacet
  facet normal -0.595282 0.803517 0
    outer loop
      vertex -16.9946 22.878 2
      vertex -16.9591 22.9043 0
      vertex -16.9946 22.878 0
    endloop
  endfacet
  facet normal -0.615263 0.788322 0
    outer loop
      vertex -16.9946 22.878 0
      vertex -18.0628 22.0443 2
      vertex -16.9946 22.878 2
    endloop
  endfacet
  facet normal -0.615263 0.788322 0
    outer loop
      vertex -18.0628 22.0443 2
      vertex -16.9946 22.878 0
      vertex -18.0628 22.0443 0
    endloop
  endfacet
  facet normal -0.633484 0.773756 0
    outer loop
      vertex -18.0628 22.0443 0
      vertex -18.097 22.0163 2
      vertex -18.0628 22.0443 2
    endloop
  endfacet
  facet normal -0.633484 0.773756 0
    outer loop
      vertex -18.097 22.0163 2
      vertex -18.0628 22.0443 0
      vertex -18.097 22.0163 0
    endloop
  endfacet
  facet normal -0.653189 0.757195 0
    outer loop
      vertex -18.097 22.0163 0
      vertex -19.1228 21.1314 2
      vertex -18.097 22.0163 2
    endloop
  endfacet
  facet normal -0.653189 0.757195 0
    outer loop
      vertex -19.1228 21.1314 2
      vertex -18.097 22.0163 0
      vertex -19.1228 21.1314 0
    endloop
  endfacet
  facet normal -0.672335 0.740247 0
    outer loop
      vertex -19.1228 21.1314 0
      vertex -19.1555 21.1017 2
      vertex -19.1228 21.1314 2
    endloop
  endfacet
  facet normal -0.672335 0.740247 0
    outer loop
      vertex -19.1555 21.1017 2
      vertex -19.1228 21.1314 0
      vertex -19.1555 21.1017 0
    endloop
  endfacet
  facet normal -0.689506 0.72428 0
    outer loop
      vertex -19.1555 21.1017 0
      vertex -20.1365 20.1678 2
      vertex -19.1555 21.1017 2
    endloop
  endfacet
  facet normal -0.689506 0.72428 0
    outer loop
      vertex -20.1365 20.1678 2
      vertex -19.1555 21.1017 0
      vertex -20.1365 20.1678 0
    endloop
  endfacet
  facet normal -0.707107 0.707107 0
    outer loop
      vertex -20.1365 20.1678 0
      vertex -20.1678 20.1365 2
      vertex -20.1365 20.1678 2
    endloop
  endfacet
  facet normal -0.707107 0.707107 0
    outer loop
      vertex -20.1678 20.1365 2
      vertex -20.1365 20.1678 0
      vertex -20.1678 20.1365 0
    endloop
  endfacet
  facet normal -0.72428 0.689506 0
    outer loop
      vertex -21.1017 19.1555 0
      vertex -20.1678 20.1365 2
      vertex -20.1678 20.1365 0
    endloop
  endfacet
  facet normal -0.72428 0.689506 0
    outer loop
      vertex -20.1678 20.1365 2
      vertex -21.1017 19.1555 0
      vertex -21.1017 19.1555 2
    endloop
  endfacet
  facet normal -0.740247 0.672335 0
    outer loop
      vertex -21.1314 19.1228 0
      vertex -21.1017 19.1555 2
      vertex -21.1017 19.1555 0
    endloop
  endfacet
  facet normal -0.740247 0.672335 0
    outer loop
      vertex -21.1017 19.1555 2
      vertex -21.1314 19.1228 0
      vertex -21.1314 19.1228 2
    endloop
  endfacet
  facet normal -0.757193 0.653191 0
    outer loop
      vertex -22 18.1159 0
      vertex -21.1314 19.1228 2
      vertex -21.1314 19.1228 0
    endloop
  endfacet
  facet normal -0.757193 0.653191 0
    outer loop
      vertex -21.1314 19.1228 2
      vertex -22 18.1159 0
      vertex -22 18.1159 2
    endloop
  endfacet
  facet normal 1 -0 0
    outer loop
      vertex -22 18.1159 2
      vertex -22 19.7 0
      vertex -22 19.7 2
    endloop
  endfacet
  facet normal 1 0 0
    outer loop
      vertex -22 19.7 0
      vertex -22 18.1159 2
      vertex -22 18.1159 0
    endloop
  endfacet
  facet normal 0.99969 0.0248792 0
    outer loop
      vertex -22 19.7 2
      vertex -22.0011 19.7442 0
      vertex -22.0011 19.7442 2
    endloop
  endfacet
  facet normal 0.99969 0.0248792 0
    outer loop
      vertex -22.0011 19.7442 0
      vertex -22 19.7 2
      vertex -22 19.7 0
    endloop
  endfacet
  facet normal 0.997366 0.0725357 0
    outer loop
      vertex -22.0011 19.7442 2
      vertex -22.0043 19.7882 0
      vertex -22.0043 19.7882 2
    endloop
  endfacet
  facet normal 0.997366 0.0725357 0
    outer loop
      vertex -22.0043 19.7882 0
      vertex -22.0011 19.7442 2
      vertex -22.0011 19.7442 0
    endloop
  endfacet
  facet normal 0.992519 0.122087 0
    outer loop
      vertex -22.0043 19.7882 2
      vertex -22.0097 19.8321 0
      vertex -22.0097 19.8321 2
    endloop
  endfacet
  facet normal 0.992519 0.122087 0
    outer loop
      vertex -22.0097 19.8321 0
      vertex -22.0043 19.7882 2
      vertex -22.0043 19.7882 0
    endloop
  endfacet
  facet normal 0.985078 0.172106 0
    outer loop
      vertex -22.0097 19.8321 2
      vertex -22.0173 19.8756 0
      vertex -22.0173 19.8756 2
    endloop
  endfacet
  facet normal 0.985078 0.172106 0
    outer loop
      vertex -22.0173 19.8756 0
      vertex -22.0097 19.8321 2
      vertex -22.0097 19.8321 0
    endloop
  endfacet
  facet normal 0.975598 0.219566 0
    outer loop
      vertex -22.0173 19.8756 2
      vertex -22.027 19.9187 0
      vertex -22.027 19.9187 2
    endloop
  endfacet
  facet normal 0.975598 0.219566 0
    outer loop
      vertex -22.027 19.9187 0
      vertex -22.0173 19.8756 2
      vertex -22.0173 19.8756 0
    endloop
  endfacet
  facet normal 0.964292 0.264841 0
    outer loop
      vertex -22.027 19.9187 2
      vertex -22.0387 19.9613 0
      vertex -22.0387 19.9613 2
    endloop
  endfacet
  facet normal 0.964292 0.264841 0
    outer loop
      vertex -22.0387 19.9613 0
      vertex -22.027 19.9187 2
      vertex -22.027 19.9187 0
    endloop
  endfacet
  facet normal 0.949135 0.314868 0
    outer loop
      vertex -22.0387 19.9613 2
      vertex -22.0526 20.0032 0
      vertex -22.0526 20.0032 2
    endloop
  endfacet
  facet normal 0.949135 0.314868 0
    outer loop
      vertex -22.0526 20.0032 0
      vertex -22.0387 19.9613 2
      vertex -22.0387 19.9613 0
    endloop
  endfacet
  facet normal 0.932936 0.360041 0
    outer loop
      vertex -22.0526 20.0032 2
      vertex -22.0685 20.0444 0
      vertex -22.0685 20.0444 2
    endloop
  endfacet
  facet normal 0.932936 0.360041 0
    outer loop
      vertex -22.0685 20.0444 0
      vertex -22.0526 20.0032 2
      vertex -22.0526 20.0032 0
    endloop
  endfacet
  facet normal 0.914278 0.405088 0
    outer loop
      vertex -22.0685 20.0444 2
      vertex -22.0864 20.0848 0
      vertex -22.0864 20.0848 2
    endloop
  endfacet
  facet normal 0.914278 0.405088 0
    outer loop
      vertex -22.0864 20.0848 0
      vertex -22.0685 20.0444 2
      vertex -22.0685 20.0444 0
    endloop
  endfacet
  facet normal 0.893067 0.449925 0
    outer loop
      vertex -22.0864 20.0848 2
      vertex -22.1063 20.1243 0
      vertex -22.1063 20.1243 2
    endloop
  endfacet
  facet normal 0.893067 0.449925 0
    outer loop
      vertex -22.1063 20.1243 0
      vertex -22.0864 20.0848 2
      vertex -22.0864 20.0848 0
    endloop
  endfacet
  facet normal 0.870605 0.491983 0
    outer loop
      vertex -22.1063 20.1243 2
      vertex -22.128 20.1627 0
      vertex -22.128 20.1627 2
    endloop
  endfacet
  facet normal 0.870605 0.491983 0
    outer loop
      vertex -22.128 20.1627 0
      vertex -22.1063 20.1243 2
      vertex -22.1063 20.1243 0
    endloop
  endfacet
  facet normal 0.844034 0.53629 0
    outer loop
      vertex -22.128 20.1627 2
      vertex -22.1517 20.2 0
      vertex -22.1517 20.2 2
    endloop
  endfacet
  facet normal 0.844034 0.53629 0
    outer loop
      vertex -22.1517 20.2 0
      vertex -22.128 20.1627 2
      vertex -22.128 20.1627 0
    endloop
  endfacet
  facet normal 0.817846 0.575437 0
    outer loop
      vertex -22.1517 20.2 2
      vertex -22.1771 20.2361 0
      vertex -22.1771 20.2361 2
    endloop
  endfacet
  facet normal 0.817846 0.575437 0
    outer loop
      vertex -22.1771 20.2361 0
      vertex -22.1517 20.2 2
      vertex -22.1517 20.2 0
    endloop
  endfacet
  facet normal 0.788743 0.614723 0
    outer loop
      vertex -22.1771 20.2361 2
      vertex -22.2043 20.271 0
      vertex -22.2043 20.271 2
    endloop
  endfacet
  facet normal 0.788743 0.614723 0
    outer loop
      vertex -22.2043 20.271 0
      vertex -22.1771 20.2361 2
      vertex -22.1771 20.2361 0
    endloop
  endfacet
  facet normal 0.757333 0.653029 0
    outer loop
      vertex -22.2043 20.271 2
      vertex -22.2331 20.3044 0
      vertex -22.2331 20.3044 2
    endloop
  endfacet
  facet normal 0.757333 0.653029 0
    outer loop
      vertex -22.2331 20.3044 0
      vertex -22.2043 20.271 2
      vertex -22.2043 20.271 0
    endloop
  endfacet
  facet normal 0.723869 0.689938 0
    outer loop
      vertex -22.2331 20.3044 2
      vertex -22.2636 20.3364 0
      vertex -22.2636 20.3364 2
    endloop
  endfacet
  facet normal 0.723869 0.689938 0
    outer loop
      vertex -22.2636 20.3364 0
      vertex -22.2331 20.3044 2
      vertex -22.2331 20.3044 0
    endloop
  endfacet
  facet normal 0.689938 0.723869 -0
    outer loop
      vertex -22.2636 20.3364 0
      vertex -22.2956 20.3669 2
      vertex -22.2636 20.3364 2
    endloop
  endfacet
  facet normal 0.689938 0.723869 0
    outer loop
      vertex -22.2956 20.3669 2
      vertex -22.2636 20.3364 0
      vertex -22.2956 20.3669 0
    endloop
  endfacet
  facet normal 0.653029 0.757333 -0
    outer loop
      vertex -22.2956 20.3669 0
      vertex -22.329 20.3957 2
      vertex -22.2956 20.3669 2
    endloop
  endfacet
  facet normal 0.653029 0.757333 0
    outer loop
      vertex -22.329 20.3957 2
      vertex -22.2956 20.3669 0
      vertex -22.329 20.3957 0
    endloop
  endfacet
  facet normal 0.614723 0.788743 -0
    outer loop
      vertex -22.329 20.3957 0
      vertex -22.3639 20.4229 2
      vertex -22.329 20.3957 2
    endloop
  endfacet
  facet normal 0.614723 0.788743 0
    outer loop
      vertex -22.3639 20.4229 2
      vertex -22.329 20.3957 0
      vertex -22.3639 20.4229 0
    endloop
  endfacet
  facet normal 0.575437 0.817846 -0
    outer loop
      vertex -22.3639 20.4229 0
      vertex -22.4 20.4483 2
      vertex -22.3639 20.4229 2
    endloop
  endfacet
  facet normal 0.575437 0.817846 0
    outer loop
      vertex -22.4 20.4483 2
      vertex -22.3639 20.4229 0
      vertex -22.4 20.4483 0
    endloop
  endfacet
  facet normal 0.53629 0.844034 -0
    outer loop
      vertex -22.4 20.4483 0
      vertex -22.4373 20.472 2
      vertex -22.4 20.4483 2
    endloop
  endfacet
  facet normal 0.53629 0.844034 0
    outer loop
      vertex -22.4373 20.472 2
      vertex -22.4 20.4483 0
      vertex -22.4373 20.472 0
    endloop
  endfacet
  facet normal 0.491983 0.870605 -0
    outer loop
      vertex -22.4373 20.472 0
      vertex -22.4757 20.4937 2
      vertex -22.4373 20.472 2
    endloop
  endfacet
  facet normal 0.491983 0.870605 0
    outer loop
      vertex -22.4757 20.4937 2
      vertex -22.4373 20.472 0
      vertex -22.4757 20.4937 0
    endloop
  endfacet
  facet normal 0.449925 0.893067 -0
    outer loop
      vertex -22.4757 20.4937 0
      vertex -22.5152 20.5136 2
      vertex -22.4757 20.4937 2
    endloop
  endfacet
  facet normal 0.449925 0.893067 0
    outer loop
      vertex -22.5152 20.5136 2
      vertex -22.4757 20.4937 0
      vertex -22.5152 20.5136 0
    endloop
  endfacet
  facet normal 0.405088 0.914278 -0
    outer loop
      vertex -22.5152 20.5136 0
      vertex -22.5556 20.5315 2
      vertex -22.5152 20.5136 2
    endloop
  endfacet
  facet normal 0.405088 0.914278 0
    outer loop
      vertex -22.5556 20.5315 2
      vertex -22.5152 20.5136 0
      vertex -22.5556 20.5315 0
    endloop
  endfacet
  facet normal 0.360041 0.932936 -0
    outer loop
      vertex -22.5556 20.5315 0
      vertex -22.5968 20.5474 2
      vertex -22.5556 20.5315 2
    endloop
  endfacet
  facet normal 0.360041 0.932936 0
    outer loop
      vertex -22.5968 20.5474 2
      vertex -22.5556 20.5315 0
      vertex -22.5968 20.5474 0
    endloop
  endfacet
  facet normal 0.312825 0.949811 -0
    outer loop
      vertex -22.5968 20.5474 0
      vertex -22.6387 20.5612 2
      vertex -22.5968 20.5474 2
    endloop
  endfacet
  facet normal 0.312825 0.949811 0
    outer loop
      vertex -22.6387 20.5612 2
      vertex -22.5968 20.5474 0
      vertex -22.6387 20.5612 0
    endloop
  endfacet
  facet normal 0.266944 0.963712 -0
    outer loop
      vertex -22.6387 20.5612 0
      vertex -22.6813 20.573 2
      vertex -22.6387 20.5612 2
    endloop
  endfacet
  facet normal 0.266944 0.963712 0
    outer loop
      vertex -22.6813 20.573 2
      vertex -22.6387 20.5612 0
      vertex -22.6813 20.573 0
    endloop
  endfacet
  facet normal 0.219566 0.975598 -0
    outer loop
      vertex -22.6813 20.573 0
      vertex -22.7244 20.5827 2
      vertex -22.6813 20.573 2
    endloop
  endfacet
  facet normal 0.219566 0.975598 0
    outer loop
      vertex -22.7244 20.5827 2
      vertex -22.6813 20.573 0
      vertex -22.7244 20.5827 0
    endloop
  endfacet
  facet normal 0.172106 0.985078 -0
    outer loop
      vertex -22.7244 20.5827 0
      vertex -22.7679 20.5903 2
      vertex -22.7244 20.5827 2
    endloop
  endfacet
  facet normal 0.172106 0.985078 0
    outer loop
      vertex -22.7679 20.5903 2
      vertex -22.7244 20.5827 0
      vertex -22.7679 20.5903 0
    endloop
  endfacet
  facet normal 0.122087 0.992519 -0
    outer loop
      vertex -22.7679 20.5903 0
      vertex -22.8118 20.5957 2
      vertex -22.7679 20.5903 2
    endloop
  endfacet
  facet normal 0.122087 0.992519 0
    outer loop
      vertex -22.8118 20.5957 2
      vertex -22.7679 20.5903 0
      vertex -22.8118 20.5957 0
    endloop
  endfacet
  facet normal 0.0725357 0.997366 -0
    outer loop
      vertex -22.8118 20.5957 0
      vertex -22.8558 20.5989 2
      vertex -22.8118 20.5957 2
    endloop
  endfacet
  facet normal 0.0725357 0.997366 0
    outer loop
      vertex -22.8558 20.5989 2
      vertex -22.8118 20.5957 0
      vertex -22.8558 20.5989 0
    endloop
  endfacet
  facet normal 0.0248792 0.99969 -0
    outer loop
      vertex -22.8558 20.5989 0
      vertex -22.9 20.6 2
      vertex -22.8558 20.5989 2
    endloop
  endfacet
  facet normal 0.0248792 0.99969 0
    outer loop
      vertex -22.9 20.6 2
      vertex -22.8558 20.5989 0
      vertex -22.9 20.6 0
    endloop
  endfacet
  facet normal 0 1 -0
    outer loop
      vertex -22.9 20.6 0
      vertex -25.6968 20.6 2
      vertex -22.9 20.6 2
    endloop
  endfacet
  facet normal 0 1 0
    outer loop
      vertex -25.6968 20.6 2
      vertex -22.9 20.6 0
      vertex -25.6968 20.6 0
    endloop
  endfacet
  facet normal -0.0248792 0.99969 0
    outer loop
      vertex -25.6968 20.6 0
      vertex -25.741 20.5989 2
      vertex -25.6968 20.6 2
    endloop
  endfacet
  facet normal -0.0248792 0.99969 0
    outer loop
      vertex -25.741 20.5989 2
      vertex -25.6968 20.6 0
      vertex -25.741 20.5989 0
    endloop
  endfacet
  facet normal -0.0725357 0.997366 0
    outer loop
      vertex -25.741 20.5989 0
      vertex -25.785 20.5957 2
      vertex -25.741 20.5989 2
    endloop
  endfacet
  facet normal -0.0725357 0.997366 0
    outer loop
      vertex -25.785 20.5957 2
      vertex -25.741 20.5989 0
      vertex -25.785 20.5957 0
    endloop
  endfacet
  facet normal -0.122087 0.992519 0
    outer loop
      vertex -25.785 20.5957 0
      vertex -25.8289 20.5903 2
      vertex -25.785 20.5957 2
    endloop
  endfacet
  facet normal -0.122087 0.992519 0
    outer loop
      vertex -25.8289 20.5903 2
      vertex -25.785 20.5957 0
      vertex -25.8289 20.5903 0
    endloop
  endfacet
  facet normal -0.172106 0.985078 0
    outer loop
      vertex -25.8289 20.5903 0
      vertex -25.8724 20.5827 2
      vertex -25.8289 20.5903 2
    endloop
  endfacet
  facet normal -0.172106 0.985078 0
    outer loop
      vertex -25.8724 20.5827 2
      vertex -25.8289 20.5903 0
      vertex -25.8724 20.5827 0
    endloop
  endfacet
  facet normal -0.219566 0.975598 0
    outer loop
      vertex -25.8724 20.5827 0
      vertex -25.9155 20.573 2
      vertex -25.8724 20.5827 2
    endloop
  endfacet
  facet normal -0.219566 0.975598 0
    outer loop
      vertex -25.9155 20.573 2
      vertex -25.8724 20.5827 0
      vertex -25.9155 20.573 0
    endloop
  endfacet
  facet normal -0.266944 0.963712 0
    outer loop
      vertex -25.9155 20.573 0
      vertex -25.9581 20.5612 2
      vertex -25.9155 20.573 2
    endloop
  endfacet
  facet normal -0.266944 0.963712 0
    outer loop
      vertex -25.9581 20.5612 2
      vertex -25.9155 20.573 0
      vertex -25.9581 20.5612 0
    endloop
  endfacet
  facet normal -0.312825 0.949811 0
    outer loop
      vertex -25.9581 20.5612 0
      vertex -26 20.5474 2
      vertex -25.9581 20.5612 2
    endloop
  endfacet
  facet normal -0.312825 0.949811 0
    outer loop
      vertex -26 20.5474 2
      vertex -25.9581 20.5612 0
      vertex -26 20.5474 0
    endloop
  endfacet
  facet normal -0.360041 0.932936 0
    outer loop
      vertex -26 20.5474 0
      vertex -26.0412 20.5315 2
      vertex -26 20.5474 2
    endloop
  endfacet
  facet normal -0.360041 0.932936 0
    outer loop
      vertex -26.0412 20.5315 2
      vertex -26 20.5474 0
      vertex -26.0412 20.5315 0
    endloop
  endfacet
  facet normal -0.405088 0.914278 0
    outer loop
      vertex -26.0412 20.5315 0
      vertex -26.0816 20.5136 2
      vertex -26.0412 20.5315 2
    endloop
  endfacet
  facet normal -0.405088 0.914278 0
    outer loop
      vertex -26.0816 20.5136 2
      vertex -26.0412 20.5315 0
      vertex -26.0816 20.5136 0
    endloop
  endfacet
  facet normal -0.450835 0.892607 0
    outer loop
      vertex -26.0816 20.5136 0
      vertex -26.121 20.4937 2
      vertex -26.0816 20.5136 2
    endloop
  endfacet
  facet normal -0.450835 0.892607 0
    outer loop
      vertex -26.121 20.4937 2
      vertex -26.0816 20.5136 0
      vertex -26.121 20.4937 0
    endloop
  endfacet
  facet normal -0.491013 0.871152 0
    outer loop
      vertex -26.121 20.4937 0
      vertex -26.1595 20.472 2
      vertex -26.121 20.4937 2
    endloop
  endfacet
  facet normal -0.491013 0.871152 0
    outer loop
      vertex -26.1595 20.472 2
      vertex -26.121 20.4937 0
      vertex -26.1595 20.472 0
    endloop
  endfacet
  facet normal -0.53629 0.844034 0
    outer loop
      vertex -26.1595 20.472 0
      vertex -26.1968 20.4483 2
      vertex -26.1595 20.472 2
    endloop
  endfacet
  facet normal -0.53629 0.844034 0
    outer loop
      vertex -26.1968 20.4483 2
      vertex -26.1595 20.472 0
      vertex -26.1968 20.4483 0
    endloop
  endfacet
  facet normal -0.580547 0.814227 0
    outer loop
      vertex -26.1968 20.4483 0
      vertex -26.2414 20.4165 2
      vertex -26.1968 20.4483 2
    endloop
  endfacet
  facet normal -0.580547 0.814227 0
    outer loop
      vertex -26.2414 20.4165 2
      vertex -26.1968 20.4483 0
      vertex -26.2414 20.4165 0
    endloop
  endfacet
  facet normal -0.605079 0.796165 0
    outer loop
      vertex -26.2414 20.4165 0
      vertex -31 16.8 2
      vertex -26.2414 20.4165 2
    endloop
  endfacet
  facet normal -0.605079 0.796165 0
    outer loop
      vertex -31 16.8 2
      vertex -26.2414 20.4165 0
      vertex -31 16.8 0
    endloop
  endfacet
  facet normal 0 1 -0
    outer loop
      vertex -31 16.8 0
      vertex -72.5933 16.8 2
      vertex -31 16.8 2
    endloop
  endfacet
  facet normal 0 1 0
    outer loop
      vertex -72.5933 16.8 2
      vertex -31 16.8 0
      vertex -72.5933 16.8 0
    endloop
  endfacet
  facet normal -0.0248792 0.99969 0
    outer loop
      vertex -72.5933 16.8 0
      vertex -72.6375 16.7989 2
      vertex -72.5933 16.8 2
    endloop
  endfacet
  facet normal -0.0248792 0.99969 0
    outer loop
      vertex -72.6375 16.7989 2
      vertex -72.5933 16.8 0
      vertex -72.6375 16.7989 0
    endloop
  endfacet
  facet normal -0.0725357 0.997366 0
    outer loop
      vertex -72.6375 16.7989 0
      vertex -72.6815 16.7957 2
      vertex -72.6375 16.7989 2
    endloop
  endfacet
  facet normal -0.0725357 0.997366 0
    outer loop
      vertex -72.6815 16.7957 2
      vertex -72.6375 16.7989 0
      vertex -72.6815 16.7957 0
    endloop
  endfacet
  facet normal -0.122087 0.992519 0
    outer loop
      vertex -72.6815 16.7957 0
      vertex -72.7254 16.7903 2
      vertex -72.6815 16.7957 2
    endloop
  endfacet
  facet normal -0.122087 0.992519 0
    outer loop
      vertex -72.7254 16.7903 2
      vertex -72.6815 16.7957 0
      vertex -72.7254 16.7903 0
    endloop
  endfacet
  facet normal -0.172106 0.985078 0
    outer loop
      vertex -72.7254 16.7903 0
      vertex -72.7689 16.7827 2
      vertex -72.7254 16.7903 2
    endloop
  endfacet
  facet normal -0.172106 0.985078 0
    outer loop
      vertex -72.7689 16.7827 2
      vertex -72.7254 16.7903 0
      vertex -72.7689 16.7827 0
    endloop
  endfacet
  facet normal -0.219566 0.975598 0
    outer loop
      vertex -72.7689 16.7827 0
      vertex -72.812 16.773 2
      vertex -72.7689 16.7827 2
    endloop
  endfacet
  facet normal -0.219566 0.975598 0
    outer loop
      vertex -72.812 16.773 2
      vertex -72.7689 16.7827 0
      vertex -72.812 16.773 0
    endloop
  endfacet
  facet normal -0.266944 0.963712 0
    outer loop
      vertex -72.812 16.773 0
      vertex -72.8546 16.7612 2
      vertex -72.812 16.773 2
    endloop
  endfacet
  facet normal -0.266944 0.963712 0
    outer loop
      vertex -72.8546 16.7612 2
      vertex -72.812 16.773 0
      vertex -72.8546 16.7612 0
    endloop
  endfacet
  facet normal -0.312825 0.949811 0
    outer loop
      vertex -72.8546 16.7612 0
      vertex -72.8965 16.7474 2
      vertex -72.8546 16.7612 2
    endloop
  endfacet
  facet normal -0.312825 0.949811 0
    outer loop
      vertex -72.8965 16.7474 2
      vertex -72.8546 16.7612 0
      vertex -72.8965 16.7474 0
    endloop
  endfacet
  facet normal -0.359282 0.933229 0
    outer loop
      vertex -72.8965 16.7474 0
      vertex -72.9378 16.7315 2
      vertex -72.8965 16.7474 2
    endloop
  endfacet
  facet normal -0.359282 0.933229 0
    outer loop
      vertex -72.9378 16.7315 2
      vertex -72.8965 16.7474 0
      vertex -72.9378 16.7315 0
    endloop
  endfacet
  facet normal -0.405928 0.913905 0
    outer loop
      vertex -72.9378 16.7315 0
      vertex -72.9781 16.7136 2
      vertex -72.9378 16.7315 2
    endloop
  endfacet
  facet normal -0.405928 0.913905 0
    outer loop
      vertex -72.9781 16.7136 2
      vertex -72.9378 16.7315 0
      vertex -72.9781 16.7136 0
    endloop
  endfacet
  facet normal -0.449925 0.893067 0
    outer loop
      vertex -72.9781 16.7136 0
      vertex -73.0176 16.6937 2
      vertex -72.9781 16.7136 2
    endloop
  endfacet
  facet normal -0.449925 0.893067 0
    outer loop
      vertex -73.0176 16.6937 2
      vertex -72.9781 16.7136 0
      vertex -73.0176 16.6937 0
    endloop
  endfacet
  facet normal -0.491983 0.870605 0
    outer loop
      vertex -73.0176 16.6937 0
      vertex -73.056 16.672 2
      vertex -73.0176 16.6937 2
    endloop
  endfacet
  facet normal -0.491983 0.870605 0
    outer loop
      vertex -73.056 16.672 2
      vertex -73.0176 16.6937 0
      vertex -73.056 16.672 0
    endloop
  endfacet
  facet normal -0.535267 0.844683 0
    outer loop
      vertex -73.056 16.672 0
      vertex -73.0934 16.6483 2
      vertex -73.056 16.672 2
    endloop
  endfacet
  facet normal -0.535267 0.844683 0
    outer loop
      vertex -73.0934 16.6483 2
      vertex -73.056 16.672 0
      vertex -73.0934 16.6483 0
    endloop
  endfacet
  facet normal -0.575437 0.817846 0
    outer loop
      vertex -73.0934 16.6483 0
      vertex -73.1295 16.6229 2
      vertex -73.0934 16.6483 2
    endloop
  endfacet
  facet normal -0.575437 0.817846 0
    outer loop
      vertex -73.1295 16.6229 2
      vertex -73.0934 16.6483 0
      vertex -73.1295 16.6229 0
    endloop
  endfacet
  facet normal -0.61582 0.787887 0
    outer loop
      vertex -73.1295 16.6229 0
      vertex -73.1643 16.5957 2
      vertex -73.1295 16.6229 2
    endloop
  endfacet
  facet normal -0.61582 0.787887 0
    outer loop
      vertex -73.1643 16.5957 2
      vertex -73.1295 16.6229 0
      vertex -73.1643 16.5957 0
    endloop
  endfacet
  facet normal -0.654327 0.756212 0
    outer loop
      vertex -73.1643 16.5957 0
      vertex -73.1977 16.5668 2
      vertex -73.1643 16.5957 2
    endloop
  endfacet
  facet normal -0.654327 0.756212 0
    outer loop
      vertex -73.1977 16.5668 2
      vertex -73.1643 16.5957 0
      vertex -73.1977 16.5668 0
    endloop
  endfacet
  facet normal -0.688749 0.724999 0
    outer loop
      vertex -73.1977 16.5668 0
      vertex -73.2297 16.5364 2
      vertex -73.1977 16.5668 2
    endloop
  endfacet
  facet normal -0.688749 0.724999 0
    outer loop
      vertex -73.2297 16.5364 2
      vertex -73.1977 16.5668 0
      vertex -73.2297 16.5364 0
    endloop
  endfacet
  facet normal -0.723869 0.689938 0
    outer loop
      vertex -73.2602 16.5044 0
      vertex -73.2297 16.5364 2
      vertex -73.2297 16.5364 0
    endloop
  endfacet
  facet normal -0.723869 0.689938 0
    outer loop
      vertex -73.2297 16.5364 2
      vertex -73.2602 16.5044 0
      vertex -73.2602 16.5044 2
    endloop
  endfacet
  facet normal -0.758297 0.651909 0
    outer loop
      vertex -73.289 16.4709 0
      vertex -73.2602 16.5044 2
      vertex -73.2602 16.5044 0
    endloop
  endfacet
  facet normal -0.758297 0.651909 0
    outer loop
      vertex -73.2602 16.5044 2
      vertex -73.289 16.4709 0
      vertex -73.289 16.4709 2
    endloop
  endfacet
  facet normal -0.787887 0.61582 0
    outer loop
      vertex -73.3162 16.4361 0
      vertex -73.289 16.4709 2
      vertex -73.289 16.4709 0
    endloop
  endfacet
  facet normal -0.787887 0.61582 0
    outer loop
      vertex -73.289 16.4709 2
      vertex -73.3162 16.4361 0
      vertex -73.3162 16.4361 2
    endloop
  endfacet
  facet normal -0.81678 0.57695 0
    outer loop
      vertex -73.3417 16.4 0
      vertex -73.3162 16.4361 2
      vertex -73.3162 16.4361 0
    endloop
  endfacet
  facet normal -0.81678 0.57695 0
    outer loop
      vertex -73.3162 16.4361 2
      vertex -73.3417 16.4 0
      vertex -73.3417 16.4 2
    endloop
  endfacet
  facet normal -0.845058 0.534675 0
    outer loop
      vertex -73.3653 16.3627 0
      vertex -73.3417 16.4 2
      vertex -73.3417 16.4 0
    endloop
  endfacet
  facet normal -0.845058 0.534675 0
    outer loop
      vertex -73.3417 16.4 2
      vertex -73.3653 16.3627 0
      vertex -73.3653 16.3627 2
    endloop
  endfacet
  facet normal -0.870184 0.492727 0
    outer loop
      vertex -73.3871 16.3242 0
      vertex -73.3653 16.3627 2
      vertex -73.3653 16.3627 0
    endloop
  endfacet
  facet normal -0.870184 0.492727 0
    outer loop
      vertex -73.3653 16.3627 2
      vertex -73.3871 16.3242 0
      vertex -73.3871 16.3242 2
    endloop
  endfacet
  facet normal -0.893518 0.449027 0
    outer loop
      vertex -73.4069 16.2848 0
      vertex -73.3871 16.3242 2
      vertex -73.3871 16.3242 0
    endloop
  endfacet
  facet normal -0.893518 0.449027 0
    outer loop
      vertex -73.3871 16.3242 2
      vertex -73.4069 16.2848 0
      vertex -73.4069 16.2848 2
    endloop
  endfacet
  facet normal -0.915487 0.402348 0
    outer loop
      vertex -73.4276 16.2377 0
      vertex -73.4069 16.2848 2
      vertex -73.4069 16.2848 0
    endloop
  endfacet
  facet normal -0.915487 0.402348 0
    outer loop
      vertex -73.4069 16.2848 2
      vertex -73.4276 16.2377 0
      vertex -73.4276 16.2377 2
    endloop
  endfacet
  facet normal -0.926947 0.375192 0
    outer loop
      vertex -79.8633 0.337677 0
      vertex -73.4276 16.2377 2
      vertex -73.4276 16.2377 0
    endloop
  endfacet
  facet normal -0.926947 0.375192 0
    outer loop
      vertex -73.4276 16.2377 2
      vertex -79.8633 0.337677 0
      vertex -79.8633 0.337677 2
    endloop
  endfacet
  facet normal -0.935633 0.352975 0
    outer loop
      vertex -79.8789 0.296326 0
      vertex -79.8633 0.337677 2
      vertex -79.8633 0.337677 0
    endloop
  endfacet
  facet normal -0.935633 0.352975 0
    outer loop
      vertex -79.8633 0.337677 2
      vertex -79.8789 0.296326 0
      vertex -79.8789 0.296326 2
    endloop
  endfacet
  facet normal -0.952143 0.305653 0
    outer loop
      vertex -79.8924 0.254272 0
      vertex -79.8789 0.296326 2
      vertex -79.8789 0.296326 0
    endloop
  endfacet
  facet normal -0.952143 0.305653 0
    outer loop
      vertex -79.8789 0.296326 2
      vertex -79.8924 0.254272 0
      vertex -79.8924 0.254272 2
    endloop
  endfacet
  facet normal -0.966104 0.258153 0
    outer loop
      vertex -79.9038 0.211609 0
      vertex -79.8924 0.254272 2
      vertex -79.8924 0.254272 0
    endloop
  endfacet
  facet normal -0.966104 0.258153 0
    outer loop
      vertex -79.8924 0.254272 2
      vertex -79.9038 0.211609 0
      vertex -79.9038 0.211609 2
    endloop
  endfacet
  facet normal -0.977117 0.212702 0
    outer loop
      vertex -79.9132 0.168427 0
      vertex -79.9038 0.211609 2
      vertex -79.9038 0.211609 0
    endloop
  endfacet
  facet normal -0.977117 0.212702 0
    outer loop
      vertex -79.9038 0.211609 2
      vertex -79.9132 0.168427 0
      vertex -79.9132 0.168427 2
    endloop
  endfacet
  facet normal -0.986625 0.163004 0
    outer loop
      vertex -79.9204 0.124847 0
      vertex -79.9132 0.168427 2
      vertex -79.9132 0.168427 0
    endloop
  endfacet
  facet normal -0.986625 0.163004 0
    outer loop
      vertex -79.9132 0.168427 2
      vertex -79.9204 0.124847 0
      vertex -79.9204 0.124847 2
    endloop
  endfacet
  facet normal -0.993572 0.113205 0
    outer loop
      vertex -79.9254 0.0809631 0
      vertex -79.9204 0.124847 2
      vertex -79.9204 0.124847 0
    endloop
  endfacet
  facet normal -0.993572 0.113205 0
    outer loop
      vertex -79.9204 0.124847 2
      vertex -79.9254 0.0809631 0
      vertex -79.9254 0.0809631 2
    endloop
  endfacet
  facet normal -0.997843 0.0656437 0
    outer loop
      vertex -79.9283 0.0368805 0
      vertex -79.9254 0.0809631 2
      vertex -79.9254 0.0809631 0
    endloop
  endfacet
  facet normal -0.997843 0.0656437 0
    outer loop
      vertex -79.9254 0.0809631 2
      vertex -79.9283 0.0368805 0
      vertex -79.9283 0.0368805 2
    endloop
  endfacet
  facet normal -0.999874 0.0158498 0
    outer loop
      vertex -79.929 -0.00727844 0
      vertex -79.9283 0.0368805 2
      vertex -79.9283 0.0368805 0
    endloop
  endfacet
  facet normal -0.999874 0.0158498 0
    outer loop
      vertex -79.9283 0.0368805 2
      vertex -79.929 -0.00727844 0
      vertex -79.929 -0.00727844 2
    endloop
  endfacet
  facet normal -0.999498 -0.0316877 0
    outer loop
      vertex -79.9276 -0.0514374 0
      vertex -79.929 -0.00727844 2
      vertex -79.929 -0.00727844 0
    endloop
  endfacet
  facet normal -0.999498 -0.0316877 0
    outer loop
      vertex -79.929 -0.00727844 2
      vertex -79.9276 -0.0514374 0
      vertex -79.9276 -0.0514374 2
    endloop
  endfacet
  facet normal -0.996673 -0.0815059 0
    outer loop
      vertex -79.924 -0.095459 0
      vertex -79.9276 -0.0514374 2
      vertex -79.9276 -0.0514374 0
    endloop
  endfacet
  facet normal -0.996673 -0.0815059 0
    outer loop
      vertex -79.9276 -0.0514374 2
      vertex -79.924 -0.095459 0
      vertex -79.924 -0.095459 2
    endloop
  endfacet
  facet normal -0.991343 -0.131295 0
    outer loop
      vertex -79.9182 -0.139252 0
      vertex -79.924 -0.095459 2
      vertex -79.924 -0.095459 0
    endloop
  endfacet
  facet normal -0.991343 -0.131295 0
    outer loop
      vertex -79.924 -0.095459 2
      vertex -79.9182 -0.139252 0
      vertex -79.9182 -0.139252 2
    endloop
  endfacet
  facet normal -0.983886 -0.178798 0
    outer loop
      vertex -79.9103 -0.182724 0
      vertex -79.9182 -0.139252 2
      vertex -79.9182 -0.139252 0
    endloop
  endfacet
  facet normal -0.983886 -0.178798 0
    outer loop
      vertex -79.9182 -0.139252 2
      vertex -79.9103 -0.182724 0
      vertex -79.9103 -0.182724 2
    endloop
  endfacet
  facet normal -0.974025 -0.226439 0
    outer loop
      vertex -79.9003 -0.225739 0
      vertex -79.9103 -0.182724 2
      vertex -79.9103 -0.182724 0
    endloop
  endfacet
  facet normal -0.974025 -0.226439 0
    outer loop
      vertex -79.9103 -0.182724 2
      vertex -79.9003 -0.225739 0
      vertex -79.9003 -0.225739 2
    endloop
  endfacet
  facet normal -0.961746 -0.273944 0
    outer loop
      vertex -79.8882 -0.268219 0
      vertex -79.9003 -0.225739 2
      vertex -79.9003 -0.225739 0
    endloop
  endfacet
  facet normal -0.961746 -0.273944 0
    outer loop
      vertex -79.9003 -0.225739 2
      vertex -79.8882 -0.268219 0
      vertex -79.8882 -0.268219 2
    endloop
  endfacet
  facet normal -0.946912 -0.321494 0
    outer loop
      vertex -79.874 -0.310043 0
      vertex -79.8882 -0.268219 2
      vertex -79.8882 -0.268219 0
    endloop
  endfacet
  facet normal -0.946912 -0.321494 0
    outer loop
      vertex -79.8882 -0.268219 2
      vertex -79.874 -0.310043 0
      vertex -79.874 -0.310043 2
    endloop
  endfacet
  facet normal -0.932534 -0.361081 0
    outer loop
      vertex -79.8633 -0.337677 0
      vertex -79.874 -0.310043 2
      vertex -79.874 -0.310043 0
    endloop
  endfacet
  facet normal -0.932534 -0.361081 0
    outer loop
      vertex -79.874 -0.310043 2
      vertex -79.8633 -0.337677 0
      vertex -79.8633 -0.337677 2
    endloop
  endfacet
  facet normal -0.926947 -0.375192 0
    outer loop
      vertex -73.4276 -16.2377 0
      vertex -79.8633 -0.337677 2
      vertex -79.8633 -0.337677 0
    endloop
  endfacet
  facet normal -0.926947 -0.375192 0
    outer loop
      vertex -79.8633 -0.337677 2
      vertex -73.4276 -16.2377 0
      vertex -73.4276 -16.2377 2
    endloop
  endfacet
  facet normal -0.917142 -0.39856 0
    outer loop
      vertex -73.41 -16.2782 0
      vertex -73.4276 -16.2377 2
      vertex -73.4276 -16.2377 0
    endloop
  endfacet
  facet normal -0.917142 -0.39856 0
    outer loop
      vertex -73.4276 -16.2377 2
      vertex -73.41 -16.2782 0
      vertex -73.41 -16.2782 2
    endloop
  endfacet
  facet normal -0.897129 -0.441768 0
    outer loop
      vertex -73.3905 -16.3178 0
      vertex -73.41 -16.2782 2
      vertex -73.41 -16.2782 0
    endloop
  endfacet
  facet normal -0.897129 -0.441768 0
    outer loop
      vertex -73.41 -16.2782 2
      vertex -73.3905 -16.3178 0
      vertex -73.3905 -16.3178 2
    endloop
  endfacet
  facet normal -0.873623 -0.486603 0
    outer loop
      vertex -73.369 -16.3564 0
      vertex -73.3905 -16.3178 2
      vertex -73.3905 -16.3178 0
    endloop
  endfacet
  facet normal -0.873623 -0.486603 0
    outer loop
      vertex -73.3905 -16.3178 2
      vertex -73.369 -16.3564 0
      vertex -73.369 -16.3564 2
    endloop
  endfacet
  facet normal -0.849395 -0.527757 0
    outer loop
      vertex -73.3457 -16.3939 0
      vertex -73.369 -16.3564 2
      vertex -73.369 -16.3564 0
    endloop
  endfacet
  facet normal -0.849395 -0.527757 0
    outer loop
      vertex -73.369 -16.3564 2
      vertex -73.3457 -16.3939 0
      vertex -73.3457 -16.3939 2
    endloop
  endfacet
  facet normal -0.822192 -0.56921 0
    outer loop
      vertex -73.3205 -16.4303 0
      vertex -73.3457 -16.3939 2
      vertex -73.3457 -16.3939 0
    endloop
  endfacet
  facet normal -0.822192 -0.56921 0
    outer loop
      vertex -73.3457 -16.3939 2
      vertex -73.3205 -16.4303 0
      vertex -73.3205 -16.4303 2
    endloop
  endfacet
  facet normal -0.792877 -0.609382 0
    outer loop
      vertex -73.2936 -16.4653 0
      vertex -73.3205 -16.4303 2
      vertex -73.3205 -16.4303 0
    endloop
  endfacet
  facet normal -0.792877 -0.609382 0
    outer loop
      vertex -73.3205 -16.4303 2
      vertex -73.2936 -16.4653 0
      vertex -73.2936 -16.4653 2
    endloop
  endfacet
  facet normal -0.763558 -0.645739 0
    outer loop
      vertex -73.2651 -16.499 0
      vertex -73.2936 -16.4653 2
      vertex -73.2936 -16.4653 0
    endloop
  endfacet
  facet normal -0.763558 -0.645739 0
    outer loop
      vertex -73.2936 -16.4653 2
      vertex -73.2651 -16.499 0
      vertex -73.2651 -16.499 2
    endloop
  endfacet
  facet normal -0.729396 -0.684092 0
    outer loop
      vertex -73.2349 -16.5312 0
      vertex -73.2651 -16.499 2
      vertex -73.2651 -16.499 0
    endloop
  endfacet
  facet normal -0.729396 -0.684092 0
    outer loop
      vertex -73.2651 -16.499 2
      vertex -73.2349 -16.5312 0
      vertex -73.2349 -16.5312 2
    endloop
  endfacet
  facet normal -0.694554 -0.71944 0
    outer loop
      vertex -73.2349 -16.5312 0
      vertex -73.2031 -16.5619 2
      vertex -73.2349 -16.5312 2
    endloop
  endfacet
  facet normal -0.694554 -0.71944 -0
    outer loop
      vertex -73.2031 -16.5619 2
      vertex -73.2349 -16.5312 0
      vertex -73.2031 -16.5619 0
    endloop
  endfacet
  facet normal -0.660424 -0.750893 0
    outer loop
      vertex -73.2031 -16.5619 0
      vertex -73.1699 -16.5911 2
      vertex -73.2031 -16.5619 2
    endloop
  endfacet
  facet normal -0.660424 -0.750893 -0
    outer loop
      vertex -73.1699 -16.5911 2
      vertex -73.2031 -16.5619 0
      vertex -73.1699 -16.5911 0
    endloop
  endfacet
  facet normal -0.620819 -0.783954 0
    outer loop
      vertex -73.1699 -16.5911 0
      vertex -73.1353 -16.6185 2
      vertex -73.1699 -16.5911 2
    endloop
  endfacet
  facet normal -0.620819 -0.783954 -0
    outer loop
      vertex -73.1353 -16.6185 2
      vertex -73.1699 -16.5911 0
      vertex -73.1353 -16.6185 0
    endloop
  endfacet
  facet normal -0.582095 -0.813121 0
    outer loop
      vertex -73.1353 -16.6185 0
      vertex -73.0994 -16.6442 2
      vertex -73.1353 -16.6185 2
    endloop
  endfacet
  facet normal -0.582095 -0.813121 -0
    outer loop
      vertex -73.0994 -16.6442 2
      vertex -73.1353 -16.6185 0
      vertex -73.0994 -16.6442 0
    endloop
  endfacet
  facet normal -0.543157 -0.839631 0
    outer loop
      vertex -73.0994 -16.6442 0
      vertex -73.0623 -16.6682 2
      vertex -73.0994 -16.6442 2
    endloop
  endfacet
  facet normal -0.543157 -0.839631 -0
    outer loop
      vertex -73.0623 -16.6682 2
      vertex -73.0994 -16.6442 0
      vertex -73.0623 -16.6682 0
    endloop
  endfacet
  facet normal -0.499788 -0.866148 0
    outer loop
      vertex -73.0623 -16.6682 0
      vertex -73.024 -16.6903 2
      vertex -73.0623 -16.6682 2
    endloop
  endfacet
  facet normal -0.499788 -0.866148 -0
    outer loop
      vertex -73.024 -16.6903 2
      vertex -73.0623 -16.6682 0
      vertex -73.024 -16.6903 0
    endloop
  endfacet
  facet normal -0.455351 -0.890312 0
    outer loop
      vertex -73.024 -16.6903 0
      vertex -72.9847 -16.7104 2
      vertex -73.024 -16.6903 2
    endloop
  endfacet
  facet normal -0.455351 -0.890312 -0
    outer loop
      vertex -72.9847 -16.7104 2
      vertex -73.024 -16.6903 0
      vertex -72.9847 -16.7104 0
    endloop
  endfacet
  facet normal -0.414315 -0.910134 0
    outer loop
      vertex -72.9847 -16.7104 0
      vertex -72.9445 -16.7287 2
      vertex -72.9847 -16.7104 2
    endloop
  endfacet
  facet normal -0.414315 -0.910134 -0
    outer loop
      vertex -72.9445 -16.7287 2
      vertex -72.9847 -16.7104 0
      vertex -72.9445 -16.7287 0
    endloop
  endfacet
  facet normal -0.366703 -0.930338 0
    outer loop
      vertex -72.9445 -16.7287 0
      vertex -72.9034 -16.7449 2
      vertex -72.9445 -16.7287 2
    endloop
  endfacet
  facet normal -0.366703 -0.930338 -0
    outer loop
      vertex -72.9034 -16.7449 2
      vertex -72.9445 -16.7287 0
      vertex -72.9034 -16.7449 0
    endloop
  endfacet
  facet normal -0.321659 -0.946856 0
    outer loop
      vertex -72.9034 -16.7449 0
      vertex -72.8616 -16.7591 2
      vertex -72.9034 -16.7449 2
    endloop
  endfacet
  facet normal -0.321659 -0.946856 -0
    outer loop
      vertex -72.8616 -16.7591 2
      vertex -72.9034 -16.7449 0
      vertex -72.8616 -16.7591 0
    endloop
  endfacet
  facet normal -0.273824 -0.96178 0
    outer loop
      vertex -72.8616 -16.7591 0
      vertex -72.8191 -16.7712 2
      vertex -72.8616 -16.7591 2
    endloop
  endfacet
  facet normal -0.273824 -0.96178 -0
    outer loop
      vertex -72.8191 -16.7712 2
      vertex -72.8616 -16.7591 0
      vertex -72.8191 -16.7712 0
    endloop
  endfacet
  facet normal -0.226513 -0.974008 0
    outer loop
      vertex -72.8191 -16.7712 0
      vertex -72.7761 -16.7812 2
      vertex -72.8191 -16.7712 2
    endloop
  endfacet
  facet normal -0.226513 -0.974008 -0
    outer loop
      vertex -72.7761 -16.7812 2
      vertex -72.8191 -16.7712 0
      vertex -72.7761 -16.7812 0
    endloop
  endfacet
  facet normal -0.180875 -0.983506 0
    outer loop
      vertex -72.7761 -16.7812 0
      vertex -72.7326 -16.7892 2
      vertex -72.7761 -16.7812 2
    endloop
  endfacet
  facet normal -0.180875 -0.983506 -0
    outer loop
      vertex -72.7326 -16.7892 2
      vertex -72.7761 -16.7812 0
      vertex -72.7326 -16.7892 0
    endloop
  endfacet
  facet normal -0.129049 -0.991638 0
    outer loop
      vertex -72.7326 -16.7892 0
      vertex -72.6888 -16.7949 2
      vertex -72.7326 -16.7892 2
    endloop
  endfacet
  facet normal -0.129049 -0.991638 -0
    outer loop
      vertex -72.6888 -16.7949 2
      vertex -72.7326 -16.7892 0
      vertex -72.6888 -16.7949 0
    endloop
  endfacet
  facet normal -0.0815457 -0.99667 0
    outer loop
      vertex -72.6888 -16.7949 0
      vertex -72.6448 -16.7985 2
      vertex -72.6888 -16.7949 2
    endloop
  endfacet
  facet normal -0.0815457 -0.99667 -0
    outer loop
      vertex -72.6448 -16.7985 2
      vertex -72.6888 -16.7949 0
      vertex -72.6448 -16.7985 0
    endloop
  endfacet
  facet normal -0.0291139 -0.999576 0
    outer loop
      vertex -72.6448 -16.7985 0
      vertex -72.5933 -16.8 2
      vertex -72.6448 -16.7985 2
    endloop
  endfacet
  facet normal -0.0291139 -0.999576 -0
    outer loop
      vertex -72.5933 -16.8 2
      vertex -72.6448 -16.7985 0
      vertex -72.5933 -16.8 0
    endloop
  endfacet
  facet normal 0 -1 0
    outer loop
      vertex -72.5933 -16.8 0
      vertex -31 -16.8 2
      vertex -72.5933 -16.8 2
    endloop
  endfacet
  facet normal 0 -1 -0
    outer loop
      vertex -31 -16.8 2
      vertex -72.5933 -16.8 0
      vertex -31 -16.8 0
    endloop
  endfacet
  facet normal -0.605079 -0.796165 0
    outer loop
      vertex -31 -16.8 0
      vertex -26.2414 -20.4165 2
      vertex -31 -16.8 2
    endloop
  endfacet
  facet normal -0.605079 -0.796165 -0
    outer loop
      vertex -26.2414 -20.4165 2
      vertex -31 -16.8 0
      vertex -26.2414 -20.4165 0
    endloop
  endfacet
  facet normal -0.586151 -0.810202 0
    outer loop
      vertex -26.2414 -20.4165 0
      vertex -26.2056 -20.4424 2
      vertex -26.2414 -20.4165 2
    endloop
  endfacet
  facet normal -0.586151 -0.810202 -0
    outer loop
      vertex -26.2056 -20.4424 2
      vertex -26.2414 -20.4165 0
      vertex -26.2056 -20.4424 0
    endloop
  endfacet
  facet normal -0.54475 -0.838599 0
    outer loop
      vertex -26.2056 -20.4424 0
      vertex -26.1685 -20.4665 2
      vertex -26.2056 -20.4424 2
    endloop
  endfacet
  facet normal -0.54475 -0.838599 -0
    outer loop
      vertex -26.1685 -20.4665 2
      vertex -26.2056 -20.4424 0
      vertex -26.1685 -20.4665 0
    endloop
  endfacet
  facet normal -0.502463 -0.864599 0
    outer loop
      vertex -26.1685 -20.4665 0
      vertex -26.1303 -20.4887 2
      vertex -26.1685 -20.4665 2
    endloop
  endfacet
  facet normal -0.502463 -0.864599 -0
    outer loop
      vertex -26.1303 -20.4887 2
      vertex -26.1685 -20.4665 0
      vertex -26.1303 -20.4887 0
    endloop
  endfacet
  facet normal -0.459854 -0.887994 0
    outer loop
      vertex -26.1303 -20.4887 0
      vertex -26.0911 -20.509 2
      vertex -26.1303 -20.4887 2
    endloop
  endfacet
  facet normal -0.459854 -0.887994 -0
    outer loop
      vertex -26.0911 -20.509 2
      vertex -26.1303 -20.4887 0
      vertex -26.0911 -20.509 0
    endloop
  endfacet
  facet normal -0.416187 -0.909279 0
    outer loop
      vertex -26.0911 -20.509 0
      vertex -26.0509 -20.5274 2
      vertex -26.0911 -20.509 2
    endloop
  endfacet
  facet normal -0.416187 -0.909279 -0
    outer loop
      vertex -26.0509 -20.5274 2
      vertex -26.0911 -20.509 0
      vertex -26.0509 -20.5274 0
    endloop
  endfacet
  facet normal -0.371391 -0.928477 0
    outer loop
      vertex -26.0509 -20.5274 0
      vertex -26.0099 -20.5438 2
      vertex -26.0509 -20.5274 2
    endloop
  endfacet
  facet normal -0.371391 -0.928477 -0
    outer loop
      vertex -26.0099 -20.5438 2
      vertex -26.0509 -20.5274 0
      vertex -26.0099 -20.5438 0
    endloop
  endfacet
  facet normal -0.323688 -0.946164 0
    outer loop
      vertex -26.0099 -20.5438 0
      vertex -25.9681 -20.5581 2
      vertex -26.0099 -20.5438 2
    endloop
  endfacet
  facet normal -0.323688 -0.946164 -0
    outer loop
      vertex -25.9681 -20.5581 2
      vertex -26.0099 -20.5438 0
      vertex -25.9681 -20.5581 0
    endloop
  endfacet
  facet normal -0.278608 -0.960405 0
    outer loop
      vertex -25.9681 -20.5581 0
      vertex -25.9257 -20.5704 2
      vertex -25.9681 -20.5581 2
    endloop
  endfacet
  facet normal -0.278608 -0.960405 -0
    outer loop
      vertex -25.9257 -20.5704 2
      vertex -25.9681 -20.5581 0
      vertex -25.9257 -20.5704 0
    endloop
  endfacet
  facet normal -0.230805 -0.973 0
    outer loop
      vertex -25.9257 -20.5704 0
      vertex -25.8827 -20.5806 2
      vertex -25.9257 -20.5704 2
    endloop
  endfacet
  facet normal -0.230805 -0.973 -0
    outer loop
      vertex -25.8827 -20.5806 2
      vertex -25.9257 -20.5704 0
      vertex -25.8827 -20.5806 0
    endloop
  endfacet
  facet normal -0.181278 -0.983432 0
    outer loop
      vertex -25.8827 -20.5806 0
      vertex -25.8393 -20.5886 2
      vertex -25.8827 -20.5806 2
    endloop
  endfacet
  facet normal -0.181278 -0.983432 -0
    outer loop
      vertex -25.8393 -20.5886 2
      vertex -25.8827 -20.5806 0
      vertex -25.8393 -20.5886 0
    endloop
  endfacet
  facet normal -0.135719 -0.990747 0
    outer loop
      vertex -25.8393 -20.5886 0
      vertex -25.7955 -20.5946 2
      vertex -25.8393 -20.5886 2
    endloop
  endfacet
  facet normal -0.135719 -0.990747 -0
    outer loop
      vertex -25.7955 -20.5946 2
      vertex -25.8393 -20.5886 0
      vertex -25.7955 -20.5946 0
    endloop
  endfacet
  facet normal -0.0837952 -0.996483 0
    outer loop
      vertex -25.7955 -20.5946 0
      vertex -25.7515 -20.5983 2
      vertex -25.7955 -20.5946 2
    endloop
  endfacet
  facet normal -0.0837952 -0.996483 -0
    outer loop
      vertex -25.7515 -20.5983 2
      vertex -25.7955 -20.5946 0
      vertex -25.7515 -20.5983 0
    endloop
  endfacet
  facet normal -0.0310636 -0.999517 0
    outer loop
      vertex -25.7515 -20.5983 0
      vertex -25.6968 -20.6 2
      vertex -25.7515 -20.5983 2
    endloop
  endfacet
  facet normal -0.0310636 -0.999517 -0
    outer loop
      vertex -25.6968 -20.6 2
      vertex -25.7515 -20.5983 0
      vertex -25.6968 -20.6 0
    endloop
  endfacet
  facet normal 0 -1 0
    outer loop
      vertex -25.6968 -20.6 0
      vertex -22.9 -20.6 2
      vertex -25.6968 -20.6 2
    endloop
  endfacet
  facet normal 0 -1 -0
    outer loop
      vertex -22.9 -20.6 2
      vertex -25.6968 -20.6 0
      vertex -22.9 -20.6 0
    endloop
  endfacet
  facet normal 0.0248792 -0.99969 0
    outer loop
      vertex -22.9 -20.6 0
      vertex -22.8558 -20.5989 2
      vertex -22.9 -20.6 2
    endloop
  endfacet
  facet normal 0.0248792 -0.99969 0
    outer loop
      vertex -22.8558 -20.5989 2
      vertex -22.9 -20.6 0
      vertex -22.8558 -20.5989 0
    endloop
  endfacet
  facet normal 0.0725357 -0.997366 0
    outer loop
      vertex -22.8558 -20.5989 0
      vertex -22.8118 -20.5957 2
      vertex -22.8558 -20.5989 2
    endloop
  endfacet
  facet normal 0.0725357 -0.997366 0
    outer loop
      vertex -22.8118 -20.5957 2
      vertex -22.8558 -20.5989 0
      vertex -22.8118 -20.5957 0
    endloop
  endfacet
  facet normal 0.122087 -0.992519 0
    outer loop
      vertex -22.8118 -20.5957 0
      vertex -22.7679 -20.5903 2
      vertex -22.8118 -20.5957 2
    endloop
  endfacet
  facet normal 0.122087 -0.992519 0
    outer loop
      vertex -22.7679 -20.5903 2
      vertex -22.8118 -20.5957 0
      vertex -22.7679 -20.5903 0
    endloop
  endfacet
  facet normal 0.172106 -0.985078 0
    outer loop
      vertex -22.7679 -20.5903 0
      vertex -22.7244 -20.5827 2
      vertex -22.7679 -20.5903 2
    endloop
  endfacet
  facet normal 0.172106 -0.985078 0
    outer loop
      vertex -22.7244 -20.5827 2
      vertex -22.7679 -20.5903 0
      vertex -22.7244 -20.5827 0
    endloop
  endfacet
  facet normal 0.219566 -0.975598 0
    outer loop
      vertex -22.7244 -20.5827 0
      vertex -22.6813 -20.573 2
      vertex -22.7244 -20.5827 2
    endloop
  endfacet
  facet normal 0.219566 -0.975598 0
    outer loop
      vertex -22.6813 -20.573 2
      vertex -22.7244 -20.5827 0
      vertex -22.6813 -20.573 0
    endloop
  endfacet
  facet normal 0.266944 -0.963712 0
    outer loop
      vertex -22.6813 -20.573 0
      vertex -22.6387 -20.5612 2
      vertex -22.6813 -20.573 2
    endloop
  endfacet
  facet normal 0.266944 -0.963712 0
    outer loop
      vertex -22.6387 -20.5612 2
      vertex -22.6813 -20.573 0
      vertex -22.6387 -20.5612 0
    endloop
  endfacet
  facet normal 0.312825 -0.949811 0
    outer loop
      vertex -22.6387 -20.5612 0
      vertex -22.5968 -20.5474 2
      vertex -22.6387 -20.5612 2
    endloop
  endfacet
  facet normal 0.312825 -0.949811 0
    outer loop
      vertex -22.5968 -20.5474 2
      vertex -22.6387 -20.5612 0
      vertex -22.5968 -20.5474 0
    endloop
  endfacet
  facet normal 0.360041 -0.932936 0
    outer loop
      vertex -22.5968 -20.5474 0
      vertex -22.5556 -20.5315 2
      vertex -22.5968 -20.5474 2
    endloop
  endfacet
  facet normal 0.360041 -0.932936 0
    outer loop
      vertex -22.5556 -20.5315 2
      vertex -22.5968 -20.5474 0
      vertex -22.5556 -20.5315 0
    endloop
  endfacet
  facet normal 0.405088 -0.914278 0
    outer loop
      vertex -22.5556 -20.5315 0
      vertex -22.5152 -20.5136 2
      vertex -22.5556 -20.5315 2
    endloop
  endfacet
  facet normal 0.405088 -0.914278 0
    outer loop
      vertex -22.5152 -20.5136 2
      vertex -22.5556 -20.5315 0
      vertex -22.5152 -20.5136 0
    endloop
  endfacet
  facet normal 0.449925 -0.893067 0
    outer loop
      vertex -22.5152 -20.5136 0
      vertex -22.4757 -20.4937 2
      vertex -22.5152 -20.5136 2
    endloop
  endfacet
  facet normal 0.449925 -0.893067 0
    outer loop
      vertex -22.4757 -20.4937 2
      vertex -22.5152 -20.5136 0
      vertex -22.4757 -20.4937 0
    endloop
  endfacet
  facet normal 0.491983 -0.870605 0
    outer loop
      vertex -22.4757 -20.4937 0
      vertex -22.4373 -20.472 2
      vertex -22.4757 -20.4937 2
    endloop
  endfacet
  facet normal 0.491983 -0.870605 0
    outer loop
      vertex -22.4373 -20.472 2
      vertex -22.4757 -20.4937 0
      vertex -22.4373 -20.472 0
    endloop
  endfacet
  facet normal 0.53629 -0.844034 0
    outer loop
      vertex -22.4373 -20.472 0
      vertex -22.4 -20.4483 2
      vertex -22.4373 -20.472 2
    endloop
  endfacet
  facet normal 0.53629 -0.844034 0
    outer loop
      vertex -22.4 -20.4483 2
      vertex -22.4373 -20.472 0
      vertex -22.4 -20.4483 0
    endloop
  endfacet
  facet normal 0.575437 -0.817846 0
    outer loop
      vertex -22.4 -20.4483 0
      vertex -22.3639 -20.4229 2
      vertex -22.4 -20.4483 2
    endloop
  endfacet
  facet normal 0.575437 -0.817846 0
    outer loop
      vertex -22.3639 -20.4229 2
      vertex -22.4 -20.4483 0
      vertex -22.3639 -20.4229 0
    endloop
  endfacet
  facet normal 0.614723 -0.788743 0
    outer loop
      vertex -22.3639 -20.4229 0
      vertex -22.329 -20.3957 2
      vertex -22.3639 -20.4229 2
    endloop
  endfacet
  facet normal 0.614723 -0.788743 0
    outer loop
      vertex -22.329 -20.3957 2
      vertex -22.3639 -20.4229 0
      vertex -22.329 -20.3957 0
    endloop
  endfacet
  facet normal 0.653029 -0.757333 0
    outer loop
      vertex -22.329 -20.3957 0
      vertex -22.2956 -20.3669 2
      vertex -22.329 -20.3957 2
    endloop
  endfacet
  facet normal 0.653029 -0.757333 0
    outer loop
      vertex -22.2956 -20.3669 2
      vertex -22.329 -20.3957 0
      vertex -22.2956 -20.3669 0
    endloop
  endfacet
  facet normal 0.689938 -0.723869 0
    outer loop
      vertex -22.2956 -20.3669 0
      vertex -22.2636 -20.3364 2
      vertex -22.2956 -20.3669 2
    endloop
  endfacet
  facet normal 0.689938 -0.723869 0
    outer loop
      vertex -22.2636 -20.3364 2
      vertex -22.2956 -20.3669 0
      vertex -22.2636 -20.3364 0
    endloop
  endfacet
  facet normal 0.723869 -0.689938 0
    outer loop
      vertex -22.2636 -20.3364 2
      vertex -22.2331 -20.3044 0
      vertex -22.2331 -20.3044 2
    endloop
  endfacet
  facet normal 0.723869 -0.689938 0
    outer loop
      vertex -22.2331 -20.3044 0
      vertex -22.2636 -20.3364 2
      vertex -22.2636 -20.3364 0
    endloop
  endfacet
  facet normal 0.757333 -0.653029 0
    outer loop
      vertex -22.2331 -20.3044 2
      vertex -22.2043 -20.271 0
      vertex -22.2043 -20.271 2
    endloop
  endfacet
  facet normal 0.757333 -0.653029 0
    outer loop
      vertex -22.2043 -20.271 0
      vertex -22.2331 -20.3044 2
      vertex -22.2331 -20.3044 0
    endloop
  endfacet
  facet normal 0.788743 -0.614723 0
    outer loop
      vertex -22.2043 -20.271 2
      vertex -22.1771 -20.2361 0
      vertex -22.1771 -20.2361 2
    endloop
  endfacet
  facet normal 0.788743 -0.614723 0
    outer loop
      vertex -22.1771 -20.2361 0
      vertex -22.2043 -20.271 2
      vertex -22.2043 -20.271 0
    endloop
  endfacet
  facet normal 0.817846 -0.575437 0
    outer loop
      vertex -22.1771 -20.2361 2
      vertex -22.1517 -20.2 0
      vertex -22.1517 -20.2 2
    endloop
  endfacet
  facet normal 0.817846 -0.575437 0
    outer loop
      vertex -22.1517 -20.2 0
      vertex -22.1771 -20.2361 2
      vertex -22.1771 -20.2361 0
    endloop
  endfacet
  facet normal 0.844034 -0.53629 0
    outer loop
      vertex -22.1517 -20.2 2
      vertex -22.128 -20.1627 0
      vertex -22.128 -20.1627 2
    endloop
  endfacet
  facet normal 0.844034 -0.53629 0
    outer loop
      vertex -22.128 -20.1627 0
      vertex -22.1517 -20.2 2
      vertex -22.1517 -20.2 0
    endloop
  endfacet
  facet normal 0.870605 -0.491983 0
    outer loop
      vertex -22.128 -20.1627 2
      vertex -22.1063 -20.1243 0
      vertex -22.1063 -20.1243 2
    endloop
  endfacet
  facet normal 0.870605 -0.491983 0
    outer loop
      vertex -22.1063 -20.1243 0
      vertex -22.128 -20.1627 2
      vertex -22.128 -20.1627 0
    endloop
  endfacet
  facet normal 0.893067 -0.449925 0
    outer loop
      vertex -22.1063 -20.1243 2
      vertex -22.0864 -20.0848 0
      vertex -22.0864 -20.0848 2
    endloop
  endfacet
  facet normal 0.893067 -0.449925 0
    outer loop
      vertex -22.0864 -20.0848 0
      vertex -22.1063 -20.1243 2
      vertex -22.1063 -20.1243 0
    endloop
  endfacet
  facet normal 0.914278 -0.405088 0
    outer loop
      vertex -22.0864 -20.0848 2
      vertex -22.0685 -20.0444 0
      vertex -22.0685 -20.0444 2
    endloop
  endfacet
  facet normal 0.914278 -0.405088 0
    outer loop
      vertex -22.0685 -20.0444 0
      vertex -22.0864 -20.0848 2
      vertex -22.0864 -20.0848 0
    endloop
  endfacet
  facet normal 0.932936 -0.360041 0
    outer loop
      vertex -22.0685 -20.0444 2
      vertex -22.0526 -20.0032 0
      vertex -22.0526 -20.0032 2
    endloop
  endfacet
  facet normal 0.932936 -0.360041 0
    outer loop
      vertex -22.0526 -20.0032 0
      vertex -22.0685 -20.0444 2
      vertex -22.0685 -20.0444 0
    endloop
  endfacet
  facet normal 0.949135 -0.314868 0
    outer loop
      vertex -22.0526 -20.0032 2
      vertex -22.0387 -19.9613 0
      vertex -22.0387 -19.9613 2
    endloop
  endfacet
  facet normal 0.949135 -0.314868 0
    outer loop
      vertex -22.0387 -19.9613 0
      vertex -22.0526 -20.0032 2
      vertex -22.0526 -20.0032 0
    endloop
  endfacet
  facet normal 0.964292 -0.264841 0
    outer loop
      vertex -22.0387 -19.9613 2
      vertex -22.027 -19.9187 0
      vertex -22.027 -19.9187 2
    endloop
  endfacet
  facet normal 0.964292 -0.264841 0
    outer loop
      vertex -22.027 -19.9187 0
      vertex -22.0387 -19.9613 2
      vertex -22.0387 -19.9613 0
    endloop
  endfacet
  facet normal 0.975598 -0.219566 0
    outer loop
      vertex -22.027 -19.9187 2
      vertex -22.0173 -19.8756 0
      vertex -22.0173 -19.8756 2
    endloop
  endfacet
  facet normal 0.975598 -0.219566 0
    outer loop
      vertex -22.0173 -19.8756 0
      vertex -22.027 -19.9187 2
      vertex -22.027 -19.9187 0
    endloop
  endfacet
  facet normal 0.985078 -0.172106 0
    outer loop
      vertex -22.0173 -19.8756 2
      vertex -22.0097 -19.8321 0
      vertex -22.0097 -19.8321 2
    endloop
  endfacet
  facet normal 0.985078 -0.172106 0
    outer loop
      vertex -22.0097 -19.8321 0
      vertex -22.0173 -19.8756 2
      vertex -22.0173 -19.8756 0
    endloop
  endfacet
  facet normal 0.992519 -0.122087 0
    outer loop
      vertex -22.0097 -19.8321 2
      vertex -22.0043 -19.7882 0
      vertex -22.0043 -19.7882 2
    endloop
  endfacet
  facet normal 0.992519 -0.122087 0
    outer loop
      vertex -22.0043 -19.7882 0
      vertex -22.0097 -19.8321 2
      vertex -22.0097 -19.8321 0
    endloop
  endfacet
  facet normal 0.997366 -0.0725357 0
    outer loop
      vertex -22.0043 -19.7882 2
      vertex -22.0011 -19.7442 0
      vertex -22.0011 -19.7442 2
    endloop
  endfacet
  facet normal 0.997366 -0.0725357 0
    outer loop
      vertex -22.0011 -19.7442 0
      vertex -22.0043 -19.7882 2
      vertex -22.0043 -19.7882 0
    endloop
  endfacet
  facet normal 0.99969 -0.0248792 0
    outer loop
      vertex -22.0011 -19.7442 2
      vertex -22 -19.7 0
      vertex -22 -19.7 2
    endloop
  endfacet
  facet normal 0.99969 -0.0248792 0
    outer loop
      vertex -22 -19.7 0
      vertex -22.0011 -19.7442 2
      vertex -22.0011 -19.7442 0
    endloop
  endfacet
  facet normal 1 -0 0
    outer loop
      vertex -22 -19.7 2
      vertex -22 -18.1159 0
      vertex -22 -18.1159 2
    endloop
  endfacet
  facet normal 1 0 0
    outer loop
      vertex -22 -18.1159 0
      vertex -22 -19.7 2
      vertex -22 -19.7 0
    endloop
  endfacet
  facet normal -0.757193 -0.653191 0
    outer loop
      vertex -21.1314 -19.1228 0
      vertex -22 -18.1159 2
      vertex -22 -18.1159 0
    endloop
  endfacet
  facet normal -0.757193 -0.653191 0
    outer loop
      vertex -22 -18.1159 2
      vertex -21.1314 -19.1228 0
      vertex -21.1314 -19.1228 2
    endloop
  endfacet
  facet normal -0.740247 -0.672335 0
    outer loop
      vertex -21.1017 -19.1555 0
      vertex -21.1314 -19.1228 2
      vertex -21.1314 -19.1228 0
    endloop
  endfacet
  facet normal -0.740247 -0.672335 0
    outer loop
      vertex -21.1314 -19.1228 2
      vertex -21.1017 -19.1555 0
      vertex -21.1017 -19.1555 2
    endloop
  endfacet
  facet normal -0.72428 -0.689506 0
    outer loop
      vertex -20.1678 -20.1365 0
      vertex -21.1017 -19.1555 2
      vertex -21.1017 -19.1555 0
    endloop
  endfacet
  facet normal -0.72428 -0.689506 0
    outer loop
      vertex -21.1017 -19.1555 2
      vertex -20.1678 -20.1365 0
      vertex -20.1678 -20.1365 2
    endloop
  endfacet
  facet normal -0.707107 -0.707107 0
    outer loop
      vertex -20.1678 -20.1365 0
      vertex -20.1365 -20.1678 2
      vertex -20.1678 -20.1365 2
    endloop
  endfacet
  facet normal -0.707107 -0.707107 -0
    outer loop
      vertex -20.1365 -20.1678 2
      vertex -20.1678 -20.1365 0
      vertex -20.1365 -20.1678 0
    endloop
  endfacet
  facet normal -0.689506 -0.72428 0
    outer loop
      vertex -20.1365 -20.1678 0
      vertex -19.1555 -21.1017 2
      vertex -20.1365 -20.1678 2
    endloop
  endfacet
  facet normal -0.689506 -0.72428 -0
    outer loop
      vertex -19.1555 -21.1017 2
      vertex -20.1365 -20.1678 0
      vertex -19.1555 -21.1017 0
    endloop
  endfacet
  facet normal -0.672335 -0.740247 0
    outer loop
      vertex -19.1555 -21.1017 0
      vertex -19.1228 -21.1314 2
      vertex -19.1555 -21.1017 2
    endloop
  endfacet
  facet normal -0.672335 -0.740247 -0
    outer loop
      vertex -19.1228 -21.1314 2
      vertex -19.1555 -21.1017 0
      vertex -19.1228 -21.1314 0
    endloop
  endfacet
  facet normal -0.653189 -0.757195 0
    outer loop
      vertex -19.1228 -21.1314 0
      vertex -18.097 -22.0163 2
      vertex -19.1228 -21.1314 2
    endloop
  endfacet
  facet normal -0.653189 -0.757195 -0
    outer loop
      vertex -18.097 -22.0163 2
      vertex -19.1228 -21.1314 0
      vertex -18.097 -22.0163 0
    endloop
  endfacet
  facet normal -0.633484 -0.773756 0
    outer loop
      vertex -18.097 -22.0163 0
      vertex -18.0628 -22.0443 2
      vertex -18.097 -22.0163 2
    endloop
  endfacet
  facet normal -0.633484 -0.773756 -0
    outer loop
      vertex -18.0628 -22.0443 2
      vertex -18.097 -22.0163 0
      vertex -18.0628 -22.0443 0
    endloop
  endfacet
  facet normal -0.615263 -0.788322 0
    outer loop
      vertex -18.0628 -22.0443 0
      vertex -16.9946 -22.878 2
      vertex -18.0628 -22.0443 2
    endloop
  endfacet
  facet normal -0.615263 -0.788322 -0
    outer loop
      vertex -16.9946 -22.878 2
      vertex -18.0628 -22.0443 0
      vertex -16.9946 -22.878 0
    endloop
  endfacet
  facet normal -0.595282 -0.803517 0
    outer loop
      vertex -16.9946 -22.878 0
      vertex -16.9591 -22.9043 2
      vertex -16.9946 -22.878 2
    endloop
  endfacet
  facet normal -0.595282 -0.803517 -0
    outer loop
      vertex -16.9591 -22.9043 2
      vertex -16.9946 -22.878 0
      vertex -16.9591 -22.9043 0
    endloop
  endfacet
  facet normal -0.575799 -0.817591 0
    outer loop
      vertex -16.9591 -22.9043 0
      vertex -15.8517 -23.6842 2
      vertex -16.9591 -22.9043 2
    endloop
  endfacet
  facet normal -0.575799 -0.817591 -0
    outer loop
      vertex -15.8517 -23.6842 2
      vertex -16.9591 -22.9043 0
      vertex -15.8517 -23.6842 0
    endloop
  endfacet
  facet normal -0.555223 -0.831701 0
    outer loop
      vertex -15.8517 -23.6842 0
      vertex -15.815 -23.7087 2
      vertex -15.8517 -23.6842 2
    endloop
  endfacet
  facet normal -0.555223 -0.831701 -0
    outer loop
      vertex -15.815 -23.7087 2
      vertex -15.8517 -23.6842 0
      vertex -15.815 -23.7087 0
    endloop
  endfacet
  facet normal -0.535001 -0.844851 0
    outer loop
      vertex -15.815 -23.7087 0
      vertex -14.6709 -24.4332 2
      vertex -15.815 -23.7087 2
    endloop
  endfacet
  facet normal -0.535001 -0.844851 -0
    outer loop
      vertex -14.6709 -24.4332 2
      vertex -15.815 -23.7087 0
      vertex -14.6709 -24.4332 0
    endloop
  endfacet
  facet normal -0.515493 -0.856894 0
    outer loop
      vertex -14.6709 -24.4332 0
      vertex -14.633 -24.456 2
      vertex -14.6709 -24.4332 2
    endloop
  endfacet
  facet normal -0.515493 -0.856894 -0
    outer loop
      vertex -14.633 -24.456 2
      vertex -14.6709 -24.4332 0
      vertex -14.633 -24.456 0
    endloop
  endfacet
  facet normal -0.492862 -0.870108 0
    outer loop
      vertex -14.633 -24.456 0
      vertex -13.4537 -25.124 2
      vertex -14.633 -24.456 2
    endloop
  endfacet
  facet normal -0.492862 -0.870108 -0
    outer loop
      vertex -13.4537 -25.124 2
      vertex -14.633 -24.456 0
      vertex -13.4537 -25.124 0
    endloop
  endfacet
  facet normal -0.471529 -0.88185 0
    outer loop
      vertex -13.4537 -25.124 0
      vertex -13.4148 -25.1448 2
      vertex -13.4537 -25.124 2
    endloop
  endfacet
  facet normal -0.471529 -0.88185 -0
    outer loop
      vertex -13.4148 -25.1448 2
      vertex -13.4537 -25.124 0
      vertex -13.4148 -25.1448 0
    endloop
  endfacet
  facet normal -0.449604 -0.893228 0
    outer loop
      vertex -13.4148 -25.1448 0
      vertex -12.2051 -25.7537 2
      vertex -13.4148 -25.1448 2
    endloop
  endfacet
  facet normal -0.449604 -0.893228 -0
    outer loop
      vertex -12.2051 -25.7537 2
      vertex -13.4148 -25.1448 0
      vertex -12.2051 -25.7537 0
    endloop
  endfacet
  facet normal -0.428086 -0.903738 0
    outer loop
      vertex -12.2051 -25.7537 0
      vertex -12.1652 -25.7726 2
      vertex -12.2051 -25.7537 2
    endloop
  endfacet
  facet normal -0.428086 -0.903738 -0
    outer loop
      vertex -12.1652 -25.7726 2
      vertex -12.2051 -25.7537 0
      vertex -12.1652 -25.7726 0
    endloop
  endfacet
  facet normal -0.405248 -0.914207 0
    outer loop
      vertex -12.1652 -25.7726 0
      vertex -10.9267 -26.3216 2
      vertex -12.1652 -25.7726 2
    endloop
  endfacet
  facet normal -0.405248 -0.914207 -0
    outer loop
      vertex -10.9267 -26.3216 2
      vertex -12.1652 -25.7726 0
      vertex -10.9267 -26.3216 0
    endloop
  endfacet
  facet normal -0.381886 -0.924209 0
    outer loop
      vertex -10.9267 -26.3216 0
      vertex -10.8858 -26.3385 2
      vertex -10.9267 -26.3216 2
    endloop
  endfacet
  facet normal -0.381886 -0.924209 -0
    outer loop
      vertex -10.8858 -26.3385 2
      vertex -10.9267 -26.3216 0
      vertex -10.8858 -26.3385 0
    endloop
  endfacet
  facet normal -0.359882 -0.932998 0
    outer loop
      vertex -10.8858 -26.3385 0
      vertex -9.62195 -26.826 2
      vertex -10.8858 -26.3385 2
    endloop
  endfacet
  facet normal -0.359882 -0.932998 -0
    outer loop
      vertex -9.62195 -26.826 2
      vertex -10.8858 -26.3385 0
      vertex -9.62195 -26.826 0
    endloop
  endfacet
  facet normal -0.33734 -0.941383 0
    outer loop
      vertex -9.62195 -26.826 0
      vertex -9.58037 -26.8409 2
      vertex -9.62195 -26.826 2
    endloop
  endfacet
  facet normal -0.33734 -0.941383 -0
    outer loop
      vertex -9.58037 -26.8409 2
      vertex -9.62195 -26.826 0
      vertex -9.58037 -26.8409 0
    endloop
  endfacet
  facet normal -0.313686 -0.949527 0
    outer loop
      vertex -9.58037 -26.8409 0
      vertex -8.2942 -27.2658 2
      vertex -9.58037 -26.8409 2
    endloop
  endfacet
  facet normal -0.313686 -0.949527 -0
    outer loop
      vertex -8.2942 -27.2658 2
      vertex -9.58037 -26.8409 0
      vertex -8.2942 -27.2658 0
    endloop
  endfacet
  facet normal -0.291954 -0.956432 0
    outer loop
      vertex -8.2942 -27.2658 0
      vertex -8.25194 -27.2787 2
      vertex -8.2942 -27.2658 2
    endloop
  endfacet
  facet normal -0.291954 -0.956432 -0
    outer loop
      vertex -8.25194 -27.2787 2
      vertex -8.2942 -27.2658 0
      vertex -8.25194 -27.2787 0
    endloop
  endfacet
  facet normal -0.266665 -0.963789 0
    outer loop
      vertex -8.25194 -27.2787 0
      vertex -6.94612 -27.64 2
      vertex -8.25194 -27.2787 2
    endloop
  endfacet
  facet normal -0.266665 -0.963789 -0
    outer loop
      vertex -6.94612 -27.64 2
      vertex -8.25194 -27.2787 0
      vertex -6.94612 -27.64 0
    endloop
  endfacet
  facet normal -0.244345 -0.969688 0
    outer loop
      vertex -6.94612 -27.64 0
      vertex -6.90326 -27.6508 2
      vertex -6.94612 -27.64 2
    endloop
  endfacet
  facet normal -0.244345 -0.969688 -0
    outer loop
      vertex -6.90326 -27.6508 2
      vertex -6.94612 -27.64 0
      vertex -6.90326 -27.6508 0
    endloop
  endfacet
  facet normal -0.219056 -0.975712 0
    outer loop
      vertex -6.90326 -27.6508 0
      vertex -5.58171 -27.9475 2
      vertex -6.90326 -27.6508 2
    endloop
  endfacet
  facet normal -0.219056 -0.975712 -0
    outer loop
      vertex -5.58171 -27.9475 2
      vertex -6.90326 -27.6508 0
      vertex -5.58171 -27.9475 0
    endloop
  endfacet
  facet normal -0.194723 -0.980858 0
    outer loop
      vertex -5.58171 -27.9475 0
      vertex -5.53839 -27.9561 2
      vertex -5.58171 -27.9475 2
    endloop
  endfacet
  facet normal -0.194723 -0.980858 -0
    outer loop
      vertex -5.53839 -27.9561 2
      vertex -5.58171 -27.9475 0
      vertex -5.53839 -27.9561 0
    endloop
  endfacet
  facet normal -0.17096 -0.985278 0
    outer loop
      vertex -5.53839 -27.9561 0
      vertex -4.20363 -28.1877 2
      vertex -5.53839 -27.9561 2
    endloop
  endfacet
  facet normal -0.17096 -0.985278 -0
    outer loop
      vertex -4.20363 -28.1877 2
      vertex -5.53839 -27.9561 0
      vertex -4.20363 -28.1877 0
    endloop
  endfacet
  facet normal -0.147123 -0.989118 0
    outer loop
      vertex -4.20363 -28.1877 0
      vertex -4.15993 -28.1942 2
      vertex -4.20363 -28.1877 2
    endloop
  endfacet
  facet normal -0.147123 -0.989118 -0
    outer loop
      vertex -4.15993 -28.1942 2
      vertex -4.20363 -28.1877 0
      vertex -4.15993 -28.1942 0
    endloop
  endfacet
  facet normal -0.122396 -0.992481 0
    outer loop
      vertex -4.15993 -28.1942 0
      vertex -2.81549 -28.36 2
      vertex -4.15993 -28.1942 2
    endloop
  endfacet
  facet normal -0.122396 -0.992481 -0
    outer loop
      vertex -2.81549 -28.36 2
      vertex -4.15993 -28.1942 0
      vertex -2.81549 -28.36 0
    endloop
  endfacet
  facet normal -0.0995934 -0.995028 0
    outer loop
      vertex -2.81549 -28.36 0
      vertex -2.77153 -28.3644 2
      vertex -2.81549 -28.36 2
    endloop
  endfacet
  facet normal -0.0995934 -0.995028 -0
    outer loop
      vertex -2.77153 -28.3644 2
      vertex -2.81549 -28.36 0
      vertex -2.77153 -28.3644 0
    endloop
  endfacet
  facet normal -0.0735922 -0.997288 0
    outer loop
      vertex -2.77153 -28.3644 0
      vertex -1.42044 -28.4641 2
      vertex -2.77153 -28.3644 2
    endloop
  endfacet
  facet normal -0.0735922 -0.997288 -0
    outer loop
      vertex -1.42044 -28.4641 2
      vertex -2.77153 -28.3644 0
      vertex -1.42044 -28.4641 0
    endloop
  endfacet
  facet normal -0.0475329 -0.99887 0
    outer loop
      vertex -1.42044 -28.4641 0
      vertex -1.37631 -28.4662 2
      vertex -1.42044 -28.4641 2
    endloop
  endfacet
  facet normal -0.0475329 -0.99887 -0
    outer loop
      vertex -1.37631 -28.4662 2
      vertex -1.42044 -28.4641 0
      vertex -1.37631 -28.4662 0
    endloop
  endfacet
  facet normal -0.0245822 -0.999698 0
    outer loop
      vertex -1.37631 -28.4662 0
      vertex -0.0220795 -28.4995 2
      vertex -1.37631 -28.4662 2
    endloop
  endfacet
  facet normal -0.0245822 -0.999698 -0
    outer loop
      vertex -0.0220795 -28.4995 2
      vertex -1.37631 -28.4662 0
      vertex -0.0220795 -28.4995 0
    endloop
  endfacet
  facet normal 0 -1 0
    outer loop
      vertex -0.0220795 -28.4995 0
      vertex 0.0220795 -28.4995 2
      vertex -0.0220795 -28.4995 2
    endloop
  endfacet
  facet normal 0 -1 -0
    outer loop
      vertex 0.0220795 -28.4995 2
      vertex -0.0220795 -28.4995 0
      vertex 0.0220795 -28.4995 0
    endloop
  endfacet
  facet normal 0.0245822 -0.999698 0
    outer loop
      vertex 0.0220795 -28.4995 0
      vertex 1.37631 -28.4662 2
      vertex 0.0220795 -28.4995 2
    endloop
  endfacet
  facet normal 0.0245822 -0.999698 0
    outer loop
      vertex 1.37631 -28.4662 2
      vertex 0.0220795 -28.4995 0
      vertex 1.37631 -28.4662 0
    endloop
  endfacet
endsolid OpenSCAD_Model
